{"NAS100.fs_BUY": 9999999999.0, "NAS100.fs_SELL": 9999999999.0, "USDCHF_BUY": 1784273565.3896034, "USDCAD_BUY": 1784273565.3920605, "EURAUD_SELL": 1784306193.6222138, "GBPCAD_BUY": 1784306193.6242192}