{"NAS100.fs_BUY": 9999999999.0, "NAS100.fs_SELL": 9999999999.0, "USDCAD_BUY": 1784029624.490053, "GBPCAD_BUY": 1784029624.4920447}