{"NAS100.fs_BUY": 9999999999.0, "NAS100.fs_SELL": 9999999999.0, "USDCAD_BUY": 1783626519.491914, "USDCHF_BUY": 1783630872.4173646}