time,open,high,low,close,volume
2004-06-16,1.7429000000000001,1.7454,1.7408000000000001,1.7445,133
2004-06-17,1.7444,1.7763,1.7408000000000001,1.7666,11817
2004-06-18,1.7662,1.7673999999999999,1.7508,1.7618,20632
2004-06-20,1.7576,1.7597,1.7570999999999999,1.7583,133
2004-06-21,1.7585,1.7633999999999999,1.7492,1.7538,7315
2004-06-22,1.7537,1.7643,1.7511999999999999,1.7604,7480
2004-06-23,1.7605,1.7662,1.7532999999999999,1.7574999999999998,8158
2004-06-24,1.7576,1.7579,1.7346,1.7388,9268
2004-06-25,1.7385000000000002,1.7409,1.729,1.7372,7566
2004-06-27,1.7395,1.7417,1.7395,1.7414,159
2004-06-28,1.7410999999999999,1.746,1.7370999999999999,1.7391999999999999,7967
2004-06-29,1.7389999999999999,1.7572,1.7365,1.7492999999999999,8715
2004-06-30,1.7489,1.7591999999999999,1.7429000000000001,1.7465000000000002,9711
2004-07-01,1.7467000000000001,1.748,1.7201,1.7208,9052
2004-07-02,1.7207,1.7347000000000001,1.7187000000000001,1.7258,8344
2004-07-04,1.7288000000000001,1.7295,1.7275,1.7285,148
2004-07-05,1.7288000000000001,1.7313,1.72,1.722,5187
2004-07-06,1.7222,1.7259,1.7109999999999999,1.7173,7564
2004-07-07,1.7204000000000002,1.7210999999999999,1.7073,1.7095,8830
2004-07-08,1.7095,1.7224,1.7078,1.7168999999999999,8062
2004-07-09,1.718,1.7206000000000001,1.7117,1.7185000000000001,7614
2004-07-11,1.7162,1.7163,1.709,1.7103000000000002,296
2004-07-12,1.7101,1.7147000000000001,1.7022,1.7063000000000001,7248
2004-07-13,1.7055,1.7084000000000001,1.6968999999999999,1.7015,8774
2004-07-14,1.7006000000000001,1.7139,1.6978,1.7065000000000001,7546
2004-07-15,1.7062,1.7147999999999999,1.7039,1.7117,9691
2004-07-16,1.7118,1.7134,1.6984,1.6999,13829
2004-07-18,1.7004000000000001,1.7008,1.6961,1.697,221
2004-07-19,1.6966999999999999,1.7005,1.6905999999999999,1.6954,13202
2004-07-20,1.6955,1.7022,1.6901000000000002,1.6934,14262
2004-07-21,1.6935,1.7168999999999999,1.6913,1.7155,18130
2004-07-22,1.7155,1.7264,1.7083,1.7134,17066
2004-07-23,1.7142,1.7237,1.7031,1.7036,16786
2004-07-25,1.7073,1.7088999999999999,1.7057,1.7078,202
2004-07-26,1.7079,1.7142,1.7016,1.7077,15370
2004-07-27,1.7077,1.7290999999999999,1.7032,1.72,17284
2004-07-28,1.7199,1.7292,1.7166000000000001,1.7267000000000001,18811
2004-07-29,1.7264,1.7336,1.7193,1.7214,20404
2004-07-30,1.7215,1.7288999999999999,1.7077,1.7098,19365
2004-08-01,1.7142,1.7151,1.7109999999999999,1.7114,330
2004-08-02,1.7112,1.7202,1.7008999999999999,1.7123,15635
2004-08-03,1.7122000000000002,1.7191,1.7021,1.7078,19527
2004-08-04,1.7075,1.7137,1.7034,1.7088999999999999,18606
2004-08-05,1.7092,1.7175,1.708,1.7159,15979
2004-08-06,1.716,1.7214,1.7115,1.7196,16639
2004-08-08,1.7202,1.722,1.7195,1.722,147
2004-08-09,1.7219,1.7229,1.7074,1.7144,13208
2004-08-10,1.7144,1.7218,1.7112,1.7166000000000001,13846
2004-08-11,1.7158,1.7191,1.7069,1.7104,11831
2004-08-12,1.7111,1.7162,1.7085,1.7149,13804
2004-08-13,1.7134,1.73,1.7130999999999998,1.725,13085
2004-08-15,1.7252999999999998,1.7259,1.7242,1.7255,308
2004-08-16,1.7255,1.726,1.7141,1.7215,15273
2004-08-17,1.7214,1.7285,1.7170999999999998,1.7233,15335
2004-08-18,1.7233,1.7273,1.7187000000000001,1.7227999999999999,11406
2004-08-19,1.7229999999999999,1.7277,1.7017,1.7052,10811
2004-08-20,1.7054,1.7090999999999998,1.6975,1.7014,12216
2004-08-22,1.701,1.7025000000000001,1.7002000000000002,1.7015,244
2004-08-23,1.7015,1.7074,1.6926999999999999,1.7044000000000001,15545
2004-08-24,1.7043,1.7185000000000001,1.7012,1.7122000000000002,13586
2004-08-25,1.7121,1.7151,1.7055,1.7117,6783
2004-08-26,1.7081,1.7244000000000002,1.7058,1.7198,13367
2004-08-27,1.7199,1.7208,1.7054,1.7084000000000001,15933
2004-08-29,1.7115,1.7122000000000002,1.7084000000000001,1.7093,253
2004-08-30,1.7109,1.7265000000000001,1.7081,1.724,9105
2004-08-31,1.7227000000000001,1.7330999999999999,1.7187000000000001,1.7269,13115
2004-09-01,1.7267000000000001,1.7366000000000001,1.7242,1.7354,12096
2004-09-02,1.7353,1.7509000000000001,1.7318,1.746,12684
2004-09-03,1.7458,1.7515,1.7399,1.7437,13399
2004-09-05,1.7433999999999998,1.7446000000000002,1.7419,1.7441,167
2004-09-06,1.7438,1.7481,1.74,1.7412,7522
2004-09-07,1.7412999999999998,1.7473,1.7366000000000001,1.7424,11637
2004-09-08,1.7450999999999999,1.7541,1.7402,1.7469999999999999,14092
2004-09-09,1.7469000000000001,1.7774,1.7466,1.7728000000000002,15438
2004-09-10,1.7725,1.7785,1.7572999999999999,1.7624,14591
2004-09-12,1.7608000000000001,1.7633999999999999,1.7604,1.7624,256
2004-09-13,1.7623,1.7635999999999998,1.7519,1.758,10854
2004-09-14,1.7578,1.7597,1.7408000000000001,1.7446000000000002,13338
2004-09-15,1.7414,1.7513999999999998,1.7414,1.7464,14290
2004-09-16,1.7465000000000002,1.7494,1.7346,1.7449,12618
2004-09-17,1.7449,1.7488000000000001,1.7406000000000001,1.7452999999999999,10482
2004-09-19,1.7428,1.7439,1.7423,1.7431999999999999,106
2004-09-20,1.7435,1.7435,1.7327,1.7364000000000002,9576
2004-09-21,1.7365,1.7566000000000002,1.7358,1.7509000000000001,12775
2004-09-22,1.751,1.7513999999999998,1.7303,1.7344,14299
2004-09-23,1.7346,1.7351999999999999,1.7156,1.7189,15072
2004-09-24,1.7167,1.728,1.7153,1.7168,13582
2004-09-26,1.7197,1.7205,1.7182,1.7193,294
2004-09-27,1.7191999999999998,1.7284000000000002,1.7154,1.7210999999999999,11764
2004-09-28,1.7207,1.7233,1.713,1.7155,13474
2004-09-29,1.7156,1.7248999999999999,1.7141,1.7202,12911
2004-09-30,1.7204000000000002,1.7271999999999998,1.7065000000000001,1.7107999999999999,14807
2004-10-01,1.7106,1.7164000000000001,1.7067999999999999,1.7086000000000001,12275
2004-10-03,1.7115,1.7124000000000001,1.7112,1.7117,130
2004-10-04,1.7113,1.7142,1.6968999999999999,1.7023000000000001,12062
2004-10-05,1.7046000000000001,1.706,1.6974,1.7006000000000001,12199
2004-10-06,1.7004000000000001,1.7031,1.6936,1.6992,12255
2004-10-07,1.6993,1.7010999999999998,1.6852,1.689,12100
2004-10-08,1.6891,1.6982,1.6854,1.6879,12415
2004-10-10,1.6823000000000001,1.683,1.6803,1.6816,276
2004-10-11,1.6817,1.6915,1.6811,1.6859,8336
2004-10-12,1.6859,1.6936,1.6815,1.6886,11699
2004-10-13,1.6886999999999999,1.7022,1.6842000000000001,1.7005,13796
2004-10-14,1.7004000000000001,1.7050999999999998,1.6907999999999999,1.6981000000000002,13995
2004-10-15,1.6996,1.7086999999999999,1.6928,1.7045,13720
2004-10-17,1.7064,1.7079,1.7048,1.7066,234
2004-10-18,1.7064,1.7248,1.7041,1.7224,11577
2004-10-19,1.7223000000000002,1.7243,1.7117,1.7179,13960
2004-10-20,1.721,1.7210999999999999,1.7083,1.7113,14357
2004-10-21,1.7112,1.7156,1.7043,1.7090999999999998,14288
2004-10-22,1.7092,1.7134,1.7077,1.7126000000000001,12486
2004-10-24,1.7123,1.7153,1.712,1.7137,535
2004-10-25,1.7136,1.7177,1.7073,1.7101,15936
2004-10-26,1.71,1.7147999999999999,1.7065000000000001,1.7085,14706
2004-10-27,1.7086999999999999,1.7128999999999999,1.7023000000000001,1.7036,15286
2004-10-28,1.7037,1.7173,1.6944,1.7082000000000002,17560
2004-10-29,1.7083,1.7128,1.7014,1.7093,13847
2004-10-31,1.7094,1.7107999999999999,1.7088999999999999,1.7107,418
2004-11-01,1.7106,1.7119,1.7035,1.7084000000000001,12617
2004-11-02,1.7085,1.7102,1.6991,1.7003,13186
2004-11-03,1.7005,1.7054,1.6907999999999999,1.6953,17886
2004-11-04,1.6952,1.7016,1.6924000000000001,1.7004000000000001,14877
2004-11-05,1.7002000000000002,1.7025000000000001,1.6903000000000001,1.6987999999999999,14486
2004-11-07,1.6972,1.6989999999999998,1.6968,1.6985999999999999,323
2004-11-08,1.6987,1.7111,1.6978,1.7036,14252
2004-11-09,1.7034,1.7076,1.6928,1.697,14216
2004-11-10,1.6968999999999999,1.7029999999999998,1.6945999999999999,1.6978,16795
2004-11-11,1.6896,1.6896,1.6872,1.6885,425
2004-11-12,1.6884000000000001,1.6912,1.6817,1.6857,12779
2004-11-14,1.6859,1.6876,1.6859,1.6871,376
2004-11-15,1.687,1.6876,1.6705999999999999,1.6757,12301
2004-11-16,1.6756,1.6799,1.6745,1.6768999999999998,11918
2004-11-17,1.6771,1.6775,1.659,1.6679,14081
2004-11-18,1.6679,1.6728,1.6629,1.6655,14688
2004-11-19,1.6656,1.6707,1.6578,1.661,14325
2004-11-21,1.6602000000000001,1.6611,1.6594,1.6604999999999999,361
2004-11-22,1.6606,1.6679,1.6602000000000001,1.6661000000000001,11002
2004-11-23,1.666,1.6709,1.6598000000000002,1.6646999999999998,13796
2004-11-24,1.6646999999999998,1.6760000000000002,1.663,1.6745,12685
2004-11-25,1.6745,1.6764999999999999,1.6655,1.6726999999999999,11337
2004-11-26,1.6729,1.6827999999999999,1.6697,1.6812,13195
2004-11-28,1.6803,1.6843,1.6799,1.6831,461
2004-11-29,1.6832,1.6994,1.6818,1.6977,14705
2004-11-30,1.6978,1.7244000000000002,1.6947999999999999,1.7186,20154
2004-12-01,1.7185000000000001,1.7261,1.709,1.7149999999999999,16326
2004-12-02,1.7149999999999999,1.7165,1.7048,1.7116,15804
2004-12-03,1.7117,1.7252999999999998,1.7101,1.72,9489
2004-12-05,1.722,1.7229999999999999,1.7196,1.7217,198
2004-12-06,1.7222,1.7341,1.7176,1.7322,12740
2004-12-07,1.7321,1.7349,1.7227000000000001,1.7316,13645
2004-12-08,1.7317,1.7647,1.7307000000000001,1.7638,19895
2004-12-09,1.7633999999999999,1.7682,1.7502,1.7616,14220
2004-12-10,1.7617,1.7677,1.7542,1.7593999999999999,10485
2004-12-12,1.7618,1.7627000000000002,1.7591999999999999,1.7608000000000001,453
2004-12-13,1.7607,1.7651,1.7488000000000001,1.75,14938
2004-12-14,1.7501,1.7617,1.7454,1.7610000000000001,13265
2004-12-15,1.7610999999999999,1.7631999999999999,1.7515,1.7537,17964
2004-12-16,1.7539,1.7617,1.7471999999999999,1.7483,20889
2004-12-17,1.7497,1.7513999999999998,1.7372,1.745,18382
2004-12-19,1.7422,1.7435,1.741,1.7418,255
2004-12-20,1.7421,1.7581,1.7396,1.7524,11573
2004-12-21,1.7525,1.7534999999999998,1.7424,1.7439,11484
2004-12-22,1.7436,1.7548,1.7414,1.7518,11737
2004-12-23,1.7519,1.7631000000000001,1.7487,1.7629000000000001,10511
2004-12-24,1.7616,1.7669000000000001,1.754,1.7579,5515
2004-12-26,1.7583,1.7595,1.7578,1.7591999999999999,67
2004-12-27,1.7591,1.7595,1.749,1.7498,6274
2004-12-28,1.75,1.7529,1.7433999999999998,1.7463,6692
2004-12-29,1.7462,1.7602,1.741,1.7593,8426
2004-12-30,1.7591999999999999,1.7599,1.7471,1.75,7158
2004-12-31,1.7496,1.7518,1.7274,1.7311,7138
2005-01-02,1.7328000000000001,1.7332999999999998,1.7301,1.7332,162
2005-01-03,1.7325,1.7423,1.7266,1.733,10569
2005-01-04,1.7332,1.7372999999999998,1.7237,1.7341,12774
2005-01-05,1.7341,1.7401,1.7299,1.7345000000000002,15586
2005-01-06,1.7348,1.7401,1.7279,1.7288000000000001,11124
2005-01-07,1.7288999999999999,1.7351,1.7189999999999999,1.7227999999999999,14238
2005-01-09,1.7229999999999999,1.7236,1.7207,1.7233,290
2005-01-10,1.7231999999999998,1.7290999999999999,1.7212,1.7261,14624
2005-01-11,1.726,1.7297,1.7174,1.7187000000000001,15762
2005-01-12,1.7187999999999999,1.7351999999999999,1.7154,1.7294,16898
2005-01-13,1.7295,1.732,1.72,1.7257,14977
2005-01-14,1.7257,1.7337,1.7214,1.7268,18840
2005-01-16,1.7277,1.7278,1.726,1.7268,230
2005-01-17,1.7269,1.7292,1.7206000000000001,1.7257,10740
2005-01-18,1.7259,1.7332,1.7184,1.7223000000000002,17289
2005-01-19,1.7225000000000001,1.7229999999999999,1.7084000000000001,1.7094,16972
2005-01-20,1.7096,1.712,1.7006000000000001,1.7069999999999999,16439
2005-01-21,1.7069,1.7098,1.6903000000000001,1.6944,15894
2005-01-23,1.6928,1.6939,1.6909999999999998,1.6925,286
2005-01-24,1.6926999999999999,1.7008,1.69,1.6917,13247
2005-01-25,1.6916,1.7005,1.6875,1.6939,15657
2005-01-26,1.694,1.6954,1.6834,1.6874,15508
2005-01-27,1.6875,1.6886999999999999,1.6731,1.6766,16396
2005-01-28,1.6766999999999999,1.6867999999999999,1.6734,1.6817,13705
2005-01-30,1.6808999999999998,1.682,1.6806999999999999,1.6817,339
2005-01-31,1.6818,1.6844000000000001,1.6771,1.6838,13817
2005-02-01,1.6836,1.6926999999999999,1.6812,1.683,13554
2005-02-02,1.6833,1.6894,1.6726,1.6752,13707
2005-02-03,1.6754,1.6876,1.675,1.6816,14325
2005-02-04,1.6815,1.6872,1.6686,1.6697,15268
2005-02-06,1.674,1.6764999999999999,1.6735,1.6752,457
2005-02-07,1.675,1.6756,1.6543,1.6613,15645
2005-02-08,1.6614,1.6724,1.6606,1.6667,14573
2005-02-09,1.6667,1.6711,1.6568,1.6598000000000002,14438
2005-02-10,1.6597,1.6606999999999998,1.6418,1.647,16672
2005-02-11,1.6469,1.6478000000000002,1.6355,1.6364,11052
2005-02-13,1.6383,1.6394,1.6375,1.6378,319
2005-02-14,1.6377000000000002,1.6505999999999998,1.6354,1.6475,12669
2005-02-15,1.6476,1.6574,1.6457000000000002,1.6553,14726
2005-02-16,1.655,1.6662,1.6543999999999999,1.6618,15891
2005-02-17,1.6619000000000002,1.6675,1.6542,1.6662,14588
2005-02-18,1.6663000000000001,1.6681,1.6542,1.6574,12026
2005-02-20,1.6532,1.6574,1.6531,1.6562000000000001,309
2005-02-21,1.6561,1.6595,1.6526,1.6534,8800
2005-02-22,1.6535,1.6707999999999998,1.6532,1.6703000000000001,16912
2005-02-23,1.6703999999999999,1.683,1.6665999999999999,1.6806999999999999,16942
2005-02-24,1.6808,1.685,1.6749,1.6815,15260
2005-02-25,1.6816,1.6859,1.6772,1.6840000000000002,14078
2005-02-27,1.6824,1.6835,1.6806,1.6806999999999999,349
2005-02-28,1.6804999999999999,1.683,1.667,1.6705,14028
2005-03-01,1.6705999999999999,1.6827999999999999,1.6697,1.6752,15231
2005-03-02,1.6754,1.6886,1.6732,1.6792,16343
2005-03-03,1.6794,1.6823000000000001,1.6716,1.6757,14957
2005-03-04,1.6756,1.6772,1.666,1.6734,12058
2005-03-06,1.6755,1.6760000000000002,1.6741000000000001,1.6745999999999999,305
2005-03-07,1.6745,1.6766,1.6640000000000001,1.6661000000000001,10467
2005-03-08,1.6659000000000002,1.6734,1.6621000000000001,1.6723,16455
2005-03-09,1.6724,1.6912,1.6713,1.6881,21058
2005-03-10,1.69,1.7029999999999998,1.6808,1.6983000000000001,18115
2005-03-11,1.6983000000000001,1.7038,1.6922000000000001,1.6965,12147
2005-03-13,1.6981000000000002,1.6981000000000002,1.6964000000000001,1.6971,242
2005-03-14,1.6972,1.7012,1.6949999999999998,1.6955,5482
2005-03-15,1.6956,1.6966999999999999,1.6821000000000002,1.6857,8197
2005-03-16,1.6858,1.6928,1.6844999999999999,1.6878,6789
2005-03-17,1.688,1.692,1.6853,1.6874,4224
2005-03-18,1.6874,1.6894,1.6742,1.6763,8102
2005-03-20,1.6774,1.6774,1.6774,1.6774,1
2005-03-21,1.6774,1.6804000000000001,1.6697,1.6771,6690
2005-03-22,1.6772,1.6802000000000001,1.6653,1.6797,9031
2005-03-23,1.6798,1.685,1.6743000000000001,1.6815,7712
2005-03-24,1.6816,1.6844000000000001,1.6743999999999999,1.6766999999999999,9614
2005-03-25,1.6768,1.6801,1.6745,1.6797,5205
2005-03-27,1.6785999999999999,1.679,1.6768,1.6785999999999999,82
2005-03-28,1.6784,1.6794,1.6703999999999999,1.6785,7544
2005-03-29,1.6787,1.6791,1.6691,1.6762000000000001,14361
2005-03-30,1.6762000000000001,1.6800000000000002,1.6733,1.6749,12225
2005-03-31,1.6747,1.6806999999999999,1.6712,1.6771,11729
2005-04-01,1.6772,1.6834,1.671,1.6732,11680
2005-04-03,1.6754,1.6756,1.6745,1.6753,128
2005-04-04,1.6752,1.6792,1.6712,1.6755,10915
2005-04-05,1.6755,1.6793,1.6707,1.6749,12740
2005-04-06,1.6736,1.6857,1.6728,1.6853,12756
2005-04-07,1.685,1.6862,1.675,1.675,13052
2005-04-08,1.675,1.6766999999999999,1.6671,1.675,10712
2005-04-10,1.6743999999999999,1.6761,1.6741000000000001,1.675,172
2005-04-11,1.6745999999999999,1.6768,1.6696,1.6728,10029
2005-04-12,1.6726999999999999,1.6755,1.6631,1.6661000000000001,13065
2005-04-13,1.666,1.6665,1.6553,1.6583,14112
2005-04-14,1.6582,1.6653,1.6552,1.6633,15442
2005-04-15,1.6632,1.6827,1.6627,1.6823000000000001,15869
2005-04-17,1.6792,1.6804000000000001,1.6789,1.6791,209
2005-04-18,1.6792,1.7026,1.6774,1.6945000000000001,13607
2005-04-19,1.6944,1.6995,1.6893,1.6932,14908
2005-04-20,1.6933,1.6949,1.6822,1.6881,15088
2005-04-21,1.6884000000000001,1.6916,1.6804999999999999,1.6841,13914
2005-04-22,1.6842000000000001,1.6842000000000001,1.6683,1.6713,12397
2005-04-24,1.6696,1.6701000000000001,1.6686999999999999,1.6692,222
2005-04-25,1.6693,1.6703000000000001,1.6608,1.6665,12779
2005-04-26,1.6665999999999999,1.6717,1.6619000000000002,1.6689,12654
2005-04-27,1.669,1.6735,1.6617,1.6637,13183
2005-04-28,1.6572,1.658,1.6562999999999999,1.6572,206
2005-04-29,1.6572,1.6613,1.6442999999999999,1.6467,14626
2005-05-01,1.6475,1.6489,1.6471,1.6484999999999999,118
2005-05-02,1.6487,1.6499000000000001,1.6449,1.6468,8458
2005-05-03,1.6469,1.6683,1.6469,1.6657,12270
2005-05-04,1.6656,1.6689,1.6554,1.6581000000000001,13366
2005-05-05,1.658,1.6638,1.6547,1.6606,11881
2005-05-06,1.6604999999999999,1.6646999999999998,1.6505999999999998,1.6526,11967
2005-05-08,1.6556,1.6559,1.6537,1.654,206
2005-05-09,1.6539000000000001,1.6646999999999998,1.6508,1.6622,12364
2005-05-10,1.6621000000000001,1.6627,1.6545999999999998,1.6577,12112
2005-05-11,1.6578,1.6602999999999999,1.6474,1.6560000000000001,14007
2005-05-12,1.6562000000000001,1.6598000000000002,1.6501000000000001,1.6560000000000001,15454
2005-05-13,1.6559,1.6617,1.6519,1.6583999999999999,13563
2005-05-15,1.6571,1.6596,1.6564,1.6566,514
2005-05-16,1.6564999999999999,1.6732,1.6559,1.669,13311
2005-05-17,1.6678,1.6718,1.6644999999999999,1.6688,12658
2005-05-18,1.6689,1.6717,1.6629,1.6675,13773
2005-05-19,1.6679,1.6705,1.6617,1.6673,11443
2005-05-20,1.6682000000000001,1.6698,1.6598000000000002,1.6600000000000001,11728
2005-05-22,1.661,1.662,1.6606999999999998,1.6614,211
2005-05-23,1.661,1.6625,1.6547,1.6554,10157
2005-05-24,1.6553,1.6566999999999998,1.6467,1.6519,12042
2005-05-25,1.6519,1.6559,1.65,1.6511,11084
2005-05-26,1.651,1.6522999999999999,1.6440000000000001,1.6488,13269
2005-05-27,1.6487,1.6497000000000002,1.6446,1.6482,10015
2005-05-29,1.6452,1.6469,1.6442999999999999,1.6463,286
2005-05-30,1.6463999999999999,1.6465999999999998,1.6362999999999999,1.6396,7688
2005-05-31,1.6395,1.6439,1.6254,1.6278000000000001,16232
2005-06-01,1.6276000000000002,1.6367,1.6231,1.6272,16065
2005-06-02,1.6274,1.6336,1.6238000000000001,1.6247,14071
2005-06-03,1.6249,1.6269,1.6141,1.6166,14127
2005-06-05,1.6173,1.6178,1.6164,1.6164,160
2005-06-06,1.6165,1.6194,1.6,1.6031,12019
2005-06-07,1.603,1.6034000000000002,1.5935000000000001,1.5975000000000001,11687
2005-06-08,1.5974,1.6048,1.5939999999999999,1.5965,13785
2005-06-09,1.5964,1.5984,1.5888,1.5929,12796
2005-06-10,1.593,1.5994000000000002,1.5871,1.591,13523
2005-06-12,1.5878,1.5891,1.5877,1.5889,173
2005-06-13,1.5892,1.5917,1.5796000000000001,1.5901,13431
2005-06-14,1.5899999999999999,1.5911,1.5712000000000002,1.5746,14090
2005-06-15,1.5744,1.5787,1.5713,1.5756000000000001,14098
2005-06-16,1.5758999999999999,1.5768,1.5621,1.5638,14468
2005-06-17,1.5638999999999998,1.5794000000000001,1.5621,1.5794000000000001,14372
2005-06-19,1.5709,1.5715,1.5691000000000002,1.5697,506
2005-06-20,1.5695999999999999,1.5746,1.5617,1.5636999999999999,12473
2005-06-21,1.5636,1.5673,1.5554000000000001,1.5615,13869
2005-06-22,1.5615999999999999,1.5668,1.5531000000000001,1.5577999999999999,13188
2005-06-23,1.5574,1.5651000000000002,1.5531000000000001,1.5624,13699
2005-06-24,1.5621,1.5748,1.5558999999999998,1.5707,14484
2005-06-26,1.5714000000000001,1.5728,1.5709,1.5725,203
2005-06-27,1.5728,1.5854,1.5725,1.5819,10964
2005-06-28,1.5817999999999999,1.5838999999999999,1.5718,1.5791,13638
2005-06-29,1.5792000000000002,1.5869,1.5763,1.5836999999999999,13483
2005-06-30,1.5836000000000001,1.5927,1.5798999999999999,1.5854,14636
2005-07-01,1.5853000000000002,1.5977000000000001,1.5815000000000001,1.5897999999999999,15404
2005-07-03,1.5885,1.5928,1.5878,1.5915,716
2005-07-04,1.5907,1.5924,1.5838,1.5877,10749
2005-07-05,1.5876000000000001,1.6087,1.5866,1.6042,14932
2005-07-06,1.6040999999999999,1.6143,1.6014,1.6138,13498
2005-07-07,1.6137000000000001,1.617,1.6032,1.6139000000000001,15429
2005-07-08,1.6141,1.6179999999999999,1.6037,1.6124,13215
2005-07-10,1.6109,1.6117,1.6104,1.6112,136
2005-07-11,1.6113,1.6162999999999998,1.6098,1.6136,11695
2005-07-12,1.6136,1.6213,1.6099,1.6181,16357
2005-07-13,1.6183,1.6209,1.6099,1.6117,13626
2005-07-14,1.6116000000000001,1.6127,1.6028,1.6093,13226
2005-07-15,1.6092,1.6133,1.6042999999999998,1.6056,11762
2005-07-17,1.6058,1.6074000000000002,1.6053,1.6061999999999999,230
2005-07-18,1.6061,1.6129,1.5958999999999999,1.6005,10168
2005-07-19,1.6006,1.6037,1.5957,1.6018,12792
2005-07-20,1.6017000000000001,1.6095000000000002,1.5931,1.6055000000000001,14952
2005-07-21,1.6056,1.6066,1.5857,1.5897999999999999,18439
2005-07-22,1.5896,1.5920999999999998,1.5745,1.5796999999999999,13637
2005-07-24,1.5805,1.5817999999999999,1.5793,1.5808,415
2005-07-25,1.5806,1.5909,1.5766,1.5817999999999999,11906
2005-07-26,1.5817,1.588,1.5786,1.5847,13469
2005-07-27,1.5846,1.5988,1.5819999999999999,1.5951,14065
2005-07-28,1.5952,1.6019999999999999,1.5923,1.5973000000000002,13658
2005-07-29,1.5972,1.6032,1.5884,1.6016,13106
2005-07-31,1.6026,1.6040999999999999,1.6019999999999999,1.6034000000000002,265
2005-08-01,1.6035,1.6069,1.5977000000000001,1.6008,12982
2005-08-02,1.6006,1.6042999999999998,1.5914000000000001,1.593,13482
2005-08-03,1.5931,1.6048,1.5896,1.5981,14297
2005-08-04,1.5981999999999998,1.6054,1.5951,1.6046,13744
2005-08-05,1.6044,1.6094,1.6021999999999998,1.6078999999999999,13132
2005-08-07,1.6059,1.6061999999999999,1.6042,1.6042,223
2005-08-08,1.6044,1.6164,1.6040999999999999,1.6157,11172
2005-08-09,1.6141,1.6288,1.6131,1.6239,13397
2005-08-10,1.6246,1.6247,1.6127,1.6173,13492
2005-08-11,1.6174,1.6205,1.6046,1.6092,13677
2005-08-12,1.6091,1.6137000000000001,1.6032,1.6118000000000001,11789
2005-08-14,1.6101999999999999,1.6106,1.608,1.6086,141
2005-08-15,1.6084,1.6114000000000002,1.6005,1.6082999999999998,10625
2005-08-16,1.6080999999999999,1.6096,1.6014,1.604,11945
2005-08-17,1.6037,1.6159,1.6019999999999999,1.6154,13881
2005-08-18,1.6153,1.6187,1.6109,1.6164,13238
2005-08-19,1.6160999999999999,1.6223,1.6131,1.6173,12045
2005-08-21,1.6183,1.619,1.6175000000000002,1.6183999999999998,159
2005-08-22,1.6183,1.6214,1.6112,1.6188,10729
2005-08-23,1.6189,1.6208,1.6134,1.6166,11214
2005-08-24,1.6164,1.6244,1.6145,1.6235,13370
2005-08-25,1.6223,1.6233,1.6148,1.6185,12294
2005-08-26,1.6188,1.6274,1.6181,1.6246,11020
2005-08-28,1.6261,1.6274,1.6252,1.627,200
2005-08-29,1.6268,1.6322,1.6231,1.6276000000000002,10897
2005-08-30,1.6274,1.6345,1.6255,1.6341,13807
2005-08-31,1.6341999999999999,1.641,1.6299000000000001,1.6357,15004
2005-09-01,1.6356000000000002,1.6408,1.6316000000000002,1.6378,14696
2005-09-02,1.6379000000000001,1.6431,1.6337000000000002,1.6372,13477
2005-09-04,1.6404999999999998,1.6404999999999998,1.6362999999999999,1.6368,177
2005-09-05,1.6369,1.6402999999999999,1.6287,1.6327,9453
2005-09-06,1.6320999999999999,1.633,1.6196000000000002,1.6205,13075
2005-09-07,1.6213,1.6277,1.6165,1.6195,13847
2005-09-08,1.6196000000000002,1.6202,1.6026,1.6042999999999998,12655
2005-09-09,1.6044,1.6122999999999998,1.5996000000000001,1.6004,12327
2005-09-11,1.6008,1.6017000000000001,1.6,1.6002,213
2005-09-12,1.6,1.6015000000000001,1.5897000000000001,1.5967,13317
2005-09-13,1.5966,1.6004,1.5925,1.5958999999999999,14495
2005-09-14,1.5957,1.5969,1.5906,1.5933000000000002,13966
2005-09-15,1.5934,1.595,1.5843,1.5925,14168
2005-09-16,1.5924,1.5998999999999999,1.5899,1.5935000000000001,14154
2005-09-18,1.5868,1.5880999999999998,1.5848,1.5861,540
2005-09-19,1.5859999999999999,1.5923,1.5802,1.5815000000000001,12549
2005-09-20,1.5816,1.5861,1.5749,1.5816,13723
2005-09-21,1.5815000000000001,1.5863,1.5769,1.5833,14328
2005-09-22,1.5832000000000002,1.5945,1.5823,1.5914000000000001,14329
2005-09-23,1.5915,1.5989,1.5889,1.5901999999999998,12973
2005-09-25,1.5876000000000001,1.5883,1.5869,1.5871,390
2005-09-26,1.5872000000000002,1.5967,1.5847,1.5949,12547
2005-09-27,1.5947,1.5971,1.5865,1.5896,14512
2005-09-28,1.5895000000000001,1.593,1.5825,1.5862,14649
2005-09-29,1.5861,1.5903,1.5805,1.5834000000000001,12781
2005-09-30,1.5833,1.5845,1.5728,1.5776,13593
2005-10-02,1.5758,1.5771,1.5752000000000002,1.5766,196
2005-10-03,1.5767,1.5779,1.5588,1.5598999999999998,13082
2005-10-04,1.5598,1.5648,1.5596,1.5622,12232
2005-10-05,1.5623,1.5899999999999999,1.561,1.5861,14202
2005-10-06,1.5857999999999999,1.6078999999999999,1.5840999999999998,1.6021,14931
2005-10-07,1.6019999999999999,1.6038999999999999,1.5973000000000002,1.6014,12561
2005-10-09,1.6013,1.6019999999999999,1.6005,1.6005,84
2005-10-10,1.6006,1.6019,1.5873,1.5899999999999999,9507
2005-10-11,1.5899,1.5986,1.5857,1.5943,12787
2005-10-12,1.5941,1.5958999999999999,1.589,1.5916000000000001,12281
2005-10-13,1.6005,1.6024,1.5985,1.6019,335
2005-10-14,1.6018,1.6088,1.5957,1.6044,14408
2005-10-16,1.6008,1.603,1.6008,1.603,250
2005-10-17,1.6029,1.6092,1.5993,1.6036000000000001,12709
2005-10-18,1.6038000000000001,1.6056,1.5954000000000002,1.5994000000000002,13626
2005-10-19,1.5995,1.6002999999999998,1.5916000000000001,1.5960999999999999,15141
2005-10-20,1.5963,1.599,1.5875,1.5985,13398
2005-10-21,1.5986,1.6034000000000002,1.5931,1.595,14311
2005-10-23,1.5945,1.5968,1.5944,1.5962,205
2005-10-24,1.5963,1.5998999999999999,1.5923,1.5941,10764
2005-10-25,1.5941,1.6035,1.5911,1.6004,14000
2005-10-26,1.6002,1.603,1.5947,1.5994000000000002,13470
2005-10-27,1.5996000000000001,1.6040999999999999,1.5955,1.603,14934
2005-10-28,1.6027,1.6139000000000001,1.6017000000000001,1.6101,13072
2005-10-30,1.6095000000000002,1.6108,1.6084,1.6091,497
2005-10-31,1.6095000000000002,1.6103,1.6006,1.6027,12849
2005-11-01,1.6029,1.6199,1.6018,1.6173,14180
2005-11-02,1.6174,1.629,1.6157,1.6261,13310
2005-11-03,1.6261999999999999,1.6280000000000001,1.6131,1.6157,12135
2005-11-04,1.6156000000000001,1.6223999999999998,1.6098,1.6108,13729
2005-11-06,1.6115,1.6117,1.6096,1.6099,346
2005-11-07,1.6097000000000001,1.6141999999999999,1.605,1.608,13260
2005-11-08,1.6080999999999999,1.6089,1.5989,1.603,14841
2005-11-09,1.6028,1.6048,1.5941999999999998,1.5988,13549
2005-11-10,1.5989,1.6078999999999999,1.5974,1.5983,14491
2005-11-11,1.5985,1.6007,1.5926,1.6002999999999998,9567
2005-11-13,1.5992,1.6005,1.5979,1.5987,414
2005-11-14,1.5988,1.6080999999999999,1.5984,1.6049,12694
2005-11-15,1.605,1.608,1.5951,1.6008,13968
2005-11-16,1.6009,1.605,1.5936,1.5969,13386
2005-11-17,1.597,1.6014,1.5924,1.5998,13406
2005-11-18,1.5998999999999999,1.6074000000000002,1.5941,1.6071,13792
2005-11-20,1.6058,1.6061,1.6024,1.6038000000000001,524
2005-11-21,1.6037,1.6096,1.5906,1.5929,13234
2005-11-22,1.593,1.6024,1.5924,1.6021,14009
2005-11-23,1.6019,1.6071,1.5955,1.5989,13634
2005-11-24,1.5987,1.6012,1.5906,1.597,9014
2005-11-25,1.5972,1.5998,1.5904,1.5927,10044
2005-11-27,1.5946,1.5951,1.5936,1.5937000000000001,325
2005-11-28,1.5937999999999999,1.6014,1.5909,1.5973000000000002,14029
2005-11-29,1.5974,1.5986,1.5901,1.5941999999999998,14044
2005-11-30,1.5943,1.5981999999999998,1.5899999999999999,1.5931,12810
2005-12-01,1.5932,1.5958999999999999,1.5746,1.5806,13747
2005-12-02,1.5807,1.5814,1.5625,1.5657,12899
2005-12-04,1.5661,1.5684,1.5654,1.5684,443
2005-12-05,1.5682,1.5711,1.5619,1.5691000000000002,12503
2005-12-06,1.5689,1.5708,1.561,1.5664,12251
2005-12-07,1.5665,1.5763,1.5635,1.5664,12847
2005-12-08,1.5665,1.5795,1.5643,1.5749,13637
2005-12-09,1.5751,1.5756000000000001,1.5684,1.5734,11203
2005-12-11,1.5735000000000001,1.5743,1.5721,1.5723,291
2005-12-12,1.5724,1.5866,1.5697999999999999,1.58,13424
2005-12-13,1.5798,1.5862,1.5777999999999999,1.5856,13341
2005-12-14,1.5855000000000001,1.5937999999999999,1.585,1.5864,15919
2005-12-15,1.5865,1.6072,1.5849,1.601,11571
2005-12-16,1.6011,1.6169,1.5998999999999999,1.615,11600
2005-12-18,1.6153,1.6179999999999999,1.6151,1.6165,349
2005-12-19,1.6164,1.6249,1.6077,1.6200999999999999,12593
2005-12-20,1.6202999999999999,1.6221,1.6120999999999999,1.6138,13960
2005-12-21,1.6139000000000001,1.6197,1.6088,1.6103,12772
2005-12-22,1.6101,1.6252,1.6093,1.6240999999999999,11680
2005-12-23,1.6239,1.6322,1.6211,1.6277,8503
2005-12-25,1.6255,1.6277,1.6255,1.6261999999999999,216
2005-12-26,1.6263,1.6275,1.6183,1.6185,5116
2005-12-27,1.6183999999999998,1.6364,1.6173,1.6324999999999998,7044
2005-12-28,1.6322,1.6351,1.6209,1.6231,11736
2005-12-29,1.6234,1.6287,1.6139000000000001,1.6181,8957
2005-12-30,1.6179999999999999,1.6199,1.6059999999999999,1.6165,9748
2006-01-01,1.6165,1.6165,1.6134,1.6138,16
2006-01-02,1.6139000000000001,1.6168,1.6093,1.6138,4090
2006-01-03,1.6139000000000001,1.6259000000000001,1.6091,1.6215000000000002,12443
2006-01-04,1.6216,1.627,1.6174,1.6214,13345
2006-01-05,1.6215000000000002,1.6233,1.6159,1.6197,8914
2006-01-06,1.6195,1.6240999999999999,1.6089,1.6108,9433
2006-01-08,1.6117,1.6125,1.6112,1.6122,288
2006-01-09,1.6124,1.6141,1.6008,1.6046,10754
2006-01-10,1.6048,1.6113,1.6024,1.6080999999999999,12192
2006-01-11,1.6082999999999998,1.6103,1.6019,1.6069,12323
2006-01-12,1.6068,1.6120999999999999,1.5976,1.6046,12200
2006-01-13,1.6048,1.6098,1.6007,1.6078999999999999,10157
2006-01-15,1.6066,1.6076000000000001,1.6048,1.6061,538
2006-01-16,1.6059,1.6096,1.604,1.6072,8521
2006-01-17,1.6071,1.611,1.6009,1.6099,11558
2006-01-18,1.6098,1.6239,1.6086,1.6185,14070
2006-01-19,1.6177000000000001,1.6234,1.6131,1.6160999999999999,13039
2006-01-20,1.6162999999999998,1.6240999999999999,1.6093,1.6218,10758
2006-01-22,1.6198000000000001,1.6221,1.6179000000000001,1.6219999999999999,438
2006-01-23,1.6219000000000001,1.634,1.6199,1.631,12945
2006-01-24,1.6313,1.6393,1.63,1.6322,12055
2006-01-25,1.6324,1.6354,1.6237,1.6252,12568
2006-01-26,1.625,1.6272,1.6189,1.6216,10331
2006-01-27,1.6214,1.6252,1.6092,1.6133,12465
2006-01-29,1.6155,1.6159,1.6136,1.6136,249
2006-01-30,1.6137000000000001,1.6153,1.6092,1.6124,9367
2006-01-31,1.6122,1.6141,1.5998999999999999,1.6019999999999999,12151
2006-02-01,1.6021,1.6059999999999999,1.5996000000000001,1.6013,12309
2006-02-02,1.6014,1.6065,1.6006,1.6034000000000002,11640
2006-02-03,1.6037,1.6073,1.599,1.6048,10684
2006-02-05,1.6063,1.6066,1.6052,1.6054,213
2006-02-06,1.6059,1.6136,1.604,1.6118000000000001,11406
2006-02-07,1.612,1.6214,1.6085,1.6183,13498
2006-02-08,1.6183999999999998,1.6247,1.6105,1.6171,13047
2006-02-09,1.6172,1.6217000000000001,1.6137000000000001,1.6171,12164
2006-02-10,1.6172,1.621,1.6099,1.613,14135
2006-02-12,1.6139000000000001,1.6148,1.6133,1.6136,294
2006-02-13,1.6137000000000001,1.6156000000000001,1.6078999999999999,1.6141999999999999,11707
2006-02-14,1.6141,1.6169,1.6046,1.6074000000000002,11972
2006-02-15,1.6073,1.6107,1.6024,1.6069,12080
2006-02-16,1.607,1.613,1.6046,1.605,11255
2006-02-17,1.6052,1.6185,1.6048,1.6139999999999999,11809
2006-02-19,1.612,1.6159,1.612,1.6154,387
2006-02-20,1.6155,1.6179999999999999,1.6091,1.6111,8208
2006-02-21,1.6113,1.617,1.6091,1.6118000000000001,11073
2006-02-22,1.6118999999999999,1.62,1.6104,1.6195,12179
2006-02-23,1.6194,1.6202999999999999,1.6094,1.6137000000000001,14042
2006-02-24,1.6135000000000002,1.615,1.6038000000000001,1.6054,11930
2006-02-26,1.6051,1.6061999999999999,1.6031,1.6040999999999999,776
2006-02-27,1.604,1.6082999999999998,1.6016,1.6052,11785
2006-02-28,1.6053,1.6098,1.6025,1.6053,12566
2006-03-01,1.6051,1.6087,1.5974,1.5995,13224
2006-03-02,1.5996000000000001,1.6101,1.5964,1.6095000000000002,13111
2006-03-03,1.6094,1.6173,1.6089,1.6154,12089
2006-03-05,1.6185,1.6198000000000001,1.6155,1.6158000000000001,839
2006-03-06,1.616,1.6256,1.613,1.6239,12649
2006-03-07,1.624,1.6244,1.615,1.6235,15562
2006-03-08,1.6234,1.6282,1.6179999999999999,1.623,13031
2006-03-09,1.624,1.6276000000000002,1.6160999999999999,1.6211,13082
2006-03-10,1.6212,1.6299000000000001,1.6171,1.6263,12100
2006-03-12,1.6291,1.6296,1.6276000000000002,1.6279,438
2006-03-13,1.6280000000000001,1.6315,1.6223999999999998,1.6280999999999999,11342
2006-03-14,1.6280000000000001,1.6354,1.6266,1.6291,12694
2006-03-15,1.6289,1.6347,1.6247,1.6332,12847
2006-03-16,1.6333,1.6556,1.6313,1.6493,14284
2006-03-17,1.6492,1.6776,1.6482,1.6754,14044
2006-03-19,1.6735,1.6787,1.6731,1.6738,667
2006-03-20,1.6737,1.6953,1.6726999999999999,1.6886,14514
2006-03-21,1.6885,1.6944,1.6806999999999999,1.6842000000000001,15083
2006-03-22,1.6841,1.6883,1.6749,1.6757,13813
2006-03-23,1.6758,1.6844999999999999,1.6729,1.681,13803
2006-03-24,1.6811,1.6995,1.6797,1.6977,13568
2006-03-26,1.6973,1.7012,1.6966999999999999,1.6987999999999999,364
2006-03-27,1.6989999999999998,1.7113,1.6962000000000002,1.7002000000000002,12320
2006-03-28,1.6999,1.7072,1.6879,1.6999,15318
2006-03-29,1.6998,1.7109999999999999,1.6983000000000001,1.7017,14330
2006-03-30,1.7017,1.7033,1.6993,1.7012,452
2006-03-31,1.7010999999999998,1.7042000000000002,1.6902,1.6921,14844
2006-04-02,1.693,1.6941000000000002,1.6923,1.6931,214
2006-04-03,1.6932,1.6991,1.6800000000000002,1.6985000000000001,15204
2006-04-04,1.6984,1.7046999999999999,1.6907,1.7003,16461
2006-04-05,1.7004000000000001,1.7013,1.686,1.6896,15363
2006-04-06,1.6895,1.6915,1.6684999999999999,1.6728,16416
2006-04-07,1.6729,1.6755,1.661,1.6652,15321
2006-04-09,1.6671,1.6689,1.6627999999999998,1.6648,348
2006-04-10,1.6642000000000001,1.6693,1.6566999999999998,1.6602999999999999,11922
2006-04-11,1.6602000000000001,1.6642000000000001,1.6524999999999999,1.6569,13270
2006-04-12,1.6566999999999998,1.6614,1.6502,1.6503999999999999,12897
2006-04-13,1.6503,1.6673,1.6499000000000001,1.6631,14220
2006-04-14,1.663,1.6648,1.6597,1.6632,4145
2006-04-16,1.6649,1.6671,1.6648,1.6656,225
2006-04-17,1.6657,1.6703000000000001,1.6594,1.6611,11601
2006-04-18,1.6612,1.6665999999999999,1.6548,1.6659000000000002,15770
2006-04-19,1.6661000000000001,1.6663999999999999,1.6524999999999999,1.658,15843
2006-04-20,1.6578,1.6734,1.6557,1.6684999999999999,15075
2006-04-21,1.6686,1.669,1.6534,1.658,13552
2006-04-23,1.6556,1.6594,1.6543,1.6589,598
2006-04-24,1.6588,1.6667999999999998,1.6536,1.6653,14568
2006-04-25,1.6652,1.6686999999999999,1.6579000000000002,1.6672,14100
2006-04-26,1.6673,1.6712,1.6502,1.6534,15734
2006-04-27,1.6535,1.6585999999999999,1.6512,1.6553,14114
2006-04-28,1.6583,1.6644999999999999,1.6564999999999999,1.6627999999999998,14198
2006-04-30,1.6635,1.6646,1.6621000000000001,1.6636,269
2006-05-01,1.6635,1.6653,1.6532,1.6602000000000001,13111
2006-05-02,1.6602999999999999,1.6644999999999999,1.6543999999999999,1.6583,14767
2006-05-03,1.6582,1.6583,1.6371,1.6418,16700
2006-05-04,1.6417000000000002,1.6479,1.6367,1.6475,13982
2006-05-05,1.6473,1.6531,1.6455,1.6473,6085
2006-05-07,1.6472,1.6486,1.6463,1.6471,147
2006-05-08,1.6472,1.6543999999999999,1.6465999999999998,1.6515,4419
2006-05-09,1.6516,1.6615,1.646,1.6480000000000001,7276
2006-05-10,1.6482,1.6561,1.6458,1.6503999999999999,5508
2006-05-11,1.6505,1.6559,1.6440000000000001,1.6551,5191
2006-05-12,1.655,1.6721,1.6516,1.6717,6130
2006-05-14,1.6712,1.6806,1.6707999999999998,1.6775,196
2006-05-15,1.6777,1.6862,1.6724999999999999,1.6799,5118
2006-05-16,1.6797,1.6844000000000001,1.6716,1.6743000000000001,5000
2006-05-17,1.6742,1.681,1.6682000000000001,1.6771,5616
2006-05-18,1.6776,1.6825999999999999,1.6684999999999999,1.6804999999999999,6219
2006-05-19,1.6814,1.6886,1.6742,1.6846999999999999,11754
2006-05-21,1.6872,1.6872,1.6861000000000002,1.6867,207
2006-05-22,1.6872,1.7114,1.6865,1.7057,18158
2006-05-23,1.7055,1.7101,1.6926,1.7014,18191
2006-05-24,1.7016,1.7065000000000001,1.6919,1.6964000000000001,20488
2006-05-25,1.6962000000000002,1.6989999999999998,1.6804999999999999,1.6827999999999999,16383
2006-05-26,1.683,1.6892,1.6763,1.6806,14990
2006-05-28,1.6794,1.682,1.6785999999999999,1.6819,127
2006-05-29,1.6817,1.6836,1.678,1.6795,3936
2006-05-30,1.679,1.6905000000000001,1.678,1.6886999999999999,9198
2006-05-31,1.6883,1.7074,1.6837,1.7015,5051
2006-06-01,1.7017,1.7178,1.7002000000000002,1.7124000000000001,5352
2006-06-02,1.7125,1.7234,1.7101,1.7165,4753
2006-06-04,1.7208,1.7217,1.7197,1.7215,195
2006-06-05,1.7214,1.7304,1.7174,1.7237,4517
2006-06-06,1.7236,1.7346,1.7191999999999998,1.7290999999999999,4945
2006-06-07,1.729,1.7332999999999998,1.7233,1.724,4941
2006-06-08,1.7243,1.7262,1.6989999999999998,1.7027999999999999,5657
2006-06-09,1.7034,1.7050999999999998,1.683,1.689,5170
2006-06-11,1.6844999999999999,1.6872,1.6841,1.6859,120
2006-06-12,1.6857,1.6945999999999999,1.6816,1.6945999999999999,4386
2006-06-13,1.6943000000000001,1.7019,1.6903000000000001,1.7006999999999999,5327
2006-06-14,1.7008,1.7123,1.6975,1.7085,5444
2006-06-15,1.7086000000000001,1.7118,1.6989,1.7018,5184
2006-06-16,1.7017,1.7125,1.6982,1.7114,4866
2006-06-18,1.714,1.7145000000000001,1.7126000000000001,1.713,137
2006-06-19,1.7130999999999998,1.7141,1.7015,1.7076,4537
2006-06-20,1.7077,1.7079,1.6989999999999998,1.7061,4814
2006-06-21,1.7062,1.721,1.7019,1.7139,4579
2006-06-22,1.7137,1.7168,1.7062,1.7146,5708
2006-06-23,1.7147000000000001,1.7168999999999999,1.7067999999999999,1.7084000000000001,8556
2006-06-25,1.7098,1.7111,1.7092,1.7101,256
2006-06-26,1.7102,1.7208,1.7076,1.7175,8536
2006-06-27,1.7174,1.7189999999999999,1.7135,1.7172,7443
2006-06-28,1.7170999999999998,1.7246000000000001,1.7151,1.7203,8319
2006-06-29,1.7206000000000001,1.724,1.7084000000000001,1.712,9517
2006-06-30,1.7121,1.7223000000000002,1.7076,1.7203,10255
2006-07-02,1.7221,1.7223000000000002,1.7198,1.7208,201
2006-07-03,1.7207,1.7256,1.7141,1.7226,8133
2006-07-04,1.7227000000000001,1.7237,1.7128999999999999,1.7199,6533
2006-07-05,1.7198,1.7199,1.7123,1.716,7686
2006-07-06,1.7161,1.7199,1.7075,1.7126000000000001,6246
2006-07-07,1.7125,1.7135,1.7016,1.7042000000000002,7553
2006-07-09,1.7041,1.7045,1.7035,1.7042000000000002,225
2006-07-10,1.7041,1.7065000000000001,1.6991,1.7048,7913
2006-07-11,1.7046999999999999,1.7052,1.693,1.6958,8149
2006-07-12,1.6961,1.6976,1.6843,1.6885,8282
2006-07-13,1.6886999999999999,1.6899,1.6796,1.6844999999999999,8210
2006-07-14,1.6844000000000001,1.6912,1.6747999999999998,1.6789,6958
2006-07-16,1.677,1.6782,1.6757,1.6764999999999999,189
2006-07-17,1.6763,1.6816,1.6702,1.6732,7238
2006-07-18,1.6733,1.6792,1.6627,1.6734,6968
2006-07-19,1.6733,1.6837,1.673,1.6783000000000001,9262
2006-07-20,1.6782,1.6834,1.6771,1.6825,6803
2006-07-21,1.6824,1.6875,1.6806999999999999,1.6867999999999999,7069
2006-07-23,1.6879,1.6888,1.6872,1.6886,212
2006-07-24,1.6888,1.6888,1.6718,1.6745999999999999,7188
2006-07-25,1.6745,1.6760000000000002,1.6677,1.6698,6214
2006-07-26,1.6697,1.6713,1.6577,1.6705,7889
2006-07-27,1.6707,1.6734,1.6631,1.6635,6924
2006-07-28,1.6634,1.6682000000000001,1.6604999999999999,1.6621000000000001,6945
2006-07-30,1.6618,1.6646999999999998,1.6618,1.6644,207
2006-07-31,1.6646999999999998,1.6705,1.6611,1.6673,6687
2006-08-01,1.6676,1.6775,1.667,1.6752,7325
2006-08-02,1.6743999999999999,1.6781000000000001,1.6686999999999999,1.6729,6145
2006-08-03,1.6733,1.6837,1.6683,1.681,6845
2006-08-04,1.6811,1.6862,1.6771,1.6808,7770
2006-08-06,1.6806999999999999,1.6815,1.6794,1.6804999999999999,203
2006-08-07,1.6806999999999999,1.6865,1.6785999999999999,1.6789,6371
2006-08-08,1.6787999999999998,1.692,1.6776,1.6853,8125
2006-08-09,1.6854,1.6911,1.6772,1.681,8135
2006-08-10,1.6808999999999998,1.6819,1.6625,1.6637,9070
2006-08-11,1.6641,1.6675,1.6572,1.6596,7866
2006-08-13,1.6593,1.6608,1.659,1.6608,252
2006-08-14,1.6609,1.6764999999999999,1.6589,1.6739000000000002,7350
2006-08-15,1.6737,1.6772,1.6695,1.6715,7365
2006-08-16,1.6716,1.6757,1.6689,1.6699000000000002,6256
2006-08-17,1.6698,1.6865999999999999,1.6698,1.6842000000000001,6911
2006-08-18,1.6843,1.6917,1.6819,1.6883,6393
2006-08-20,1.6888,1.6913,1.6885,1.6912,199
2006-08-21,1.6916,1.6952,1.6873,1.6882000000000001,7745
2006-08-22,1.6881,1.6905000000000001,1.6764000000000001,1.6796,6601
2006-08-23,1.6797,1.6804999999999999,1.6709,1.6761,7254
2006-08-24,1.6762000000000001,1.6815,1.6716,1.6756,7574
2006-08-25,1.6755,1.6888999999999998,1.6742,1.6835,6817
2006-08-27,1.6839,1.6855,1.6833,1.6846999999999999,173
2006-08-28,1.6846,1.6902,1.6824,1.6840000000000002,6208
2006-08-29,1.6839,1.6859,1.6738,1.679,6706
2006-08-30,1.6789,1.6846999999999999,1.6761,1.6802000000000001,6952
2006-08-31,1.6800000000000002,1.6846,1.6743999999999999,1.6774,7231
2006-09-01,1.6777,1.6783000000000001,1.6711,1.6728,6429
2006-09-03,1.6726999999999999,1.6742,1.6715,1.6718,222
2006-09-04,1.6720000000000002,1.6732,1.6652,1.6681,6753
2006-09-05,1.6671,1.6693,1.6594,1.6644999999999999,7072
2006-09-06,1.6644,1.6721,1.6616,1.6701000000000001,6952
2006-09-07,1.6702,1.6794,1.6688,1.6779,8677
2006-09-08,1.678,1.6818,1.6674,1.6804000000000001,7975
2006-09-10,1.681,1.6813,1.6798,1.6804999999999999,108
2006-09-11,1.6808,1.6932,1.6801,1.6925,7609
2006-09-12,1.6924000000000001,1.6941000000000002,1.6831,1.6884000000000001,6782
2006-09-13,1.6885,1.6926999999999999,1.6831,1.6838,7095
2006-09-14,1.6861000000000002,1.6874,1.6854,1.6863000000000001,108
2006-09-15,1.6862,1.6904,1.6787,1.6814,7278
2006-09-17,1.6793,1.6799,1.6784,1.6789,192
2006-09-18,1.6787999999999998,1.6864,1.6776,1.6812,7331
2006-09-19,1.6808999999999998,1.6884000000000001,1.6772,1.6859,8029
2006-09-20,1.686,1.6871,1.6813,1.6851,6855
2006-09-21,1.6852,1.6894,1.6794,1.6876,6788
2006-09-22,1.6877,1.7069999999999999,1.6867,1.7035,6422
2006-09-24,1.7026,1.7033,1.7017,1.7033,176
2006-09-25,1.7034,1.7064,1.6896,1.6913,7465
2006-09-26,1.6912,1.6926,1.6841,1.688,6714
2006-09-27,1.6882000000000001,1.6981000000000002,1.6859,1.69,6960
2006-09-28,1.6912,1.6985999999999999,1.6903000000000001,1.6966999999999999,5407
2006-09-29,1.6966,1.7026,1.693,1.6983000000000001,7601
2006-10-01,1.7012,1.7018,1.7003,1.7004000000000001,164
2006-10-02,1.7002000000000002,1.7057,1.6987,1.7021,6298
2006-10-03,1.7024,1.7136,1.7015,1.7123,5465
2006-10-04,1.7128999999999999,1.7133,1.7013,1.7043,6161
2006-10-05,1.7042000000000002,1.7050999999999998,1.6987,1.7017,5439
2006-10-06,1.7019,1.7037,1.6931,1.696,5142
2006-10-08,1.6959,1.6959,1.6938,1.6942,54
2006-10-09,1.6944,1.6982,1.6905000000000001,1.6914,3727
2006-10-10,1.6923,1.6925,1.6827999999999999,1.6846,5113
2006-10-11,1.6852,1.688,1.6808999999999998,1.6864,5350
2006-10-12,1.6863000000000001,1.6877,1.6681,1.6705,5488
2006-10-13,1.6693,1.674,1.6636,1.6654,5159
2006-10-15,1.6644,1.6658,1.6643,1.6656,55
2006-10-16,1.6659000000000002,1.6691,1.6591,1.6638,4477
2006-10-17,1.6640000000000001,1.6663000000000001,1.6591,1.6642000000000001,5307
2006-10-18,1.6643,1.666,1.6578,1.6602999999999999,4705
2006-10-19,1.6602000000000001,1.6635,1.6566999999999998,1.6632,3776
2006-10-20,1.6631,1.6653,1.6578,1.6614,3957
2006-10-22,1.6625,1.6625999999999999,1.6616,1.6623,72
2006-10-23,1.6622,1.6632,1.6526999999999998,1.6574,9266
2006-10-24,1.6575,1.6585999999999999,1.6531,1.6535,8750
2006-10-25,1.6536,1.6576,1.6484999999999999,1.6552,8205
2006-10-26,1.6561,1.6629,1.6539000000000001,1.6597,7728
2006-10-27,1.6602999999999999,1.6636,1.6531,1.6575,11593
2006-10-29,1.6578,1.6578,1.6578,1.6578,1
2006-10-30,1.6578,1.6578,1.6512,1.6533,9395
2006-10-31,1.6532,1.6545999999999998,1.6458,1.6489,11640
2006-11-01,1.6489,1.6503,1.6434,1.6461999999999999,8526
2006-11-02,1.6454,1.6542,1.6447,1.6498,11570
2006-11-03,1.65,1.6554,1.6471,1.6515,10064
2006-11-05,1.6516,1.6517,1.6505,1.6509,193
2006-11-06,1.651,1.6545999999999998,1.6471,1.6503999999999999,8665
2006-11-07,1.6503,1.655,1.6469,1.6529,11239
2006-11-08,1.653,1.6627999999999998,1.6514,1.655,11495
2006-11-09,1.6549,1.6724,1.6542,1.667,13071
2006-11-10,1.6672,1.6772,1.6669,1.6734,11768
2006-11-12,1.6751,1.6763,1.6743999999999999,1.6757,243
2006-11-13,1.6756,1.6825,1.6747999999999998,1.6776,9910
2006-11-14,1.6774,1.6791,1.6711,1.6716,12492
2006-11-15,1.6717,1.6771,1.6713,1.6758,10574
2006-11-16,1.6757,1.6768999999999998,1.6636,1.6695,11609
2006-11-17,1.6693,1.6732,1.6644999999999999,1.6679,10538
2006-11-19,1.6657,1.6671,1.6651,1.6653,297
2006-11-20,1.6654,1.6713,1.6615,1.6635,8259
2006-11-21,1.6636,1.6686999999999999,1.6625,1.6658,9107
2006-11-22,1.6659000000000002,1.6707999999999998,1.6622,1.6695,10735
2006-11-23,1.6693,1.6745999999999999,1.6682000000000001,1.6709,8229
2006-11-24,1.6707999999999998,1.6829,1.6684,1.6808,11212
2006-11-26,1.6808,1.6853,1.6808,1.6851,200
2006-11-27,1.685,1.6884000000000001,1.6804999999999999,1.6871,11561
2006-11-28,1.6873,1.6894,1.6789,1.6837,13708
2006-11-29,1.6838,1.6873,1.6747999999999998,1.6787999999999998,13109
2006-11-30,1.6787,1.6806,1.6726,1.6794,12908
2006-12-01,1.6796,1.6916,1.6737,1.6897,14055
2006-12-03,1.69,1.6913,1.6886999999999999,1.6907999999999999,608
2006-12-04,1.6907,1.6957,1.6858,1.69,12379
2006-12-05,1.6901000000000002,1.697,1.6865,1.6924000000000001,12701
2006-12-06,1.6926,1.6945999999999999,1.6863000000000001,1.6926,13237
2006-12-07,1.6925,1.6935,1.6791,1.6841,12386
2006-12-08,1.6843,1.6872,1.6789,1.6799,13406
2006-12-10,1.6787999999999998,1.6808999999999998,1.6785,1.6794,362
2006-12-11,1.6793,1.6878,1.6773,1.6865,11381
2006-12-12,1.6864,1.6901000000000002,1.6814,1.6861000000000002,12153
2006-12-13,1.6862,1.6878,1.677,1.6798,10379
2006-12-14,1.6799,1.6874,1.6776,1.6782,12421
2006-12-15,1.6784,1.6853,1.6686999999999999,1.6733,13149
2006-12-17,1.6764000000000001,1.6764000000000001,1.6732,1.6741000000000001,302
2006-12-18,1.6743999999999999,1.6793,1.6712,1.6766,10018
2006-12-19,1.6775,1.6834,1.6751,1.6814,11616
2006-12-20,1.6815,1.6888999999999998,1.6739000000000002,1.6768999999999998,10235
2006-12-21,1.6791,1.6808999999999998,1.6745,1.6802000000000001,5933
2006-12-22,1.6800000000000002,1.6811,1.673,1.6749,9631
2006-12-26,1.6716,1.6785,1.6707,1.6749,2908
2006-12-27,1.675,1.6776,1.6702,1.6718,8587
2006-12-28,1.6714,1.6722000000000001,1.6614,1.6634,8863
2006-12-29,1.6632,1.6764000000000001,1.6611,1.6735,7895
2006-12-31,1.673,1.673,1.673,1.673,1
2007-01-01,1.673,1.673,1.673,1.673,1
2007-01-02,1.6663000000000001,1.6724,1.6654,1.6674,6823
2007-01-03,1.6671,1.6675,1.6595,1.6623999999999999,11178
2007-01-04,1.6625,1.6726,1.6618,1.6703999999999999,12306
2007-01-05,1.6705999999999999,1.6735,1.6639,1.6693,13221
2007-01-07,1.6698,1.6698,1.6682000000000001,1.6686999999999999,214
2007-01-08,1.6681,1.6705,1.6631,1.6676,9965
2007-01-09,1.6678,1.6703000000000001,1.6625999999999999,1.6638,10600
2007-01-10,1.6640000000000001,1.6684999999999999,1.6602999999999999,1.6646,11659
2007-01-11,1.6644999999999999,1.6646,1.6481,1.6526999999999998,13851
2007-01-12,1.6526,1.6566999999999998,1.6471,1.6481,11034
2007-01-14,1.6463999999999999,1.6477,1.6461999999999999,1.6468,264
2007-01-15,1.6467,1.6514,1.6446,1.649,7617
2007-01-16,1.6486,1.6555,1.6482999999999999,1.6501000000000001,11304
2007-01-17,1.6502,1.651,1.6407,1.6425,10135
2007-01-18,1.6428,1.6463,1.6392,1.641,12461
2007-01-19,1.6412,1.6480000000000001,1.6397,1.6407,10302
2007-01-21,1.6414,1.6423999999999999,1.6411,1.6418,155
2007-01-22,1.6419000000000001,1.6441,1.6362,1.6425,8353
2007-01-23,1.6427,1.6442999999999999,1.6388,1.6432,10607
2007-01-24,1.6435,1.665,1.6423999999999999,1.6598000000000002,14692
2007-01-25,1.6599,1.6734,1.6581000000000001,1.6717,13542
2007-01-26,1.6714,1.6734,1.6654,1.6694,11036
2007-01-28,1.6692,1.6697,1.6680000000000001,1.6684,172
2007-01-29,1.6683,1.6793,1.6657,1.6771,9491
2007-01-30,1.6758,1.682,1.6745999999999999,1.6792,9609
2007-01-31,1.6794,1.6806,1.6749,1.6783000000000001,12577
2007-02-01,1.678,1.6831,1.6757,1.6813,10858
2007-02-02,1.681,1.6862,1.6713,1.6720000000000002,9359
2007-02-04,1.6734,1.6741000000000001,1.6723,1.6732,208
2007-02-05,1.6734,1.6761,1.6635,1.6659000000000002,8940
2007-02-06,1.6659000000000002,1.671,1.663,1.6693,8056
2007-02-07,1.6695,1.6724,1.6669,1.6705,8390
2007-02-08,1.6703000000000001,1.6760000000000002,1.6644,1.6677,9094
2007-02-09,1.6678,1.6764999999999999,1.6661000000000001,1.6747999999999998,7633
2007-02-11,1.6745,1.6749,1.6733,1.6738,236
2007-02-12,1.6745,1.682,1.6726,1.6783000000000001,8393
2007-02-13,1.6785999999999999,1.6816,1.6703000000000001,1.6726,9649
2007-02-14,1.6724,1.6768999999999998,1.6679,1.6760000000000002,11032
2007-02-15,1.6758,1.6777,1.6698,1.6755,10689
2007-02-16,1.6751,1.6759,1.6679,1.669,7992
2007-02-18,1.6709,1.6709,1.6684,1.669,288
2007-02-19,1.6686999999999999,1.6742,1.6663000000000001,1.6721,6785
2007-02-20,1.6721,1.6758,1.6671,1.6683,8103
2007-02-21,1.6684,1.6721,1.6583,1.6608,8859
2007-02-22,1.6606,1.6638,1.6572,1.662,8756
2007-02-23,1.6622,1.6648,1.6599,1.6627999999999998,8535
2007-02-25,1.6627,1.665,1.6627,1.6632,355
2007-02-26,1.6631,1.6651,1.6577,1.6613,8650
2007-02-27,1.661,1.6837,1.6583,1.6829,13334
2007-02-28,1.683,1.683,1.6713,1.6804000000000001,15173
2007-03-01,1.6801,1.685,1.6743000000000001,1.679,12695
2007-03-04,1.6881,1.69,1.6869,1.6898,606
2007-03-05,1.6902,1.7029,1.6873,1.6996,15624
2007-03-06,1.6999,1.7003,1.6909999999999998,1.6952,13305
2007-03-07,1.6951,1.6985000000000001,1.6838,1.6983000000000001,12255
2007-03-08,1.6982,1.6984,1.6865,1.6876,10750
2007-03-09,1.6874,1.6893,1.6763,1.6806999999999999,9738
2007-03-11,1.6785,1.6804999999999999,1.678,1.6785,257
2007-03-12,1.6782,1.6851,1.6743000000000001,1.6778,10721
2007-03-13,1.6777,1.692,1.6737,1.687,12478
2007-03-14,1.6872,1.6897,1.6782,1.681,12764
2007-03-15,1.6811,1.6843,1.6721,1.6829,12077
2007-03-16,1.683,1.6846999999999999,1.6699000000000002,1.6724999999999999,12886
2007-03-18,1.6761,1.6775,1.6723,1.6731,485
2007-03-19,1.6729,1.6764000000000001,1.6555,1.6604,13412
2007-03-20,1.6606,1.6684,1.6552,1.6560000000000001,13102
2007-03-21,1.6558000000000002,1.6625999999999999,1.6547,1.6564999999999999,11380
2007-03-22,1.6566,1.6608,1.6512,1.6521,11604
2007-03-23,1.6522999999999999,1.6555,1.6472,1.6496,10270
2007-03-25,1.6503,1.6503,1.6467,1.6477,370
2007-03-26,1.6476,1.6514,1.6421000000000001,1.645,11006
2007-03-27,1.6449,1.6543999999999999,1.6436,1.6528,10029
2007-03-28,1.6526999999999998,1.6606,1.6515,1.6520000000000001,8793
2007-03-29,1.6519,1.6537,1.6446,1.6517,10145
2007-03-30,1.6518000000000002,1.6537,1.6441,1.6512,11297
2007-04-01,1.6505,1.6524999999999999,1.6482,1.6491,321
2007-04-02,1.6492,1.6524,1.6341,1.6362999999999999,11210
2007-04-03,1.6364,1.6446,1.6359,1.6408,10105
2007-04-04,1.6406,1.6516,1.6311,1.6322,12354
2007-04-05,1.6320999999999999,1.6402999999999999,1.6284,1.6381999999999999,10472
2007-04-06,1.6385999999999998,1.6404999999999998,1.6346,1.6385,5968
2007-04-08,1.6374,1.6379000000000001,1.6367,1.6371,145
2007-04-09,1.6374,1.6395,1.6339000000000001,1.6359,6293
2007-04-10,1.6358000000000001,1.6362,1.6240999999999999,1.6251,11455
2007-04-11,1.6249,1.6295,1.6240999999999999,1.6274,10014
2007-04-12,1.6273,1.6322999999999999,1.6215000000000002,1.6223999999999998,11225
2007-04-13,1.6223,1.6278000000000001,1.6207,1.6227,11318
2007-04-15,1.6256,1.6263,1.6233,1.6242999999999999,600
2007-04-16,1.6244,1.6297000000000001,1.6228,1.6253,9840
2007-04-17,1.6254,1.6275,1.6192,1.6221999999999999,10320
2007-04-18,1.6219000000000001,1.6305,1.621,1.6227,10580
2007-04-19,1.6228,1.6388,1.6214,1.6295,12665
2007-04-20,1.6294,1.6333,1.6215000000000002,1.6221999999999999,8683
2007-04-22,1.6237,1.6249,1.6235,1.6238000000000001,121
2007-04-23,1.6237,1.6318000000000001,1.6235,1.63,9405
2007-04-24,1.6301999999999999,1.6497000000000002,1.6274,1.6463,12994
2007-04-25,1.6463999999999999,1.6469,1.6309,1.6343,12138
2007-04-26,1.6343999999999999,1.6474,1.6327,1.6441,11148
2007-04-27,1.6440000000000001,1.6494,1.6387,1.6444999999999999,7942
2007-04-29,1.6449,1.6474,1.6444999999999999,1.6473,387
2007-04-30,1.6474,1.6499000000000001,1.6387,1.6444,11095
2007-05-01,1.6448,1.6481,1.6391,1.6438000000000001,10215
2007-05-02,1.6439,1.6499000000000001,1.6415,1.6474,12340
2007-05-03,1.6471,1.6526,1.6434,1.6458,7656
2007-05-04,1.6459000000000001,1.659,1.6446,1.654,8075
2007-05-06,1.655,1.6562999999999999,1.6549,1.6555,320
2007-05-07,1.655,1.6561,1.6465,1.6482,8225
2007-05-08,1.6482999999999999,1.6493,1.6324,1.6352,9899
2007-05-09,1.6353,1.6376,1.6314,1.6335,8438
2007-05-10,1.6336,1.6366,1.6214,1.6329,12802
2007-05-11,1.633,1.6335,1.6221,1.6261,10912
2007-05-13,1.6259000000000001,1.6259000000000001,1.6232,1.6235,253
2007-05-14,1.6236000000000002,1.6280000000000001,1.621,1.6263,7991
2007-05-15,1.6265,1.6324,1.6248,1.6299000000000001,8766
2007-05-16,1.63,1.6442,1.6295,1.6381999999999999,10785
2007-05-17,1.6381000000000001,1.6432,1.6353,1.6385999999999998,10355
2007-05-18,1.6388,1.6429,1.6357,1.6412,10443
2007-05-20,1.6402,1.6409,1.6388,1.6401,315
2007-05-21,1.6402,1.6434,1.6360000000000001,1.6391,10152
2007-05-22,1.6388,1.6421999999999999,1.635,1.6399,9041
2007-05-23,1.6400000000000001,1.6418,1.6294,1.6349,10915
2007-05-24,1.6348,1.6415,1.6312,1.6407,9924
2007-05-25,1.6408,1.6438000000000001,1.6354,1.643,10277
2007-05-27,1.6429,1.6434,1.6419000000000001,1.6423,170
2007-05-28,1.6421999999999999,1.6434,1.6402999999999999,1.6418,4383
2007-05-29,1.6417000000000002,1.6474,1.6404999999999998,1.6423999999999999,7256
2007-05-30,1.6425,1.6440000000000001,1.6293,1.6318000000000001,10603
2007-05-31,1.6317,1.6334,1.6234,1.6239,10648
2007-06-01,1.6259000000000001,1.6259000000000001,1.6134,1.6139000000000001,9701
2007-06-03,1.6138,1.6157,1.6138,1.6141999999999999,286
2007-06-04,1.6138,1.6193,1.6122999999999998,1.6165,9504
2007-06-05,1.6167,1.619,1.6099999999999999,1.6147,10995
2007-06-06,1.6148,1.6148,1.6002999999999998,1.6040999999999999,11913
2007-06-07,1.604,1.6046,1.5891,1.5957,12954
2007-06-08,1.5958,1.5963,1.5819,1.5824,13734
2007-06-10,1.5819,1.584,1.5814,1.5836000000000001,180
2007-06-11,1.5834000000000001,1.5899999999999999,1.5808,1.5836000000000001,10423
2007-06-12,1.5836000000000001,1.5855000000000001,1.5772,1.5834000000000001,9911
2007-06-13,1.5835,1.5869,1.5779,1.5836999999999999,12564
2007-06-14,1.5838999999999999,1.5947,1.5824,1.5925,6182
2007-06-15,1.5924,1.5937999999999999,1.5869,1.5893000000000002,4672
2007-06-17,1.5894,1.5896,1.5883,1.5883,207
2007-06-18,1.5884,1.5946,1.5848,1.5912,7989
2007-06-19,1.5911,1.593,1.5842,1.5863,9628
2007-06-20,1.5855000000000001,1.5895000000000001,1.5833,1.5878,9792
2007-06-21,1.5877,1.5885,1.5793,1.5805,9337
2007-06-22,1.5806,1.5917,1.5782,1.5895000000000001,9021
2007-06-24,1.5872000000000002,1.588,1.587,1.5875,127
2007-06-25,1.5874000000000001,1.5912,1.5832000000000002,1.5896,8530
2007-06-26,1.5895000000000001,1.5918999999999999,1.5824,1.5891,9638
2007-06-27,1.589,1.6087,1.5889,1.6024,13750
2007-06-28,1.6025,1.6036000000000001,1.5863,1.5875,11380
2007-06-29,1.5878,1.596,1.5798999999999999,1.5937999999999999,11726
2007-07-01,1.588,1.5905,1.5878999999999999,1.5896,260
2007-07-02,1.5897000000000001,1.5926,1.5836999999999999,1.5857,10213
2007-07-03,1.5859,1.5936,1.5851,1.5906,8990
2007-07-04,1.5908,1.5922,1.5854,1.5866,5625
2007-07-05,1.5868,1.5899999999999999,1.5842,1.5876000000000001,9112
2007-07-06,1.5875,1.5901999999999998,1.5847,1.5875,8284
2007-07-08,1.5883,1.5889,1.5875,1.5878,173
2007-07-09,1.5878999999999999,1.5889,1.5819,1.5836999999999999,8186
2007-07-10,1.5836000000000001,1.605,1.5822,1.6016,11872
2007-07-11,1.6015000000000001,1.605,1.5899,1.5939,12249
2007-07-12,1.5939999999999999,1.5995,1.5888,1.5888,11326
2007-07-13,1.5889,1.592,1.5807,1.5817,9849
2007-07-15,1.5836000000000001,1.5838,1.5817999999999999,1.5827,196
2007-07-16,1.5826,1.5836000000000001,1.5739,1.5803,11940
2007-07-17,1.5804,1.5813000000000001,1.5734,1.5798,11864
2007-07-18,1.5796999999999999,1.5805,1.5676999999999999,1.5731000000000002,15779
2007-07-19,1.5732,1.5752000000000002,1.5668,1.5673,10644
2007-07-20,1.5676,1.577,1.5649,1.5704,9545
2007-07-22,1.5725,1.5735000000000001,1.572,1.5726,211
2007-07-23,1.5728,1.5729,1.5613000000000001,1.5627,10768
2007-07-24,1.5625,1.5695999999999999,1.5593,1.5655000000000001,12426
2007-07-25,1.5655999999999999,1.5699999999999998,1.5491000000000001,1.5505,14631
2007-07-26,1.5504,1.5856,1.5472000000000001,1.5767,15968
2007-07-27,1.5766,1.6025,1.5666,1.6005,25846
2007-07-29,1.6037,1.6061999999999999,1.5965,1.5971,640
2007-07-30,1.5972,1.615,1.5936,1.5964,17045
2007-07-31,1.5965,1.6096,1.5913,1.6049,18024
2007-08-01,1.6048,1.6162,1.5958999999999999,1.5998999999999999,23970
2007-08-02,1.6,1.6073,1.5916000000000001,1.5964,17751
2007-08-03,1.5965,1.6139999999999999,1.595,1.611,15834
2007-08-06,1.6207,1.6225,1.6049,1.6067,7345
2007-08-07,1.6065,1.6165,1.6040999999999999,1.607,14313
2007-08-08,1.6061999999999999,1.6091,1.5973000000000002,1.5994000000000002,15269
2007-08-09,1.5993,1.6103,1.5929,1.6095000000000002,14734
2007-08-10,1.6096,1.6259000000000001,1.6061,1.621,22838
2007-08-13,1.6172,1.6227,1.611,1.6157,17342
2007-08-14,1.616,1.624,1.6141999999999999,1.6227,17918
2007-08-15,1.6228,1.6417000000000002,1.6206,1.6407,24207
2007-08-16,1.6406,1.7119,1.6367,1.6877,43523
2007-08-20,1.6867999999999999,1.7093,1.6656,1.6707999999999998,25452
2007-08-21,1.6703999999999999,1.6911,1.6681,1.6841,26449
2007-08-22,1.6827,1.6878,1.6703000000000001,1.6757,20829
2007-08-23,1.6756,1.6773,1.6503,1.6547,23987
2007-08-24,1.6543999999999999,1.662,1.645,1.6526999999999998,20326
2007-08-27,1.6513,1.6521,1.6400000000000001,1.6508,12785
2007-08-28,1.6505999999999998,1.6724,1.6486,1.6713,21099
2007-08-29,1.6712,1.6840000000000002,1.6585999999999999,1.6638,25822
2007-08-30,1.6644999999999999,1.6787999999999998,1.6623,1.6712,22160
2007-08-31,1.6711,1.6804000000000001,1.6562999999999999,1.6644999999999999,21996
2007-09-03,1.6696,1.6697,1.6536,1.6557,11407
2007-09-04,1.6559,1.6591,1.6406,1.6498,18323
2007-09-05,1.65,1.6623999999999999,1.6434,1.6609,18703
2007-09-06,1.6611,1.6665,1.6498,1.6512,18493
2007-09-07,1.6511,1.6717,1.6494,1.6652,12646
2007-09-10,1.667,1.6844999999999999,1.6669,1.6721,15160
2007-09-11,1.6722000000000001,1.6753,1.6568,1.6595,18604
2007-09-12,1.6592,1.6617,1.6476,1.6522000000000001,16001
2007-09-13,1.6528,1.6613,1.6494,1.6608,17953
2007-09-14,1.6606999999999998,1.6614,1.6442999999999999,1.6473,18056
2007-09-17,1.6474,1.6665,1.6411,1.6635,15166
2007-09-18,1.6636,1.6747,1.6364,1.6413,21838
2007-09-19,1.641,1.6463,1.6276000000000002,1.6308,20527
2007-09-20,1.6307,1.6331,1.6236000000000002,1.6299000000000001,19298
2007-09-21,1.6298,1.6322,1.6172,1.6249,17924
2007-09-24,1.6237,1.6294,1.6195,1.6217000000000001,11981
2007-09-25,1.6216,1.6364,1.6178,1.6188,17170
2007-09-26,1.6189,1.6226,1.6103,1.6115,15423
2007-09-27,1.6114000000000002,1.6149,1.6035,1.6078999999999999,16881
2007-09-28,1.6082999999999998,1.6131,1.6021999999999998,1.6063,18014
2007-10-01,1.6064,1.607,1.5903,1.5911,15991
2007-10-02,1.5912,1.6109,1.5901999999999998,1.6049,19426
2007-10-03,1.6042999999999998,1.6046,1.5894,1.5958,18944
2007-10-04,1.596,1.6006,1.588,1.5913,18154
2007-10-05,1.5912,1.5932,1.5713,1.5745,15231
2007-10-08,1.5721,1.5746,1.5635,1.5735999999999999,7647
2007-10-09,1.5735000000000001,1.5735000000000001,1.5646,1.5655000000000001,13281
2007-10-10,1.5654,1.5793,1.5652,1.576,12523
2007-10-11,1.5760999999999998,1.5779999999999998,1.5671,1.5758,16080
2007-10-12,1.5758999999999999,1.5821,1.5646,1.5667,14445
2007-10-15,1.5638,1.5844,1.5629,1.5779999999999998,13035
2007-10-16,1.5781,1.6042999999999998,1.5765,1.5926,19582
2007-10-17,1.5924,1.6069,1.585,1.5935000000000001,20336
2007-10-18,1.5937999999999999,1.6055000000000001,1.5899,1.5965,16774
2007-10-19,1.5964,1.6071,1.5893000000000002,1.6058,16207
2007-10-22,1.6125,1.6219999999999999,1.597,1.5974,22630
2007-10-23,1.5976,1.6002999999999998,1.5859999999999999,1.5880999999999998,17937
2007-10-24,1.5882,1.5923,1.5764,1.5785,20801
2007-10-25,1.5784,1.5829,1.5748,1.5767,17334
2007-10-26,1.5765,1.5777,1.5659999999999998,1.5667,14593
2007-10-29,1.5638,1.5691000000000002,1.5556999999999999,1.5614,15055
2007-10-30,1.5613000000000001,1.5727,1.5611000000000002,1.5692,16643
2007-10-31,1.569,1.5701,1.5499,1.5527,18763
2007-11-01,1.5526,1.5833,1.5492,1.5784,22033
2007-11-02,1.5783,1.5836999999999999,1.5638,1.5707,21415
2007-11-05,1.5755,1.5786,1.5692,1.5702,17082
2007-11-06,1.5708,1.5741,1.5633,1.5635,15121
2007-11-07,1.5638,1.5908,1.5588,1.585,25594
2007-11-08,1.5847,1.5912,1.5714000000000001,1.5834000000000001,24253
2007-11-09,1.5835,1.6118999999999999,1.5786,1.6096,26339
2007-11-12,1.6176,1.6595,1.6127,1.6502,29253
2007-11-13,1.6505999999999998,1.6545999999999998,1.623,1.6249,24469
2007-11-14,1.6248,1.6397,1.6171,1.6352,24501
2007-11-15,1.6351,1.654,1.6279,1.6502,22469
2007-11-16,1.65,1.6566,1.6377000000000002,1.6419000000000001,22885
2007-11-19,1.6398000000000001,1.6653,1.6315,1.6606999999999998,19137
2007-11-20,1.6609,1.6756,1.6522000000000001,1.6581000000000001,26487
2007-11-21,1.6579000000000002,1.7117,1.6579000000000002,1.7029999999999998,24614
2007-11-22,1.7029,1.7103000000000002,1.6899,1.7013,14918
2007-11-23,1.7015,1.7159,1.6893,1.69,18904
2007-11-26,1.688,1.7155,1.6743000000000001,1.7083,21624
2007-11-27,1.7084000000000001,1.709,1.6867,1.6909999999999998,25702
2007-11-28,1.6912,1.6959,1.6637,1.6702,23661
2007-11-29,1.6696,1.6827999999999999,1.666,1.6729,22378
2007-11-30,1.6726999999999999,1.6738,1.6526999999999998,1.6554,21164
2007-12-03,1.6549,1.6693,1.6543,1.6657,17063
2007-12-04,1.6655,1.6974,1.6643,1.6935,19963
2007-12-05,1.6933,1.6997,1.6760000000000002,1.6787999999999998,20762
2007-12-06,1.6785,1.6785999999999999,1.6633,1.6654,19543
2007-12-07,1.6652,1.674,1.6601,1.6728,15702
2007-12-10,1.6731,1.6760000000000002,1.6589,1.6604,14149
2007-12-11,1.6604999999999999,1.6840000000000002,1.6522999999999999,1.6757,17475
2007-12-12,1.6756,1.6764999999999999,1.6484999999999999,1.6646,20374
2007-12-13,1.6636,1.673,1.6589,1.6669,18539
2007-12-14,1.667,1.6793,1.6627,1.6761,21037
2007-12-17,1.6675,1.6811,1.6673,1.678,22104
2007-12-18,1.6779,1.6822,1.6677,1.6724,17787
2007-12-19,1.6719,1.6774,1.6674,1.6737,16177
2007-12-20,1.6738,1.6757,1.6642000000000001,1.6671,11938
2007-12-21,1.6673,1.669,1.6520000000000001,1.6576,13126
2007-12-24,1.6551,1.6583,1.65,1.6532,6165
2007-12-26,1.6539000000000001,1.6598000000000002,1.6524,1.6558000000000002,1861
2007-12-27,1.6554,1.6680000000000001,1.6512,1.6644,6723
2007-12-28,1.6643,1.6843,1.6623999999999999,1.679,6550
2007-12-31,1.6773,1.6787,1.6585999999999999,1.6625,2475
2008-01-02,1.6632,1.6758,1.6599,1.6643,10926
2008-01-03,1.6644,1.6796,1.6635,1.674,16855
2008-01-04,1.6741000000000001,1.6957,1.6669,1.6897,17594
2008-01-07,1.6917,1.6941000000000002,1.6764000000000001,1.6825999999999999,16587
2008-01-08,1.6824,1.6875,1.6632,1.6716,17625
2008-01-09,1.6717,1.6735,1.6568,1.6582,20844
2008-01-10,1.6583,1.6658,1.6476,1.655,21242
2008-01-11,1.6549,1.6597,1.6474,1.6581000000000001,19185
2008-01-14,1.6601,1.6614,1.651,1.6532,15862
2008-01-15,1.6534,1.6852,1.6480000000000001,1.6759,23445
2008-01-16,1.6758,1.6894,1.6583,1.666,32347
2008-01-17,1.6661000000000001,1.6712,1.6514,1.667,30479
2008-01-18,1.6667999999999998,1.6793,1.6573,1.6627,29642
2008-01-21,1.6561,1.682,1.6535,1.6806,25317
2008-01-22,1.6806999999999999,1.6942,1.6735,1.6852,31981
2008-01-23,1.685,1.6949999999999998,1.6718,1.6749,35617
2008-01-24,1.6751,1.6808999999999998,1.6699000000000002,1.6718,24909
2008-01-25,1.6717,1.6759,1.6625,1.6686,27265
2008-01-28,1.6686999999999999,1.6791,1.6613,1.6633,18406
2008-01-29,1.6634,1.6661000000000001,1.6576,1.6634,19670
2008-01-30,1.6633,1.6705999999999999,1.6505,1.6663999999999999,22951
2008-01-31,1.6665,1.6803,1.6526,1.657,29943
2008-02-01,1.6571,1.6611,1.6351,1.6364999999999998,23464
2008-02-04,1.6388,1.6400000000000001,1.6278000000000001,1.6326,16751
2008-02-06,1.6341,1.6396,1.6273,1.634,22419
2008-02-07,1.6351,1.643,1.6135000000000002,1.6186,25220
2008-02-08,1.6185,1.6242999999999999,1.612,1.6189,20311
2008-02-11,1.6188,1.6207,1.6024,1.6054,19079
2008-02-12,1.6051,1.6165,1.5995,1.6118999999999999,15816
2008-02-13,1.612,1.6317,1.6097000000000001,1.6247,22167
2008-02-14,1.6248,1.6252,1.6108,1.6228,19897
2008-02-15,1.623,1.6255,1.6131,1.6146,18747
2008-02-18,1.6157,1.6172,1.5998999999999999,1.6004,13662
2008-02-19,1.6005,1.6044,1.5918999999999999,1.5991,22443
2008-02-20,1.5992,1.6106,1.5979999999999999,1.5993,24041
2008-02-21,1.5994000000000002,1.6137000000000001,1.5994000000000002,1.6098,20920
2008-02-22,1.6096,1.6122999999999998,1.6032,1.6040999999999999,19370
2008-02-25,1.6063,1.6086,1.5977000000000001,1.5979,6007
2008-02-26,1.5977999999999999,1.6093,1.5944,1.6055000000000001,20389
2008-02-27,1.6054,1.6111,1.5994000000000002,1.6063,25696
2008-02-28,1.6064,1.6099,1.5981,1.6021,24348
2008-02-29,1.6021999999999998,1.6320999999999999,1.6018,1.6301999999999999,26067
2008-03-03,1.6343999999999999,1.6351,1.6116000000000001,1.6162999999999998,15548
2008-03-04,1.6164,1.6488,1.6157,1.6425,26227
2008-03-05,1.6423999999999999,1.6444,1.6289,1.634,24432
2008-03-06,1.6339000000000001,1.6629,1.6318000000000001,1.6600000000000001,24949
2008-03-07,1.6599,1.6604,1.6433,1.6564999999999999,18204
2008-03-10,1.6601,1.6772,1.6513,1.6739000000000002,17586
2008-03-11,1.6737,1.6773,1.6467,1.65,23136
2008-03-12,1.6503,1.6693,1.6471,1.6611,21974
2008-03-13,1.661,1.6682000000000001,1.6465999999999998,1.6513,27180
2008-03-14,1.6514,1.674,1.6484,1.6712,22021
2008-03-17,1.6679,1.7256,1.6612,1.7046999999999999,37487
2008-03-18,1.7046000000000001,1.7167,1.674,1.6808999999999998,29939
2008-03-19,1.681,1.7147000000000001,1.6777,1.7112,20891
2008-03-20,1.7107999999999999,1.721,1.7014,1.7161,15099
2008-03-21,1.7163,1.717,1.7079,1.7107999999999999,4999
2008-03-24,1.7132,1.7132,1.6928999999999998,1.6947,15649
2008-03-25,1.6947999999999999,1.7107999999999999,1.6936,1.7043,26994
2008-03-26,1.7046000000000001,1.7263,1.7017,1.7206000000000001,30264
2008-03-27,1.7204000000000002,1.725,1.7048,1.7179,32494
2008-03-28,1.718,1.724,1.7081,1.7210999999999999,29799
2008-03-31,1.7242,1.7424,1.7196,1.7247,26057
2008-04-01,1.7248,1.7327,1.7119,1.7217,29604
2008-04-02,1.7213,1.7215,1.7086000000000001,1.7156,28133
2008-04-03,1.7153,1.7168,1.6981000000000002,1.7136,29232
2008-04-04,1.7128,1.7199,1.7017,1.7048999999999999,28334
2008-04-07,1.7075,1.7092,1.6919,1.697,22960
2008-04-08,1.6971,1.7046999999999999,1.6838,1.6861000000000002,26444
2008-04-09,1.6863000000000001,1.7069999999999999,1.683,1.7032,26341
2008-04-10,1.7033,1.7048,1.6864,1.6895,30743
2008-04-11,1.6892,1.7061,1.6873,1.7031,28291
2008-04-14,1.6958,1.7178,1.6953,1.7077,30601
2008-04-15,1.7079,1.7144,1.7012,1.7036,27252
2008-04-16,1.7034,1.712,1.6961,1.6966,29821
2008-04-17,1.697,1.7038,1.6926,1.6977,30849
2008-04-18,1.6976,1.6993,1.6856,1.6916,30385
2008-04-21,1.694,1.696,1.6784,1.6876,25846
2008-04-22,1.6875,1.6937,1.6829,1.692,30048
2008-04-23,1.6919,1.6919,1.6724,1.6759,29903
2008-04-24,1.6760000000000002,1.6781000000000001,1.6615,1.6692,30420
2008-04-25,1.6696,1.6787999999999998,1.6654,1.6739000000000002,31649
2008-04-28,1.6705,1.6728,1.6629,1.6682000000000001,18907
2008-04-29,1.6680000000000001,1.6766999999999999,1.6646,1.6692,27634
2008-04-30,1.6691,1.6728,1.6493,1.6556,31029
2008-05-01,1.6555,1.6663000000000001,1.6509,1.6583999999999999,27535
2008-05-02,1.6585999999999999,1.6651,1.6425,1.6497000000000002,27712
2008-05-05,1.6503999999999999,1.6528,1.6337000000000002,1.6371,17187
2008-05-06,1.6372,1.6455,1.6324,1.6346,22375
2008-05-07,1.6347,1.6377000000000002,1.6276000000000002,1.6338,22002
2008-05-08,1.6339000000000001,1.6404999999999998,1.6261999999999999,1.6326,25936
2008-05-09,1.6324999999999998,1.6475,1.6289,1.6404,24427
2008-05-12,1.6417000000000002,1.6476,1.6338,1.6404,22967
2008-05-13,1.6404999999999998,1.6471,1.6352,1.6451,26836
2008-05-14,1.6452,1.6587,1.6402,1.6577,26716
2008-05-15,1.6579000000000002,1.6631,1.641,1.642,30007
2008-05-16,1.6421999999999999,1.6442999999999999,1.6261999999999999,1.6294,22874
2008-05-19,1.631,1.6359,1.6247,1.6280000000000001,12306
2008-05-20,1.6280999999999999,1.6362999999999999,1.6181,1.6329,21598
2008-05-21,1.6328,1.6412,1.6289,1.6395,20102
2008-05-22,1.6394,1.6463999999999999,1.6341999999999999,1.6434,19872
2008-05-23,1.6435,1.6451,1.6343,1.6429,17305
2008-05-26,1.6428,1.6453,1.6383,1.6421000000000001,10915
2008-05-27,1.6421999999999999,1.6434,1.6339000000000001,1.6348,20785
2008-05-28,1.6349,1.6394,1.623,1.626,19433
2008-05-29,1.6259000000000001,1.6295,1.6183999999999998,1.6233,23047
2008-05-30,1.6229,1.6308,1.619,1.6268,19687
2008-06-02,1.6293,1.6332,1.62,1.626,22530
2008-06-03,1.6261999999999999,1.631,1.6173,1.6221999999999999,22152
2008-06-04,1.6225,1.6282,1.6045,1.6125,23474
2008-06-05,1.6127,1.6276000000000002,1.607,1.6265,24088
2008-06-06,1.6266,1.6396,1.6213,1.6383999999999999,18836
2008-06-09,1.6408,1.6519,1.6375,1.6478000000000002,26637
2008-06-10,1.6477,1.6477,1.6301,1.6337000000000002,28949
2008-06-11,1.6339000000000001,1.6442,1.6327,1.6406,21658
2008-06-12,1.6407,1.6526,1.6375,1.6507,30663
2008-06-13,1.6508,1.6521,1.6331,1.6376,26633
2008-06-16,1.6394,1.6486,1.6362999999999999,1.6446,21496
2008-06-17,1.6444999999999999,1.6505,1.6404999999999998,1.6423,25624
2008-06-18,1.6423999999999999,1.6484,1.6387,1.6407,20455
2008-06-19,1.6409,1.6471,1.6272,1.6316000000000002,20106
2008-06-20,1.6315,1.6389,1.6294,1.6364999999999998,16888
2008-06-23,1.6387,1.6388,1.6280999999999999,1.6297000000000001,20101
2008-06-24,1.6299000000000001,1.6322999999999999,1.6269,1.6272,16657
2008-06-25,1.6275,1.6354,1.6255,1.6333,18097
2008-06-26,1.6332,1.6493,1.6312,1.6488,21808
2008-06-27,1.6489,1.6503999999999999,1.634,1.643,22434
2008-06-30,1.6416,1.6469,1.6347,1.6436,21711
2008-07-01,1.6435,1.6582,1.6414,1.653,25202
2008-07-02,1.6529,1.6581000000000001,1.643,1.6507,25732
2008-07-03,1.6508,1.6537,1.6324999999999998,1.635,22355
2008-07-04,1.6349,1.6360000000000001,1.6261,1.6297000000000001,13685
2008-07-07,1.6301,1.6476,1.6254,1.6444999999999999,23331
2008-07-08,1.6444,1.6508,1.6399,1.6431,22934
2008-07-09,1.643,1.6533,1.6395,1.6465999999999998,26106
2008-07-10,1.6465,1.6473,1.633,1.6413,22627
2008-07-11,1.641,1.6499000000000001,1.6383999999999999,1.6489,23786
2008-07-14,1.645,1.646,1.6331,1.6362999999999999,23134
2008-07-15,1.6364,1.6367,1.6214,1.6258,28056
2008-07-16,1.6257000000000001,1.6303,1.6202,1.6236000000000002,24489
2008-07-17,1.6235,1.634,1.6215000000000002,1.6289,24708
2008-07-18,1.629,1.6335,1.6261999999999999,1.633,18456
2008-07-21,1.6291,1.631,1.6232,1.6301,18301
2008-07-23,1.6244,1.6343999999999999,1.6218,1.6324,26588
2008-07-24,1.6328,1.6400000000000001,1.6278000000000001,1.6355,25205
2008-07-25,1.6354,1.6437,1.6338,1.6421999999999999,25508
2008-07-28,1.6442,1.6473,1.6394,1.6442,19215
2008-07-29,1.6442999999999999,1.6479,1.6353,1.6362,19927
2008-07-30,1.6360999999999999,1.6526999999999998,1.6360999999999999,1.6489,26455
2008-07-31,1.6491,1.6609,1.6481,1.6562999999999999,24354
2008-08-01,1.6562000000000001,1.6745999999999999,1.6555,1.6745,26493
2008-08-04,1.674,1.6766999999999999,1.6686,1.6747999999999998,19877
2008-08-05,1.6745999999999999,1.6921,1.6721,1.6867,28905
2008-08-06,1.6867999999999999,1.6987,1.6841,1.6953,23070
2008-08-07,1.6952,1.6992,1.687,1.6932,26635
2008-08-08,1.6933,1.7045,1.6837,1.688,37511
2008-08-11,1.6851,1.6923,1.6815,1.6884000000000001,34560
2008-08-12,1.6885,1.7127,1.6853,1.7109999999999999,38496
2008-08-13,1.7112,1.7355,1.7021,1.7048,41425
2008-08-14,1.7046000000000001,1.7191,1.6971,1.7012,36352
2008-08-15,1.7013,1.712,1.6895,1.6951,32817
2008-08-18,1.6935,1.6963,1.6825999999999999,1.69,27446
2008-08-19,1.6899,1.6998,1.6883,1.6949,29887
2008-08-20,1.6953,1.6974,1.6864,1.689,20670
2008-08-21,1.6888999999999998,1.704,1.6878,1.6932,27102
2008-08-22,1.6931,1.7075,1.6899,1.7067999999999999,13281
2008-08-25,1.7045,1.71,1.6997,1.7081,20590
2008-08-26,1.708,1.7210999999999999,1.7061,1.7137,34492
2008-08-27,1.714,1.7191,1.7066,1.7138,34092
2008-08-28,1.7139,1.7168,1.6992,1.7045,33314
2008-08-29,1.7046000000000001,1.7144,1.7014,1.7096,27994
2008-09-01,1.7154,1.7218,1.7107,1.718,22328
2008-09-02,1.7181,1.75,1.7074,1.7343,40390
2008-09-03,1.734,1.7530000000000001,1.7233,1.7343,39290
2008-09-04,1.7341,1.7498,1.7233,1.7475,39457
2008-09-05,1.7476,1.7715,1.7368000000000001,1.7481,51888
2008-09-08,1.7256,1.744,1.7202,1.7325,43807
2008-09-09,1.7323,1.7665,1.7301,1.7648000000000001,49587
2008-09-10,1.7650000000000001,1.7669000000000001,1.7393,1.7534,50304
2008-09-11,1.7538,1.7598,1.7323,1.7359,46541
2008-09-12,1.7356,1.7475,1.7237,1.7262,48167
2008-09-15,1.7450999999999999,1.7755,1.7395,1.7711000000000001,60702
2008-09-16,1.7713999999999999,1.8157999999999999,1.7598,1.7711000000000001,64043
2008-09-17,1.7704,1.8255,1.7589000000000001,1.8215,60514
2008-09-18,1.821,1.821,1.7795,1.7819,63105
2008-09-19,1.7816999999999998,1.7869000000000002,1.7309999999999999,1.7344,56520
2008-09-22,1.7319,1.7543,1.7302,1.7537,50675
2008-09-23,1.7536,1.7666,1.7445,1.759,37832
2008-09-24,1.7587000000000002,1.7646,1.7463,1.7528000000000001,40666
2008-09-25,1.7541,1.7604,1.7457,1.7513,44354
2008-09-26,1.7513999999999998,1.7678,1.7484,1.7581,43413
2008-09-29,1.7541,1.8066,1.7401,1.804,48868
2008-09-30,1.8042,1.8114,1.7627000000000002,1.7763,50629
2008-10-01,1.7762,1.7816,1.7616,1.7732999999999999,50236
2008-10-02,1.7732,1.7915999999999999,1.7618,1.7850000000000001,54302
2008-10-03,1.7851,1.7911000000000001,1.7666,1.7787,59747
2008-10-06,1.7666,1.9329,1.7662,1.8978000000000002,72664
2008-10-07,1.8979,1.9319,1.8504,1.9118,73840
2008-10-08,1.9140000000000001,2.1126,1.9033,2.0273,84649
2008-10-09,2.0278,2.0489,1.9186999999999999,1.9771,75355
2008-10-10,1.9771999999999998,2.1013,1.9771999999999998,2.0838,95113
2008-10-13,2.0006,2.0599,1.9392,1.9495,71943
2008-10-14,1.9494,1.9628,1.8988,1.9445000000000001,81624
2008-10-15,1.9445999999999999,2.0708,1.9324,2.0576,81702
2008-10-16,2.0575,2.0638,1.9377,1.9554,88718
2008-10-17,1.9553,1.9955,1.9226,1.946,57047
2008-10-20,1.9373,1.9475,1.8897,1.8951,53882
2008-10-21,1.8952,1.9478,1.8944,1.9308999999999998,57987
2008-10-22,1.931,1.939,1.8975,1.9102000000000001,72251
2008-10-23,1.9102999999999999,1.9699,1.9052,1.9228,102202
2008-10-24,1.9226,2.0729,1.9203000000000001,2.0285,114897
2008-10-27,2.0406,2.0817,2.0176,2.0639,107845
2008-10-28,2.064,2.0692,1.9573,1.9737,107799
2008-10-29,1.9739,1.9969000000000001,1.9043,1.9325,102338
2008-10-30,1.9329,1.9567,1.8893,1.9093,89980
2008-10-31,1.9094,1.9367,1.8997000000000002,1.9053,82101
2008-11-03,1.9021,1.9224,1.8538999999999999,1.8655,68310
2008-11-04,1.8643999999999998,1.9048,1.8487,1.8628,74617
2008-11-05,1.8629,1.9102000000000001,1.8518,1.9094,81815
2008-11-06,1.9087,1.9195,1.859,1.9082,81416
2008-11-07,1.9081000000000001,1.932,1.8778000000000001,1.8860999999999999,65394
2008-11-10,1.8598,1.9141,1.8489,1.8963999999999999,68709
2008-11-11,1.8967,1.9356,1.8877000000000002,1.9073,65824
2008-11-12,1.9061,1.9687000000000001,1.8915,1.9539,79488
2008-11-13,1.9541,1.9663,1.9101,1.9243999999999999,86763
2008-11-14,1.9243000000000001,1.9602,1.9113,1.9426999999999999,77648
2008-11-17,1.9609,1.9636,1.9292,1.9545,74559
2008-11-18,1.9546999999999999,1.9646,1.9278,1.9424000000000001,64644
2008-11-19,1.9419,1.9675,1.9302000000000001,1.9617,59100
2008-11-20,1.9615,2.0563,1.9510999999999998,2.0373,68246
2008-11-21,2.0378,2.0462,1.9883,1.9898,67359
2008-11-24,1.9814,2.02,1.9727000000000001,1.9762,65957
2008-11-25,1.9752999999999998,2.0286,1.9750999999999999,2.0078,69035
2008-11-26,2.0076,2.0152,1.9676,1.983,57180
2008-11-27,1.9828999999999999,1.9922,1.9494,1.9676,34089
2008-11-28,1.9675,1.972,1.9327,1.9376,48600
2008-12-01,1.9466999999999999,1.9811,1.9409999999999998,1.9756,37106
2008-12-02,1.9752999999999998,1.9881,1.9481000000000002,1.9737,37989
2008-12-03,1.9736,1.9807000000000001,1.9527,1.9545,36642
2008-12-04,1.9544000000000001,1.9928,1.9504000000000001,1.9857,36470
2008-12-05,1.9859,2.0114,1.9596,1.9677,35432
2008-12-08,1.9672,1.9679,1.925,1.9456,35799
2008-12-09,1.9457,1.9764,1.9438,1.9634,34564
2008-12-10,1.9637,1.992,1.95,1.9838,33842
2008-12-11,1.9837,1.9933999999999998,1.9585,1.9886,35992
2008-12-12,1.9884,2.0447,1.9826000000000001,2.0118,37942
2008-12-15,2.0209,2.0619,2.01,2.0436,48496
2008-12-16,2.0438,2.0547,2.0127,2.0276,40455
2008-12-17,2.0275,2.0685000000000002,2.0129,2.0415,45514
2008-12-18,2.0418,2.1027,2.0257,2.0753,67413
2008-12-19,2.0758,2.084,2.025,2.0428,68214
2008-12-22,2.0432,2.0589,2.0258,2.0404,36882
2008-12-23,2.0403000000000002,2.0587,2.0351,2.0519,28777
2008-12-24,2.0518,2.0657,2.0428,2.0465,19196
2008-12-26,2.0494,2.0657,2.0414,2.0497,8294
2008-12-29,2.0537,2.0687,2.0286,2.0315,31546
2008-12-30,2.0313,2.051,2.0288,2.0395,28381
2008-12-31,2.0396,2.0487,1.9895,1.9921,20563
2009-01-02,2.0031,2.0096,1.9487,1.9561,17183
2009-01-05,1.944,1.9584000000000001,1.889,1.9082,39799
2009-01-06,1.909,1.9117,1.8604,1.8745,42233
2009-01-07,1.8747,1.9194,1.8639000000000001,1.9152,39838
2009-01-08,1.9151,1.9466999999999999,1.9127999999999998,1.9284,43947
2009-01-09,1.9283000000000001,1.9493,1.9009,1.9125999999999999,60221
2009-01-12,1.9232,1.9704000000000002,1.9143,1.9630999999999998,61586
2009-01-13,1.9628999999999999,2.0033,1.9590999999999998,1.9773,73228
2009-01-14,1.9776,1.9989,1.9529999999999998,1.9946000000000002,66234
2009-01-15,1.9945,2.0054,1.9634,1.9655,73075
2009-01-16,1.9654,1.9933,1.9504000000000001,1.9702,65254
2009-01-19,1.967,1.9725000000000001,1.9487,1.9606,45199
2009-01-20,1.9607,1.9905,1.9414,1.9884,71639
2009-01-21,1.9885000000000002,1.9964,1.9569,1.9683000000000002,76101
2009-01-22,1.9682,1.9942,1.9664000000000001,1.9841,68973
2009-01-23,1.9845000000000002,1.9958,1.96,1.9823,67746
2009-01-26,1.9759,2.0042,1.9665,1.9926,93177
2009-01-27,1.9926,1.9990999999999999,1.9785,1.9862,130606
2009-01-28,1.9864000000000002,1.9955,1.9605000000000001,1.9736,143021
2009-01-29,1.9734,1.9985,1.9701,1.9845000000000002,101710
2009-01-30,1.9847000000000001,2.0187,1.9845000000000002,2.0083,148149
2009-02-02,2.0048,2.0385,2.0024,2.0336,116723
2009-02-03,2.0334,2.0339,1.9888,2.0008,130560
2009-02-04,2.0007,2.0388,1.9739,2.0023,135744
2009-02-05,2.0024,2.0035,1.9527999999999999,1.9624000000000001,131062
2009-02-06,1.9625,1.9729999999999999,1.9016,1.9142000000000001,110944
2009-02-09,1.929,1.9434,1.9060000000000001,1.9151,76577
2009-02-10,1.9153,1.9837,1.9134,1.9684,81100
2009-02-11,1.9687999999999999,1.9886,1.9567,1.9673,64846
2009-02-12,1.9676,1.9864000000000002,1.9521,1.9657,71516
2009-02-13,1.9659,1.9713,1.9388999999999998,1.9581,58015
2009-02-16,1.9603000000000002,1.9739,1.9546999999999999,1.9678,37261
2009-02-17,1.9679,1.9854,1.9567,1.9755,61196
2009-02-18,1.9754,1.9782,1.9607999999999999,1.9647000000000001,57804
2009-02-19,1.9649999999999999,1.971,1.9498,1.9656,51301
2009-02-20,1.9655,1.9985,1.9554,1.9872999999999998,58147
2009-02-23,1.9864000000000002,1.9939,1.9691,1.9788999999999999,49321
2009-02-24,1.9790999999999999,1.9863,1.9637,1.971,58332
2009-02-25,1.9708,1.9792999999999998,1.9597,1.9653,38616
2009-02-26,1.9657,1.9698,1.9485000000000001,1.9658,45703
2009-02-27,1.9657,1.9912999999999998,1.9633,1.9817,52014
2009-03-02,1.9797,1.9987,1.9736,1.9948000000000001,50847
2009-03-03,1.995,1.9958,1.9555,1.9678,51377
2009-03-04,1.9675,1.9827,1.9362,1.9518,51829
2009-03-05,1.9516,1.9739,1.9452,1.9675,51889
2009-03-06,1.9676,1.9901,1.9548999999999999,1.9756,53808
2009-03-09,1.9747,2.0021,1.9710999999999999,1.9895,48667
2009-03-10,1.9893999999999998,1.9921,1.9586999999999999,1.9621,56881
2009-03-11,1.962,1.9779,1.9585,1.9724,55000
2009-03-12,1.9723000000000002,1.9877,1.9656,1.976,63513
2009-03-13,1.9759,1.9785,1.9546000000000001,1.9638,51891
2009-03-16,1.9646,1.9719,1.9594,1.9668999999999999,48536
2009-03-17,1.9667,1.9754,1.9609,1.9668999999999999,51719
2009-03-18,1.967,2.0026,1.9646,1.988,48840
2009-03-19,1.9879,1.9967000000000001,1.974,1.9851999999999999,55778
2009-03-20,1.9847000000000001,1.9899,1.96075,1.9766,55259
2009-03-23,1.9694099999999999,1.9727000000000001,1.92974,1.9379499999999998,65255
2009-03-24,1.93788,1.94005,1.9234499999999999,1.93025,79872
2009-03-25,1.93032,1.95782,1.92683,1.94585,78697
2009-03-26,1.94591,1.94687,1.92178,1.92655,71096
2009-03-27,1.9266,1.94445,1.9128500000000002,1.9136,76977
2009-03-30,1.9159199999999998,1.9462000000000002,1.9159199999999998,1.93685,73602
2009-03-31,1.93678,1.94144,1.90353,1.9157899999999999,81844
2009-04-01,1.91614,1.92656,1.89024,1.89526,77269
2009-04-02,1.8950900000000002,1.8981,1.87088,1.8799299999999999,76330
2009-04-03,1.87992,1.89941,1.86497,1.88545,59370
2009-04-06,1.88721,1.89839,1.87659,1.8806,53916
2009-04-07,1.8806699999999998,1.89386,1.8515899999999998,1.8664,78080
2009-04-08,1.86633,1.8729,1.85934,1.8689200000000001,72101
2009-04-09,1.86907,1.876,1.82684,1.8295400000000002,67830
2009-04-10,1.8295599999999999,1.83249,1.82125,1.8323,22644
2009-04-13,1.82647,1.8361800000000001,1.8194599999999999,1.8247900000000001,43696
2009-04-14,1.8248,1.8409900000000001,1.81734,1.83814,63976
2009-04-15,1.8378700000000001,1.8498999999999999,1.81263,1.81582,74448
2009-04-16,1.81575,1.84085,1.81227,1.82986,67487
2009-04-17,1.8297400000000001,1.8325399999999998,1.80293,1.80458,63846
2009-04-20,1.8028300000000002,1.8582100000000001,1.79907,1.849,62100
2009-04-21,1.8487200000000001,1.85316,1.81558,1.8236400000000001,76901
2009-04-22,1.8235700000000001,1.8459699999999999,1.82245,1.8420299999999998,78867
2009-04-23,1.8419400000000001,1.84683,1.82851,1.83974,79263
2009-04-24,1.8397299999999999,1.8507500000000001,1.8306200000000001,1.83229,76665
2009-04-27,1.83558,1.8537599999999999,1.82775,1.83626,83737
2009-04-28,1.83622,1.86487,1.83542,1.86136,82034
2009-04-29,1.8613499999999998,1.8624,1.8205,1.83084,70322
2009-04-30,1.83097,1.8340100000000001,1.79823,1.82297,36083
2009-05-01,1.82286,1.8275700000000001,1.80998,1.81592,55584
2009-05-04,1.81244,1.81507,1.79981,1.81057,68610
2009-05-05,1.81045,1.8136100000000002,1.7907199999999999,1.79651,81306
2009-05-06,1.79646,1.80541,1.7744900000000001,1.78176,138688
2009-05-07,1.7817699999999999,1.7832599999999998,1.7505899999999999,1.7693400000000001,159983
2009-05-08,1.76935,1.7820200000000002,1.76376,1.77378,138276
2009-05-11,1.77019,1.79256,1.76985,1.79093,115192
2009-05-12,1.7910300000000001,1.79372,1.7783,1.7837100000000001,149830
2009-05-13,1.7837,1.8088600000000001,1.77772,1.80501,147526
2009-05-14,1.80497,1.8143799999999999,1.79157,1.79495,121627
2009-05-15,1.79496,1.80239,1.7899699999999998,1.80103,89682
2009-05-18,1.7969,1.8026499999999999,1.76657,1.77216,85991
2009-05-19,1.7722799999999999,1.77407,1.75389,1.76128,101853
2009-05-20,1.76119,1.7805499999999999,1.75816,1.7796699999999999,104527
2009-05-21,1.77905,1.79288,1.7723900000000001,1.78544,117100
2009-05-22,1.7854299999999999,1.79211,1.7781500000000001,1.78795,110904
2009-05-25,1.7927,1.79877,1.78834,1.79227,50513
2009-05-26,1.79217,1.7999800000000001,1.77348,1.77756,120574
2009-05-27,1.77759,1.7877999999999998,1.76544,1.7818800000000001,125855
2009-05-28,1.78186,1.7867,1.77007,1.77625,130733
2009-05-29,1.7761900000000002,1.7782499999999999,1.76294,1.76714,117972
2009-06-01,1.75983,1.7654999999999998,1.7436099999999999,1.74586,118750
2009-06-02,1.74583,1.7537,1.73672,1.74317,126345
2009-06-03,1.7431299999999998,1.7784900000000001,1.72913,1.76779,140452
2009-06-04,1.7678500000000001,1.78813,1.75715,1.76716,129961
2009-06-05,1.76718,1.77271,1.745,1.76033,117064
2009-06-08,1.75633,1.76979,1.75098,1.76079,112707
2009-06-09,1.7610999999999999,1.76448,1.74879,1.75584,122064
2009-06-10,1.75582,1.7565,1.73357,1.7417099999999999,123799
2009-06-11,1.74183,1.74291,1.71454,1.72091,124600
2009-06-12,1.72082,1.73312,1.71657,1.7248700000000001,109719
2009-06-15,1.72927,1.74136,1.72515,1.73451,119098
2009-06-16,1.73442,1.75053,1.7257500000000001,1.74585,132576
2009-06-17,1.74581,1.76353,1.74004,1.75756,135172
2009-06-18,1.75743,1.75956,1.73153,1.73759,101440
2009-06-19,1.7375699999999998,1.7402600000000001,1.72339,1.7284899999999999,79409
2009-06-22,1.7326700000000002,1.76477,1.73123,1.76027,114149
2009-06-23,1.76032,1.78311,1.75961,1.77156,134237
2009-06-24,1.77152,1.77681,1.73967,1.7482600000000001,120997
2009-06-25,1.7482799999999998,1.75397,1.73963,1.7403,99044
2009-06-26,1.74014,1.74962,1.73813,1.73944,100561
2009-06-29,1.7431100000000002,1.7523300000000002,1.74039,1.7424,92623
2009-06-30,1.7424300000000001,1.7452,1.7313100000000001,1.7419099999999998,107916
2009-07-01,1.74221,1.75336,1.73766,1.74834,94386
2009-07-02,1.74827,1.7656100000000001,1.74674,1.7639200000000002,103771
2009-07-03,1.76376,1.76395,1.74956,1.75369,64617
2009-07-06,1.75543,1.7669700000000002,1.7517399999999999,1.7547000000000001,100340
2009-07-07,1.75476,1.76434,1.7460200000000001,1.7630400000000002,97419
2009-07-08,1.76308,1.7911899999999998,1.7625899999999999,1.7791000000000001,116381
2009-07-09,1.77908,1.79413,1.7763,1.78915,109296
2009-07-10,1.78903,1.7970000000000002,1.78481,1.78906,101779
2009-07-13,1.7894,1.80986,1.78262,1.78331,110136
2009-07-14,1.7833,1.7875999999999999,1.7568000000000001,1.75785,79464
2009-07-15,1.75753,1.76529,1.75196,1.75519,91336
2009-07-16,1.7551700000000001,1.76647,1.75271,1.75546,109013
2009-07-17,1.7555100000000001,1.7660900000000002,1.7548599999999999,1.75722,96451
2009-07-20,1.75815,1.7586,1.73957,1.7434500000000002,101508
2009-07-21,1.74346,1.75089,1.7362600000000001,1.73918,98219
2009-07-22,1.73921,1.7477399999999998,1.73479,1.74045,99486
2009-07-23,1.7406199999999998,1.74391,1.73428,1.7398099999999999,96193
2009-07-24,1.73979,1.7453699999999999,1.73663,1.7375,81880
2009-07-27,1.7381199999999999,1.74061,1.72916,1.7297,88619
2009-07-28,1.72992,1.73393,1.70933,1.7141,99864
2009-07-29,1.71413,1.72879,1.71284,1.7173500000000002,108227
2009-07-30,1.71743,1.72165,1.69825,1.7043,102945
2009-07-31,1.70434,1.7138499999999999,1.7026400000000002,1.7053,95865
2009-08-03,1.70715,1.71544,1.69752,1.71228,98891
2009-08-04,1.7122899999999999,1.71563,1.70021,1.70588,103142
2009-08-05,1.70601,1.71757,1.7045400000000002,1.71383,91341
2009-08-06,1.7137799999999999,1.7153800000000001,1.7043,1.7088999999999999,91672
2009-08-07,1.7088700000000001,1.72016,1.69103,1.69371,81201
2009-08-10,1.7002899999999999,1.7002899999999999,1.68495,1.6880600000000001,72848
2009-08-11,1.68811,1.70859,1.6875499999999999,1.70631,88832
2009-08-12,1.70621,1.72497,1.69764,1.70268,107453
2009-08-13,1.7027299999999999,1.7059600000000001,1.68876,1.69608,96362
2009-08-14,1.6960600000000001,1.71298,1.68648,1.7056,95983
2009-08-17,1.7094399999999998,1.7283300000000001,1.7053099999999999,1.71404,107092
2009-08-18,1.71407,1.71723,1.70747,1.71006,98197
2009-08-19,1.7100300000000002,1.72443,1.70438,1.7144300000000001,105767
2009-08-20,1.71442,1.71827,1.70817,1.7133099999999999,84770
2009-08-21,1.71347,1.72919,1.71065,1.71597,75932
2009-08-24,1.7116500000000001,1.71376,1.70027,1.70675,69572
2009-08-25,1.70678,1.71548,1.7030699999999999,1.7135099999999999,73083
2009-08-26,1.71349,1.72302,1.70722,1.7217,73893
2009-08-27,1.72168,1.7261199999999999,1.70392,1.7101199999999999,76524
2009-08-28,1.71013,1.71279,1.6966999999999999,1.70042,70635
2009-08-31,1.69848,1.71171,1.69381,1.69868,67877
2009-09-01,1.6987,1.7227000000000001,1.6966999999999999,1.7198,79802
2009-09-02,1.7193,1.7225000000000001,1.7056,1.7097,80170
2009-09-03,1.7098,1.7133,1.6955,1.6979,71316
2009-09-04,1.6979,1.6995,1.678,1.6803,65096
2009-09-07,1.6793,1.6842000000000001,1.6714,1.6754,45197
2009-09-08,1.6754,1.6825999999999999,1.6720000000000002,1.6811,72255
2009-09-09,1.681,1.6916,1.6754,1.6877,49836
2009-09-10,1.6878,1.7001,1.6848,1.6882000000000001,21579
2009-09-11,1.6883,1.6928999999999998,1.6842000000000001,1.6871,20635
2009-09-14,1.6928,1.7014,1.6894,1.6963,21408
2009-09-15,1.6962000000000002,1.7029999999999998,1.6945000000000001,1.6981000000000002,21194
2009-09-16,1.6979,1.6989,1.6815,1.6846,20944
2009-09-17,1.6844999999999999,1.6926,1.6801,1.6903000000000001,21118
2009-09-18,1.6902,1.6976,1.6881,1.6954,19878
2009-09-21,1.6965,1.7043,1.6935,1.7014,20520
2009-09-22,1.7013,1.7013,1.6882000000000001,1.6924000000000001,21216
2009-09-23,1.6925,1.697,1.6852,1.6953,23152
2009-09-24,1.6944,1.6978,1.6857,1.6935,24250
2009-09-25,1.6936,1.6997,1.6869,1.692,25298
2009-09-28,1.6961,1.7003,1.6729,1.6747999999999998,25260
2009-09-29,1.6749,1.6760000000000002,1.6638,1.6736,23612
2009-09-30,1.6735,1.674,1.6547,1.6560000000000001,25021
2009-10-01,1.6561,1.6734,1.651,1.6717,24517
2009-10-02,1.6709,1.6913,1.6682000000000001,1.6846999999999999,22879
2009-10-05,1.6854,1.6865999999999999,1.6667,1.6684999999999999,17811
2009-10-06,1.6684,1.6785999999999999,1.6512,1.6526,43769
2009-10-07,1.6526999999999998,1.6562000000000001,1.6449,1.649,20506
2009-10-08,1.6491,1.6498,1.6276000000000002,1.6309,20892
2009-10-09,1.631,1.635,1.6256,1.6298,20604
2009-10-12,1.6278000000000001,1.6351,1.6258,1.6288,15282
2009-10-13,1.629,1.6393,1.6269,1.6339000000000001,19362
2009-10-14,1.6338,1.639,1.6263,1.6306,19260
2009-10-15,1.6307,1.6319,1.6194,1.6226,19447
2009-10-16,1.6225,1.6280000000000001,1.6134,1.626,19507
2009-10-19,1.6278000000000001,1.6299000000000001,1.6088,1.6107,18857
2009-10-20,1.6106,1.6212,1.6078999999999999,1.6165,18849
2009-10-21,1.6166,1.6226,1.6107,1.619,20891
2009-10-22,1.6189,1.6282,1.6158000000000001,1.6216,19009
2009-10-23,1.6217000000000001,1.6298,1.6179000000000001,1.6268,18950
2009-10-26,1.6280000000000001,1.6299000000000001,1.6196000000000002,1.6225,18034
2009-10-27,1.6223999999999998,1.6249,1.6138,1.6156000000000001,20780
2009-10-28,1.6155,1.6419000000000001,1.6098,1.635,24496
2009-10-29,1.6351,1.6419000000000001,1.617,1.6205,20931
2009-10-30,1.6205500000000002,1.63968,1.61886,1.63502,82081
2009-10-31,1.635,1.635,1.635,1.635,1
2009-11-02,1.64395,1.64503,1.627,1.6328,84100
2009-11-03,1.63273,1.6473499999999999,1.62679,1.6300400000000002,84696
2009-11-04,1.6300599999999998,1.6372499999999999,1.62379,1.6350500000000001,78820
2009-11-05,1.63497,1.64119,1.63048,1.63443,77593
2009-11-06,1.63439,1.63441,1.61457,1.6151499999999999,69022
2009-11-09,1.6143999999999998,1.61639,1.60838,1.61096,70192
2009-11-10,1.61087,1.61735,1.60867,1.6104699999999998,72350
2009-11-11,1.61048,1.61513,1.60888,1.6101299999999998,77542
2009-11-12,1.61009,1.61155,1.60175,1.6063399999999999,82442
2009-11-13,1.60639,1.6072899999999999,1.59612,1.59686,68560
2009-11-16,1.5969799999999998,1.6058,1.5947,1.59914,74168
2009-11-17,1.59903,1.60937,1.59665,1.59823,84366
2009-11-18,1.59824,1.61239,1.59668,1.6104500000000002,74384
2009-11-19,1.61044,1.62663,1.6086200000000002,1.62232,83045
2009-11-20,1.62228,1.6352799999999998,1.61985,1.62442,79529
2009-11-23,1.62759,1.62812,1.61582,1.6185800000000001,73202
2009-11-24,1.61856,1.63319,1.6165699999999998,1.6249,75688
2009-11-25,1.62494,1.62716,1.61697,1.6239599999999998,67269
2009-11-26,1.62397,1.64778,1.62352,1.6444800000000002,65235
2009-11-27,1.64451,1.66581,1.64424,1.6533099999999998,81823
2009-11-30,1.64568,1.64968,1.6339700000000001,1.63636,79808
2009-12-01,1.6362999999999999,1.6452900000000001,1.62774,1.6312,70283
2009-12-02,1.6310099999999998,1.63166,1.62275,1.62496,62307
2009-12-03,1.62503,1.63076,1.6207799999999999,1.62989,66749
2009-12-04,1.62985,1.6329500000000001,1.6167500000000001,1.62393,69211
2009-12-07,1.62287,1.63022,1.62004,1.62088,86177
2009-12-08,1.62093,1.6276000000000002,1.61974,1.6261,95391
2009-12-09,1.62615,1.62856,1.61839,1.61944,84093
2009-12-10,1.61951,1.6209500000000001,1.60334,1.60641,70840
2009-12-11,1.60642,1.61208,1.60025,1.60079,63157
2009-12-14,1.60511,1.6148099999999999,1.59674,1.59993,65164
2009-12-15,1.59992,1.60636,1.59859,1.6034000000000002,59600
2009-12-16,1.6035,1.62215,1.60277,1.6137899999999998,67528
2009-12-17,1.61382,1.6216300000000001,1.60965,1.6175199999999998,72252
2009-12-18,1.61744,1.62412,1.6081699999999999,1.61075,66540
2009-12-21,1.6097299999999999,1.62402,1.60759,1.62157,61318
2009-12-22,1.62158,1.62867,1.62019,1.62867,60375
2009-12-23,1.62858,1.6316199999999998,1.62463,1.6304699999999999,49164
2009-12-24,1.63042,1.63141,1.62334,1.62337,30450
2009-12-28,1.62487,1.62639,1.61821,1.62148,35306
2009-12-29,1.62158,1.62161,1.59992,1.60361,52159
2009-12-30,1.60359,1.60856,1.5993,1.60233,51126
2009-12-31,1.6023399999999999,1.60598,1.59259,1.59555,41281
2010-01-04,1.5923,1.5956000000000001,1.57672,1.57937,66468
2010-01-05,1.57972,1.58318,1.5739800000000002,1.57491,68760
2010-01-06,1.57508,1.5763099999999999,1.56426,1.56585,64834
2010-01-07,1.56588,1.56665,1.55775,1.5601099999999999,67313
2010-01-08,1.56006,1.5664099999999999,1.5559699999999999,1.55738,50861
2010-01-11,1.55289,1.56477,1.5522,1.5613700000000001,66222
2010-01-12,1.56128,1.57915,1.55849,1.57277,69556
2010-01-13,1.5727600000000002,1.57654,1.56475,1.57036,67575
2010-01-14,1.56925,1.5747,1.55349,1.55626,63246
2010-01-15,1.55629,1.55941,1.55228,1.5588199999999999,66031
2010-01-18,1.55816,1.5622,1.5502799999999999,1.5542799999999999,51931
2010-01-19,1.55424,1.5590899999999999,1.54284,1.54638,73068
2010-01-20,1.54634,1.5542099999999999,1.54338,1.54807,85435
2010-01-21,1.54799,1.56575,1.54161,1.56127,85531
2010-01-22,1.56121,1.57046,1.5560100000000001,1.56915,81422
2010-01-25,1.56852,1.56859,1.56018,1.5643799999999999,69648
2010-01-26,1.56434,1.5745900000000002,1.56012,1.5647,82124
2010-01-27,1.56466,1.57126,1.557,1.56484,84732
2010-01-28,1.5647,1.56624,1.5495999999999999,1.56114,84323
2010-01-29,1.5613299999999999,1.5689600000000001,1.55751,1.56814,82205
2010-02-01,1.56915,1.58104,1.56088,1.5610300000000001,76030
2010-02-02,1.561,1.58612,1.55874,1.57572,74548
2010-02-03,1.5757400000000001,1.57938,1.57146,1.57579,72948
2010-02-04,1.57586,1.5948600000000002,1.57105,1.58358,76986
2010-02-05,1.58368,1.5861100000000001,1.57307,1.5746799999999999,86155
2010-02-08,1.57281,1.58335,1.57267,1.58138,75280
2010-02-09,1.58145,1.58215,1.5672199999999998,1.56918,83328
2010-02-10,1.56954,1.57386,1.5658699999999999,1.56887,76362
2010-02-11,1.56887,1.56936,1.53363,1.53651,74504
2010-02-12,1.53646,1.54509,1.52702,1.53513,74710
2010-02-15,1.53438,1.53605,1.5275699999999999,1.52816,42983
2010-02-16,1.5282200000000001,1.53081,1.51947,1.52638,72323
2010-02-17,1.52609,1.52904,1.51152,1.51416,70983
2010-02-18,1.51406,1.516,1.5059900000000002,1.51146,76497
2010-02-19,1.5119500000000001,1.51698,1.50888,1.5139200000000002,77303
2010-02-22,1.51214,1.51559,1.50874,1.50973,60521
2010-02-23,1.50976,1.52202,1.50412,1.5152,73067
2010-02-24,1.51522,1.5266199999999999,1.51343,1.51533,70778
2010-02-25,1.5154100000000001,1.53237,1.51111,1.5248,77570
2010-02-26,1.5248300000000001,1.5292,1.51773,1.52215,72582
2010-03-01,1.51766,1.51886,1.49902,1.50473,69766
2010-03-02,1.50468,1.50891,1.49638,1.5057399999999999,75569
2010-03-03,1.50571,1.51359,1.50454,1.51204,73655
2010-03-04,1.51203,1.52003,1.50623,1.51072,68937
2010-03-05,1.51037,1.5106600000000001,1.49439,1.5006,57450
2010-03-08,1.50053,1.50343,1.4965,1.49913,50566
2010-03-09,1.49906,1.50046,1.48495,1.48569,60116
2010-03-10,1.48566,1.49399,1.48058,1.49103,55893
2010-03-11,1.49105,1.49731,1.48843,1.49464,54798
2010-03-12,1.49469,1.5044499999999998,1.49306,1.50386,57785
2010-03-15,1.4999799999999999,1.50407,1.49461,1.49674,64739
2010-03-16,1.49676,1.5054400000000001,1.49298,1.4972400000000001,67705
2010-03-17,1.49741,1.50136,1.4859,1.48759,64302
2010-03-18,1.4874800000000001,1.4893100000000001,1.47619,1.4792100000000001,65497
2010-03-19,1.4792100000000001,1.47987,1.47168,1.47747,64562
2010-03-22,1.47912,1.48495,1.47508,1.47711,63802
2010-03-23,1.47712,1.47869,1.46696,1.46719,67182
2010-03-24,1.46715,1.46954,1.46076,1.46462,72582
2010-03-25,1.46459,1.4656,1.4599199999999999,1.4641600000000001,67075
2010-03-26,1.46421,1.48693,1.46246,1.48278,74444
2010-03-29,1.48942,1.48996,1.46805,1.4690699999999999,66435
2010-03-30,1.46908,1.47162,1.45804,1.46023,63041
2010-03-31,1.4602,1.4769,1.45778,1.47288,75389
2010-04-01,1.47295,1.47686,1.46735,1.47553,65807
2010-04-02,1.47553,1.47743,1.46604,1.46869,30977
2010-04-05,1.46743,1.46894,1.46215,1.46357,34927
2010-04-06,1.4636,1.4660199999999999,1.4417499999999999,1.44356,68081
2010-04-07,1.44353,1.44622,1.43784,1.43842,65217
2010-04-08,1.43848,1.44221,1.43446,1.43833,65835
2010-04-09,1.43832,1.44639,1.4365999999999999,1.44631,61868
2010-04-12,1.45252,1.47034,1.45252,1.46991,68879
2010-04-13,1.4699,1.47174,1.46384,1.4657499999999999,68074
2010-04-14,1.46574,1.46693,1.45613,1.45915,71841
2010-04-15,1.45915,1.46087,1.4500600000000001,1.45279,69518
2010-04-16,1.45276,1.46149,1.44967,1.46059,73716
2010-04-19,1.46304,1.46867,1.4558200000000001,1.45728,71151
2010-04-20,1.45728,1.45916,1.44092,1.44166,65758
2010-04-21,1.44173,1.44611,1.4365700000000001,1.4444,68679
2010-04-22,1.44442,1.44656,1.43189,1.43312,75071
2010-04-23,1.43336,1.4510100000000001,1.42778,1.44194,77127
2010-04-26,1.44117,1.44757,1.4319,1.44355,71323
2010-04-27,1.44361,1.4481,1.43706,1.43799,86823
2010-04-28,1.4381,1.4385,1.4218199999999999,1.42683,97077
2010-04-29,1.42695,1.43094,1.42371,1.42653,79027
2010-04-30,1.42629,1.4413,1.4221300000000001,1.43783,76576
2010-05-03,1.4433500000000001,1.44353,1.42297,1.42328,63364
2010-05-04,1.42324,1.4343,1.42293,1.4264999999999999,83982
2010-05-05,1.42636,1.42784,1.4115,1.4132799999999999,91997
2010-05-06,1.41339,1.43789,1.40556,1.424,107689
2010-05-07,1.42397,1.43771,1.42141,1.43578,117631
2010-05-10,1.4368400000000001,1.44348,1.4143,1.41601,105828
2010-05-11,1.41634,1.42211,1.41097,1.41168,96262
2010-05-12,1.4117,1.42081,1.4092500000000001,1.41122,98606
2010-05-13,1.411,1.41317,1.3929,1.39898,88265
2010-05-14,1.39896,1.40335,1.39279,1.3945,90238
2010-05-17,1.39496,1.4187400000000001,1.39453,1.41236,56872
2010-05-18,1.4123999999999999,1.42105,1.40835,1.41281,110441
2010-05-19,1.4128,1.47231,1.41068,1.46156,177336
2010-05-20,1.4616799999999999,1.54453,1.45893,1.53382,130787
2010-05-21,1.53399,1.54557,1.50467,1.5097800000000001,96563
2010-05-24,1.50884,1.52507,1.48606,1.49645,89491
2010-05-25,1.49685,1.5141499999999999,1.48915,1.4923899999999999,85383
2010-05-26,1.49282,1.49829,1.45994,1.4781,83671
2010-05-27,1.47821,1.48118,1.44737,1.45225,92778
2010-05-28,1.45234,1.4604300000000001,1.4433099999999999,1.44786,86137
2010-05-31,1.45181,1.4632800000000001,1.44715,1.45264,59136
2010-06-01,1.45267,1.47326,1.4496,1.4694,109263
2010-06-02,1.4693800000000001,1.47294,1.4533800000000001,1.4551,92483
2010-06-03,1.45502,1.45691,1.43828,1.44367,84219
2010-06-04,1.44378,1.45713,1.43461,1.45302,82211
2010-06-07,1.4522,1.4736,1.45153,1.47156,98723
2010-06-08,1.47161,1.47302,1.4423599999999999,1.44657,101398
2010-06-09,1.44663,1.45609,1.44296,1.44685,91028
2010-06-10,1.4470399999999999,1.44905,1.4240300000000001,1.42638,101791
2010-06-11,1.4263,1.43563,1.42069,1.42388,111956
2010-06-14,1.42245,1.42741,1.41512,1.42262,79814
2010-06-15,1.42261,1.43307,1.42057,1.42479,123176
2010-06-16,1.42463,1.42968,1.42129,1.42617,74101
2010-06-17,1.42612,1.4363299999999999,1.42413,1.4270399999999999,75261
2010-06-18,1.42703,1.42992,1.41809,1.42023,65117
2010-06-21,1.41096,1.41516,1.40027,1.40606,83124
2010-06-22,1.40611,1.40896,1.3961299999999999,1.4069099999999999,75734
2010-06-23,1.40679,1.41341,1.40022,1.40816,59407
2010-06-24,1.40811,1.42488,1.40332,1.42243,84541
2010-06-25,1.42245,1.43182,1.41336,1.41477,69826
2010-06-28,1.4159,1.41902,1.40555,1.40856,70645
2010-06-29,1.40848,1.439,1.40788,1.4347400000000001,74966
2010-06-30,1.43472,1.45747,1.42853,1.4543300000000001,86805
2010-07-01,1.45439,1.4927000000000001,1.4511,1.47599,88616
2010-07-02,1.47599,1.49407,1.47091,1.49243,78424
2010-07-05,1.49182,1.49718,1.48105,1.4922900000000001,44152
2010-07-06,1.49219,1.50119,1.47369,1.48198,84418
2010-07-07,1.482,1.48702,1.45904,1.46316,81024
2010-07-08,1.4632,1.46471,1.44386,1.4479199999999999,78294
2010-07-09,1.44782,1.45152,1.4383,1.44003,63696
2010-07-12,1.44,1.4449,1.43414,1.43533,62800
2010-07-13,1.4353,1.44589,1.43299,1.44013,132112
2010-07-14,1.4399600000000001,1.44557,1.43609,1.4417,71826
2010-07-15,1.44167,1.47378,1.44131,1.46285,83323
2010-07-16,1.4628700000000001,1.48965,1.46176,1.48761,74750
2010-07-19,1.4883,1.49705,1.48173,1.4896099999999999,70424
2010-07-20,1.48987,1.49215,1.4558,1.45832,78343
2010-07-21,1.45828,1.46373,1.44587,1.45383,74080
2010-07-22,1.45387,1.4607299999999999,1.44105,1.44237,78725
2010-07-23,1.44234,1.4500199999999999,1.43311,1.4408699999999999,77558
2010-07-26,1.4385,1.44488,1.43651,1.43973,69368
2010-07-27,1.4397,1.4438,1.43376,1.44251,70660
2010-07-28,1.4424299999999999,1.4598499999999999,1.43762,1.4574,74266
2010-07-29,1.45742,1.45747,1.4454099999999999,1.45157,72683
2010-07-30,1.45159,1.45453,1.43776,1.44256,72051
2010-08-02,1.44104,1.44573,1.4304000000000001,1.44309,60738
2010-08-03,1.44299,1.45414,1.44098,1.44876,65457
2010-08-04,1.44876,1.45187,1.43374,1.4350399999999999,63430
2010-08-05,1.435,1.44635,1.4337900000000001,1.43994,62147
2010-08-06,1.4399,1.45303,1.4346,1.44565,61568
2010-08-09,1.44593,1.44817,1.44004,1.44333,54913
2010-08-10,1.44361,1.44812,1.4384700000000001,1.44313,71311
2010-08-11,1.44312,1.4468,1.42942,1.43613,80815
2010-08-12,1.43609,1.4417499999999999,1.43031,1.4310100000000001,79044
2010-08-13,1.43105,1.43185,1.42158,1.4279,70689
2010-08-16,1.4283000000000001,1.44067,1.42654,1.42898,70968
2010-08-17,1.42895,1.43188,1.41814,1.42191,73400
2010-08-18,1.4219300000000001,1.43236,1.42044,1.43027,70650
2010-08-19,1.43033,1.43963,1.4221,1.43688,76644
2010-08-20,1.43683,1.44122,1.42103,1.42153,72672
2010-08-23,1.4311,1.43175,1.41417,1.41963,67616
2010-08-24,1.41978,1.4356499999999999,1.4184,1.43121,79776
2010-08-25,1.43121,1.44394,1.4272,1.43006,79279
2010-08-26,1.43007,1.43544,1.42636,1.43451,76264
2010-08-27,1.43456,1.4361,1.41503,1.41914,69938
2010-08-30,1.4154,1.4203999999999999,1.41194,1.42012,57971
2010-08-31,1.4200599999999999,1.43304,1.4126699999999999,1.42132,77115
2010-09-01,1.42139,1.42175,1.40453,1.40517,62288
2010-09-02,1.4052,1.4126699999999999,1.40454,1.40786,52906
2010-09-03,1.40784,1.41353,1.39959,1.40648,45175
2010-09-06,1.40748,1.40911,1.40229,1.40394,35622
2010-09-07,1.40394,1.40397,1.38945,1.39235,57009
2010-09-08,1.39235,1.39367,1.38324,1.38484,71449
2010-09-09,1.3848099999999999,1.38738,1.37168,1.37481,68971
2010-09-10,1.37476,1.37984,1.36753,1.36808,62685
2010-09-13,1.3669,1.37913,1.36564,1.3772199999999999,70193
2010-09-14,1.37703,1.38415,1.37436,1.38286,77453
2010-09-15,1.38288,1.39117,1.3798599999999999,1.38731,80219
2010-09-16,1.38731,1.40079,1.38477,1.39629,72041
2010-09-17,1.39635,1.39712,1.3857,1.3933,71263
2010-09-20,1.3899,1.3928,1.3771,1.38052,51050
2010-09-21,1.38049,1.39041,1.37981,1.38944,75853
2010-09-22,1.38944,1.4043,1.38798,1.40228,60560
2010-09-23,1.40225,1.40987,1.39746,1.40239,77962
2010-09-24,1.40242,1.4081299999999999,1.39892,1.40612,37490
2010-09-27,1.4027,1.40653,1.3972,1.39905,70542
2010-09-28,1.39905,1.40511,1.39731,1.40381,74004
2010-09-29,1.40382,1.40759,1.39913,1.40638,62228
2010-09-30,1.40644,1.41228,1.4022000000000001,1.4108800000000001,83601
2010-10-01,1.41094,1.41879,1.40737,1.4173200000000001,75101
2010-10-04,1.41714,1.42045,1.41257,1.41313,77004
2010-10-05,1.41321,1.43705,1.41071,1.42444,87452
2010-10-06,1.42429,1.42725,1.41646,1.4252099999999999,77376
2010-10-07,1.42514,1.42575,1.41009,1.4173200000000001,81108
2010-10-08,1.41743,1.43207,1.4092,1.4123,67985
2010-10-11,1.4134,1.4183,1.40743,1.41109,37536
2010-10-12,1.41101,1.41737,1.40453,1.411,78118
2010-10-13,1.41107,1.4178899999999999,1.40506,1.41015,72241
2010-10-14,1.41012,1.41919,1.4055,1.41683,71061
2010-10-15,1.41684,1.41879,1.40929,1.4102299999999999,65962
2010-10-18,1.41138,1.41269,1.40624,1.40879,76777
2010-10-19,1.40884,1.42181,1.40493,1.41449,93446
2010-10-20,1.4145699999999999,1.41861,1.41058,1.4148800000000001,88920
2010-10-21,1.41493,1.4268399999999999,1.41187,1.4221300000000001,87264
2010-10-22,1.4221300000000001,1.4227699999999999,1.41641,1.4193799999999999,79054
2010-10-25,1.41635,1.4192,1.4047100000000001,1.40896,83861
2010-10-26,1.40899,1.41166,1.4040599999999999,1.40518,91115
2010-10-27,1.40512,1.42468,1.4043,1.41608,106255
2010-10-28,1.41601,1.426,1.4134,1.42357,103604
2010-10-29,1.42358,1.42668,1.41561,1.41758,84542
2010-11-01,1.4178600000000001,1.41946,1.40455,1.40699,86447
2010-11-02,1.40699,1.40744,1.39253,1.40375,89677
2010-11-03,1.40378,1.4154900000000001,1.40299,1.40585,95103
2010-11-04,1.4059300000000001,1.4104700000000001,1.39706,1.4,96998
2010-11-05,1.39994,1.40297,1.37997,1.38107,89245
2010-11-08,1.38495,1.38581,1.37203,1.3743699999999999,95504
2010-11-09,1.37445,1.37614,1.36757,1.37282,105229
2010-11-10,1.37272,1.37853,1.36737,1.37344,105955
2010-11-11,1.37344,1.37743,1.3667099999999999,1.36975,98515
2010-11-12,1.36968,1.39069,1.36415,1.38993,112379
2010-11-15,1.38581,1.39288,1.37191,1.37846,98977
2010-11-16,1.37849,1.38907,1.37816,1.38107,113659
2010-11-17,1.38098,1.38565,1.37718,1.3791,98222
2010-11-18,1.37907,1.3826399999999999,1.37537,1.37781,94814
2010-11-19,1.37782,1.39282,1.37737,1.38556,89093
2010-11-22,1.38869,1.38913,1.37648,1.3787099999999999,97655
2010-11-23,1.3787,1.38629,1.37185,1.37455,114930
2010-11-24,1.37452,1.37459,1.35583,1.35716,110458
2010-11-25,1.35715,1.36407,1.3556599999999999,1.36279,83784
2010-11-26,1.36294,1.37517,1.36283,1.37226,94421
2010-11-29,1.37189,1.37558,1.36103,1.36235,106313
2010-11-30,1.36232,1.36433,1.35193,1.3535599999999999,114230
2010-12-01,1.35352,1.36131,1.35199,1.3572199999999999,111225
2010-12-02,1.35721,1.36455,1.35145,1.35278,109765
2010-12-03,1.3527,1.35544,1.34844,1.35025,94890
2010-12-06,1.35127,1.35308,1.34201,1.34458,94281
2010-12-07,1.34458,1.34968,1.3415599999999999,1.34955,100820
2010-12-08,1.3495300000000001,1.35507,1.34601,1.35357,102130
2010-12-09,1.35354,1.35476,1.33841,1.34471,94968
2010-12-10,1.34469,1.34634,1.33838,1.34189,77995
2010-12-13,1.34211,1.34696,1.33661,1.34463,79704
2010-12-14,1.34459,1.3502100000000001,1.33813,1.33931,83145
2010-12-15,1.33931,1.3453300000000001,1.33807,1.33952,95309
2010-12-16,1.33958,1.34145,1.33679,1.33776,85353
2010-12-17,1.33741,1.35101,1.33135,1.33432,84295
2010-12-20,1.33317,1.33357,1.31864,1.32078,92157
2010-12-21,1.3207900000000001,1.3241100000000001,1.31073,1.31289,89530
2010-12-22,1.31287,1.3188900000000001,1.30737,1.31063,87067
2010-12-23,1.31063,1.31276,1.30114,1.30743,77575
2010-12-24,1.30739,1.3091300000000001,1.30397,1.30556,36929
2010-12-27,1.30867,1.313,1.30656,1.31024,67656
2010-12-28,1.31024,1.3158400000000001,1.2955,1.29847,81657
2010-12-29,1.29836,1.30076,1.29258,1.299,71699
2010-12-30,1.29905,1.31256,1.29782,1.3069,71627
2010-12-31,1.30691,1.3168,1.30311,1.3072599999999999,58865
2011-01-03,1.30495,1.3149,1.30022,1.3137699999999999,75188
2011-01-04,1.31386,1.3324500000000001,1.31271,1.32327,97626
2011-01-05,1.3232,1.32711,1.31386,1.31532,101763
2011-01-06,1.31542,1.32004,1.30529,1.3070300000000001,90257
2011-01-07,1.3070599999999999,1.31024,1.29416,1.29572,97505
2011-01-10,1.2962,1.30641,1.29288,1.30283,91249
2011-01-11,1.30289,1.3219400000000001,1.30215,1.32092,104147
2011-01-12,1.32095,1.32254,1.30822,1.31807,102426
2011-01-13,1.31808,1.34059,1.31555,1.33599,100460
2011-01-14,1.33603,1.35491,1.33575,1.35361,93708
2011-01-17,1.3498,1.35148,1.33467,1.3365,81575
2011-01-18,1.33654,1.3471,1.3359,1.34017,102364
2011-01-19,1.3402,1.35018,1.33713,1.34822,105147
2011-01-20,1.34824,1.36561,1.34749,1.36446,113548
2011-01-21,1.36449,1.37679,1.36362,1.37569,107491
2011-01-24,1.37645,1.3784,1.36369,1.36771,97369
2011-01-25,1.3676300000000001,1.37794,1.36467,1.37299,109513
2011-01-26,1.37298,1.37659,1.36878,1.37232,99887
2011-01-27,1.37231,1.38587,1.37063,1.38458,104723
2011-01-28,1.38455,1.3874900000000001,1.36834,1.36887,103489
2011-01-31,1.37233,1.37862,1.36773,1.37345,106598
2011-02-01,1.37338,1.37592,1.36137,1.36757,108485
2011-02-02,1.3675899999999999,1.37176,1.3648500000000001,1.36731,96465
2011-02-03,1.36726,1.36737,1.3412899999999999,1.34178,98504
2011-02-04,1.34182,1.34361,1.33033,1.33921,64500
2011-02-07,1.33825,1.34371,1.33181,1.33959,64776
2011-02-08,1.33964,1.3491900000000001,1.33686,1.34324,59643
2011-02-09,1.34287,1.35884,1.3415599999999999,1.3569,60292
2011-02-10,1.3569200000000001,1.36077,1.35278,1.35812,85069
2011-02-11,1.35809,1.36028,1.34995,1.35193,62647
2011-02-14,1.35043,1.35122,1.34121,1.34459,83210
2011-02-15,1.3448,1.35545,1.34369,1.3526,81535
2011-02-16,1.3529900000000001,1.36011,1.34904,1.3526500000000001,85933
2011-02-17,1.35263,1.35494,1.34236,1.34539,71829
2011-02-18,1.34548,1.35062,1.34025,1.34915,73344
2011-02-21,1.3489499999999999,1.35747,1.34784,1.35606,67641
2011-02-22,1.3560400000000001,1.36927,1.35128,1.36635,105101
2011-02-23,1.36635,1.37843,1.36469,1.36986,98211
2011-02-24,1.36987,1.37292,1.36219,1.3661699999999999,99070
2011-02-25,1.36621,1.36785,1.35008,1.35104,84817
2011-02-28,1.35352,1.3651200000000001,1.35157,1.35594,90528
2011-03-01,1.35593,1.36094,1.3544399999999999,1.35972,91781
2011-03-02,1.35976,1.3676300000000001,1.3565,1.36402,84010
2011-03-03,1.36399,1.3797,1.35971,1.3783400000000001,84914
2011-03-04,1.37838,1.38483,1.37579,1.37923,73648
2011-03-07,1.37824,1.38334,1.37615,1.3801,87035
2011-03-08,1.3801,1.3829,1.37457,1.37647,85946
2011-03-09,1.37644,1.37969,1.37188,1.37571,91788
2011-03-10,1.37571,1.38195,1.37521,1.37743,96827
2011-03-11,1.37744,1.38343,1.36744,1.37091,91216
2011-03-14,1.38097,1.38857,1.3768099999999999,1.3848,96453
2011-03-15,1.38476,1.41498,1.38471,1.41194,120147
2011-03-16,1.41197,1.43369,1.4033,1.42111,121817
2011-03-17,1.42117,1.4322599999999999,1.41544,1.4316900000000001,119044
2011-03-18,1.4316900000000001,1.43214,1.41019,1.42156,98645
2011-03-21,1.42385,1.4243299999999999,1.4065699999999999,1.4127399999999999,87654
2011-03-22,1.41275,1.4160599999999999,1.40249,1.40554,82463
2011-03-23,1.4056,1.40683,1.3894,1.3915899999999999,91293
2011-03-24,1.39167,1.39256,1.3859,1.38848,87348
2011-03-25,1.3885100000000001,1.3909,1.37063,1.37225,81227
2011-03-28,1.37047,1.37576,1.36469,1.37436,81188
2011-03-29,1.37438,1.38013,1.36801,1.37118,82307
2011-03-30,1.37118,1.37154,1.36233,1.36832,84438
2011-03-31,1.36834,1.37552,1.36591,1.37161,86323
2011-04-01,1.37158,1.37252,1.36052,1.37006,80266
2011-04-04,1.36917,1.37609,1.36757,1.3713600000000001,76060
2011-04-05,1.37141,1.37754,1.371,1.37716,71182
2011-04-06,1.37721,1.37954,1.37076,1.37263,73535
2011-04-07,1.37259,1.37382,1.35897,1.36625,80389
2011-04-08,1.36626,1.3725800000000001,1.36494,1.37056,75974
2011-04-11,1.36907,1.37561,1.36681,1.3750499999999999,70026
2011-04-12,1.3749799999999999,1.3872499999999999,1.3733,1.38621,88082
2011-04-13,1.38622,1.387,1.37372,1.37508,80315
2011-04-14,1.37513,1.37825,1.37024,1.37419,85352
2011-04-15,1.37419,1.3771,1.36411,1.3648,73990
2011-04-18,1.36523,1.36746,1.35266,1.3548200000000001,86508
2011-04-19,1.3548200000000001,1.36439,1.35433,1.3611900000000001,80232
2011-04-20,1.36117,1.36381,1.35378,1.35686,80526
2011-04-21,1.35686,1.3614600000000001,1.35217,1.35331,82752
2011-04-22,1.3533,1.3578700000000001,1.35301,1.3554599999999999,34858
2011-04-25,1.35318,1.36147,1.35188,1.3589,69678
2011-04-26,1.3589,1.36286,1.35569,1.35713,80892
2011-04-27,1.35711,1.36253,1.3532899999999999,1.36045,90424
2011-04-28,1.36025,1.3615,1.35548,1.35608,89023
2011-04-29,1.35621,1.36172,1.34875,1.34932,67908
2011-05-02,1.35061,1.35733,1.34791,1.35461,78784
2011-05-03,1.35466,1.36808,1.35191,1.36765,89181
2011-05-04,1.36765,1.38216,1.36475,1.38187,94019
2011-05-05,1.38127,1.39262,1.36841,1.37116,99425
2011-05-06,1.37125,1.37204,1.33621,1.3372899999999999,109824
2011-05-09,1.34082,1.34199,1.32707,1.3306499999999999,100042
2011-05-10,1.33064,1.33325,1.32673,1.32864,95365
2011-05-11,1.32863,1.33037,1.32272,1.32616,82860
2011-05-12,1.32613,1.3418700000000001,1.32551,1.33477,82583
2011-05-13,1.33475,1.3400699999999999,1.3319,1.3349,64322
2011-05-16,1.33142,1.3411,1.3311600000000001,1.33878,76918
2011-05-17,1.33873,1.3456299999999999,1.33565,1.33963,74669
2011-05-18,1.3394599999999999,1.34564,1.33898,1.34008,47591
2011-05-19,1.34012,1.34542,1.3357999999999999,1.34142,48430
2011-05-20,1.34124,1.34354,1.32558,1.32715,45483
2011-05-23,1.32681,1.33751,1.32632,1.33612,52500
2011-05-24,1.33622,1.33835,1.3320699999999999,1.3357700000000001,49967
2011-05-25,1.33582,1.3428499999999999,1.33392,1.33757,65922
2011-05-26,1.33752,1.34171,1.3277,1.32931,108825
2011-05-27,1.32917,1.33837,1.32882,1.33748,99625
2011-05-30,1.33491,1.33714,1.3332899999999999,1.3362,71339
2011-05-31,1.33624,1.35158,1.33585,1.3503,87746
2011-06-01,1.35029,1.35125,1.33972,1.3497,96838
2011-06-02,1.34972,1.3605,1.34653,1.35735,89297
2011-06-03,1.3574,1.36717,1.3541400000000001,1.36529,63725
2011-06-06,1.3626800000000001,1.36396,1.35804,1.35849,73322
2011-06-07,1.35846,1.37233,1.35778,1.37004,64930
2011-06-08,1.37004,1.3802400000000001,1.36917,1.37117,66060
2011-06-09,1.37117,1.38354,1.36269,1.3652,59154
2011-06-10,1.36523,1.36839,1.3572,1.36116,57039
2011-06-13,1.3603100000000001,1.3624,1.3559,1.3581699999999999,95131
2011-06-14,1.3581400000000001,1.36067,1.35079,1.35184,89112
2011-06-15,1.35184,1.35232,1.33732,1.34087,88103
2011-06-16,1.34081,1.34702,1.33908,1.34541,111607
2011-06-17,1.34528,1.35004,1.34263,1.34737,98082
2011-06-20,1.34628,1.35511,1.3449900000000001,1.3522,96311
2011-06-21,1.3522,1.3602699999999999,1.35101,1.35816,94827
2011-06-22,1.35826,1.35941,1.35364,1.35582,98141
2011-06-23,1.35586,1.35738,1.35026,1.35371,96909
2011-06-24,1.35369,1.35452,1.3437999999999999,1.35206,91813
2011-06-27,1.35313,1.36848,1.3516599999999999,1.36633,95979
2011-06-28,1.36634,1.36848,1.36189,1.36318,90387
2011-06-29,1.36316,1.36331,1.35039,1.35217,80560
2011-06-30,1.35217,1.35533,1.34691,1.35291,85489
2011-07-01,1.35291,1.35594,1.34449,1.3483399999999999,76578
2011-07-04,1.34867,1.35591,1.34835,1.35304,73684
2011-07-05,1.353,1.35678,1.34707,1.34959,88534
2011-07-06,1.3495599999999999,1.35079,1.33757,1.338,86086
2011-07-07,1.33803,1.33999,1.32402,1.33253,83292
2011-07-08,1.33257,1.33648,1.3221,1.32595,88441
2011-07-11,1.32627,1.3291,1.31385,1.31765,99937
2011-07-12,1.31763,1.3212,1.3122500000000001,1.31859,114045
2011-07-13,1.3186200000000001,1.3207200000000001,1.3106499999999999,1.32054,107335
2011-07-14,1.32071,1.32565,1.31686,1.31898,101023
2011-07-15,1.31897,1.3307,1.31751,1.3288,83929
2011-07-18,1.3269199999999999,1.3319,1.32172,1.32972,111817
2011-07-19,1.32958,1.33045,1.3162,1.319,95608
2011-07-20,1.31903,1.32493,1.31698,1.32285,79367
2011-07-21,1.32285,1.33115,1.32095,1.32984,90504
2011-07-22,1.3298,1.33148,1.32062,1.32202,74033
2011-07-25,1.32678,1.3303,1.3206,1.32494,75426
2011-07-26,1.32484,1.3285,1.31958,1.3242,78888
2011-07-27,1.3242,1.3255,1.30135,1.30293,82355
2011-07-28,1.30293,1.30413,1.29272,1.30115,88639
2011-07-29,1.3011300000000001,1.31293,1.30043,1.3084,85103
2011-08-01,1.30507,1.30802,1.29385,1.29914,83650
2011-08-02,1.29905,1.3170600000000001,1.29624,1.31609,91073
2011-08-03,1.31598,1.3370600000000001,1.31547,1.333,96401
2011-08-04,1.33307,1.34875,1.33127,1.34811,110636
2011-08-05,1.34816,1.36699,1.34408,1.36699,114786
2011-08-08,1.37945,1.3925100000000001,1.3667099999999999,1.38958,129878
2011-08-09,1.38957,1.42578,1.38073,1.3845100000000001,146879
2011-08-10,1.3845399999999999,1.39444,1.3820299999999999,1.3944,122086
2011-08-11,1.39435,1.40129,1.37389,1.37571,129911
2011-08-12,1.37572,1.38335,1.37275,1.37456,104863
2011-08-15,1.37537,1.38191,1.36932,1.37431,96650
2011-08-16,1.37427,1.38144,1.37164,1.3749799999999999,102382
2011-08-17,1.375,1.37639,1.3647,1.3686,92642
2011-08-18,1.3686,1.38185,1.36552,1.3799299999999999,99403
2011-08-19,1.3799000000000001,1.38679,1.37629,1.38282,99512
2011-08-22,1.38349,1.3857599999999999,1.3762699999999999,1.38058,97373
2011-08-23,1.3806,1.38255,1.36992,1.37057,89649
2011-08-24,1.37057,1.37924,1.37053,1.37611,94952
2011-08-25,1.3761,1.38259,1.37153,1.37622,87783
2011-08-26,1.37623,1.3773,1.3608799999999999,1.37036,89955
2011-08-29,1.37002,1.37131,1.35849,1.3599700000000001,83230
2011-08-30,1.3599700000000001,1.36186,1.3480400000000001,1.35183,98977
2011-08-31,1.35183,1.3544800000000001,1.34173,1.3443800000000001,96711
2011-09-01,1.3444099999999999,1.3467,1.3261,1.32976,93642
2011-09-02,1.32976,1.33565,1.32934,1.33378,93047
2011-09-05,1.33412,1.33894,1.33295,1.33728,86688
2011-09-06,1.33725,1.3449,1.32926,1.3342399999999999,99418
2011-09-07,1.3342399999999999,1.33452,1.32049,1.32217,94491
2011-09-08,1.32219,1.3296299999999999,1.30964,1.31034,97832
2011-09-09,1.3103099999999999,1.31429,1.30287,1.30337,94353
2011-09-12,1.3026200000000001,1.32333,1.3020100000000001,1.3192599999999999,118953
2011-09-13,1.31928,1.33015,1.31792,1.32582,105988
2011-09-14,1.32583,1.343,1.32043,1.33933,121194
2011-09-15,1.33925,1.3476,1.33555,1.34298,99106
2011-09-16,1.34297,1.34462,1.32696,1.3308499999999999,96151
2011-09-19,1.32809,1.3426,1.32772,1.3387,106426
2011-09-20,1.33872,1.34024,1.328,1.33425,117299
2011-09-21,1.33423,1.35241,1.3301,1.35114,113907
2011-09-22,1.35111,1.3863699999999999,1.3476,1.38016,133744
2011-09-23,1.38013,1.38789,1.3719000000000001,1.37901,131803
2011-09-26,1.37976,1.39018,1.37131,1.3747099999999999,136689
2011-09-27,1.37469,1.37896,1.36449,1.37109,113478
2011-09-28,1.37106,1.38644,1.36971,1.38644,115088
2011-09-29,1.38649,1.39612,1.38058,1.3899,116187
2011-09-30,1.3899599999999999,1.3918599999999999,1.3777,1.3847,114088
2011-10-03,1.37891,1.38811,1.37543,1.38352,123387
2011-10-04,1.3835600000000001,1.40853,1.38284,1.39623,136344
2011-10-05,1.3961000000000001,1.39749,1.37958,1.38168,124935
2011-10-06,1.3816,1.38557,1.36514,1.37924,115295
2011-10-07,1.37924,1.37989,1.36447,1.36826,111231
2011-10-10,1.37084,1.37148,1.36273,1.36367,103697
2011-10-11,1.3637000000000001,1.37307,1.36353,1.36982,105992
2011-10-12,1.36986,1.3771499999999999,1.3526500000000001,1.35884,110723
2011-10-13,1.3589,1.3593199999999999,1.34596,1.35151,100918
2011-10-14,1.35152,1.35311,1.34091,1.3413599999999999,97047
2011-10-17,1.34378,1.35307,1.33924,1.35059,105465
2011-10-18,1.35059,1.3538000000000001,1.33667,1.33778,113221
2011-10-19,1.3378,1.34599,1.33661,1.3443,109132
2011-10-20,1.34427,1.34884,1.33865,1.34639,110570
2011-10-21,1.3464,1.34937,1.33793,1.3379400000000001,102282
2011-10-24,1.3421699999999999,1.34288,1.32798,1.33036,103884
2011-10-25,1.33039,1.33405,1.32656,1.33284,101045
2011-10-26,1.33286,1.34667,1.33255,1.33595,110155
2011-10-27,1.33593,1.33849,1.31798,1.3235999999999999,113758
2011-10-28,1.3235700000000001,1.32948,1.31995,1.32104,97743
2011-10-31,1.32094,1.33188,1.3112300000000001,1.3143500000000001,112263
2011-11-01,1.3142800000000001,1.32949,1.31071,1.32575,122208
2011-11-02,1.32575,1.33603,1.31938,1.32924,110425
2011-11-03,1.32928,1.33862,1.3170600000000001,1.32779,115602
2011-11-04,1.32781,1.3329900000000001,1.32416,1.32896,103745
2011-11-07,1.32667,1.33368,1.32379,1.3259699999999999,102284
2011-11-08,1.32595,1.33666,1.32578,1.33181,90812
2011-11-09,1.33178,1.33843,1.32999,1.33597,105829
2011-11-10,1.33593,1.34528,1.3321399999999999,1.34017,106287
2011-11-11,1.34018,1.34615,1.3361399999999999,1.33789,86742
2011-11-14,1.33507,1.33905,1.33269,1.33481,104526
2011-11-15,1.3348200000000001,1.33762,1.32796,1.32954,99684
2011-11-16,1.32951,1.3360699999999999,1.32918,1.33538,114940
2011-11-17,1.33539,1.34908,1.3339699999999999,1.3462,115475
2011-11-18,1.34616,1.35297,1.3440699999999999,1.35038,99438
2011-11-21,1.3522,1.37493,1.3522,1.3710499999999999,109032
2011-11-22,1.3710499999999999,1.37463,1.3654899999999999,1.3725100000000001,101694
2011-11-23,1.3725,1.38067,1.37174,1.37767,108258
2011-11-24,1.37765,1.37765,1.36776,1.37183,80594
2011-11-25,1.37183,1.3751,1.35815,1.36263,90751
2011-11-28,1.35663,1.35706,1.34149,1.34422,96746
2011-11-29,1.34422,1.3469,1.32661,1.3277700000000001,95251
2011-11-30,1.32771,1.33545,1.30576,1.30851,98194
2011-12-01,1.30847,1.3228900000000001,1.30823,1.31726,92534
2011-12-02,1.31726,1.31868,1.30661,1.31036,80333
2011-12-05,1.3094299999999999,1.31339,1.30224,1.30483,89444
2011-12-06,1.30484,1.31473,1.30423,1.30862,94485
2011-12-07,1.30863,1.30865,1.3017,1.30343,85850
2011-12-08,1.30346,1.31345,1.2959100000000001,1.31254,92995
2011-12-09,1.3125200000000001,1.32226,1.30736,1.30919,93071
2011-12-12,1.31067,1.31532,1.3070300000000001,1.30846,90603
2011-12-13,1.30847,1.31181,1.2962500000000001,1.30226,92588
2011-12-14,1.30221,1.31171,1.29931,1.31109,100021
2011-12-15,1.31105,1.31615,1.30465,1.31068,87675
2011-12-16,1.31073,1.31117,1.30095,1.30595,82171
2011-12-19,1.30747,1.31508,1.30702,1.31305,95605
2011-12-20,1.31301,1.31325,1.29714,1.29929,95143
2011-12-21,1.2993700000000001,1.29972,1.28625,1.29253,92370
2011-12-22,1.29257,1.29545,1.28507,1.28826,75364
2011-12-23,1.2882500000000001,1.28919,1.28335,1.2836699999999999,56101
2011-12-26,1.2841,1.28684,1.28265,1.28373,16500
2011-12-27,1.28366,1.28822,1.28288,1.28763,50650
2011-12-28,1.28758,1.288,1.27706,1.2824200000000001,62969
2011-12-29,1.2824200000000001,1.2837,1.27541,1.27753,73922
2011-12-30,1.2775,1.27772,1.26294,1.26755,70720
2012-01-02,1.26589,1.26857,1.2613400000000001,1.26235,37200
2012-01-03,1.26235,1.26275,1.2565,1.25874,74009
2012-01-04,1.25876,1.26159,1.24719,1.24897,77488
2012-01-05,1.24899,1.2544,1.24424,1.24708,84985
2012-01-06,1.2471,1.2505600000000001,1.24173,1.24307,77098
2012-01-09,1.24355,1.25019,1.24216,1.24658,83758
2012-01-10,1.24659,1.24672,1.23597,1.23872,79746
2012-01-11,1.23877,1.24026,1.23111,1.23289,74174
2012-01-12,1.23292,1.24383,1.22962,1.23991,76803
2012-01-13,1.23994,1.24429,1.2261,1.22722,82073
2012-01-16,1.2273100000000001,1.23234,1.22597,1.22732,65795
2012-01-17,1.2273100000000001,1.22896,1.22251,1.22769,75983
2012-01-18,1.22772,1.23716,1.22634,1.23364,84513
2012-01-19,1.23365,1.24499,1.23312,1.24418,79404
2012-01-20,1.24417,1.24601,1.23257,1.23283,72877
2012-01-23,1.22988,1.2377799999999999,1.2278,1.2362,75279
2012-01-24,1.23621,1.24521,1.23564,1.24242,67408
2012-01-25,1.24243,1.2473,1.23442,1.23635,80654
2012-01-26,1.23636,1.23736,1.23103,1.23295,68260
2012-01-27,1.23297,1.24255,1.22915,1.23994,76633
2012-01-30,1.24237,1.24746,1.23765,1.24016,83834
2012-01-31,1.24015,1.24151,1.23085,1.23126,79682
2012-02-01,1.23125,1.2336,1.22715,1.22899,76724
2012-02-02,1.229,1.22971,1.22312,1.22753,72045
2012-02-03,1.22754,1.23161,1.21661,1.22107,74076
2012-02-06,1.21917,1.2245300000000001,1.21792,1.22398,78894
2012-02-07,1.22399,1.2281900000000001,1.21314,1.2269700000000001,81572
2012-02-08,1.22698,1.22983,1.22292,1.2282,77873
2012-02-09,1.2281900000000001,1.23186,1.22624,1.23112,80215
2012-02-10,1.2311,1.24171,1.23109,1.23604,85362
2012-02-13,1.23583,1.23654,1.2276799999999999,1.22836,81218
2012-02-14,1.22838,1.23302,1.22686,1.22774,85175
2012-02-15,1.22775,1.22862,1.21742,1.2214,89758
2012-02-16,1.22139,1.2223600000000001,1.21446,1.2208700000000001,83200
2012-02-17,1.22088,1.23018,1.21603,1.22759,74367
2012-02-20,1.22526,1.23302,1.22279,1.23236,70765
2012-02-21,1.23237,1.24258,1.23029,1.24234,90034
2012-02-22,1.24235,1.24712,1.23884,1.246,80620
2012-02-23,1.24602,1.24962,1.24087,1.24556,74756
2012-02-24,1.24555,1.25885,1.24352,1.25708,69923
2012-02-27,1.25635,1.26141,1.24259,1.24587,82061
2012-02-28,1.24588,1.25223,1.24467,1.24909,77813
2012-02-29,1.24908,1.24928,1.23692,1.24075,86333
2012-03-01,1.24076,1.24246,1.2307,1.23145,79046
2012-03-02,1.23148,1.23419,1.22595,1.22935,68015
2012-03-05,1.22969,1.24067,1.22861,1.2383899999999999,78306
2012-03-06,1.23841,1.24513,1.23665,1.24309,77120
2012-03-07,1.24308,1.24818,1.24074,1.24231,71045
2012-03-08,1.24232,1.25173,1.23879,1.24648,73627
2012-03-09,1.24647,1.24859,1.23478,1.24037,73672
2012-03-12,1.2405599999999999,1.25441,1.24053,1.25012,73969
2012-03-13,1.25013,1.2515399999999999,1.2389999999999999,1.23938,79164
2012-03-14,1.23939,1.24839,1.2384,1.24738,76178
2012-03-15,1.24737,1.24823,1.23975,1.24262,79253
2012-03-16,1.24261,1.24528,1.23887,1.2437,64446
2012-03-19,1.24254,1.24938,1.24033,1.2475,67466
2012-03-20,1.24752,1.26303,1.24593,1.26179,75539
2012-03-21,1.2618,1.26854,1.26079,1.26364,70809
2012-03-22,1.26363,1.27385,1.2628,1.26907,80155
2012-03-23,1.26908,1.27528,1.26506,1.26762,71338
2012-03-26,1.26712,1.27014,1.2622,1.26664,76364
2012-03-27,1.26664,1.27356,1.266,1.27345,66087
2012-03-28,1.27346,1.2840500000000001,1.27267,1.28109,84777
2012-03-29,1.28111,1.28668,1.27973,1.28103,76450
2012-03-30,1.28105,1.28921,1.2805,1.28905,75809
2012-04-02,1.27855,1.28633,1.27576,1.27897,78116
2012-04-03,1.27896,1.28738,1.27428,1.28092,83536
2012-04-04,1.28094,1.28662,1.27692,1.27981,86778
2012-04-05,1.27982,1.2811,1.2658,1.26748,76589
2012-04-06,1.2674400000000001,1.27404,1.26455,1.26892,47653
2012-04-09,1.27111,1.2724199999999999,1.26642,1.27118,54037
2012-04-10,1.27116,1.27613,1.26878,1.2753,83225
2012-04-11,1.27528,1.27798,1.27042,1.27189,80128
2012-04-12,1.27188,1.27259,1.26104,1.26284,80822
2012-04-13,1.2628300000000001,1.26848,1.25877,1.2603,77274
2012-04-16,1.2607,1.2687300000000001,1.25698,1.26768,81781
2012-04-17,1.26767,1.27161,1.25989,1.26226,74388
2012-04-18,1.26224,1.26738,1.25983,1.26613,74193
2012-04-19,1.26613,1.27279,1.26331,1.27051,78224
2012-04-20,1.2705199999999999,1.27633,1.2701,1.2730299999999999,69546
2012-04-23,1.27127,1.2781500000000001,1.27119,1.2747899999999999,71876
2012-04-24,1.27485,1.28336,1.27348,1.27792,74205
2012-04-25,1.27795,1.2800099999999999,1.27409,1.27532,73033
2012-04-26,1.27534,1.2771,1.27099,1.27204,71836
2012-04-27,1.27203,1.27289,1.2644199999999999,1.26499,72147
2012-04-30,1.26587,1.27136,1.26464,1.26945,63385
2012-05-01,1.26944,1.28653,1.2692,1.28077,57991
2012-05-02,1.28076,1.28125,1.27115,1.27366,69460
2012-05-03,1.27367,1.28328,1.2733400000000001,1.28076,68313
2012-05-04,1.28077,1.2918,1.27986,1.28433,68022
2012-05-07,1.28244,1.28328,1.27698,1.27918,78569
2012-05-08,1.27922,1.28748,1.2778,1.28542,77845
2012-05-09,1.28541,1.2901500000000001,1.28487,1.28763,86608
2012-05-10,1.28761,1.28773,1.27809,1.28521,84819
2012-05-11,1.28524,1.2898,1.28271,1.28875,80026
2012-05-14,1.2871000000000001,1.29132,1.2843,1.28776,80441
2012-05-15,1.28777,1.28813,1.27817,1.28098,81362
2012-05-16,1.28097,1.2854999999999999,1.27841,1.28247,89216
2012-05-17,1.28246,1.2840500000000001,1.27704,1.28205,86431
2012-05-18,1.28204,1.3026,1.2818800000000001,1.29751,92231
2012-05-21,1.29746,1.30049,1.29153,1.29161,84601
2012-05-22,1.29166,1.29556,1.28799,1.29425,84016
2012-05-23,1.29423,1.29888,1.2879399999999999,1.28997,94646
2012-05-24,1.28996,1.29131,1.2825199999999999,1.28318,94737
2012-05-25,1.28319,1.28714,1.27932,1.28221,81337
2012-05-28,1.28177,1.28253,1.27184,1.27227,67571
2012-05-29,1.27226,1.2762,1.26806,1.26919,86814
2012-05-30,1.2692,1.2763,1.26818,1.27313,92518
2012-05-31,1.27312,1.2774,1.2664,1.27036,95415
2012-06-01,1.27035,1.284,1.27014,1.28105,99241
2012-06-04,1.28115,1.28701,1.27915,1.2852299999999999,85873
2012-06-05,1.28524,1.2868,1.27385,1.2772700000000001,89276
2012-06-06,1.27726,1.27762,1.26156,1.26765,94549
2012-06-07,1.26766,1.27054,1.25945,1.26962,92060
2012-06-08,1.2696,1.27164,1.2583,1.2616,91541
2012-06-11,1.26593,1.26776,1.2586,1.26437,86784
2012-06-12,1.26436,1.26494,1.25464,1.25598,89599
2012-06-13,1.25597,1.26468,1.25458,1.26304,87236
2012-06-14,1.26306,1.2652999999999999,1.25898,1.25976,86187
2012-06-15,1.25977,1.2619799999999999,1.2517,1.25172,79157
2012-06-18,1.25719,1.25922,1.23954,1.24228,90905
2012-06-19,1.2423,1.24799,1.24044,1.24441,82815
2012-06-20,1.2444,1.24874,1.24347,1.24643,84310
2012-06-21,1.24644,1.25082,1.24285,1.24773,90600
2012-06-22,1.24774,1.2524899999999999,1.24617,1.24839,79402
2012-06-25,1.24887,1.25147,1.24665,1.24879,76201
2012-06-26,1.24877,1.24943,1.23916,1.24138,78046
2012-06-27,1.24137,1.24341,1.23589,1.23642,73171
2012-06-28,1.23641,1.24154,1.23252,1.2386,83630
2012-06-29,1.23859,1.24349,1.23342,1.23657,93245
2012-07-02,1.23452,1.23601,1.22581,1.22677,76548
2012-07-03,1.2268,1.22939,1.22424,1.22564,68280
2012-07-04,1.22569,1.22572,1.21673,1.21859,62031
2012-07-05,1.21862,1.22245,1.202,1.20388,76297
2012-07-06,1.2039,1.20835,1.20057,1.20235,73712
2012-07-09,1.20444,1.20951,1.20076,1.20597,70819
2012-07-10,1.20598,1.20907,1.19858,1.20164,73120
2012-07-11,1.20163,1.20331,1.19319,1.19358,73299
2012-07-12,1.19357,1.20589,1.19325,1.20313,77421
2012-07-13,1.2031399999999999,1.20441,1.19581,1.19741,71724
2012-07-16,1.1955,1.19907,1.19229,1.19733,63653
2012-07-17,1.19734,1.19808,1.18907,1.19231,73881
2012-07-18,1.19234,1.19355,1.1832799999999999,1.18456,73186
2012-07-19,1.18458,1.18512,1.17412,1.17763,75052
2012-07-20,1.17765,1.17875,1.17029,1.17105,70530
2012-07-23,1.16976,1.18222,1.16947,1.18079,81219
2012-07-24,1.1808,1.1811099999999999,1.17352,1.17919,80663
2012-07-25,1.1792,1.18456,1.17611,1.17787,81500
2012-07-26,1.17786,1.1842,1.17381,1.18072,81190
2012-07-27,1.1807400000000001,1.18541,1.17304,1.1745700000000001,80526
2012-07-30,1.1739600000000001,1.17629,1.16507,1.16771,67151
2012-07-31,1.1677,1.17202,1.16436,1.17191,74073
2012-08-01,1.1719,1.17325,1.16772,1.16876,72656
2012-08-02,1.16875,1.17217,1.16034,1.16448,82018
2012-08-03,1.1644700000000001,1.17325,1.16088,1.17156,73905
2012-08-06,1.17187,1.17714,1.17035,1.17317,67038
2012-08-07,1.17316,1.17675,1.16953,1.17387,66487
2012-08-08,1.17388,1.17577,1.16781,1.16919,67208
2012-08-09,1.16921,1.17187,1.16096,1.16318,68550
2012-08-10,1.16317,1.16895,1.16114,1.16145,63907
2012-08-13,1.16357,1.17531,1.16232,1.17225,62615
2012-08-14,1.1722299999999999,1.17661,1.17165,1.17415,64276
2012-08-15,1.17414,1.1789,1.16784,1.16959,59322
2012-08-16,1.1696,1.17782,1.16872,1.17492,62879
2012-08-17,1.17493,1.18476,1.17352,1.18315,62974
2012-08-20,1.1828,1.18367,1.17739,1.18195,59470
2012-08-21,1.18194,1.19002,1.17757,1.1890100000000001,65707
2012-08-22,1.18902,1.19562,1.18891,1.19188,71260
2012-08-23,1.19187,1.20339,1.18987,1.20291,71180
2012-08-24,1.20292,1.20683,1.20098,1.20214,68002
2012-08-27,1.20045,1.20664,1.20001,1.20576,53339
2012-08-28,1.20575,1.21212,1.20289,1.21185,63683
2012-08-29,1.21184,1.21292,1.20691,1.21094,58342
2012-08-30,1.21096,1.21593,1.21064,1.21454,62623
2012-08-31,1.2145299999999999,1.22282,1.21285,1.21793,68425
2012-09-03,1.22192,1.23061,1.22093,1.22843,54192
2012-09-04,1.22841,1.2327,1.226,1.22868,66794
2012-09-05,1.22866,1.23882,1.22603,1.2359,73544
2012-09-06,1.23593,1.23764,1.22546,1.22814,73104
2012-09-07,1.22815,1.23387,1.22303,1.23335,71443
2012-09-10,1.23468,1.23626,1.23135,1.23414,63034
2012-09-11,1.23417,1.23786,1.22807,1.23191,70044
2012-09-12,1.23193,1.23389,1.22572,1.23238,74460
2012-09-13,1.23239,1.23771,1.22901,1.23112,74760
2012-09-14,1.23111,1.24489,1.2291,1.2439,80543
2012-09-17,1.24342,1.25357,1.2428,1.25184,68913
2012-09-18,1.2518500000000001,1.25502,1.24695,1.24741,73095
2012-09-19,1.24739,1.25162,1.24389,1.24511,67474
2012-09-20,1.24509,1.25085,1.24069,1.24268,77451
2012-09-21,1.2427,1.24344,1.2353399999999999,1.24073,72282
2012-09-24,1.24158,1.24429,1.23844,1.23971,65126
2012-09-25,1.2397,1.24294,1.23639,1.24207,72147
2012-09-26,1.24206,1.24565,1.23979,1.24072,74171
2012-09-27,1.24074,1.24169,1.23268,1.2358,74432
2012-09-28,1.23581,1.24206,1.23501,1.23869,73910
2012-10-01,1.2395100000000001,1.24513,1.23623,1.24391,71750
2012-10-02,1.2438500000000001,1.25986,1.2426300000000001,1.25819,75237
2012-10-03,1.2582,1.26627,1.25784,1.26278,69776
2012-10-04,1.26275,1.27161,1.26203,1.27014,75044
2012-10-05,1.2701500000000001,1.282,1.26663,1.27931,66405
2012-10-08,1.28083,1.28083,1.26921,1.2718099999999999,62973
2012-10-09,1.2718,1.27195,1.25991,1.26172,70884
2012-10-10,1.2617,1.26219,1.25586,1.25706,73578
2012-10-11,1.25713,1.26044,1.25053,1.25923,70601
2012-10-12,1.25921,1.26772,1.25746,1.26512,64033
2012-10-15,1.26372,1.26701,1.26136,1.26241,66376
2012-10-16,1.26248,1.2726899999999999,1.2617,1.27082,67439
2012-10-17,1.27068,1.27274,1.26251,1.26392,69600
2012-10-18,1.26394,1.26465,1.25892,1.26007,69888
2012-10-19,1.26011,1.26239,1.2579500000000001,1.25994,64056
2012-10-22,1.2618,1.26672,1.26131,1.26459,67485
2012-10-23,1.2646,1.267,1.2617099999999999,1.26437,69739
2012-10-24,1.26436,1.26453,1.25017,1.25292,71705
2012-10-25,1.25293,1.25391,1.24825,1.2493,63675
2012-10-26,1.24931,1.2547,1.24547,1.24693,64256
2012-10-29,1.24876,1.24938,1.2448299999999999,1.24921,44352
2012-10-30,1.24918,1.2518799999999999,1.2451,1.2500499999999999,47954
2012-10-31,1.25011,1.25322,1.24706,1.24918,81394
2012-11-01,1.24919,1.2506,1.24218,1.2428,95176
2012-11-02,1.24282,1.24411,1.23572,1.24112,92672
2012-11-05,1.23944,1.24049,1.23252,1.23339,91454
2012-11-06,1.2334,1.23357,1.22407,1.22786,95737
2012-11-07,1.22787,1.23149,1.22146,1.22715,113533
2012-11-08,1.22711,1.22715,1.21936,1.22485,100728
2012-11-09,1.22484,1.22649,1.22211,1.22334,100291
2012-11-12,1.22357,1.22494,1.2171,1.2183,83758
2012-11-13,1.21833,1.22111,1.21572,1.21716,97059
2012-11-14,1.21721,1.2288000000000001,1.21571,1.22828,99117
2012-11-15,1.2282899999999999,1.23966,1.2261199999999999,1.23672,104249
2012-11-16,1.23669,1.23762,1.23052,1.23196,99129
2012-11-19,1.2308,1.23162,1.22627,1.22735,91929
2012-11-20,1.2273399999999999,1.23553,1.22552,1.23355,97113
2012-11-21,1.23348,1.23987,1.22999,1.23691,99764
2012-11-22,1.23692,1.24248,1.2353,1.23982,86007
2012-11-23,1.23981,1.24201,1.23758,1.2396,87383
2012-11-26,1.24018,1.24174,1.23819,1.24102,94528
2012-11-27,1.24103,1.24151,1.23465,1.2383,100580
2012-11-28,1.23831,1.23905,1.23331,1.23553,103689
2012-11-29,1.23556,1.2453400000000001,1.2355,1.24371,74920
2012-11-30,1.24375,1.24904,1.24329,1.24486,97251
2012-12-03,1.24593,1.25426,1.24556,1.25251,89805
2012-12-04,1.25257,1.25293,1.24705,1.2505899999999999,93345
2012-12-05,1.2506,1.25277,1.24708,1.25008,66745
2012-12-06,1.25009,1.25164,1.2345,1.2370700000000001,91019
2012-12-07,1.23708,1.23787,1.22998,1.23212,82602
2012-12-10,1.22992,1.23395,1.22932,1.23365,79470
2012-12-11,1.23364,1.23859,1.23309,1.23427,81803
2012-12-12,1.23429,1.23902,1.23303,1.23853,84937
2012-12-13,1.23854,1.24378,1.23684,1.24185,84481
2012-12-14,1.24187,1.24609,1.24003,1.24529,86270
2012-12-17,1.2476099999999999,1.24998,1.24637,1.24755,87725
2012-12-18,1.24754,1.25688,1.24693,1.25681,87855
2012-12-19,1.25682,1.26786,1.25641,1.25955,94058
2012-12-20,1.25956,1.26806,1.25882,1.2638,90950
2012-12-21,1.2638099999999999,1.26974,1.2616,1.26702,92644
2012-12-24,1.26635,1.2735,1.2656800000000001,1.27197,56804
2012-12-26,1.27186,1.2781500000000001,1.27176,1.27424,53725
2012-12-27,1.2742499999999999,1.28046,1.27392,1.2765,85202
2012-12-28,1.27643,1.27777,1.26741,1.27379,75347
2012-12-31,1.27352,1.27509,1.26809,1.2707,60724
2013-01-01,1.26902,1.27221,1.26888,1.27202,901
2013-01-02,1.27207,1.27243,1.25428,1.25542,98860
2013-01-03,1.25541,1.25652,1.2441200000000001,1.24608,88521
2013-01-04,1.24609,1.25143,1.24502,1.24642,89721
2013-01-07,1.24413,1.25064,1.2404600000000001,1.2488299999999999,89176
2013-01-08,1.24884,1.25257,1.244,1.24494,89388
2013-01-09,1.24493,1.24627,1.23823,1.24197,89160
2013-01-10,1.24198,1.25279,1.23551,1.25211,95258
2013-01-11,1.2521,1.26738,1.25144,1.26592,90600
2013-01-14,1.26865,1.27062,1.26219,1.2665199999999999,91261
2013-01-15,1.26641,1.26943,1.25685,1.25882,98464
2013-01-16,1.25876,1.26205,1.25564,1.25776,96114
2013-01-17,1.25775,1.27163,1.25728,1.26823,102713
2013-01-18,1.26818,1.27368,1.26483,1.2668,97214
2013-01-21,1.26737,1.26783,1.26368,1.26631,77766
2013-01-22,1.26632,1.2680799999999999,1.25668,1.26109,95861
2013-01-23,1.26108,1.26489,1.25841,1.26306,91590
2013-01-24,1.26307,1.28041,1.26183,1.27954,99624
2013-01-25,1.27952,1.29394,1.27743,1.29083,97778
2013-01-28,1.29223,1.29568,1.2889300000000001,1.29168,93231
2013-01-29,1.29165,1.29165,1.28354,1.28815,97740
2013-01-30,1.28817,1.30436,1.28699,1.30228,97650
2013-01-31,1.30231,1.30704,1.2987600000000001,1.30202,98157
2013-02-01,1.30205,1.31888,1.30156,1.3103799999999999,103907
2013-02-04,1.30989,1.31045,1.29314,1.29373,93789
2013-02-05,1.2937400000000001,1.30851,1.2902,1.3073000000000001,101525
2013-02-06,1.30731,1.31522,1.30536,1.31081,101489
2013-02-07,1.31082,1.31566,1.29577,1.3017699999999999,102842
2013-02-08,1.30179,1.30495,1.29309,1.29424,93468
2013-02-11,1.2967,1.3072300000000001,1.2942,1.30583,91100
2013-02-12,1.3058,1.31433,1.30325,1.3042,97982
2013-02-13,1.30415,1.30884,1.29649,1.298,93531
2013-02-14,1.29799,1.29982,1.2854,1.28848,94585
2013-02-15,1.28847,1.2981,1.28464,1.29589,92473
2013-02-18,1.29809,1.29932,1.29336,1.2956699999999999,77871
2013-02-19,1.29568,1.29592,1.2879800000000001,1.29243,86734
2013-02-20,1.29241,1.30168,1.2922,1.2947600000000001,97581
2013-02-21,1.29477,1.2968,1.27896,1.28158,100550
2013-02-22,1.28155,1.28501,1.2741799999999999,1.27777,90400
2013-02-25,1.28102,1.29127,1.26734,1.27197,107826
2013-02-26,1.2719,1.28083,1.26915,1.2775,112192
2013-02-27,1.27756,1.28734,1.27593,1.2849300000000001,105221
2013-02-28,1.28492,1.28845,1.27616,1.27808,99193
2013-03-01,1.27809,1.28049,1.27097,1.27564,96133
2013-03-04,1.27579,1.2861799999999999,1.27535,1.27752,12370
2013-03-05,1.27755,1.2778399999999999,1.27107,1.27167,14047
2013-03-06,1.27166,1.27196,1.26512,1.26877,29439
2013-03-07,1.26877,1.27765,1.2668599999999999,1.27582,54485
2013-03-08,1.27582,1.27938,1.26582,1.27009,41265
2013-03-11,1.27272,1.27321,1.26666,1.26868,40164
2013-03-12,1.26864,1.26865,1.26068,1.26282,52388
2013-03-13,1.26279,1.26518,1.2548599999999999,1.25916,53968
2013-03-14,1.25915,1.25941,1.24697,1.25389,59877
2013-03-15,1.25387,1.2622499999999999,1.25282,1.25598,52468
2013-03-18,1.24588,1.25076,1.24264,1.24532,61146
2013-03-19,1.24528,1.24915,1.23958,1.24,64077
2013-03-20,1.24002,1.2490700000000001,1.23983,1.24687,61821
2013-03-21,1.24689,1.2483,1.23413,1.2361,65380
2013-03-22,1.23612,1.24623,1.23474,1.24325,54221
2013-03-25,1.24173,1.24948,1.22756,1.2288000000000001,64570
2013-03-26,1.22882,1.23144,1.22319,1.22718,56930
2013-03-27,1.22717,1.22827,1.22208,1.22347,56644
2013-03-28,1.22347,1.23308,1.22239,1.23052,55334
2013-03-29,1.23053,1.23283,1.22729,1.22953,26109
2013-04-01,1.23008,1.23434,1.22845,1.2318,29618
2013-04-02,1.23183,1.23287,1.22471,1.22649,49128
2013-04-03,1.22647,1.22901,1.22188,1.22806,47061
2013-04-04,1.2281,1.24209,1.22353,1.2399499999999999,58982
2013-04-05,1.23992,1.25636,1.23719,1.25077,58004
2013-04-08,1.25278,1.25536,1.24837,1.24982,53558
2013-04-09,1.24982,1.25346,1.2432,1.2469999999999999,58550
2013-04-10,1.2469999999999999,1.24859,1.23813,1.2395100000000001,52692
2013-04-11,1.23952,1.2447,1.2365,1.24336,55616
2013-04-12,1.24331,1.24912,1.23866,1.24735,54092
2013-04-15,1.24799,1.2668300000000001,1.24494,1.26461,71967
2013-04-16,1.26463,1.27163,1.25938,1.26879,74964
2013-04-17,1.26881,1.27386,1.26223,1.2643900000000001,72639
2013-04-18,1.2644199999999999,1.27092,1.26202,1.26632,69437
2013-04-19,1.26633,1.27283,1.2619799999999999,1.26974,60641
2013-04-22,1.27172,1.27325,1.2684199999999999,1.27157,54702
2013-04-23,1.27153,1.27749,1.26521,1.26563,60113
2013-04-24,1.26556,1.27003,1.26223,1.2656100000000001,60143
2013-04-25,1.26556,1.26785,1.25992,1.26362,59722
2013-04-26,1.26362,1.26863,1.26095,1.26674,59126
2013-04-29,1.2689599999999999,1.26947,1.26414,1.26562,49810
2013-04-30,1.26562,1.27362,1.26112,1.2699,55766
2013-05-01,1.2699500000000001,1.2846899999999999,1.268,1.2824200000000001,53009
2013-05-02,1.28243,1.28877,1.27231,1.2745199999999999,62041
2013-05-03,1.2744900000000001,1.28198,1.26892,1.27087,51810
2013-05-06,1.27253,1.28139,1.27231,1.2749,41917
2013-05-07,1.27491,1.29098,1.27491,1.28409,55019
2013-05-08,1.28409,1.29466,1.28366,1.29311,55676
2013-05-09,1.29305,1.29772,1.28353,1.29241,61698
2013-05-10,1.2924,1.30172,1.29104,1.29549,69685
2013-05-13,1.29619,1.30499,1.29531,1.30412,62672
2013-05-14,1.3041,1.3119,1.29941,1.3064,74339
2013-05-15,1.3063799999999999,1.30847,1.29818,1.30225,75158
2013-05-16,1.30241,1.31383,1.29946,1.31177,77580
2013-05-17,1.31186,1.3225,1.3106900000000001,1.31908,69875
2013-05-20,1.31616,1.31817,1.31145,1.31362,60154
2013-05-21,1.31363,1.3203,1.3104,1.31638,67073
2013-05-22,1.31646,1.3317999999999999,1.31527,1.32627,81242
2013-05-23,1.32636,1.33792,1.32385,1.32745,104165
2013-05-24,1.32751,1.34333,1.32737,1.33875,88091
2013-05-27,1.33992,1.34517,1.33904,1.34208,53166
2013-05-28,1.34205,1.34458,1.33279,1.33755,87869
2013-05-29,1.33754,1.34809,1.33734,1.34305,97566
2013-05-30,1.34305,1.35362,1.3375,1.35033,97486
2013-05-31,1.35038,1.3591199999999999,1.34705,1.357,95037
2013-06-03,1.3526799999999999,1.35426,1.33697,1.3377,86061
2013-06-04,1.33782,1.3591,1.33782,1.35564,90538
2013-06-05,1.35561,1.37628,1.35454,1.3731200000000001,95793
2013-06-06,1.37153,1.3896899999999999,1.3710200000000001,1.37973,91962
2013-06-07,1.37972,1.40123,1.3796300000000001,1.3908800000000001,97535
2013-06-10,1.40215,1.40422,1.39587,1.40039,76768
2013-06-11,1.40042,1.42357,1.39899,1.4117899999999999,95922
2013-06-12,1.41185,1.41242,1.38787,1.4056199999999999,87876
2013-06-13,1.40561,1.41644,1.38352,1.3871,94714
2013-06-14,1.38506,1.395,1.38114,1.39443,97466
2013-06-17,1.39475,1.4021,1.38248,1.3992,81169
2013-06-18,1.3992,1.41684,1.39548,1.41193,88874
2013-06-19,1.41182,1.43494,1.40179,1.43231,91895
2013-06-20,1.4323000000000001,1.44153,1.4268100000000001,1.43666,124636
2013-06-21,1.43665,1.439,1.41994,1.4226,104741
2013-06-24,1.41856,1.43148,1.41236,1.41815,110255
2013-06-25,1.41815,1.4255499999999999,1.41095,1.41263,101188
2013-06-26,1.41289,1.41617,1.39368,1.40155,104487
2013-06-27,1.4021,1.40673,1.39527,1.40523,77283
2013-06-28,1.40522,1.4267400000000001,1.40324,1.42318,80526
2013-07-01,1.42512,1.42612,1.4115199999999999,1.41432,84944
2013-07-02,1.41444,1.4272,1.41261,1.41933,93669
2013-07-03,1.41933,1.43929,1.41241,1.4317,102557
2013-07-04,1.43167,1.4321,1.40644,1.41232,85104
2013-07-05,1.41232,1.418,1.40234,1.41333,88334
2013-07-08,1.41583,1.418,1.4074900000000001,1.40916,76052
2013-07-09,1.40918,1.4145400000000001,1.3905,1.39368,91279
2013-07-10,1.3937599999999999,1.41644,1.38642,1.41184,103173
2013-07-11,1.41205,1.42957,1.40754,1.4268100000000001,129275
2013-07-12,1.42693,1.44733,1.4235,1.4432800000000001,85971
2013-07-15,1.43889,1.44173,1.43109,1.43495,82730
2013-07-16,1.43496,1.43723,1.41869,1.4233,90652
2013-07-17,1.4233,1.42962,1.4166,1.4209,87268
2013-07-18,1.42086,1.43308,1.41964,1.4294799999999999,82197
2013-07-19,1.4296,1.43326,1.42117,1.43229,77775
2013-07-22,1.43133,1.43446,1.4237,1.4259,74930
2013-07-23,1.4258899999999999,1.42938,1.4212099999999999,1.4234499999999999,83648
2013-07-24,1.42346,1.44403,1.41868,1.43978,93876
2013-07-25,1.4398900000000001,1.44556,1.4319,1.4372,94194
2013-07-26,1.4372,1.43803,1.42915,1.43265,83286
2013-07-29,1.43403,1.4427699999999999,1.4310800000000001,1.44016,81585
2013-07-30,1.44019,1.4655,1.44009,1.4625,85120
2013-07-31,1.46245,1.49044,1.46123,1.48679,97204
2013-08-01,1.4868700000000001,1.48852,1.47119,1.47871,86005
2013-08-02,1.47867,1.49394,1.47657,1.49106,81349
2013-08-05,1.49051,1.4994,1.48305,1.48442,73692
2013-08-06,1.4846300000000001,1.4886,1.47367,1.48172,81256
2013-08-07,1.48173,1.4898799999999999,1.47709,1.48267,84053
2013-08-08,1.48268,1.48559,1.46669,1.47018,83899
2013-08-09,1.47023,1.47265,1.44787,1.44922,68541
2013-08-12,1.45235,1.45566,1.44497,1.4549699999999999,67723
2013-08-13,1.4549400000000001,1.46063,1.45323,1.4571399999999999,80196
2013-08-14,1.4572,1.46006,1.44801,1.45275,71186
2013-08-15,1.45275,1.46238,1.44616,1.46086,86746
2013-08-16,1.4608400000000001,1.46282,1.44745,1.45072,73597
2013-08-19,1.4513,1.4651399999999999,1.4443,1.46234,76246
2013-08-20,1.46234,1.48399,1.46008,1.47962,84319
2013-08-21,1.47963,1.48859,1.4788299999999999,1.4881,86905
2013-08-22,1.48813,1.49285,1.47528,1.48153,81156
2013-08-23,1.48154,1.48842,1.47678,1.48126,72100
2013-08-26,1.48236,1.48544,1.47613,1.48096,56217
2013-08-27,1.48092,1.49625,1.48052,1.49136,78300
2013-08-28,1.4913699999999999,1.50304,1.48871,1.49226,83383
2013-08-29,1.49226,1.49273,1.47894,1.4840200000000001,76612
2013-08-30,1.4840200000000001,1.48571,1.47654,1.48491,68161
2013-09-02,1.47855,1.48041,1.46399,1.46668,59434
2013-09-03,1.4668999999999999,1.46993,1.45087,1.45354,71251
2013-09-04,1.45371,1.4568400000000001,1.43458,1.44082,67047
2013-09-05,1.44089,1.44686,1.43548,1.4365700000000001,65895
2013-09-06,1.43679,1.43895,1.42602,1.43445,56741
2013-09-09,1.43152,1.43859,1.4301599999999999,1.43617,58800
2013-09-10,1.43616,1.43771,1.42371,1.42466,66132
2013-09-11,1.42455,1.4301300000000001,1.42402,1.42752,65679
2013-09-12,1.42752,1.44018,1.42355,1.4356900000000001,68509
2013-09-13,1.43566,1.43929,1.4321,1.4375200000000001,59668
2013-09-16,1.42945,1.43358,1.4218600000000001,1.43069,60558
2013-09-17,1.43075,1.4356900000000001,1.42588,1.42766,53955
2013-09-18,1.42774,1.42995,1.41929,1.42259,61086
2013-09-19,1.42259,1.43454,1.4211,1.43282,71463
2013-09-20,1.43277,1.43978,1.43046,1.43907,55811
2013-09-23,1.44293,1.4433,1.4273,1.43151,55675
2013-09-24,1.4316,1.43925,1.43131,1.4350100000000001,56431
2013-09-25,1.43509,1.44509,1.43465,1.4443,55531
2013-09-26,1.44433,1.44565,1.43648,1.44005,54350
2013-09-27,1.44017,1.45597,1.43861,1.45081,53306
2013-09-30,1.44841,1.45391,1.44537,1.45018,61335
2013-10-01,1.45022,1.45518,1.43588,1.4392800000000001,65034
2013-10-02,1.4392800000000001,1.45432,1.43645,1.44687,61408
2013-10-03,1.44689,1.45464,1.44586,1.4500899999999999,60874
2013-10-04,1.45018,1.45083,1.43356,1.43614,54423
2013-10-07,1.43788,1.44658,1.43549,1.4402599999999999,52196
2013-10-08,1.44032,1.44129,1.43075,1.44063,55530
2013-10-09,1.44063,1.44119,1.42747,1.43124,60993
2013-10-10,1.43131,1.4368699999999999,1.42703,1.42927,57412
2013-10-11,1.42931,1.43547,1.42734,1.4298199999999999,52401
2013-10-14,1.4365700000000001,1.43711,1.4273799999999999,1.42832,43796
2013-10-15,1.42834,1.43011,1.41424,1.41883,59299
2013-10-16,1.41883,1.4240300000000001,1.41413,1.41573,58755
2013-10-17,1.41575,1.42383,1.41563,1.41993,63664
2013-10-18,1.41993,1.42232,1.41342,1.41385,53034
2013-10-21,1.41547,1.41792,1.41259,1.41683,47139
2013-10-22,1.41697,1.42113,1.41342,1.41931,49225
2013-10-23,1.41922,1.4340899999999999,1.41238,1.4325999999999999,64630
2013-10-24,1.43259,1.44117,1.42653,1.43498,60248
2013-10-25,1.43502,1.44191,1.43362,1.43954,55430
2013-10-28,1.44022,1.44561,1.4350100000000001,1.4451399999999999,48837
2013-10-29,1.44509,1.45298,1.44409,1.44974,64771
2013-10-30,1.44984,1.45255,1.44458,1.44983,60907
2013-10-31,1.44983,1.4506999999999999,1.43359,1.4361,67811
2013-11-01,1.4361,1.43688,1.42513,1.4282,57269
2013-11-04,1.42784,1.42839,1.4193,1.42109,44916
2013-11-05,1.42123,1.42645,1.4146,1.41819,58249
2013-11-06,1.41819,1.42203,1.41611,1.41953,49658
2013-11-07,1.41952,1.42741,1.40507,1.41846,65470
2013-11-08,1.41845,1.4264299999999999,1.41439,1.42351,57691
2013-11-11,1.42386,1.43457,1.42287,1.4332,44110
2013-11-12,1.4332,1.44757,1.43065,1.44482,56229
2013-11-13,1.44479,1.4479,1.43906,1.44207,54326
2013-11-14,1.44197,1.44778,1.43692,1.4455,55950
2013-11-15,1.4454099999999999,1.44543,1.43797,1.43985,44786
2013-11-18,1.43946,1.4417499999999999,1.43297,1.441,48881
2013-11-19,1.44093,1.44342,1.43181,1.43555,52650
2013-11-20,1.43564,1.4449,1.43245,1.44092,59464
2013-11-21,1.44092,1.4622,1.4390100000000001,1.45988,63089
2013-11-22,1.4599,1.48065,1.45698,1.47781,50660
2013-11-25,1.4784,1.48428,1.47083,1.47329,44214
2013-11-26,1.47326,1.48884,1.4709400000000001,1.48658,47583
2013-11-27,1.48662,1.49896,1.4859200000000001,1.49576,50424
2013-11-28,1.49579,1.49753,1.48488,1.49589,44332
2013-11-29,1.4958,1.50306,1.48942,1.49176,50984
2013-12-02,1.49006,1.49159,1.47993,1.48675,55057
2013-12-03,1.48677,1.49443,1.48303,1.48806,57683
2013-12-04,1.4881199999999999,1.50878,1.4867,1.50485,62930
2013-12-05,1.50482,1.51464,1.50057,1.50895,62472
2013-12-06,1.50877,1.5162200000000001,1.50171,1.50439,55394
2013-12-09,1.5041600000000002,1.51315,1.50162,1.51315,49754
2013-12-10,1.51315,1.51384,1.50194,1.50519,52867
2013-12-11,1.50518,1.52556,1.50282,1.5253999999999999,54386
2013-12-12,1.52536,1.54319,1.51793,1.54089,63108
2013-12-13,1.54081,1.54132,1.53115,1.53221,55634
2013-12-16,1.5350899999999998,1.54419,1.5332599999999998,1.53918,52904
2013-12-17,1.53919,1.54802,1.5355699999999999,1.54419,55018
2013-12-18,1.54425,1.55741,1.54188,1.5473599999999998,61640
2013-12-19,1.54737,1.54768,1.54039,1.54173,61079
2013-12-20,1.54173,1.54195,1.53052,1.53178,57182
2013-12-23,1.53259,1.53488,1.52873,1.53457,41836
2013-12-24,1.53468,1.53644,1.53097,1.53294,28509
2013-12-26,1.5403799999999999,1.54298,1.53742,1.5415999999999999,20642
2013-12-27,1.53883,1.55966,1.53813,1.54975,153380
2013-12-30,1.5520800000000001,1.55565,1.5468600000000001,1.54929,136748
2013-12-31,1.54977,1.5503,1.5381,1.54446,100577
2014-01-01,1.54674,1.5499800000000001,1.5446,1.54741,6530
2014-01-02,1.5484499999999999,1.54881,1.52568,1.5343900000000001,204742
2014-01-03,1.53406,1.53674,1.5114999999999998,1.5184,190439
2014-01-06,1.51705,1.52462,1.5127199999999998,1.5204900000000001,169736
2014-01-07,1.51955,1.53095,1.51931,1.52771,168751
2014-01-08,1.52477,1.5286300000000002,1.5197500000000002,1.52705,180741
2014-01-09,1.52494,1.5354700000000001,1.52265,1.52969,181755
2014-01-10,1.52878,1.53278,1.51725,1.51874,174804
2014-01-13,1.51981,1.52112,1.5029400000000002,1.5093299999999998,167035
2014-01-14,1.50983,1.52753,1.5088599999999999,1.52668,162384
2014-01-15,1.5254400000000001,1.53244,1.5215100000000001,1.5275400000000001,167250
2014-01-16,1.52582,1.55074,1.52565,1.54451,178111
2014-01-17,1.54393,1.54834,1.54089,1.5411700000000002,144770
2014-01-20,1.5428,1.54351,1.53621,1.53788,117375
2014-01-21,1.53776,1.54227,1.53362,1.54062,156849
2014-01-22,1.53975,1.54268,1.52365,1.53131,157300
2014-01-23,1.5301,1.5666799999999999,1.5299800000000001,1.56384,207319
2014-01-24,1.5617999999999999,1.58312,1.5596,1.57462,204055
2014-01-27,1.57321,1.57717,1.5602200000000002,1.56556,169015
2014-01-28,1.56447,1.5668600000000001,1.5487,1.55274,169143
2014-01-29,1.5568300000000002,1.56536,1.54739,1.56371,214855
2014-01-30,1.56324,1.56731,1.54035,1.54279,196823
2014-01-31,1.54073,1.55888,1.5361,1.53948,209000
2014-02-03,1.53779,1.54757,1.53023,1.54572,190232
2014-02-04,1.54496,1.5482399999999998,1.51112,1.5156800000000001,207526
2014-02-05,1.51431,1.52256,1.51128,1.51695,202667
2014-02-06,1.51859,1.5196800000000001,1.50221,1.51836,201808
2014-02-07,1.5165600000000001,1.5232,1.51142,1.52145,183668
2014-02-10,1.5202499999999999,1.53189,1.52006,1.52568,112712
2014-02-11,1.52447,1.52593,1.50817,1.5097800000000001,152538
2014-02-12,1.50871,1.5137,1.49847,1.508,142984
2014-02-13,1.5056699999999998,1.52786,1.5046,1.52437,156692
2014-02-14,1.52329,1.52546,1.51409,1.51474,132509
2014-02-17,1.5127000000000002,1.5192999999999999,1.5119099999999999,1.51667,113336
2014-02-18,1.5173100000000002,1.52591,1.50849,1.52556,156595
2014-02-19,1.52379,1.5309300000000001,1.5202200000000001,1.52599,142842
2014-02-20,1.52549,1.53865,1.52058,1.52292,166351
2014-02-21,1.52311,1.5343499999999999,1.52165,1.52927,131244
2014-02-24,1.5290300000000001,1.53654,1.51813,1.5199,139146
2014-02-25,1.5198399999999999,1.52766,1.51856,1.52441,139893
2014-02-26,1.5239500000000001,1.53214,1.52244,1.5274100000000002,158262
2014-02-27,1.5258099999999999,1.53558,1.5255,1.52936,163361
2014-02-28,1.5290300000000001,1.54929,1.52485,1.54505,180032
2014-03-03,1.54645,1.54995,1.5362200000000001,1.5381200000000002,158739
2014-03-04,1.53681,1.5405600000000002,1.53045,1.53443,150723
2014-03-05,1.53533,1.5366,1.52701,1.52922,145524
2014-03-06,1.52826,1.5299,1.51479,1.5260799999999999,180970
2014-03-07,1.52458,1.53099,1.51978,1.5291299999999999,173002
2014-03-10,1.53255,1.53979,1.53128,1.53743,164498
2014-03-11,1.53795,1.54684,1.5310000000000001,1.54474,184694
2014-03-12,1.5436800000000002,1.5537,1.54331,1.54592,213538
2014-03-13,1.54671,1.54724,1.53102,1.5340500000000001,282129
2014-03-14,1.53551,1.54356,1.53322,1.54019,239136
2014-03-17,1.5443799999999999,1.5448300000000001,1.5281,1.53322,174897
2014-03-18,1.5318,1.53689,1.52102,1.52545,195915
2014-03-19,1.52668,1.5322900000000002,1.5243,1.53042,196044
2014-03-20,1.5295999999999998,1.53576,1.5221900000000002,1.5248,215882
2014-03-21,1.52408,1.5253999999999999,1.51574,1.51823,160826
2014-03-24,1.5154800000000002,1.52396,1.50862,1.51549,190878
2014-03-25,1.51517,1.51635,1.5034100000000001,1.5091700000000001,206609
2014-03-26,1.50835,1.5096500000000002,1.49169,1.49497,202062
2014-03-27,1.49338,1.49597,1.48291,1.4844,203488
2014-03-28,1.4836,1.48977,1.47788,1.48661,177475
2014-03-31,1.48906,1.49576,1.48474,1.48635,190455
2014-04-01,1.48599,1.49482,1.48028,1.49295,168855
2014-04-02,1.49147,1.49645,1.48724,1.48777,158806
2014-04-03,1.48847,1.49484,1.4841,1.4861,202369
2014-04-04,1.4859200000000001,1.4868999999999999,1.46947,1.47454,188503
2014-04-07,1.47462,1.48513,1.4737,1.48273,127692
2014-04-08,1.48207,1.48374,1.47316,1.47432,184530
2014-04-09,1.4736,1.47834,1.46899,1.47649,198010
2014-04-10,1.47529,1.4782600000000001,1.46529,1.47558,172002
2014-04-11,1.475,1.48358,1.47359,1.47744,145317
2014-04-14,1.47437,1.4767000000000001,1.46601,1.46733,134298
2014-04-15,1.46673,1.47981,1.46612,1.47634,146397
2014-04-16,1.47541,1.48191,1.47172,1.47455,147981
2014-04-17,1.47407,1.4837,1.47289,1.4804599999999999,119686
2014-04-18,1.48004,1.48152,1.47862,1.47866,45277
2014-04-21,1.47916,1.48234,1.47663,1.47938,62130
2014-04-22,1.47861,1.47977,1.47183,1.47409,114091
2014-04-23,1.4736,1.49285,1.47172,1.48739,146249
2014-04-24,1.48692,1.49443,1.48563,1.49318,129971
2014-04-25,1.49304,1.49421,1.4878,1.49124,102775
2014-04-28,1.4920499999999999,1.4985,1.48545,1.49548,133421
2014-04-29,1.49596,1.50221,1.4886599999999999,1.49059,136376
2014-04-30,1.49016,1.498,1.48272,1.49285,162261
2014-05-01,1.49276,1.4981200000000001,1.49079,1.49631,95460
2014-05-02,1.49523,1.50186,1.49284,1.49495,145802
2014-05-05,1.49461,1.49956,1.49338,1.49519,109810
2014-05-06,1.49587,1.4975100000000001,1.48618,1.4904899999999999,168166
2014-05-07,1.48915,1.49406,1.48892,1.4911699999999999,177851
2014-05-08,1.49109,1.49272,1.47579,1.47703,222949
2014-05-09,1.47607,1.47991,1.46871,1.4691,156188
2014-05-12,1.46976,1.47123,1.4668,1.46937,112638
2014-05-13,1.46929,1.47498,1.46213,1.46394,157952
2014-05-14,1.46396,1.46467,1.45733,1.46243,139183
2014-05-15,1.46221,1.46925,1.45639,1.46537,156732
2014-05-16,1.46498,1.47011,1.46156,1.46193,121569
2014-05-19,1.46055,1.47024,1.46055,1.4698,119477
2014-05-20,1.46923,1.48265,1.46844,1.48216,148716
2014-05-21,1.48225,1.4873,1.47879,1.47987,154290
2014-05-22,1.47918,1.48354,1.47372,1.4803899999999999,147494
2014-05-23,1.4800499999999999,1.48089,1.47439,1.47593,139411
2014-05-26,1.47486,1.4776,1.47376,1.47641,81459
2014-05-27,1.4767299999999999,1.47699,1.47119,1.4724,138325
2014-05-28,1.4723,1.47614,1.47023,1.47181,137045
2014-05-29,1.47126,1.47602,1.46065,1.46143,148007
2014-05-30,1.4612,1.46766,1.45805,1.46414,136471
2014-06-02,1.46433,1.47512,1.46286,1.47134,149610
2014-06-03,1.47042,1.47444,1.46406,1.47036,162092
2014-06-04,1.4706299999999999,1.47164,1.46381,1.46591,158058
2014-06-05,1.4656500000000001,1.46848,1.45102,1.4633099999999999,225756
2014-06-06,1.46231,1.465,1.45627,1.4614099999999999,168050
2014-06-09,1.46054,1.4619,1.45254,1.45343,119069
2014-06-10,1.45283,1.4549,1.4439199999999999,1.44539,148692
2014-06-11,1.44516,1.4457200000000001,1.4378,1.4417900000000001,148968
2014-06-12,1.44169,1.44781,1.43584,1.43749,179834
2014-06-13,1.43728,1.44628,1.43705,1.44008,149622
2014-06-16,1.44051,1.44649,1.4385,1.44372,126648
2014-06-17,1.44366,1.45255,1.44324,1.45087,139671
2014-06-18,1.45053,1.45363,1.44434,1.44573,154666
2014-06-19,1.4449100000000001,1.44946,1.44436,1.44788,149494
2014-06-20,1.44753,1.44923,1.44475,1.44777,121819
2014-06-23,1.44876,1.4498199999999999,1.43811,1.4436,121020
2014-06-24,1.4435799999999999,1.4527,1.44159,1.452,134314
2014-06-25,1.45221,1.45513,1.44841,1.44946,130392
2014-06-26,1.44865,1.45118,1.44354,1.44615,132671
2014-06-27,1.44562,1.44955,1.4433099999999999,1.44726,119399
2014-06-30,1.44776,1.45472,1.44715,1.45161,124829
2014-07-01,1.45137,1.45389,1.43976,1.44052,128914
2014-07-02,1.44006,1.44787,1.43984,1.44607,124948
2014-07-03,1.4463300000000001,1.4601600000000001,1.44591,1.45605,153648
2014-07-04,1.45602,1.45634,1.45066,1.45137,89845
2014-07-07,1.45125,1.45381,1.45046,1.45209,100049
2014-07-08,1.45137,1.45265,1.44476,1.44798,104855
2014-07-09,1.44802,1.4518,1.44593,1.44973,117918
2014-07-10,1.449,1.45597,1.4430399999999999,1.4487,138676
2014-07-11,1.4484,1.45056,1.44512,1.44813,130781
2014-07-14,1.44998,1.45176,1.44651,1.45003,135171
2014-07-15,1.44969,1.45456,1.44661,1.44807,203150
2014-07-16,1.44768,1.4531399999999999,1.44334,1.44463,142920
2014-07-17,1.44357,1.44752,1.4408699999999999,1.4469400000000001,150101
2014-07-18,1.44624,1.4483,1.43731,1.43902,156190
2014-07-21,1.43966,1.44314,1.43903,1.44255,120347
2014-07-22,1.44224,1.4445700000000001,1.4311099999999999,1.43332,186987
2014-07-23,1.43339,1.43568,1.42262,1.4255499999999999,174290
2014-07-24,1.42331,1.43089,1.42026,1.42962,187168
2014-07-25,1.42916,1.4322300000000001,1.42634,1.42914,159198
2014-07-28,1.42917,1.43113,1.42709,1.42885,122390
2014-07-29,1.42866,1.43134,1.4271,1.42897,164883
2014-07-30,1.42876,1.43724,1.42842,1.43607,245907
2014-07-31,1.4356,1.44194,1.43516,1.44009,168043
2014-08-01,1.44027,1.44455,1.4367,1.4401,200848
2014-08-04,1.44211,1.44256,1.4372500000000001,1.4381,112315
2014-08-05,1.4378,1.4402599999999999,1.43373,1.43696,159743
2014-08-06,1.4374,1.43842,1.4270100000000001,1.43148,179468
2014-08-07,1.43055,1.44467,1.4301599999999999,1.44144,211395
2014-08-08,1.44125,1.44776,1.43997,1.44563,211958
2014-08-11,1.44536,1.44596,1.44295,1.4445000000000001,114759
2014-08-12,1.44485,1.44627,1.43978,1.44268,146323
2014-08-13,1.4421599999999999,1.44312,1.4355,1.43643,176330
2014-08-14,1.43616,1.43834,1.43381,1.43451,155583
2014-08-15,1.4340899999999999,1.44051,1.43192,1.43726,170224
2014-08-18,1.43743,1.43868,1.4307699999999999,1.4329100000000001,115204
2014-08-19,1.43305,1.4338600000000001,1.42703,1.4323299999999999,163268
2014-08-20,1.4317199999999999,1.43422,1.42597,1.42771,216245
2014-08-21,1.42754,1.43373,1.42644,1.42734,181302
2014-08-22,1.42754,1.42791,1.4198,1.42085,198394
2014-08-25,1.4169800000000001,1.42055,1.4148399999999999,1.41856,150752
2014-08-26,1.41875,1.42207,1.41411,1.41425,186267
2014-08-27,1.4147,1.41557,1.4095,1.41341,196694
2014-08-28,1.41286,1.4145699999999999,1.40646,1.4087399999999999,193510
2014-08-29,1.40876,1.4133200000000001,1.40497,1.40558,148632
2014-09-01,1.40769,1.4080599999999999,1.404,1.40649,119063
2014-09-02,1.40672,1.41614,1.40595,1.4156,200759
2014-09-03,1.41584,1.41722,1.4050099999999999,1.40733,220301
2014-09-04,1.4068399999999999,1.40854,1.38033,1.3845399999999999,261606
2014-09-05,1.38404,1.3854899999999999,1.38003,1.3808,228639
2014-09-08,1.38341,1.39266,1.38019,1.39015,219795
2014-09-09,1.3891,1.40677,1.38768,1.40561,299162
2014-09-10,1.40564,1.41891,1.40432,1.40982,291087
2014-09-11,1.4102700000000001,1.42177,1.4010500000000001,1.41887,270069
2014-09-12,1.42015,1.43469,1.41836,1.4344299999999999,266969
2014-09-15,1.4396499999999999,1.44191,1.42995,1.43237,205929
2014-09-16,1.43308,1.43835,1.42373,1.42601,248720
2014-09-17,1.42482,1.43814,1.42453,1.43431,277377
2014-09-18,1.43582,1.44035,1.43339,1.43728,275518
2014-09-19,1.43705,1.44397,1.42998,1.437,297173
2014-09-22,1.4356499999999999,1.45087,1.4352800000000001,1.44794,315946
2014-09-23,1.44804,1.45568,1.44016,1.45235,271788
2014-09-24,1.45308,1.45346,1.4377900000000001,1.43902,262429
2014-09-25,1.43824,1.45243,1.43791,1.45034,338159
2014-09-26,1.45082,1.45627,1.44538,1.44658,284197
2014-09-29,1.4483,1.45851,1.44713,1.45533,315104
2014-09-30,1.45482,1.45877,1.44133,1.44383,338479
2014-10-01,1.4439199999999999,1.45614,1.44298,1.4449100000000001,356991
2014-10-02,1.44441,1.44617,1.43448,1.43978,412399
2014-10-03,1.43893,1.44664,1.43576,1.4426,296920
2014-10-06,1.44144,1.4457499999999999,1.4352,1.44458,282501
2014-10-07,1.444,1.4457200000000001,1.4313,1.43804,394279
2014-10-08,1.43649,1.45004,1.43496,1.44139,406413
2014-10-09,1.44013,1.44705,1.43453,1.44651,426088
2014-10-10,1.44485,1.45469,1.44467,1.45378,361496
2014-10-13,1.4528699999999999,1.46137,1.44444,1.45451,334078
2014-10-14,1.45366,1.45588,1.44414,1.4516499999999999,341799
2014-10-15,1.45238,1.46634,1.44566,1.45462,484493
2014-10-16,1.45378,1.47059,1.45317,1.46313,481812
2014-10-17,1.46261,1.46533,1.45484,1.45827,304191
2014-10-20,1.45526,1.45947,1.45139,1.45703,256178
2014-10-21,1.45713,1.46002,1.4422,1.44779,324186
2014-10-22,1.44827,1.4533,1.4362,1.4427400000000001,284122
2014-10-23,1.44056,1.44555,1.43767,1.44342,295459
2014-10-24,1.44317,1.4513,1.43706,1.4404,253611
2014-10-27,1.4397199999999999,1.44486,1.43822,1.44319,243703
2014-10-28,1.44244,1.4436,1.43564,1.4386700000000001,258314
2014-10-29,1.43787,1.43973,1.43174,1.43794,288000
2014-10-30,1.43576,1.44119,1.42468,1.42783,354189
2014-10-31,1.42753,1.4314,1.42215,1.4231,409211
2014-11-03,1.42839,1.43884,1.42687,1.43751,363621
2014-11-04,1.43753,1.44489,1.43073,1.43366,356740
2014-11-05,1.43542,1.45621,1.4325999999999999,1.455,415900
2014-11-06,1.45254,1.4592,1.44283,1.44611,461780
2014-11-07,1.44559,1.44856,1.43736,1.44214,433045
2014-11-10,1.44201,1.44303,1.43757,1.44101,291279
2014-11-11,1.4403299999999999,1.4439899999999999,1.43308,1.43496,321352
2014-11-12,1.43594,1.43795,1.4247,1.4268100000000001,373637
2014-11-13,1.42637,1.4338199999999999,1.42256,1.4322,302920
2014-11-14,1.43026,1.43455,1.4287,1.43157,352177
2014-11-17,1.42675,1.43458,1.42659,1.43109,301087
2014-11-18,1.42926,1.44129,1.42827,1.4375200000000001,289532
2014-11-19,1.43731,1.45889,1.43675,1.4583599999999999,325348
2014-11-20,1.45635,1.46317,1.45235,1.45526,343595
2014-11-21,1.45427,1.45547,1.42454,1.42956,344156
2014-11-24,1.42485,1.44497,1.42356,1.4433,236882
2014-11-25,1.44354,1.46407,1.44264,1.46198,296344
2014-11-26,1.46194,1.47017,1.45574,1.46269,275874
2014-11-27,1.46251,1.46598,1.45237,1.45898,190868
2014-11-28,1.45904,1.46818,1.45641,1.46336,242890
2014-12-01,1.471,1.47771,1.46437,1.46813,308846
2014-12-02,1.46813,1.4734099999999999,1.45903,1.4659,266326
2014-12-03,1.46604,1.47631,1.4604,1.4645299999999999,285821
2014-12-04,1.46445,1.48311,1.46121,1.47625,330501
2014-12-05,1.47606,1.47896,1.47367,1.47842,276903
2014-12-08,1.47847,1.48602,1.47494,1.48316,250333
2014-12-09,1.4846,1.49729,1.48327,1.49187,342706
2014-12-10,1.49189,1.50152,1.48381,1.49489,319764
2014-12-11,1.49625,1.5123199999999999,1.49077,1.5000900000000001,358312
2014-12-12,1.50007,1.51452,1.49667,1.51013,310126
2014-12-15,1.50887,1.51892,1.50266,1.51326,298643
2014-12-16,1.51369,1.52427,1.51021,1.5205,366224
2014-12-17,1.52198,1.53316,1.5121099999999998,1.51616,328626
2014-12-18,1.51885,1.51987,1.49774,1.5042499999999999,303881
2014-12-19,1.50439,1.50733,1.49908,1.50183,263481
2014-12-22,1.5001799999999998,1.50708,1.49835,1.50293,264647
2014-12-23,1.5030299999999999,1.5122,1.49985,1.50135,274912
2014-12-24,1.50132,1.50595,1.4988000000000001,1.5032299999999998,174030
2014-12-26,1.5056500000000002,1.50616,1.4969700000000001,1.49874,167329
2014-12-29,1.49885,1.50164,1.49206,1.4938,245818
2014-12-30,1.49381,1.49573,1.4834,1.48444,257816
2014-12-31,1.48467,1.48682,1.4766,1.48175,213824
2015-01-02,1.4802,1.4856500000000001,1.4764599999999999,1.4824899999999999,223425
2015-01-05,1.47974,1.48612,1.46864,1.47541,342623
2015-01-06,1.47571,1.47635,1.46057,1.4696500000000001,352177
2015-01-07,1.4702600000000001,1.47321,1.46369,1.46499,338014
2015-01-08,1.46522,1.46625,1.45021,1.4506299999999999,287373
2015-01-09,1.4513,1.4558,1.43968,1.44289,325670
2015-01-12,1.44231,1.4535,1.43617,1.45024,303058
2015-01-13,1.45041,1.45473,1.44068,1.44126,338144
2015-01-14,1.44138,1.4611100000000001,1.438,1.44556,411269
2015-01-15,1.44623,1.4485700000000001,1.40665,1.41452,499696
2015-01-16,1.41429,1.4203000000000001,1.40034,1.40543,396870
2015-01-19,1.40472,1.41655,1.4027,1.41259,256022
2015-01-20,1.41312,1.41895,1.40857,1.41252,275342
2015-01-21,1.41305,1.43609,1.40646,1.43529,342286
2015-01-22,1.43543,1.44066,1.40556,1.4151099999999999,402893
2015-01-23,1.41581,1.42438,1.3963999999999999,1.41451,412414
2015-01-26,1.41398,1.42583,1.41058,1.4176199999999999,333292
2015-01-27,1.41783,1.43563,1.41449,1.43372,339606
2015-01-28,1.4335499999999999,1.43666,1.4163299999999999,1.43054,350141
2015-01-29,1.43058,1.4632100000000001,1.42705,1.45763,340108
2015-01-30,1.4582,1.4668999999999999,1.4476,1.45217,325347
2015-02-02,1.4577499999999999,1.45941,1.44803,1.45321,299408
2015-02-03,1.45304,1.48937,1.44862,1.47265,415647
2015-02-04,1.47274,1.4773100000000001,1.4591,1.46308,398643
2015-02-05,1.46301,1.4724,1.45461,1.47154,388013
2015-02-06,1.47139,1.47278,1.4473099999999999,1.4509,328307
2015-02-09,1.45493,1.46088,1.44218,1.45112,280827
2015-02-10,1.45113,1.4592,1.4457,1.45661,297721
2015-02-11,1.45659,1.46993,1.45333,1.46827,254086
2015-02-12,1.46774,1.48052,1.4638,1.47398,323252
2015-02-13,1.47383,1.47821,1.46235,1.46898,257190
2015-02-16,1.46552,1.46859,1.45785,1.46056,239724
2015-02-17,1.46045,1.46375,1.45306,1.45918,306996
2015-02-18,1.45879,1.46132,1.45455,1.4588700000000001,280376
2015-02-19,1.4593,1.47288,1.45617,1.45858,292660
2015-02-20,1.45855,1.4592399999999999,1.43846,1.4508,337357
2015-02-23,1.45138,1.45627,1.4493800000000001,1.45259,253146
2015-02-24,1.45249,1.46137,1.4463300000000001,1.44777,325922
2015-02-25,1.4476499999999999,1.4496,1.43616,1.4403000000000001,303509
2015-02-26,1.44038,1.4501,1.43147,1.43534,335062
2015-02-27,1.43536,1.44031,1.43095,1.43297,324675
2015-03-02,1.43184,1.4442,1.43102,1.43981,274141
2015-03-03,1.43964,1.44221,1.42694,1.42943,298844
2015-03-04,1.42919,1.43376,1.41458,1.4167399999999999,316433
2015-03-05,1.4166699999999999,1.42458,1.4111,1.4169800000000001,354098
2015-03-06,1.41617,1.41798,1.3943400000000001,1.40503,361315
2015-03-09,1.40536,1.4104,1.40331,1.40818,283490
2015-03-10,1.40853,1.41401,1.3992499999999999,1.4003,413335
2015-03-11,1.40198,1.4073,1.38646,1.38879,438271
2015-03-12,1.38822,1.38946,1.37493,1.37908,437583
2015-03-13,1.37876,1.38555,1.37279,1.37361,371742
2015-03-16,1.37359,1.38499,1.37329,1.38247,344634
2015-03-17,1.38229,1.39493,1.38101,1.38995,344161
2015-03-18,1.3907,1.40694,1.38317,1.39815,399294
2015-03-19,1.39629,1.39994,1.38633,1.39295,471778
2015-03-20,1.3929,1.40102,1.3879299999999999,1.3911,435303
2015-03-23,1.39287,1.39627,1.3817599999999999,1.38921,491508
2015-03-24,1.38796,1.39521,1.38334,1.3860299999999999,447747
2015-03-25,1.38646,1.3998599999999999,1.3845,1.39781,405539
2015-03-26,1.39795,1.40696,1.38764,1.38876,470388
2015-03-27,1.38989,1.41006,1.38693,1.40421,406776
2015-03-30,1.4072,1.41804,1.40354,1.41501,348825
2015-03-31,1.41485,1.418,1.40422,1.4102299999999999,354900
2015-04-01,1.41015,1.41774,1.4056,1.41573,346160
2015-04-02,1.41571,1.43921,1.41516,1.43273,335463
2015-04-03,1.43243,1.4389,1.41812,1.43704,170389
2015-04-06,1.43831,1.44449,1.43491,1.43829,184427
2015-04-07,1.4373,1.44324,1.41247,1.41632,333742
2015-04-08,1.4163999999999999,1.4177,1.40054,1.40258,328187
2015-04-09,1.4025699999999999,1.40504,1.38312,1.38531,307908
2015-04-10,1.38524,1.38822,1.37843,1.38002,300583
2015-04-13,1.3798,1.39872,1.37891,1.392,330400
2015-04-14,1.39199,1.40189,1.3873199999999999,1.39696,360838
2015-04-15,1.39662,1.40165,1.38798,1.39116,382428
2015-04-16,1.39015,1.39316,1.37032,1.3792200000000001,450540
2015-04-17,1.37882,1.3903699999999999,1.3780299999999999,1.38758,397361
2015-04-20,1.38133,1.39406,1.37775,1.39001,321102
2015-04-21,1.38977,1.39615,1.3809,1.39176,363304
2015-04-22,1.39181,1.39249,1.37782,1.38333,383184
2015-04-23,1.38216,1.3949500000000001,1.3794,1.39148,433760
2015-04-24,1.3909099999999999,1.3976600000000001,1.38532,1.38913,409069
2015-04-27,1.38865,1.39176,1.3814,1.38609,366128
2015-04-28,1.38551,1.3872,1.36778,1.36837,456424
2015-04-29,1.36823,1.38951,1.36753,1.38852,504750
2015-04-30,1.38916,1.42317,1.38585,1.41973,574812
2015-05-01,1.41946,1.43544,1.41631,1.42714,392849
2015-05-04,1.42847,1.43455,1.41897,1.4218199999999999,264131
2015-05-05,1.42154,1.42793,1.40554,1.4077899999999999,324674
2015-05-06,1.40775,1.42594,1.40185,1.42271,407218
2015-05-07,1.42322,1.4351,1.41589,1.4245700000000001,352879
2015-05-08,1.42459,1.4296,1.41112,1.41321,341947
2015-05-11,1.41156,1.41587,1.40778,1.4135499999999999,324420
2015-05-12,1.41289,1.41702,1.40244,1.4055,395098
2015-05-13,1.4050500000000001,1.41262,1.39422,1.39944,403795
2015-05-14,1.39931,1.41415,1.391,1.41157,429882
2015-05-15,1.41131,1.42563,1.40913,1.42374,390599
2015-05-18,1.42323,1.42764,1.4150800000000001,1.4155,318080
2015-05-19,1.41548,1.42045,1.39914,1.40856,445231
2015-05-20,1.4083999999999999,1.4114,1.4010500000000001,1.40856,470162
2015-05-21,1.40827,1.41659,1.40394,1.40703,415902
2015-05-22,1.40675,1.41961,1.40458,1.40611,388172
2015-05-25,1.40564,1.40769,1.3997899999999999,1.40259,245266
2015-05-26,1.40232,1.40912,1.39471,1.4053200000000001,461442
2015-05-27,1.40519,1.41309,1.40262,1.41,416264
2015-05-28,1.40999,1.43178,1.40611,1.43096,487542
2015-05-29,1.43093,1.43787,1.42737,1.43705,422008
2015-06-01,1.43706,1.4384000000000001,1.42374,1.4364,415500
2015-06-02,1.43612,1.44469,1.42012,1.43446,572724
2015-06-03,1.43423,1.44851,1.42655,1.44766,467310
2015-06-04,1.4473799999999999,1.47133,1.44692,1.4613399999999999,376581
2015-06-05,1.46133,1.46798,1.4494799999999999,1.45877,541555
2015-06-08,1.45461,1.46997,1.45201,1.46558,398132
2015-06-09,1.46508,1.47523,1.45874,1.46681,460558
2015-06-10,1.46669,1.47688,1.45404,1.45881,514287
2015-06-11,1.4583300000000001,1.4703,1.45005,1.45129,427356
2015-06-12,1.4512399999999999,1.4595099999999999,1.44882,1.45622,359655
2015-06-15,1.44556,1.45793,1.44234,1.4525299999999999,310457
2015-06-16,1.45252,1.46265,1.44471,1.4506000000000001,345122
2015-06-17,1.45056,1.4699900000000001,1.44919,1.46247,407751
2015-06-18,1.46258,1.4736099999999999,1.45213,1.45613,437085
2015-06-19,1.4561,1.46401,1.45496,1.4596,344408
2015-06-22,1.4644599999999999,1.47311,1.4562,1.46705,406268
2015-06-23,1.46708,1.46919,1.44193,1.44314,459537
2015-06-24,1.44289,1.4553,1.44031,1.45395,441478
2015-06-25,1.4537200000000001,1.4549,1.4405299999999999,1.44768,380359
2015-06-26,1.44729,1.46433,1.44671,1.45847,384378
2015-06-29,1.44196,1.4644,1.43157,1.46281,544114
2015-06-30,1.46239,1.46396,1.4436200000000001,1.44553,505989
2015-07-01,1.44565,1.44928,1.43869,1.44551,430321
2015-07-02,1.4455,1.4592800000000001,1.44261,1.45173,472289
2015-07-03,1.45153,1.4792399999999999,1.44993,1.47534,392239
2015-07-06,1.46858,1.47868,1.46639,1.47374,439651
2015-07-07,1.47333,1.4810400000000001,1.47059,1.47716,483307
2015-07-08,1.47701,1.49477,1.47499,1.49034,482117
2015-07-09,1.4901499999999999,1.49681,1.47783,1.48126,451001
2015-07-10,1.48133,1.50699,1.47958,1.4983,411143
2015-07-13,1.49558,1.50149,1.48387,1.48516,449760
2015-07-14,1.48487,1.48798,1.47596,1.47676,426362
2015-07-15,1.47663,1.49068,1.46899,1.48322,447521
2015-07-16,1.48308,1.48627,1.46437,1.46805,447432
2015-07-17,1.46811,1.47401,1.46611,1.46716,383510
2015-07-20,1.46623,1.47661,1.46619,1.46793,399188
2015-07-21,1.46789,1.47547,1.46546,1.47318,507510
2015-07-22,1.47305,1.48231,1.47173,1.48072,589935
2015-07-23,1.48065,1.49481,1.47648,1.49277,482234
2015-07-24,1.49284,1.51032,1.49219,1.50638,410661
2015-07-27,1.5098099999999999,1.52657,1.50616,1.5245199999999999,428674
2015-07-28,1.52469,1.5276100000000001,1.50543,1.5070999999999999,474728
2015-07-29,1.50796,1.5142600000000002,1.50439,1.505,522280
2015-07-30,1.50347,1.5087199999999998,1.4960499999999999,1.49877,496268
2015-07-31,1.49851,1.51802,1.49734,1.50278,560227
2015-08-03,1.4984199999999999,1.50923,1.4978099999999999,1.50288,493697
2015-08-04,1.50256,1.50661,1.4739499999999999,1.47398,565100
2015-08-05,1.47394,1.48331,1.47276,1.48179,501624
2015-08-06,1.48213,1.49165,1.4751,1.48636,487776
2015-08-07,1.48662,1.48822,1.47547,1.47767,481804
2015-08-10,1.4782,1.48973,1.4778,1.48554,380122
2015-08-11,1.48609,1.51813,1.48265,1.5107,551681
2015-08-12,1.51119,1.5300099999999999,1.50715,1.51149,543303
2015-08-13,1.5116800000000001,1.52077,1.50514,1.51414,443409
2015-08-14,1.51432,1.5154,1.50325,1.50546,402598
2015-08-17,1.50621,1.51071,1.49913,1.50159,367702
2015-08-18,1.50216,1.51086,1.49963,1.50071,428356
2015-08-19,1.50107,1.51375,1.50024,1.5118200000000002,519493
2015-08-20,1.51267,1.532,1.51018,1.53079,497243
2015-08-21,1.53151,1.55782,1.52996,1.55534,565707
2015-08-24,1.55782,1.65859,1.55567,1.6221299999999998,805837
2015-08-25,1.6225399999999999,1.62512,1.5821,1.61414,665405
2015-08-26,1.61455,1.62835,1.5857,1.5859999999999999,674054
2015-08-27,1.58704,1.5998,1.5640100000000001,1.56806,548449
2015-08-28,1.56857,1.5809199999999999,1.5575299999999999,1.5584799999999999,495581
2015-08-31,1.56152,1.58338,1.5596700000000001,1.57531,395116
2015-09-01,1.5754899999999998,1.61307,1.57394,1.61185,580776
2015-09-02,1.61145,1.61517,1.59322,1.59456,540488
2015-09-03,1.59443,1.60632,1.57444,1.5843500000000001,490436
2015-09-04,1.58473,1.61443,1.58354,1.6128,482371
2015-09-07,1.61014,1.61383,1.6038700000000001,1.61256,423674
2015-09-08,1.61254,1.61428,1.58748,1.5958,407897
2015-09-09,1.5955,1.5992600000000001,1.5777999999999999,1.5959699999999999,425300
2015-09-10,1.59588,1.6175199999999998,1.57759,1.5941999999999998,548515
2015-09-11,1.59433,1.6054,1.5909200000000001,1.5987900000000002,402415
2015-09-14,1.59934,1.60663,1.57843,1.5856400000000002,346184
2015-09-15,1.58483,1.59192,1.57611,1.57738,379694
2015-09-16,1.57725,1.5831,1.5660699999999999,1.56823,361714
2015-09-17,1.56748,1.59618,1.56536,1.59328,421914
2015-09-18,1.5928900000000001,1.5948799999999999,1.56643,1.56988,448170
2015-09-21,1.5699800000000002,1.58102,1.56708,1.56843,369966
2015-09-22,1.5684200000000001,1.57801,1.56003,1.56868,357567
2015-09-23,1.56778,1.6020400000000001,1.56746,1.5966399999999998,393176
2015-09-24,1.59639,1.61896,1.5899999999999999,1.59844,462633
2015-09-25,1.59742,1.60602,1.5834700000000002,1.5926900000000002,427040
2015-09-28,1.5908799999999998,1.60927,1.58691,1.6080999999999999,389102
2015-09-29,1.60805,1.62496,1.5979700000000001,1.60996,435506
2015-09-30,1.6096300000000001,1.6108099999999999,1.5869,1.59219,408719
2015-10-01,1.59182,1.5962399999999999,1.57401,1.59214,393481
2015-10-02,1.5915300000000001,1.6144699999999998,1.5819,1.5891600000000001,391156
2015-10-05,1.58927,1.5933899999999999,1.57444,1.57905,399377
2015-10-06,1.57942,1.5832199999999998,1.5666,1.5725500000000001,371405
2015-10-07,1.5727799999999998,1.57593,1.55145,1.55887,386318
2015-10-08,1.55885,1.5760800000000001,1.5511,1.5528300000000002,381806
2015-10-09,1.55277,1.55661,1.54524,1.5479,405200
2015-10-12,1.5521500000000001,1.55556,1.53974,1.54226,281634
2015-10-13,1.5425200000000001,1.5707,1.5420099999999999,1.5702,344806
2015-10-14,1.57051,1.5821,1.56718,1.5713599999999999,393758
2015-10-15,1.5713,1.5724399999999998,1.54936,1.55277,421822
2015-10-16,1.55232,1.56752,1.54928,1.55996,348411
2015-10-19,1.56414,1.5706799999999999,1.55019,1.5628199999999999,310100
2015-10-20,1.5624500000000001,1.5657100000000002,1.5541800000000001,1.56209,277506
2015-10-21,1.5626,1.5771,1.5608300000000002,1.57254,307002
2015-10-22,1.5720800000000001,1.5792000000000002,1.53874,1.54084,370386
2015-10-23,1.54067,1.542,1.5189,1.5264199999999999,387676
2015-10-26,1.52322,1.52744,1.51651,1.52554,293943
2015-10-27,1.5248,1.53768,1.52163,1.53389,308045
2015-10-28,1.53575,1.55534,1.5323,1.53837,386765
2015-10-29,1.53443,1.55279,1.5332599999999998,1.55149,347758
2015-10-30,1.55128,1.55758,1.54028,1.5418699999999999,388818
2015-11-02,1.54979,1.55033,1.54006,1.5411299999999999,297561
2015-11-03,1.54081,1.54607,1.52168,1.5257,316837
2015-11-04,1.52504,1.52717,1.5147300000000001,1.51987,343708
2015-11-05,1.51881,1.5261900000000002,1.51627,1.52301,340565
2015-11-06,1.52271,1.52862,1.5098,1.52378,341072
2015-11-09,1.52627,1.52874,1.52146,1.52514,335807
2015-11-10,1.525,1.52718,1.51741,1.52498,344021
2015-11-11,1.5242499999999999,1.5260500000000001,1.51723,1.52088,313332
2015-11-12,1.52033,1.52336,1.49845,1.5164499999999999,451798
2015-11-13,1.51654,1.51754,1.50413,1.50968,358850
2015-11-16,1.50709,1.51369,1.50397,1.50526,351407
2015-11-17,1.50512,1.5079,1.49332,1.49643,390123
2015-11-18,1.4955,1.50408,1.49506,1.49858,353028
2015-11-19,1.4981499999999999,1.50058,1.48747,1.49151,423034
2015-11-20,1.49164,1.49332,1.46897,1.47018,375526
2015-11-23,1.47095,1.48276,1.47038,1.47846,391363
2015-11-24,1.47831,1.48316,1.46569,1.4665,390418
2015-11-25,1.4662899999999999,1.46975,1.45819,1.4647299999999999,411127
2015-11-26,1.46456,1.4717500000000001,1.46257,1.46795,325783
2015-11-27,1.4679,1.47588,1.46569,1.47165,328826
2015-11-30,1.47187,1.47556,1.45629,1.46132,351070
2015-12-01,1.4611100000000001,1.46293,1.44909,1.45127,415706
2015-12-02,1.45116,1.45491,1.44125,1.45178,432822
2015-12-03,1.45167,1.49661,1.43454,1.48991,552077
2015-12-04,1.4892400000000001,1.4959799999999999,1.47644,1.48146,542982
2015-12-07,1.48053,1.49457,1.47899,1.49078,376221
2015-12-08,1.49079,1.5154999999999998,1.4898799999999999,1.5092400000000001,393248
2015-12-09,1.5093,1.5303499999999999,1.50455,1.5245199999999999,472375
2015-12-10,1.5241099999999999,1.52553,1.4953,1.50231,409463
2015-12-11,1.50187,1.53423,1.50163,1.5281,404336
2015-12-14,1.52394,1.53343,1.51559,1.51791,412791
2015-12-15,1.51687,1.52769,1.51166,1.51922,383943
2015-12-16,1.51933,1.52321,1.5076399999999999,1.50807,407127
2015-12-17,1.50815,1.5271,1.50311,1.51838,384170
2015-12-18,1.51784,1.52365,1.5057,1.51376,381957
2015-12-21,1.51296,1.52541,1.5112,1.5174699999999999,291435
2015-12-22,1.51725,1.51931,1.50561,1.51382,303634
2015-12-23,1.51352,1.51539,1.5045,1.5074,254087
2015-12-24,1.50758,1.50952,1.50279,1.50706,147736
2015-12-28,1.50373,1.5140500000000001,1.5018799999999999,1.51289,162405
2015-12-29,1.5124,1.51375,1.4945,1.49657,223730
2015-12-30,1.49585,1.50204,1.49496,1.50013,250515
2015-12-31,1.4996399999999999,1.5027599999999999,1.48623,1.4896099999999999,193309
2016-01-04,1.49119,1.5181200000000001,1.48679,1.50631,393838
2016-01-05,1.50535,1.5093,1.49718,1.5004300000000002,359964
2016-01-06,1.5001,1.52952,1.49808,1.52412,423839
2016-01-07,1.5237,1.5634000000000001,1.5208599999999999,1.5581800000000001,475326
2016-01-08,1.5583,1.57211,1.53639,1.5703200000000002,480186
2016-01-11,1.5654599999999999,1.58281,1.54498,1.55185,458906
2016-01-12,1.55156,1.57026,1.5443,1.55347,469637
2016-01-13,1.55311,1.56612,1.53395,1.56303,460697
2016-01-14,1.5628,1.58231,1.55187,1.55528,506830
2016-01-15,1.55402,1.6076000000000001,1.5502099999999999,1.5897999999999999,519328
2016-01-18,1.59656,1.59677,1.57165,1.58683,408496
2016-01-19,1.58571,1.59422,1.56116,1.57822,466082
2016-01-20,1.57805,1.60527,1.57076,1.5763500000000001,555072
2016-01-21,1.5755,1.58803,1.5449000000000002,1.55311,592377
2016-01-22,1.55309,1.55451,1.5339399999999999,1.54122,445276
2016-01-25,1.53978,1.56163,1.53736,1.55948,390783
2016-01-26,1.5590899999999999,1.57046,1.5439699999999998,1.55124,415912
2016-01-27,1.55112,1.55877,1.53423,1.55004,522458
2016-01-28,1.54968,1.5561099999999999,1.53042,1.54414,470237
2016-01-29,1.5433599999999998,1.54653,1.52491,1.52864,537124
2016-02-01,1.52835,1.54417,1.52821,1.52999,403614
2016-02-02,1.52983,1.55362,1.52874,1.55092,412258
2016-02-03,1.55067,1.5643,1.5420099999999999,1.54834,508252
2016-02-04,1.54801,1.5586600000000002,1.54166,1.5561,516911
2016-02-05,1.55575,1.57898,1.55293,1.5778400000000001,447555
2016-02-08,1.57474,1.58385,1.56471,1.57905,471429
2016-02-09,1.57849,1.61489,1.57849,1.59714,567016
2016-02-10,1.59604,1.60601,1.56872,1.59058,563041
2016-02-11,1.5906099999999999,1.6251,1.57901,1.5924,630517
2016-02-12,1.59231,1.59634,1.57998,1.5822500000000002,482224
2016-02-15,1.58027,1.58351,1.55745,1.56181,366999
2016-02-16,1.56162,1.5750600000000001,1.55392,1.56676,419335
2016-02-17,1.56623,1.57721,1.54762,1.5482200000000002,430981
2016-02-18,1.54765,1.56138,1.54715,1.55146,415682
2016-02-19,1.55126,1.56928,1.54954,1.55632,390563
2016-02-22,1.5520399999999999,1.5584099999999999,1.5202200000000001,1.52568,389637
2016-02-23,1.52542,1.53105,1.51585,1.52968,425427
2016-02-24,1.5287899999999999,1.5404200000000001,1.5258500000000002,1.53013,464676
2016-02-25,1.52988,1.53994,1.52173,1.5222,432698
2016-02-26,1.52237,1.5350000000000001,1.51726,1.5323799999999999,415672
2016-02-29,1.5319500000000001,1.53831,1.51745,1.52207,425738
2016-03-01,1.5215,1.53081,1.51056,1.51414,422193
2016-03-02,1.51364,1.5179,1.48814,1.48933,430169
2016-03-03,1.48906,1.49247,1.48162,1.48993,407708
2016-03-04,1.4892699999999999,1.4923600000000001,1.47376,1.4795,446827
2016-03-07,1.48366,1.48535,1.46986,1.47428,361499
2016-03-08,1.47378,1.4892,1.4733,1.47979,398374
2016-03-09,1.4798200000000001,1.48276,1.45942,1.46869,429121
2016-03-10,1.46833,1.5086,1.44656,1.49935,539127
2016-03-11,1.49893,1.50237,1.47142,1.47333,449175
2016-03-14,1.4753,1.48208,1.46979,1.47828,388882
2016-03-15,1.47662,1.49217,1.4740199999999999,1.48811,394657
2016-03-16,1.48906,1.49402,1.47957,1.48233,400874
2016-03-17,1.4853399999999999,1.48825,1.47111,1.48093,471123
2016-03-18,1.4791699999999999,1.4848,1.47496,1.48141,362041
2016-03-21,1.48171,1.4898,1.47436,1.48228,345990
2016-03-22,1.48275,1.48517,1.46959,1.47237,370967
2016-03-23,1.47128,1.48698,1.46616,1.4835,346824
2016-03-24,1.48358,1.49255,1.48248,1.48488,315643
2016-03-25,1.48328,1.48853,1.4812400000000001,1.4834100000000001,146609
2016-03-28,1.48471,1.48853,1.47998,1.48372,169585
2016-03-29,1.48285,1.49057,1.47583,1.47965,375424
2016-03-30,1.47928,1.48332,1.47137,1.478,428630
2016-03-31,1.47745,1.48673,1.4769,1.48583,374709
2016-04-01,1.48574,1.49738,1.47787,1.48272,377663
2016-04-04,1.48513,1.49887,1.48332,1.49667,325641
2016-04-05,1.4962,1.51571,1.49225,1.50849,384741
2016-04-06,1.50847,1.51067,1.49745,1.4998,377774
2016-04-07,1.49917,1.5202,1.49501,1.51554,428106
2016-04-08,1.51558,1.5163799999999998,1.5026000000000002,1.50781,384059
2016-04-11,1.5119,1.51593,1.49889,1.50191,374581
2016-04-12,1.50074,1.50437,1.48082,1.48115,396966
2016-04-13,1.4812,1.48475,1.4721600000000001,1.47269,391657
2016-04-14,1.4727000000000001,1.47754,1.45865,1.4635799999999999,357729
2016-04-15,1.4633099999999999,1.47019,1.45608,1.45902,338241
2016-04-18,1.47534,1.4803,1.4583300000000001,1.4592399999999999,392225
2016-04-19,1.45853,1.46036,1.4523,1.45336,352074
2016-04-20,1.45328,1.46224,1.44648,1.44899,367105
2016-04-21,1.44886,1.45991,1.4433500000000001,1.45828,406594
2016-04-22,1.4584,1.45941,1.45103,1.45513,368554
2016-04-25,1.45678,1.46223,1.45477,1.46001,343836
2016-04-26,1.45963,1.46361,1.45546,1.4573800000000001,381022
2016-04-27,1.45743,1.49509,1.45577,1.49027,451969
2016-04-28,1.49021,1.49429,1.4804300000000001,1.48813,475496
2016-04-29,1.4877,1.50773,1.48569,1.5047199999999998,425919
2016-05-02,1.50797,1.51322,1.50101,1.50383,363416
2016-05-03,1.50333,1.53884,1.49343,1.53558,485177
2016-05-04,1.53562,1.54229,1.5297,1.53959,465118
2016-05-05,1.5394,1.54109,1.52189,1.52753,371897
2016-05-06,1.52733,1.55666,1.5244900000000001,1.54706,413663
2016-05-09,1.5483,1.55922,1.54326,1.55557,348662
2016-05-10,1.55535,1.5591599999999999,1.5425,1.54423,345368
2016-05-11,1.54398,1.55327,1.53938,1.54891,334970
2016-05-12,1.54868,1.56002,1.54731,1.55321,357540
2016-05-13,1.55193,1.56036,1.55155,1.5537100000000001,365103
2016-05-16,1.55931,1.5596700000000001,1.5501200000000002,1.5525600000000002,277461
2016-05-17,1.55259,1.5544099999999998,1.5365600000000001,1.54406,338879
2016-05-18,1.54364,1.55525,1.54224,1.55106,382343
2016-05-19,1.55069,1.55862,1.54922,1.5496699999999999,381341
2016-05-20,1.54901,1.5538699999999999,1.54651,1.55304,283118
2016-05-23,1.5511,1.55576,1.5474999999999999,1.5527600000000001,295899
2016-05-24,1.5528499999999998,1.56455,1.55037,1.55054,331459
2016-05-25,1.54984,1.55395,1.54473,1.54941,309440
2016-05-26,1.54855,1.55971,1.54681,1.54889,311501
2016-05-27,1.54834,1.55054,1.54359,1.54618,294679
2016-05-30,1.54803,1.55287,1.54542,1.55019,216170
2016-05-31,1.55023,1.55117,1.53558,1.53847,356583
2016-06-01,1.53797,1.54452,1.5237,1.5412400000000002,395564
2016-06-02,1.5411700000000002,1.55413,1.5394299999999999,1.54238,354071
2016-06-03,1.54204,1.54839,1.53548,1.5427,386635
2016-06-06,1.54005,1.55137,1.53827,1.54078,348628
2016-06-07,1.54081,1.5425200000000001,1.52183,1.5218699999999998,328692
2016-06-08,1.52142,1.53,1.52142,1.52466,330013
2016-06-09,1.5243799999999998,1.53009,1.51897,1.5220099999999999,367423
2016-06-10,1.5219200000000002,1.52936,1.52103,1.52484,360724
2016-06-13,1.52458,1.529,1.5205199999999999,1.52801,376776
2016-06-14,1.52756,1.5310700000000002,1.51848,1.5224,382417
2016-06-15,1.52225,1.52785,1.51364,1.5199500000000001,385661
2016-06-16,1.51909,1.5364900000000001,1.5140799999999999,1.52382,479717
2016-06-17,1.52383,1.52643,1.5198399999999999,1.52319,370796
2016-06-20,1.52365,1.5298500000000002,1.5155699999999999,1.5157699999999998,364234
2016-06-21,1.51607,1.51885,1.50514,1.50905,352379
2016-06-22,1.50793,1.51092,1.50284,1.50548,334920
2016-06-23,1.50572,1.50918,1.49267,1.4947,416760
2016-06-24,1.49177,1.5140799999999999,1.47852,1.47928,749647
2016-06-27,1.4828299999999999,1.50458,1.4825300000000001,1.50433,546244
2016-06-28,1.50308,1.50467,1.4928,1.49734,420633
2016-06-29,1.49705,1.5001600000000002,1.48918,1.49285,406106
2016-06-30,1.49204,1.50414,1.4834100000000001,1.49005,483223
2016-07-01,1.4898,1.49406,1.48214,1.48476,358511
2016-07-04,1.49321,1.49394,1.47608,1.47903,265843
2016-07-05,1.47895,1.49382,1.47527,1.48395,369566
2016-07-06,1.48275,1.49028,1.47385,1.47572,449301
2016-07-07,1.47491,1.48324,1.4698,1.47845,401527
2016-07-08,1.47708,1.4809700000000001,1.4586000000000001,1.45947,365274
2016-07-11,1.45934,1.46957,1.45763,1.46792,339829
2016-07-12,1.46647,1.46847,1.44785,1.4508,377373
2016-07-13,1.44944,1.45987,1.4493800000000001,1.4574799999999999,373830
2016-07-14,1.45706,1.46193,1.45163,1.45695,391942
2016-07-15,1.45642,1.4604300000000001,1.44952,1.4546999999999999,383225
2016-07-18,1.45363,1.46058,1.45207,1.45873,312596
2016-07-19,1.45847,1.47751,1.4579900000000001,1.4681199999999999,336100
2016-07-20,1.46746,1.4742600000000001,1.4653100000000001,1.47248,309155
2016-07-21,1.47199,1.47791,1.46528,1.4705300000000001,375234
2016-07-22,1.47051,1.47895,1.46788,1.46959,302708
2016-07-25,1.47006,1.47254,1.46503,1.47163,258881
2016-07-26,1.47136,1.47221,1.45827,1.4641199999999999,312267
2016-07-27,1.46361,1.4781900000000001,1.45244,1.47596,391860
2016-07-28,1.47572,1.47769,1.46919,1.4757799999999999,311667
2016-07-29,1.47531,1.4812699999999999,1.4661,1.4695,381843
2016-08-01,1.46984,1.4832,1.46688,1.48106,268435
2016-08-02,1.48003,1.49061,1.46828,1.47382,330868
2016-08-03,1.47369,1.47947,1.46872,1.46872,296945
2016-08-04,1.46872,1.46991,1.45719,1.4583300000000001,319206
2016-08-05,1.45811,1.45979,1.4494099999999999,1.45461,296140
2016-08-08,1.45424,1.45957,1.44372,1.44915,235959
2016-08-09,1.44876,1.4537499999999999,1.44445,1.44874,246137
2016-08-10,1.44777,1.45132,1.44197,1.44992,306646
2016-08-11,1.44983,1.45254,1.44054,1.44597,271168
2016-08-12,1.44629,1.46038,1.4454,1.45892,285698
2016-08-15,1.45734,1.46072,1.45413,1.45698,242657
2016-08-16,1.45694,1.46823,1.45506,1.46543,374591
2016-08-17,1.46515,1.4794800000000001,1.46271,1.4741,334876
2016-08-18,1.47387,1.47779,1.46627,1.47705,354000
2016-08-19,1.47645,1.48885,1.4752100000000001,1.48431,311437
2016-08-22,1.48602,1.48795,1.48103,1.48413,311550
2016-08-23,1.48342,1.4853,1.479,1.48424,321221
2016-08-24,1.48408,1.48773,1.476,1.47927,328597
2016-08-25,1.47916,1.48514,1.4759,1.48083,263369
2016-08-26,1.48013,1.48167,1.46943,1.4783,390931
2016-08-29,1.4782,1.48712,1.47458,1.47809,305464
2016-08-30,1.47756,1.48468,1.47445,1.48366,298882
2016-08-31,1.48267,1.4852699999999999,1.47958,1.48362,332880
2016-09-01,1.48361,1.48487,1.47684,1.48248,340310
2016-09-02,1.4817,1.48461,1.47103,1.47103,372040
2016-09-05,1.47367,1.4752399999999999,1.46826,1.46971,255143
2016-09-06,1.46922,1.47041,1.4580899999999999,1.4641,338963
2016-09-07,1.4633099999999999,1.46979,1.46139,1.46444,338788
2016-09-08,1.46399,1.47357,1.45787,1.47328,384762
2016-09-09,1.47253,1.49001,1.47211,1.48752,356276
2016-09-12,1.48939,1.49935,1.48431,1.48472,401473
2016-09-13,1.4843199999999999,1.509,1.48431,1.50278,423799
2016-09-14,1.50134,1.50665,1.49853,1.50614,377915
2016-09-15,1.50522,1.50952,1.49461,1.49599,412202
2016-09-16,1.4956800000000001,1.4990700000000001,1.4881199999999999,1.48847,353812
2016-09-19,1.48983,1.49129,1.47657,1.48296,281404
2016-09-20,1.48263,1.48385,1.47519,1.4754800000000001,319722
2016-09-21,1.47515,1.47798,1.465,1.46722,423913
2016-09-22,1.4669699999999999,1.47079,1.46312,1.46589,339333
2016-09-23,1.46564,1.47601,1.4641199999999999,1.4701,311493
2016-09-26,1.4729,1.47808,1.47075,1.47333,306701
2016-09-27,1.47347,1.47702,1.46033,1.46218,354034
2016-09-28,1.46171,1.46607,1.4558499999999999,1.45788,346361
2016-09-29,1.45781,1.46988,1.45564,1.46896,392505
2016-09-30,1.46893,1.47433,1.46085,1.46691,407084
2016-10-03,1.46533,1.4698,1.45962,1.46028,274294
2016-10-04,1.46,1.47238,1.4534500000000001,1.4702,407021
2016-10-05,1.4693,1.47594,1.46707,1.46963,371411
2016-10-06,1.46942,1.47785,1.46861,1.46956,354859
2016-10-07,1.46939,1.47683,1.46323,1.4739499999999999,496094
2016-10-10,1.46874,1.4748299999999999,1.46314,1.46423,302698
2016-10-11,1.4637,1.47526,1.4616,1.46604,415698
2016-10-12,1.46596,1.46676,1.45309,1.4552399999999999,408402
2016-10-13,1.45509,1.4666000000000001,1.45297,1.46035,400404
2016-10-14,1.46002,1.46184,1.43918,1.4396499999999999,380965
2016-10-17,1.43857,1.44751,1.4383,1.4414500000000001,294172
2016-10-18,1.44156,1.4429,1.42957,1.43215,296127
2016-10-19,1.43194,1.43473,1.41867,1.42066,296834
2016-10-20,1.42052,1.44261,1.41824,1.43243,336930
2016-10-21,1.43232,1.43415,1.42269,1.42983,299740
2016-10-24,1.42972,1.43245,1.42439,1.4295,267054
2016-10-25,1.42937,1.43229,1.4212500000000001,1.42368,341738
2016-10-26,1.42317,1.42917,1.4126,1.42515,358368
2016-10-27,1.42538,1.43914,1.4250099999999999,1.4353500000000001,377140
2016-10-28,1.43509,1.4485299999999999,1.4337900000000001,1.44489,417265
2016-10-31,1.44703,1.44774,1.43792,1.44272,323962
2016-11-01,1.44225,1.44688,1.42977,1.44376,380425
2016-11-02,1.44405,1.45336,1.44364,1.44849,429603
2016-11-03,1.4475,1.45576,1.44143,1.44556,428553
2016-11-04,1.44494,1.45182,1.44204,1.45049,299470
2016-11-07,1.43897,1.44862,1.42759,1.42855,386537
2016-11-08,1.42775,1.43614,1.4159,1.42034,354580
2016-11-09,1.41989,1.48823,1.41424,1.42836,843993
2016-11-10,1.4287,1.43835,1.40729,1.4301599999999999,404256
2016-11-11,1.42987,1.44289,1.42898,1.43682,555654
2016-11-14,1.43497,1.43642,1.41926,1.42082,580889
2016-11-15,1.42068,1.43079,1.41715,1.4177,510369
2016-11-16,1.41765,1.43499,1.41744,1.4288699999999999,482242
2016-11-17,1.42855,1.43864,1.42609,1.43387,494337
2016-11-18,1.4338199999999999,1.44467,1.43115,1.44234,557550
2016-11-21,1.44417,1.44882,1.44008,1.44105,518900
2016-11-22,1.44124,1.44313,1.43391,1.43423,500273
2016-11-23,1.43437,1.43645,1.42363,1.42764,438945
2016-11-24,1.42805,1.43171,1.42294,1.42374,382736
2016-11-25,1.42373,1.42767,1.4178600000000001,1.42054,460255
2016-11-28,1.42405,1.43079,1.41348,1.41806,496487
2016-11-29,1.41821,1.42378,1.4151799999999999,1.42285,462784
2016-11-30,1.42195,1.43727,1.41962,1.43286,598278
2016-12-01,1.43297,1.43973,1.4304000000000001,1.43719,486970
2016-12-02,1.43674,1.4436200000000001,1.42698,1.42898,424948
2016-12-05,1.42931,1.44364,1.41451,1.44037,550921
2016-12-06,1.43997,1.45013,1.43552,1.436,376580
2016-12-07,1.4356900000000001,1.4447999999999999,1.43401,1.4368,334096
2016-12-08,1.43668,1.4513,1.42087,1.42167,502024
2016-12-09,1.4212500000000001,1.42511,1.41175,1.4155,394207
2016-12-12,1.4135,1.42048,1.41299,1.4178600000000001,399297
2016-12-13,1.41703,1.42192,1.4123999999999999,1.41589,396225
2016-12-14,1.41597,1.4228399999999999,1.41272,1.42235,465601
2016-12-15,1.42143,1.42383,1.4090500000000001,1.41503,628765
2016-12-16,1.41477,1.43418,1.41341,1.42818,489745
2016-12-19,1.43221,1.44022,1.43071,1.43487,430783
2016-12-20,1.4352,1.43715,1.43001,1.43051,376247
2016-12-21,1.43003,1.44049,1.42898,1.4396,336776
2016-12-22,1.43936,1.45355,1.43841,1.44547,363838
2016-12-23,1.44588,1.45971,1.4441899999999999,1.45613,257871
2016-12-26,1.45279,1.4592100000000001,1.43085,1.4513,177730
2016-12-27,1.4521899999999999,1.4561,1.45113,1.45516,218796
2016-12-28,1.45443,1.4557,1.44544,1.44956,299036
2016-12-29,1.45072,1.4564599999999999,1.44715,1.45278,352917
2016-12-30,1.45213,1.47249,1.45039,1.4580899999999999,420574
2017-01-02,1.45591,1.46405,1.44895,1.45294,254471
2017-01-03,1.45407,1.4566,1.43555,1.44059,430082
2017-01-04,1.44097,1.44235,1.43235,1.43917,440926
2017-01-05,1.43949,1.44625,1.43819,1.4441899999999999,561455
2017-01-06,1.44435,1.44688,1.4399,1.44068,438026
2017-01-09,1.44272,1.44478,1.43354,1.43703,395609
2017-01-10,1.43697,1.44281,1.43159,1.43159,463871
2017-01-11,1.43214,1.4348,1.41794,1.42196,563794
2017-01-12,1.4215200000000001,1.42378,1.41553,1.4174,554605
2017-01-13,1.41714,1.42529,1.41395,1.41767,458174
2017-01-16,1.4169,1.4211,1.41536,1.41653,407986
2017-01-17,1.4168,1.42124,1.41283,1.41512,596506
2017-01-18,1.41502,1.41893,1.41103,1.41583,475383
2017-01-19,1.41589,1.41772,1.40267,1.4095900000000001,556737
2017-01-20,1.40974,1.41683,1.4074,1.4122,540312
2017-01-23,1.4154,1.42232,1.41353,1.41864,477277
2017-01-24,1.41903,1.42666,1.4143,1.41527,435077
2017-01-25,1.41443,1.42755,1.41197,1.4187699999999999,490639
2017-01-26,1.41903,1.4228100000000001,1.41586,1.41693,484445
2017-01-27,1.41695,1.42235,1.41439,1.41611,434176
2017-01-30,1.41719,1.42153,1.40947,1.415,397925
2017-01-31,1.4144,1.42496,1.4129399999999999,1.42283,498403
2017-02-01,1.42259,1.42909,1.41838,1.41838,443344
2017-02-02,1.41902,1.42048,1.40394,1.40405,490219
2017-02-03,1.40434,1.40758,1.39968,1.40109,438124
2017-02-06,1.40422,1.40756,1.40012,1.40305,418238
2017-02-07,1.4028800000000001,1.4055900000000001,1.39458,1.40004,439044
2017-02-08,1.3997,1.40173,1.39371,1.39919,434104
2017-02-09,1.399,1.40399,1.39414,1.39689,411882
2017-02-10,1.39709,1.39811,1.3839000000000001,1.38522,396188
2017-02-13,1.38453,1.38903,1.38314,1.38643,351766
2017-02-14,1.38635,1.38742,1.3792499999999999,1.37974,412492
2017-02-15,1.37958,1.38065,1.37239,1.37429,421102
2017-02-16,1.3744100000000001,1.38799,1.37257,1.3868,452794
2017-02-17,1.38631,1.39014,1.38152,1.3823400000000001,388360
2017-02-20,1.38217,1.38622,1.37946,1.3798599999999999,286819
2017-02-21,1.3795600000000001,1.38128,1.37177,1.3722400000000001,363514
2017-02-22,1.37231,1.37506,1.36257,1.37052,404260
2017-02-23,1.37008,1.37629,1.36616,1.37111,380873
2017-02-24,1.37064,1.38343,1.37031,1.37394,356872
2017-02-27,1.37459,1.38165,1.37118,1.3791,356297
2017-02-28,1.37904,1.38303,1.3765800000000001,1.38113,396836
2017-03-01,1.38084,1.38365,1.373,1.37356,493828
2017-03-02,1.37316,1.38938,1.3729,1.38745,382505
2017-03-03,1.38686,1.39875,1.38622,1.39727,434499
2017-03-06,1.39764,1.40157,1.39234,1.39595,349460
2017-03-07,1.39589,1.39648,1.38743,1.39214,372083
2017-03-08,1.39253,1.40109,1.38843,1.4001299999999999,411953
2017-03-09,1.40022,1.4118,1.39848,1.40846,476833
2017-03-10,1.40825,1.41798,1.40642,1.4148100000000001,451932
2017-03-13,1.41409,1.41846,1.40544,1.40706,402640
2017-03-14,1.40655,1.41117,1.4016199999999999,1.40295,381866
2017-03-15,1.4025,1.40484,1.388,1.39302,459095
2017-03-16,1.39195,1.40392,1.39019,1.40217,504186
2017-03-17,1.40177,1.40547,1.3927,1.39331,397999
2017-03-20,1.39412,1.39623,1.3872900000000001,1.38891,345738
2017-03-21,1.38857,1.40697,1.38744,1.40573,424462
2017-03-22,1.40537,1.4120599999999999,1.40493,1.4059599999999999,424047
2017-03-23,1.40607,1.4148,1.40524,1.4137,397782
2017-03-24,1.41345,1.42084,1.40978,1.4160599999999999,371876
2017-03-27,1.41862,1.43099,1.41654,1.4258,365387
2017-03-28,1.42588,1.43057,1.41343,1.41623,349756
2017-03-29,1.41609,1.41688,1.4007,1.40334,349724
2017-03-30,1.40336,1.4060000000000001,1.39502,1.39662,337567
2017-03-31,1.39661,1.40243,1.39389,1.39532,351418
2017-04-03,1.39508,1.4056600000000001,1.39468,1.4028100000000001,304416
2017-04-04,1.40225,1.41199,1.4010099999999999,1.41066,316151
2017-04-05,1.41051,1.41202,1.40452,1.40822,334821
2017-04-06,1.40825,1.4171,1.40778,1.41059,349528
2017-04-07,1.41051,1.41787,1.40792,1.40938,408599
2017-04-10,1.41247,1.41566,1.40884,1.41207,302052
2017-04-11,1.41202,1.4217,1.40942,1.41363,338682
2017-04-12,1.41382,1.42024,1.41247,1.41742,358434
2017-04-13,1.41689,1.41782,1.40005,1.40175,348907
2017-04-14,1.4016199999999999,1.40442,1.39787,1.3991799999999999,179064
2017-04-17,1.3998599999999999,1.4032,1.39812,1.40163,183349
2017-04-18,1.40176,1.42071,1.40035,1.41902,348875
2017-04-19,1.41868,1.42987,1.41843,1.42824,303277
2017-04-20,1.42808,1.43351,1.4228399999999999,1.42363,309426
2017-04-21,1.42363,1.42615,1.4167100000000001,1.42195,288560
2017-04-24,1.43885,1.44388,1.43158,1.43526,380865
2017-04-25,1.43502,1.4539900000000001,1.43484,1.44956,309332
2017-04-26,1.44959,1.46009,1.44668,1.45884,394662
2017-04-27,1.45853,1.46404,1.4549699999999999,1.45639,364322
2017-04-28,1.45604,1.46508,1.45263,1.45389,338612
2017-05-01,1.45878,1.45956,1.4468,1.44806,196918
2017-05-02,1.4479,1.4528699999999999,1.44425,1.45047,286202
2017-05-03,1.4500899999999999,1.46872,1.4487999999999999,1.46608,324354
2017-05-04,1.46611,1.48365,1.46535,1.48209,393680
2017-05-05,1.48214,1.49106,1.47999,1.47999,371246
2017-05-08,1.48605,1.48705,1.47598,1.47874,357311
2017-05-09,1.47862,1.48788,1.47652,1.48032,374775
2017-05-10,1.47998,1.48324,1.46945,1.47461,352504
2017-05-11,1.47454,1.4816,1.47038,1.47168,340471
2017-05-12,1.47149,1.4805,1.46698,1.47813,314421
2017-05-15,1.47832,1.48108,1.47145,1.4801199999999999,306135
2017-05-16,1.47995,1.49489,1.47732,1.49228,372893
2017-05-17,1.49222,1.50426,1.4914100000000001,1.5013,439729
2017-05-18,1.50125,1.50746,1.4921,1.49613,525464
2017-05-19,1.49612,1.5046300000000001,1.49341,1.49745,355201
2017-05-22,1.50047,1.50717,1.49645,1.50277,334917
2017-05-23,1.50234,1.50572,1.49332,1.49513,404511
2017-05-24,1.49516,1.50203,1.49294,1.4946,388573
2017-05-25,1.49463,1.50627,1.49411,1.5038200000000002,347911
2017-05-26,1.50313,1.51106,1.49798,1.49978,361528
2017-05-29,1.5002499999999999,1.50455,1.49871,1.50008,191665
2017-05-30,1.50041,1.50203,1.49274,1.49803,351700
2017-05-31,1.4978099999999999,1.51312,1.4941900000000001,1.51298,377722
2017-06-01,1.51274,1.5226600000000001,1.50956,1.5201,354421
2017-06-02,1.52012,1.52179,1.5137,1.5137,338149
2017-06-05,1.51787,1.51861,1.50156,1.50322,317482
2017-06-06,1.50288,1.5109,1.49731,1.50205,448337
2017-06-07,1.50144,1.50301,1.48217,1.49059,478229
2017-06-08,1.49036,1.49484,1.48487,1.48559,367961
2017-06-09,1.4849,1.49217,1.48207,1.48657,372700
2017-06-12,1.48749,1.49087,1.48423,1.48553,358267
2017-06-13,1.48544,1.48957,1.47995,1.48721,363332
2017-06-14,1.48694,1.48872,1.4754800000000001,1.47783,545608
2017-06-15,1.4779499999999999,1.47974,1.46894,1.47028,523771
2017-06-16,1.4702,1.4712399999999999,1.46596,1.46655,416397
2017-06-19,1.4693399999999999,1.4754800000000001,1.46645,1.46701,355166
2017-06-20,1.46645,1.47067,1.46257,1.46879,395177
2017-06-21,1.468,1.47859,1.46708,1.47815,388309
2017-06-22,1.47683,1.48144,1.47363,1.47838,366174
2017-06-23,1.47834,1.4803899999999999,1.47335,1.47658,322492
2017-06-26,1.47993,1.48038,1.47313,1.474,369020
2017-06-27,1.4739499999999999,1.4960200000000001,1.46811,1.49501,459012
2017-06-28,1.4950700000000001,1.49979,1.4864600000000001,1.4891,526584
2017-06-29,1.48911,1.4925899999999999,1.48523,1.4888,400785
2017-06-30,1.48877,1.48998,1.48212,1.48538,393585
2017-07-03,1.4846599999999999,1.48826,1.4825300000000001,1.48389,314395
2017-07-04,1.48304,1.49511,1.47986,1.49176,277515
2017-07-05,1.49108,1.49655,1.4874800000000001,1.49241,332110
2017-07-06,1.49275,1.5067300000000001,1.49026,1.50597,333728
2017-07-07,1.50563,1.50742,1.4893,1.48932,344506
2017-07-10,1.49862,1.50261,1.49757,1.49839,256174
2017-07-11,1.49831,1.5037099999999999,1.49279,1.50134,305568
2017-07-12,1.50047,1.50245,1.48548,1.48598,381714
2017-07-13,1.48568,1.48944,1.4705300000000001,1.4741,359280
2017-07-14,1.47339,1.4751400000000001,1.46173,1.46173,336797
2017-07-17,1.46525,1.47284,1.46242,1.47201,327334
2017-07-18,1.47092,1.4776500000000001,1.4534099999999999,1.45905,475871
2017-07-19,1.45874,1.46028,1.44715,1.44774,337224
2017-07-20,1.44752,1.46476,1.4417900000000001,1.46128,464464
2017-07-21,1.4607700000000001,1.47746,1.46066,1.47247,369690
2017-07-24,1.47433,1.47581,1.46191,1.4690699999999999,324888
2017-07-25,1.46901,1.47272,1.46569,1.46727,356401
2017-07-26,1.46704,1.4765,1.46463,1.4656799999999999,441220
2017-07-27,1.4654,1.4674,1.45648,1.46571,464372
2017-07-28,1.46503,1.4748700000000001,1.46461,1.4708700000000001,404607
2017-07-31,1.46986,1.48082,1.4684300000000001,1.47972,350407
2017-08-01,1.47915,1.48365,1.47017,1.48092,383112
2017-08-02,1.4806300000000001,1.4901200000000001,1.4803600000000001,1.48852,365272
2017-08-03,1.48733,1.49582,1.48663,1.49367,370277
2017-08-04,1.49279,1.4965,1.48206,1.48427,363268
2017-08-07,1.48581,1.49247,1.48335,1.4906,271689
2017-08-08,1.49006,1.49219,1.4824,1.48573,320774
2017-08-09,1.4842,1.49367,1.4837099999999999,1.49057,388917
2017-08-10,1.49054,1.49603,1.48462,1.49502,356582
2017-08-11,1.49442,1.50105,1.49349,1.49628,354678
2017-08-14,1.49726,1.50193,1.49317,1.50027,301493
2017-08-15,1.49957,1.50143,1.49579,1.50041,342548
2017-08-16,1.49949,1.5013800000000002,1.4824,1.48345,365274
2017-08-17,1.48431,1.48723,1.47324,1.48692,400092
2017-08-18,1.4859200000000001,1.4881,1.47929,1.48223,370923
2017-08-21,1.48276,1.48994,1.48071,1.4880200000000001,244003
2017-08-22,1.48762,1.4895399999999999,1.48309,1.48641,277455
2017-08-23,1.48611,1.49664,1.4857,1.49393,306313
2017-08-24,1.49299,1.49891,1.49217,1.49342,301619
2017-08-25,1.49159,1.50346,1.48828,1.50205,349868
2017-08-28,1.50607,1.5066000000000002,1.49982,1.5036,241060
2017-08-29,1.502,1.51739,1.5019900000000002,1.50606,459503
2017-08-30,1.50396,1.50923,1.4978500000000001,1.50392,379456
2017-08-31,1.50251,1.50871,1.49709,1.49796,408338
2017-09-01,1.49797,1.5043199999999999,1.48692,1.48869,391833
2017-09-04,1.49491,1.4990999999999999,1.49002,1.49648,250274
2017-09-05,1.49634,1.49789,1.48345,1.49014,413440
2017-09-06,1.4891,1.49804,1.48583,1.48965,396154
2017-09-07,1.48857,1.49962,1.48685,1.49406,418184
2017-09-08,1.49332,1.4944,1.48643,1.49372,432326
2017-09-11,1.4905,1.49496,1.4880499999999999,1.48904,311339
2017-09-12,1.4887000000000001,1.49396,1.48449,1.49146,320468
2017-09-13,1.49155,1.49454,1.48779,1.48814,367054
2017-09-14,1.48785,1.49234,1.4812,1.4882900000000001,383706
2017-09-15,1.48826,1.49672,1.48628,1.49256,339002
2017-09-18,1.4901499999999999,1.50328,1.4870999999999999,1.50102,286088
2017-09-19,1.50105,1.50322,1.49394,1.49682,338445
2017-09-20,1.49674,1.49891,1.48044,1.48054,370414
2017-09-21,1.48044,1.50647,1.47904,1.5042900000000001,366972
2017-09-22,1.50484,1.51081,1.4988000000000001,1.5054699999999999,325046
2017-09-25,1.49584,1.50082,1.4895100000000001,1.49268,335448
2017-09-26,1.49233,1.4968,1.4901,1.4948000000000001,368179
2017-09-27,1.49464,1.49901,1.49087,1.49617,385160
2017-09-28,1.496,1.50746,1.49491,1.49987,361079
2017-09-29,1.4997,1.51013,1.49926,1.5079799999999999,310475
2017-10-02,1.50431,1.5067,1.4984600000000001,1.49868,297923
2017-10-03,1.49847,1.50545,1.49703,1.49858,292666
2017-10-04,1.49828,1.49979,1.49445,1.49445,294648
2017-10-05,1.49506,1.50485,1.49504,1.50194,281241
2017-10-06,1.50214,1.51295,1.50194,1.50765,341673
2017-10-09,1.5088300000000001,1.5149,1.5082200000000001,1.5138500000000001,170725
2017-10-10,1.51383,1.51888,1.51092,1.51796,286496
2017-10-11,1.51762,1.52416,1.51438,1.5222099999999998,296945
2017-10-12,1.52215,1.52318,1.51129,1.5120900000000002,285844
2017-10-13,1.5119799999999999,1.5129899999999998,1.49699,1.49736,306089
2017-10-16,1.49762,1.50329,1.49498,1.5023300000000002,264391
2017-10-17,1.5022600000000002,1.50393,1.49634,1.49962,282019
2017-10-18,1.49933,1.5043600000000001,1.4981499999999999,1.5022600000000002,282830
2017-10-19,1.50205,1.5058,1.49856,1.50383,355375
2017-10-20,1.50369,1.5088,1.50252,1.50657,339606
2017-10-23,1.5039,1.50712,1.50148,1.5047899999999998,261382
2017-10-24,1.50439,1.51377,1.50363,1.51221,300336
2017-10-25,1.51193,1.53519,1.51052,1.5332599999999998,373401
2017-10-26,1.5326300000000002,1.53925,1.51959,1.52035,385928
2017-10-27,1.52121,1.5253999999999999,1.51045,1.51136,380933
2017-10-30,1.51147,1.5178099999999999,1.51064,1.51525,273608
2017-10-31,1.5152999999999999,1.52336,1.51264,1.52089,262381
2017-11-01,1.52051,1.5224,1.51174,1.51361,308608
2017-11-02,1.51316,1.51538,1.50858,1.5108700000000002,343622
2017-11-03,1.51113,1.5210599999999999,1.5104,1.5160200000000001,271433
2017-11-06,1.51748,1.51945,1.50918,1.50926,246505
2017-11-07,1.5090599999999998,1.51749,1.508,1.5151400000000002,281278
2017-11-08,1.51544,1.51694,1.50858,1.5098099999999999,239988
2017-11-09,1.50956,1.5202,1.50824,1.51549,310882
2017-11-10,1.5149,1.52346,1.51361,1.52248,254867
2017-11-13,1.5227,1.53045,1.51962,1.53029,290106
2017-11-14,1.53009,1.54728,1.52783,1.54548,383899
2017-11-15,1.54555,1.56066,1.545,1.55355,418286
2017-11-16,1.55355,1.55599,1.54834,1.5510000000000002,364409
2017-11-17,1.55106,1.5657299999999998,1.5502099999999999,1.5580500000000002,389812
2017-11-20,1.55653,1.56067,1.55056,1.5538699999999999,381583
2017-11-21,1.55379,1.5592000000000001,1.54588,1.54871,357317
2017-11-22,1.54846,1.55643,1.54645,1.55146,363648
2017-11-23,1.55047,1.55596,1.55047,1.55363,256578
2017-11-24,1.55318,1.56737,1.55212,1.56588,331951
2017-11-27,1.5652,1.56974,1.56147,1.56513,333503
2017-11-28,1.56457,1.5688499999999999,1.55679,1.55835,398898
2017-11-29,1.55837,1.56795,1.5574599999999998,1.5640100000000001,404823
2017-11-30,1.56418,1.5750199999999999,1.5613000000000001,1.5726,446112
2017-12-01,1.57256,1.57707,1.55769,1.5627,538375
2017-12-04,1.56148,1.56385,1.55627,1.56154,375622
2017-12-05,1.5611000000000002,1.5615999999999999,1.54929,1.5545,394917
2017-12-06,1.55445,1.56311,1.54854,1.55939,375193
2017-12-07,1.55919,1.5695700000000001,1.5584799999999999,1.56707,352659
2017-12-08,1.56704,1.56843,1.5594000000000001,1.56692,355198
2017-12-11,1.56572,1.56832,1.56247,1.56337,300004
2017-12-12,1.5636299999999999,1.56592,1.55167,1.5530599999999999,312220
2017-12-13,1.55273,1.5556999999999999,1.54402,1.5484200000000001,345412
2017-12-14,1.54833,1.55217,1.53468,1.53587,433574
2017-12-15,1.5359699999999998,1.54104,1.5321500000000001,1.53639,365458
2017-12-18,1.53533,1.54251,1.5341399999999998,1.53666,388939
2017-12-19,1.5372400000000002,1.5467300000000002,1.53601,1.5448499999999998,418867
2017-12-20,1.54474,1.5527199999999999,1.54188,1.54817,408774
2017-12-21,1.54803,1.55203,1.53946,1.5411000000000001,384463
2017-12-22,1.54085,1.54166,1.53254,1.53849,364275
2017-12-26,1.5353400000000001,1.5384,1.5341900000000002,1.5342500000000001,135732
2017-12-27,1.53427,1.53573,1.5278800000000001,1.5299800000000001,331866
2017-12-28,1.5309,1.5349,1.5287199999999999,1.53144,315346
2017-12-29,1.53126,1.5393599999999998,1.52995,1.5372,325780
2018-01-02,1.5383,1.54304,1.5321500000000001,1.53925,367891
2018-01-03,1.5393400000000002,1.54311,1.53155,1.53298,399163
2018-01-04,1.53277,1.54158,1.53122,1.53417,416489
2018-01-05,1.53416,1.53948,1.52888,1.52976,370174
2018-01-08,1.52847,1.53413,1.52527,1.52596,320204
2018-01-09,1.5259399999999999,1.5274100000000002,1.52164,1.5255999999999998,399006
2018-01-10,1.52541,1.5311599999999999,1.5230700000000001,1.52308,533978
2018-01-11,1.5232700000000001,1.53126,1.51547,1.5244900000000001,517389
2018-01-12,1.5247199999999999,1.54466,1.524,1.54087,589239
2018-01-15,1.54165,1.54409,1.5352000000000001,1.53921,444692
2018-01-16,1.53903,1.54243,1.53407,1.5393400000000002,510462
2018-01-17,1.54007,1.54101,1.52667,1.52858,612248
2018-01-18,1.52821,1.5344,1.52577,1.52861,545928
2018-01-19,1.52942,1.5324900000000001,1.5269300000000001,1.52799,517254
2018-01-22,1.53319,1.53352,1.52691,1.52908,405336
2018-01-23,1.52909,1.53982,1.52848,1.53662,499716
2018-01-24,1.53688,1.53983,1.52789,1.5390000000000001,475385
2018-01-25,1.5394299999999999,1.5495100000000002,1.53342,1.54315,679353
2018-01-26,1.54332,1.5467499999999998,1.5294699999999999,1.53162,659656
2018-01-29,1.5327199999999999,1.536,1.5259399999999999,1.52921,579983
2018-01-30,1.5295100000000001,1.53791,1.5277500000000002,1.5340099999999999,601282
2018-01-31,1.53397,1.54249,1.53132,1.54066,672555
2018-02-01,1.54037,1.55759,1.53929,1.5554000000000001,629952
2018-02-02,1.55596,1.5731000000000002,1.55521,1.57214,696069
2018-02-05,1.5710899999999999,1.57578,1.56339,1.5691000000000002,730284
2018-02-06,1.56942,1.5796700000000001,1.56461,1.56524,1034662
2018-02-07,1.56505,1.57465,1.56385,1.56742,666512
2018-02-08,1.5664500000000001,1.57447,1.56482,1.57395,828650
2018-02-09,1.5736400000000001,1.57846,1.56471,1.56822,793751
2018-02-12,1.5666,1.5712199999999998,1.5623,1.56288,543215
2018-02-13,1.5632700000000002,1.57803,1.5607,1.57126,540681
2018-02-14,1.57152,1.58167,1.56908,1.57055,723560
2018-02-15,1.57033,1.58047,1.5675,1.5733700000000002,648414
2018-02-16,1.57383,1.57736,1.5676,1.56891,614375
2018-02-19,1.56786,1.5700699999999999,1.56509,1.56755,383550
2018-02-20,1.5670899999999999,1.57003,1.56055,1.56444,578977
2018-02-21,1.56459,1.57477,1.5614400000000002,1.57365,605283
2018-02-22,1.57402,1.5755,1.56759,1.57141,551162
2018-02-23,1.57138,1.57592,1.5673,1.5675,460225
2018-02-26,1.56737,1.5718,1.56183,1.56739,445887
2018-02-27,1.56762,1.57348,1.5659800000000001,1.57033,536339
2018-02-28,1.57026,1.57165,1.56262,1.57073,527236
2018-03-01,1.57092,1.58165,1.57001,1.58073,651027
2018-03-02,1.5806499999999999,1.59198,1.5786799999999999,1.5864099999999999,599791
2018-03-05,1.5878299999999999,1.59368,1.58588,1.58833,609526
2018-03-06,1.58864,1.59109,1.58232,1.58418,592655
2018-03-07,1.58449,1.59775,1.58432,1.58556,670424
2018-03-08,1.58574,1.59409,1.57883,1.5793300000000001,596683
2018-03-09,1.57948,1.5825,1.5675,1.5676299999999999,539643
2018-03-12,1.56759,1.56848,1.56223,1.5664,400538
2018-03-13,1.5672700000000002,1.57924,1.56479,1.57686,523526
2018-03-14,1.5763500000000001,1.57829,1.56384,1.57038,503307
2018-03-15,1.56968,1.57951,1.5695299999999999,1.5775700000000001,510641
2018-03-16,1.5774,1.59382,1.577,1.59283,456207
2018-03-19,1.5910600000000001,1.60263,1.5898400000000001,1.59866,502045
2018-03-20,1.59826,1.60402,1.59211,1.59326,453775
2018-03-21,1.5928200000000001,1.6000100000000002,1.58594,1.58931,508306
2018-03-22,1.58865,1.60041,1.58731,1.59882,599156
2018-03-23,1.5984699999999998,1.6055899999999999,1.5943800000000001,1.60468,573083
2018-03-26,1.60266,1.6132499999999999,1.59753,1.60571,453335
2018-03-27,1.60664,1.61608,1.60524,1.61459,503382
2018-03-28,1.61442,1.6191200000000001,1.60501,1.6059,569406
2018-03-29,1.60628,1.61181,1.5996000000000001,1.60198,448274
2018-03-30,1.60185,1.60438,1.5981999999999998,1.6024699999999998,338362
2018-04-02,1.6007500000000001,1.60852,1.60039,1.60507,270715
2018-04-03,1.60463,1.6067399999999998,1.59354,1.59634,426027
2018-04-04,1.5961699999999999,1.60567,1.59008,1.59083,401340
2018-04-05,1.59058,1.5991,1.5898400000000001,1.59245,348493
2018-04-06,1.5920299999999998,1.60224,1.5908799999999998,1.60011,454751
2018-04-09,1.59851,1.6060699999999999,1.5946500000000001,1.60008,367956
2018-04-10,1.59962,1.60183,1.58906,1.59162,387221
2018-04-11,1.59168,1.59947,1.59063,1.59451,370433
2018-04-12,1.5931600000000001,1.59633,1.58697,1.58906,375886
2018-04-13,1.58861,1.59008,1.57748,1.58766,314043
2018-04-16,1.58704,1.59478,1.58483,1.59048,278461
2018-04-17,1.5905399999999998,1.5954899999999999,1.5879699999999999,1.59236,284051
2018-04-18,1.59231,1.5964800000000001,1.58818,1.58937,305396
2018-04-19,1.58908,1.5992899999999999,1.58483,1.59661,370548
2018-04-20,1.59622,1.60302,1.59619,1.60149,350867
2018-04-23,1.5992199999999999,1.60596,1.59747,1.6052300000000002,323989
2018-04-24,1.605,1.6114000000000002,1.60208,1.6086,341638
2018-04-25,1.6085099999999999,1.61402,1.60738,1.6074000000000002,395816
2018-04-26,1.60694,1.61104,1.60121,1.60179,467796
2018-04-27,1.6017299999999999,1.6053600000000001,1.59673,1.5998700000000001,323370
2018-04-30,1.59988,1.60574,1.5992199999999999,1.6033,299229
2018-05-01,1.60274,1.6048,1.59985,1.60059,362865
2018-05-02,1.6008200000000001,1.6040299999999998,1.59336,1.59447,518390
2018-05-03,1.59422,1.59672,1.5891199999999999,1.59157,530604
2018-05-04,1.5914899999999998,1.59268,1.5843699999999998,1.5862,402571
2018-05-07,1.5843500000000001,1.59158,1.58382,1.58476,325896
2018-05-08,1.5855299999999999,1.5943100000000001,1.58488,1.59084,528834
2018-05-09,1.59044,1.59633,1.58757,1.58757,499350
2018-05-10,1.58934,1.59033,1.58136,1.58154,589986
2018-05-11,1.58121,1.5850499999999998,1.57758,1.58317,453266
2018-05-14,1.5821,1.5884200000000002,1.58151,1.58388,403770
2018-05-15,1.5843500000000001,1.5888499999999999,1.58354,1.5836999999999999,537482
2018-05-16,1.58373,1.58673,1.56895,1.5707499999999999,585608
2018-05-17,1.57053,1.573,1.5659,1.56961,535354
2018-05-18,1.5693899999999998,1.57277,1.56538,1.56691,456117
2018-05-21,1.56419,1.56627,1.55318,1.55484,436540
2018-05-22,1.55446,1.55682,1.54886,1.55434,503865
2018-05-23,1.55438,1.5619399999999999,1.5465499999999999,1.5465499999999999,683838
2018-05-24,1.54624,1.55268,1.5459399999999999,1.54651,602613
2018-05-25,1.54668,1.54884,1.54053,1.5431,524791
2018-05-28,1.545,1.54958,1.5371700000000001,1.53991,452483
2018-05-29,1.53979,1.54557,1.5315400000000001,1.53725,735833
2018-05-30,1.53636,1.54403,1.53623,1.53897,578059
2018-05-31,1.53871,1.54606,1.53696,1.54455,539460
2018-06-01,1.54446,1.55302,1.53945,1.54032,476386
2018-06-04,1.54044,1.54236,1.52744,1.52875,414249
2018-06-05,1.5284,1.53937,1.52729,1.53823,444548
2018-06-06,1.53742,1.53918,1.5282200000000001,1.5353400000000001,410173
2018-06-07,1.53576,1.55128,1.53505,1.54724,485376
2018-06-08,1.5468600000000001,1.5558100000000001,1.54658,1.54852,495051
2018-06-11,1.55008,1.5525799999999998,1.54805,1.54818,289069
2018-06-12,1.54731,1.55192,1.54423,1.55072,366318
2018-06-13,1.55069,1.5594299999999999,1.5488300000000002,1.55549,392511
2018-06-14,1.55558,1.5693000000000001,1.54261,1.54617,475001
2018-06-15,1.54645,1.56029,1.54631,1.55949,426471
2018-06-18,1.5567600000000001,1.56654,1.55433,1.56527,299247
2018-06-19,1.56524,1.57512,1.56386,1.5692,512077
2018-06-20,1.5689600000000001,1.57221,1.56178,1.57035,421146
2018-06-21,1.5688900000000001,1.5743,1.5631599999999999,1.5714700000000001,489617
2018-06-22,1.57173,1.57559,1.5652599999999999,1.5654,437406
2018-06-25,1.56654,1.58178,1.56574,1.5783399999999999,387276
2018-06-26,1.57849,1.5823,1.57466,1.5747200000000001,433249
2018-06-27,1.57426,1.5826500000000001,1.56968,1.57329,519868
2018-06-28,1.57321,1.57854,1.5713,1.57245,485502
2018-06-29,1.5719699999999999,1.58088,1.57169,1.57693,503553
2018-07-02,1.57559,1.5870600000000001,1.5747,1.58521,358154
2018-07-03,1.58556,1.5887799999999999,1.57473,1.5779,370800
2018-07-04,1.57755,1.5809600000000001,1.57274,1.57754,303366
2018-07-05,1.57741,1.58705,1.57741,1.5821,369496
2018-07-06,1.58199,1.58504,1.5778400000000001,1.58039,349866
2018-07-09,1.5781800000000001,1.58148,1.57227,1.57328,292214
2018-07-10,1.5737,1.5760100000000001,1.56997,1.57399,310773
2018-07-11,1.57458,1.58816,1.57403,1.58422,453190
2018-07-12,1.58439,1.5859100000000002,1.5749900000000001,1.5750199999999999,342872
2018-07-13,1.57517,1.5772,1.5712199999999998,1.57376,334023
2018-07-16,1.57474,1.5795400000000002,1.57177,1.57805,316028
2018-07-17,1.57772,1.58276,1.57532,1.57778,375645
2018-07-18,1.57767,1.58305,1.5726499999999999,1.57313,413717
2018-07-19,1.57273,1.58465,1.56563,1.58194,579583
2018-07-20,1.58171,1.589,1.57805,1.57968,501029
2018-07-23,1.5795599999999999,1.58626,1.5785200000000001,1.58344,300044
2018-07-24,1.5835599999999999,1.58692,1.57408,1.5741399999999999,336199
2018-07-25,1.57354,1.58074,1.5699800000000002,1.57297,360636
2018-07-26,1.57293,1.5806499999999999,1.57286,1.57809,335803
2018-07-27,1.57653,1.57876,1.57193,1.57464,284971
2018-07-30,1.5746,1.58188,1.57368,1.57988,213701
2018-07-31,1.57991,1.58194,1.5722800000000001,1.5737700000000001,309443
2018-08-01,1.57354,1.57884,1.5729899999999999,1.5745,287680
2018-08-02,1.57473,1.5793,1.57272,1.57355,265057
2018-08-03,1.57317,1.5750199999999999,1.56276,1.5636,302621
2018-08-06,1.56298,1.5657,1.56141,1.56398,203001
2018-08-07,1.5636999999999999,1.56522,1.55786,1.56254,227565
2018-08-08,1.56143,1.56749,1.56057,1.56166,233155
2018-08-09,1.56227,1.5652300000000001,1.5587,1.56335,259460
2018-08-10,1.56278,1.5702,1.56034,1.56365,477281
2018-08-13,1.5626799999999998,1.56955,1.5615700000000001,1.56857,407120
2018-08-14,1.56843,1.57261,1.56638,1.56681,326702
2018-08-15,1.56576,1.5716,1.5649899999999999,1.5669,345979
2018-08-16,1.5667900000000001,1.57212,1.5627499999999999,1.5659800000000001,364220
2018-08-17,1.5662500000000001,1.56827,1.56297,1.56338,298332
2018-08-20,1.56287,1.56626,1.5601699999999998,1.56405,230424
2018-08-21,1.5634700000000001,1.57182,1.56332,1.57002,306181
2018-08-22,1.57037,1.57969,1.57005,1.57706,307665
2018-08-23,1.5768,1.59324,1.57544,1.59161,287816
2018-08-24,1.59087,1.59458,1.58293,1.58603,294262
2018-08-27,1.58457,1.59017,1.58386,1.58921,235865
2018-08-28,1.5886,1.59537,1.58791,1.59287,271762
2018-08-29,1.5932300000000001,1.60549,1.59121,1.60107,307856
2018-08-30,1.60088,1.60836,1.59837,1.60578,308073
2018-08-31,1.60531,1.61598,1.60511,1.6126,358867
2018-09-03,1.6117599999999999,1.61724,1.6075300000000001,1.61025,222328
2018-09-04,1.6098,1.61502,1.60388,1.61281,297576
2018-09-05,1.61212,1.62012,1.60697,1.61634,313012
2018-09-06,1.61672,1.6221,1.613,1.61414,313282
2018-09-07,1.6130900000000001,1.62889,1.61252,1.62612,338498
2018-09-10,1.62554,1.63191,1.6223999999999998,1.62903,234777
2018-09-11,1.62826,1.63534,1.62808,1.6295199999999999,265228
2018-09-12,1.6284,1.63396,1.6196000000000002,1.6210900000000001,276187
2018-09-13,1.62079,1.62625,1.61362,1.62469,273915
2018-09-14,1.62385,1.6285500000000002,1.62262,1.6242999999999999,240208
2018-09-17,1.62355,1.6282299999999998,1.62344,1.62643,212296
2018-09-18,1.6263999999999998,1.63326,1.61552,1.61552,306474
2018-09-19,1.6152199999999999,1.61699,1.60582,1.60637,265507
2018-09-20,1.60632,1.61699,1.6051,1.61478,266374
2018-09-21,1.6145800000000001,1.61756,1.6115300000000001,1.61208,233964
2018-09-24,1.6155300000000001,1.62424,1.6133199999999999,1.61959,201887
2018-09-25,1.61867,1.6253,1.61836,1.62269,217246
2018-09-26,1.62233,1.62345,1.61199,1.61687,235728
2018-09-27,1.6164,1.62106,1.6148,1.61486,271120
2018-09-28,1.6146500000000001,1.61574,1.6029499999999999,1.60693,249826
2018-10-01,1.60697,1.60928,1.60104,1.60246,221848
2018-10-02,1.60194,1.6082,1.5984500000000001,1.60606,264455
2018-10-03,1.6061,1.6179999999999999,1.60553,1.6156199999999998,276008
2018-10-04,1.61518,1.62785,1.61402,1.62659,277648
2018-10-05,1.62695,1.63525,1.6248399999999998,1.63395,339463
2018-10-08,1.63235,1.63469,1.6225,1.62304,218486
2018-10-09,1.62233,1.62616,1.61749,1.61776,243932
2018-10-10,1.6173899999999999,1.63529,1.6146099999999999,1.63212,250909
2018-10-11,1.63321,1.6356899999999999,1.6227800000000001,1.6272199999999999,375122
2018-10-12,1.6255899999999999,1.63011,1.6177700000000002,1.62481,269062
2018-10-15,1.62131,1.6268799999999999,1.62104,1.62368,237450
2018-10-16,1.62374,1.62838,1.62016,1.6204800000000001,239611
2018-10-17,1.62052,1.62256,1.61578,1.61734,288760
2018-10-18,1.61633,1.6183,1.6102400000000001,1.6130499999999999,325725
2018-10-19,1.6130499999999999,1.61842,1.6047799999999999,1.61661,321019
2018-10-22,1.61802,1.62271,1.61486,1.6187,278929
2018-10-23,1.61814,1.6249099999999999,1.61775,1.6186500000000001,334609
2018-10-24,1.6177700000000002,1.61986,1.6052300000000002,1.61338,357734
2018-10-25,1.61218,1.61602,1.6033,1.60605,343630
2018-10-26,1.60562,1.61886,1.6052,1.60865,390343
2018-10-29,1.60467,1.61498,1.60277,1.6104,318318
2018-10-30,1.61104,1.61174,1.59538,1.59649,301655
2018-10-31,1.59555,1.60337,1.59555,1.59833,288164
2018-11-01,1.59848,1.59945,1.58163,1.58311,294310
2018-11-02,1.58228,1.58529,1.5741399999999999,1.58162,329113
2018-11-05,1.58267,1.58513,1.5793599999999999,1.58171,249080
2018-11-06,1.58122,1.58312,1.57539,1.57641,259263
2018-11-07,1.57707,1.5825900000000002,1.56979,1.5697999999999999,360287
2018-11-08,1.56979,1.5733000000000001,1.56312,1.56563,312131
2018-11-09,1.56559,1.56958,1.5634700000000001,1.56821,314924
2018-11-12,1.56721,1.56872,1.56128,1.56344,281491
2018-11-13,1.5636100000000002,1.56657,1.55738,1.5636100000000002,326091
2018-11-14,1.5634700000000001,1.5692599999999999,1.56288,1.56296,360447
2018-11-15,1.56278,1.56493,1.55191,1.55617,364252
2018-11-16,1.55594,1.56427,1.55525,1.55644,287715
2018-11-19,1.5604900000000002,1.57222,1.5577,1.56967,232214
2018-11-20,1.56967,1.57709,1.56692,1.57592,298809
2018-11-21,1.57467,1.57804,1.5662099999999999,1.5671599999999999,255286
2018-11-22,1.56685,1.57568,1.5666,1.5716,196227
2018-11-23,1.57123,1.5754899999999998,1.56432,1.5657999999999999,220698
2018-11-26,1.56745,1.57006,1.56325,1.56854,233274
2018-11-27,1.5688,1.57044,1.5594700000000001,1.56179,281282
2018-11-28,1.56201,1.5632700000000002,1.55175,1.55551,280948
2018-11-29,1.55549,1.55892,1.55047,1.5563,289594
2018-11-30,1.55551,1.55799,1.54672,1.54695,263161
2018-12-03,1.53796,1.5441500000000001,1.53456,1.54278,246857
2018-12-04,1.54165,1.54651,1.54026,1.54531,305814
2018-12-05,1.54505,1.5624500000000001,1.5421200000000002,1.56029,200895
2018-12-06,1.5600399999999999,1.57847,1.5594299999999999,1.57175,373334
2018-12-07,1.57073,1.58448,1.5706099999999998,1.58242,324387
2018-12-10,1.58454,1.5884200000000002,1.57891,1.5790600000000001,316594
2018-12-11,1.5791,1.58172,1.56986,1.57035,293148
2018-12-12,1.57009,1.57629,1.56718,1.5742099999999999,297735
2018-12-13,1.57386,1.57647,1.56717,1.57146,264949
2018-12-14,1.5715400000000002,1.5822,1.57084,1.57585,270035
2018-12-17,1.57491,1.5822,1.5739800000000002,1.58087,219933
2018-12-18,1.58038,1.5854599999999999,1.57647,1.58167,246982
2018-12-19,1.58276,1.60368,1.58052,1.60002,291180
2018-12-20,1.59977,1.61421,1.59721,1.6094,346059
2018-12-21,1.60899,1.61545,1.6023399999999999,1.61449,288552
2018-12-24,1.61615,1.62033,1.61046,1.6179299999999999,196771
2018-12-26,1.61923,1.62273,1.60494,1.60622,150323
2018-12-27,1.6066099999999999,1.63152,1.60468,1.62531,328661
2018-12-28,1.6248399999999998,1.62687,1.62018,1.625,256303
2018-12-31,1.62302,1.62691,1.6160999999999999,1.62609,175961
2019-01-02,1.62489,1.6347399999999999,1.6188500000000001,1.6238299999999999,277852
2019-01-03,1.62406,1.6838199999999999,1.62304,1.62608,366960
2019-01-04,1.62612,1.6305100000000001,1.60005,1.60072,300939
2019-01-07,1.59772,1.60861,1.59734,1.6048900000000001,231975
2019-01-08,1.60492,1.60746,1.60043,1.60201,246411
2019-01-09,1.60195,1.61014,1.5968900000000001,1.60934,296469
2019-01-10,1.6093199999999999,1.61534,1.5994199999999998,1.60022,257875
2019-01-11,1.59989,1.6023,1.5886,1.58868,239358
2019-01-14,1.58826,1.5988099999999998,1.58753,1.59342,201405
2019-01-15,1.59297,1.5944,1.58278,1.58439,248165
2019-01-16,1.58412,1.59123,1.58045,1.58887,200739
2019-01-17,1.58887,1.59212,1.5782699999999998,1.5830199999999999,223930
2019-01-18,1.58284,1.5880100000000001,1.5773000000000001,1.58334,196081
2019-01-21,1.58498,1.59141,1.5842100000000001,1.5873,154986
2019-01-22,1.587,1.59657,1.587,1.59476,196954
2019-01-23,1.59388,1.59734,1.58921,1.59318,188602
2019-01-24,1.59303,1.60371,1.58899,1.59341,252402
2019-01-25,1.5927799999999999,1.59812,1.5880100000000001,1.58841,236940
2019-01-28,1.5878299999999999,1.5968499999999999,1.5850300000000002,1.5943,180972
2019-01-29,1.59398,1.6005,1.5939100000000002,1.5974,218367
2019-01-30,1.5968,1.59903,1.58039,1.58353,250227
2019-01-31,1.58348,1.5856,1.57199,1.57295,248204
2019-02-01,1.5730300000000002,1.58169,1.57281,1.58012,219817
2019-02-04,1.57927,1.58582,1.57927,1.58226,180299
2019-02-05,1.58217,1.5897999999999999,1.57288,1.5758100000000002,189282
2019-02-06,1.5757400000000001,1.5993300000000001,1.57435,1.5987,213616
2019-02-07,1.59812,1.60141,1.59245,1.59629,200228
2019-02-08,1.59633,1.60592,1.5952600000000001,1.59693,183850
2019-02-11,1.59609,1.59979,1.59286,1.59639,173550
2019-02-12,1.59654,1.59817,1.59037,1.59584,194235
2019-02-13,1.59595,1.59734,1.5860400000000001,1.58782,202127
2019-02-14,1.58793,1.5945200000000002,1.58209,1.58935,251329
2019-02-15,1.5892,1.59406,1.5801500000000002,1.58097,216725
2019-02-18,1.58199,1.58723,1.57991,1.58549,164568
2019-02-19,1.58562,1.59139,1.5814599999999999,1.58224,212726
2019-02-20,1.5825399999999998,1.5866500000000001,1.58151,1.58202,233989
2019-02-21,1.58242,1.6019,1.57417,1.5977700000000001,292088
2019-02-22,1.5979100000000002,1.60008,1.58698,1.5893000000000002,235409
2019-02-25,1.5874899999999998,1.58934,1.58086,1.584,200285
2019-02-26,1.58411,1.59001,1.58215,1.5843,209550
2019-02-27,1.5840100000000001,1.59626,1.5819299999999998,1.5917,228877
2019-02-28,1.59275,1.60452,1.58769,1.60236,238088
2019-03-01,1.60199,1.60713,1.5981999999999998,1.60495,200980
2019-03-04,1.60033,1.60556,1.5969,1.59853,211908
2019-03-05,1.5990600000000001,1.6037400000000002,1.59477,1.5957400000000002,196187
2019-03-06,1.59571,1.61209,1.59402,1.60738,206400
2019-03-07,1.6076000000000001,1.61105,1.59324,1.59523,221802
2019-03-08,1.59519,1.60015,1.59292,1.59396,216134
2019-03-11,1.59633,1.59783,1.58952,1.59103,168570
2019-03-12,1.59002,1.5954899999999999,1.5894,1.59416,209089
2019-03-13,1.59344,1.60117,1.5934300000000001,1.59713,181071
2019-03-14,1.59661,1.6056300000000001,1.59616,1.59977,202700
2019-03-15,1.5996299999999999,1.60084,1.59588,1.59801,165828
2019-03-18,1.59741,1.59957,1.59295,1.59618,154044
2019-03-19,1.59548,1.6019999999999999,1.5947,1.60124,166865
2019-03-20,1.6017700000000001,1.60768,1.59672,1.60278,220674
2019-03-21,1.6035300000000001,1.60473,1.59475,1.59864,254496
2019-03-22,1.59887,1.60203,1.58865,1.59592,279543
2019-03-25,1.5946799999999999,1.59819,1.5897000000000001,1.5906099999999999,206987
2019-03-26,1.5900400000000001,1.59168,1.57793,1.5793,210509
2019-03-27,1.57874,1.59161,1.57821,1.58724,251828
2019-03-28,1.58704,1.59032,1.5832600000000001,1.58601,236038
2019-03-29,1.58514,1.5873,1.57932,1.58053,215558
2019-04-01,1.5767,1.57966,1.57443,1.5762399999999999,199018
2019-04-02,1.57652,1.58682,1.5712199999999998,1.58411,202090
2019-04-03,1.5844399999999998,1.5878999999999999,1.57613,1.57889,195106
2019-04-04,1.57908,1.58102,1.57521,1.5770499999999998,170437
2019-04-05,1.57695,1.58135,1.57494,1.57785,163143
2019-04-08,1.57792,1.58402,1.57675,1.5795599999999999,146009
2019-04-09,1.57992,1.5823,1.57585,1.5802800000000001,162109
2019-04-10,1.58036,1.58339,1.57127,1.5716700000000001,195673
2019-04-11,1.57148,1.58172,1.57115,1.5793599999999999,161574
2019-04-12,1.57884,1.5852,1.57356,1.57492,186032
2019-04-15,1.57443,1.57893,1.57332,1.57548,149443
2019-04-16,1.5754299999999999,1.5834000000000001,1.5718,1.5718100000000002,177300
2019-04-17,1.57211,1.57708,1.5682399999999999,1.57327,175271
2019-04-18,1.5729899999999999,1.57647,1.5693700000000002,1.57016,184723
2019-04-19,1.57055,1.5734599999999999,1.56966,1.57103,91130
2019-04-22,1.57139,1.57883,1.57024,1.57732,72246
2019-04-23,1.57768,1.58278,1.57687,1.58057,145522
2019-04-24,1.58066,1.5958,1.58018,1.5901,197359
2019-04-25,1.58992,1.59303,1.58623,1.58626,174471
2019-04-26,1.58617,1.5879699999999999,1.58056,1.5820400000000001,193074
2019-04-29,1.58271,1.5853000000000002,1.5805,1.58472,115209
2019-04-30,1.5846,1.5946500000000001,1.58267,1.59032,170151
2019-05-01,1.59098,1.59883,1.58961,1.5954000000000002,171662
2019-05-02,1.59573,1.59905,1.59394,1.59548,190476
2019-05-03,1.5959699999999999,1.5994000000000002,1.59193,1.59471,188915
2019-05-06,1.6012,1.6063800000000001,1.59816,1.60163,204511
2019-05-07,1.60147,1.60416,1.5904099999999999,1.59599,221864
2019-05-08,1.5952,1.6018599999999998,1.5945,1.6008900000000001,235179
2019-05-09,1.59968,1.6120700000000001,1.59959,1.60411,254045
2019-05-10,1.60411,1.60836,1.6002800000000001,1.60495,280376
2019-05-13,1.60503,1.61877,1.6028,1.61554,221012
2019-05-14,1.61557,1.6194899999999999,1.61254,1.6129799999999999,187085
2019-05-15,1.6131799999999998,1.6204,1.6126,1.6162800000000002,203618
2019-05-16,1.6164100000000001,1.62513,1.61602,1.6209099999999999,179216
2019-05-17,1.62072,1.62614,1.6205500000000002,1.62442,190141
2019-05-20,1.61365,1.62,1.60953,1.6159400000000002,159836
2019-05-21,1.61613,1.62515,1.61219,1.6209,194450
2019-05-22,1.6200999999999999,1.6237599999999999,1.6193499999999998,1.61998,157043
2019-05-23,1.61981,1.62372,1.61737,1.62004,201111
2019-05-24,1.61947,1.62467,1.61624,1.61746,170476
2019-05-27,1.6166399999999999,1.6187,1.61518,1.61769,105630
2019-05-28,1.61652,1.6181,1.61144,1.6115300000000001,183093
2019-05-29,1.61071,1.6138599999999999,1.60859,1.60872,202429
2019-05-30,1.60842,1.61239,1.60495,1.60987,168429
2019-05-31,1.60887,1.61442,1.60682,1.61026,255275
2019-06-03,1.6097000000000001,1.61347,1.6067,1.61066,252071
2019-06-04,1.61063,1.61604,1.60768,1.6091600000000001,260087
2019-06-05,1.60895,1.61494,1.6080999999999999,1.60975,259072
2019-06-06,1.60873,1.61782,1.6069,1.61572,283469
2019-06-07,1.6156000000000001,1.61971,1.6143999999999998,1.6185399999999999,268398
2019-06-10,1.6144500000000002,1.62643,1.6144500000000002,1.62481,209578
2019-06-11,1.6246800000000001,1.62877,1.62411,1.62646,231210
2019-06-12,1.62683,1.6326,1.6263999999999998,1.62858,243154
2019-06-13,1.62827,1.63619,1.62716,1.6303800000000002,209173
2019-06-14,1.63032,1.63628,1.6300599999999998,1.63117,231766
2019-06-17,1.62984,1.6387399999999999,1.62964,1.63665,168060
2019-06-18,1.63662,1.6447500000000002,1.62734,1.62734,244866
2019-06-19,1.6270099999999998,1.6343299999999998,1.62641,1.63091,235666
2019-06-20,1.6303999999999998,1.63624,1.62953,1.63071,302820
2019-06-21,1.62967,1.64165,1.6286,1.6414900000000001,270587
2019-06-24,1.63922,1.64117,1.63457,1.63646,223081
2019-06-25,1.63574,1.63991,1.63147,1.63253,318578
2019-06-26,1.6323400000000001,1.634,1.62402,1.6272600000000002,263631
2019-06-27,1.62706,1.6284999999999998,1.62192,1.6219299999999999,222437
2019-06-28,1.62191,1.6254300000000002,1.61856,1.6187,212636
2019-07-01,1.61578,1.62587,1.61416,1.61995,267488
2019-07-02,1.61985,1.62087,1.6131600000000001,1.61321,228951
2019-07-03,1.61307,1.6165500000000002,1.6024699999999998,1.60419,207449
2019-07-04,1.60422,1.60816,1.60236,1.60663,111781
2019-07-05,1.60642,1.61105,1.60358,1.6079599999999998,204745
2019-07-08,1.60823,1.6096300000000001,1.60486,1.60805,119863
2019-07-09,1.60798,1.6188799999999999,1.60758,1.6174300000000001,143650
2019-07-10,1.61741,1.62306,1.61529,1.6164399999999999,198701
2019-07-11,1.61674,1.619,1.61157,1.6132900000000001,197977
2019-07-12,1.6131799999999998,1.6142699999999999,1.60442,1.60468,174900
2019-07-15,1.60595,1.6073,1.5989,1.59894,134685
2019-07-16,1.59917,1.60097,1.59446,1.5982699999999999,119263
2019-07-17,1.59825,1.60337,1.59702,1.6008900000000001,85420
2019-07-18,1.6009,1.6033300000000001,1.5923,1.59349,121431
2019-07-19,1.59347,1.5948099999999998,1.58942,1.59234,125917
2019-07-22,1.59231,1.59528,1.5894,1.59293,90303
2019-07-23,1.59293,1.59469,1.58934,1.59148,97056
2019-07-24,1.59148,1.59758,1.59098,1.59629,97105
2019-07-25,1.59631,1.609,1.592,1.60316,133476
2019-07-26,1.60311,1.61103,1.60233,1.6096300000000001,92429
2019-07-29,1.61043,1.61547,1.6092300000000002,1.6146,72169
2019-07-30,1.6146,1.62311,1.6127500000000001,1.62273,99041
2019-07-31,1.6227800000000001,1.62469,1.6146099999999999,1.6176300000000001,155092
2019-08-01,1.61764,1.63141,1.6107200000000002,1.6295199999999999,178753
2019-08-02,1.62947,1.63917,1.62562,1.63305,196638
2019-08-05,1.63344,1.65785,1.63277,1.65774,151578
2019-08-06,1.65757,1.66259,1.64573,1.65621,122314
2019-08-07,1.65578,1.6786699999999999,1.65309,1.65666,136502
2019-08-08,1.65598,1.6605699999999999,1.6427100000000001,1.64303,101922
2019-08-09,1.64304,1.65224,1.6405699999999999,1.65029,90458
2019-08-12,1.65011,1.66231,1.64759,1.66079,92090
2019-08-13,1.66062,1.66216,1.63931,1.6431200000000001,139644
2019-08-14,1.64196,1.65933,1.64126,1.65045,134719
2019-08-15,1.65015,1.65147,1.63565,1.6388099999999999,167095
2019-08-16,1.63828,1.64092,1.63082,1.6364,113677
2019-08-19,1.63547,1.64082,1.63338,1.6374499999999999,80306
2019-08-20,1.6371799999999999,1.64065,1.6309,1.6374,81533
2019-08-21,1.6369500000000001,1.63843,1.63231,1.6343800000000002,79865
2019-08-22,1.63434,1.64192,1.63395,1.63931,109869
2019-08-23,1.63917,1.65255,1.63571,1.6480299999999999,150201
2019-08-26,1.65402,1.66795,1.6362999999999999,1.63829,216769
2019-08-27,1.63826,1.64695,1.63724,1.64225,129786
2019-08-28,1.6423100000000002,1.64653,1.63954,1.6448,128773
2019-08-29,1.64492,1.6501000000000001,1.63964,1.64297,135718
2019-08-30,1.6430500000000001,1.6473499999999999,1.6308500000000001,1.6312,134796
2019-09-02,1.63212,1.6352,1.62975,1.63293,76506
2019-09-03,1.63274,1.63514,1.62196,1.62289,136950
2019-09-04,1.62142,1.6246800000000001,1.6176599999999999,1.62307,134884
2019-09-05,1.62306,1.62415,1.61575,1.61889,151721
2019-09-06,1.6188099999999999,1.62039,1.60926,1.6093,136520
2019-09-09,1.61021,1.6120100000000002,1.60484,1.60933,102726
2019-09-10,1.6092300000000002,1.61186,1.60759,1.60927,105714
2019-09-11,1.60929,1.6128200000000001,1.60118,1.60392,104590
2019-09-12,1.60389,1.61277,1.59051,1.6107900000000002,156052
2019-09-13,1.61063,1.61672,1.60684,1.60867,110972
2019-09-16,1.61327,1.61327,1.60165,1.60208,108675
2019-09-17,1.60161,1.6137899999999998,1.60153,1.61259,123804
2019-09-18,1.61225,1.6182400000000001,1.61165,1.61514,115885
2019-09-19,1.6150799999999998,1.63011,1.61457,1.62514,119946
2019-09-20,1.6249799999999999,1.62971,1.62232,1.62894,114293
2019-09-23,1.6262699999999999,1.62854,1.61997,1.6224699999999999,106519
2019-09-24,1.62229,1.6240700000000001,1.6154199999999999,1.61993,111286
2019-09-25,1.61957,1.62833,1.6167799999999999,1.62053,113551
2019-09-26,1.62046,1.62364,1.6143999999999998,1.61784,99952
2019-09-27,1.6177700000000002,1.62194,1.6131799999999998,1.6170499999999999,92019
2019-09-30,1.6181299999999998,1.62147,1.61188,1.6145,92919
2019-10-01,1.61419,1.6339000000000001,1.6074199999999998,1.6301,125704
2019-10-02,1.63016,1.63676,1.6277300000000001,1.6332900000000001,108167
2019-10-03,1.63328,1.635,1.62571,1.62578,94965
2019-10-04,1.62588,1.62829,1.62077,1.6217000000000001,90823
2019-10-07,1.62497,1.63165,1.6221100000000002,1.62877,96347
2019-10-08,1.62887,1.63127,1.6252,1.62778,119256
2019-10-09,1.6278299999999999,1.63243,1.62569,1.6308,104101
2019-10-10,1.63066,1.6369500000000001,1.62623,1.62754,153833
2019-10-11,1.62754,1.6297700000000002,1.6202999999999999,1.6238299999999999,151033
2019-10-14,1.62443,1.63507,1.62184,1.62662,99569
2019-10-15,1.62718,1.63439,1.62452,1.63321,133371
2019-10-16,1.63347,1.64327,1.63071,1.6373199999999999,129724
2019-10-17,1.63746,1.6399,1.62595,1.62949,110376
2019-10-18,1.62982,1.63061,1.6260400000000002,1.62896,77200
2019-10-21,1.62901,1.63016,1.62192,1.62294,78196
2019-10-22,1.62314,1.62496,1.6205699999999998,1.62205,82479
2019-10-23,1.62212,1.6270099999999998,1.6207,1.62344,80274
2019-10-24,1.6237300000000001,1.63095,1.62339,1.62784,93510
2019-10-25,1.6280000000000001,1.63035,1.62111,1.6242100000000002,63014
2019-10-28,1.62368,1.62716,1.62148,1.6230099999999998,61457
2019-10-29,1.6227800000000001,1.6234899999999999,1.61666,1.6192600000000001,71715
2019-10-30,1.61862,1.62176,1.61538,1.61602,103015
2019-10-31,1.6151900000000001,1.62079,1.6112199999999999,1.61803,111181
2019-11-01,1.61745,1.61963,1.61322,1.61489,86827
2019-11-04,1.6150099999999998,1.61778,1.6122,1.6160299999999999,68396
2019-11-05,1.61624,1.61801,1.6042399999999999,1.6061800000000002,104382
2019-11-06,1.6062400000000001,1.61091,1.60446,1.60709,73285
2019-11-07,1.60723,1.61161,1.59756,1.60162,102870
2019-11-08,1.60174,1.6095000000000002,1.59957,1.6063800000000001,77769
2019-11-11,1.60702,1.6116899999999998,1.6061100000000001,1.61014,56593
2019-11-12,1.6102699999999999,1.6139000000000001,1.60808,1.60892,79878
2019-11-13,1.60906,1.61444,1.60544,1.60929,81562
2019-11-14,1.6092300000000002,1.6260400000000002,1.60861,1.62344,81081
2019-11-15,1.62363,1.6263800000000002,1.6199400000000002,1.62015,64412
2019-11-18,1.62104,1.62697,1.62065,1.62501,65916
2019-11-19,1.62503,1.63068,1.6208900000000002,1.62223,59827
2019-11-20,1.6222699999999999,1.63036,1.62161,1.62724,73999
2019-11-21,1.62732,1.63229,1.62698,1.6290900000000001,80986
2019-11-22,1.62828,1.63148,1.6237,1.62381,69942
2019-11-25,1.62212,1.62666,1.62119,1.62411,58766
2019-11-26,1.62337,1.6273,1.62151,1.62317,67459
2019-11-27,1.6231200000000001,1.62592,1.6211600000000002,1.6228,59767
2019-11-28,1.62262,1.6287099999999999,1.6222699999999999,1.6254499999999998,43993
2019-11-29,1.6247500000000001,1.63143,1.62235,1.62917,53788
2019-12-02,1.62809,1.62941,1.6213899999999999,1.62454,64647
2019-12-03,1.62463,1.6253,1.61475,1.6181100000000002,69512
2019-12-04,1.61816,1.6260599999999998,1.61563,1.61679,78480
2019-12-05,1.6160700000000001,1.6267,1.6160700000000001,1.6242999999999999,61139
2019-12-06,1.6242100000000002,1.6257000000000001,1.6149499999999999,1.61666,62296
2019-12-09,1.6183999999999998,1.62363,1.61696,1.62119,47820
2019-12-10,1.62092,1.6291,1.61907,1.62869,62132
2019-12-11,1.62869,1.6297899999999998,1.6154,1.61816,75111
2019-12-12,1.6184500000000002,1.62104,1.60937,1.61025,86061
2019-12-13,1.6102699999999999,1.62337,1.60678,1.6164100000000001,131956
2019-12-16,1.61541,1.62205,1.61476,1.6183100000000001,68775
2019-12-17,1.6177899999999998,1.63137,1.6177700000000002,1.62714,74234
2019-12-18,1.62669,1.6286100000000001,1.61995,1.62121,59025
2019-12-19,1.62121,1.62291,1.6144699999999998,1.6144699999999998,68197
2019-12-20,1.6145800000000001,1.6159599999999998,1.6032199999999999,1.60481,65263
2019-12-23,1.60652,1.6071900000000001,1.5987200000000001,1.60163,78547
2019-12-24,1.60163,1.60396,1.59939,1.59985,69738
2019-12-26,1.60187,1.60278,1.59704,1.59744,29263
2019-12-27,1.59713,1.6034899999999999,1.59693,1.5996000000000001,103151
2019-12-30,1.59935,1.6034899999999999,1.59803,1.60083,107760
2019-12-31,1.60077,1.60148,1.59631,1.59856,92922
2020-01-02,1.5974599999999999,1.60224,1.59715,1.59731,100365
2020-01-03,1.59713,1.60628,1.59653,1.60535,124986
2020-01-06,1.6078999999999999,1.6150799999999998,1.60479,1.6133,103150
2020-01-07,1.61296,1.62698,1.6122800000000002,1.62305,116026
2020-01-08,1.6232199999999999,1.6293199999999999,1.61611,1.61714,167324
2020-01-09,1.6173,1.6216300000000001,1.6155,1.61903,91754
2020-01-10,1.61897,1.62124,1.60896,1.61155,96362
2020-01-13,1.61094,1.61337,1.60807,1.61249,81176
2020-01-14,1.61249,1.6168900000000002,1.6086200000000002,1.61197,93985
2020-01-15,1.6122,1.61982,1.61125,1.61429,88828
2020-01-16,1.61456,1.61638,1.61014,1.61402,93302
2020-01-17,1.6141100000000002,1.61755,1.61017,1.61311,81376
2020-01-20,1.6135899999999999,1.61619,1.61144,1.61382,54192
2020-01-21,1.61382,1.6210200000000001,1.61226,1.61878,84086
2020-01-22,1.61879,1.62297,1.61699,1.6204100000000001,81199
2020-01-23,1.62052,1.62243,1.6108099999999999,1.6140400000000001,76560
2020-01-24,1.61407,1.6179000000000001,1.61062,1.6147200000000002,58861
2020-01-27,1.6188,1.6313900000000001,1.61687,1.62944,101144
2020-01-28,1.6294499999999998,1.6356000000000002,1.62806,1.6297000000000001,81056
2020-01-29,1.62973,1.6332900000000001,1.62497,1.6296599999999999,83741
2020-01-30,1.62981,1.64683,1.6295,1.64067,110018
2020-01-31,1.64065,1.65931,1.6392600000000002,1.65882,108867
2020-02-03,1.65934,1.65934,1.64682,1.65219,103126
2020-02-04,1.65225,1.65601,1.63818,1.6385999999999998,95745
2020-02-05,1.63873,1.6422400000000001,1.6260599999999998,1.63009,97265
2020-02-06,1.63014,1.6323699999999999,1.62562,1.6317300000000001,78752
2020-02-07,1.63181,1.64476,1.62991,1.63964,84634
2020-02-10,1.64112,1.64232,1.63145,1.6315499999999998,82779
2020-02-11,1.63165,1.63265,1.6212,1.62541,74558
2020-02-12,1.62549,1.6266,1.6128900000000002,1.6135899999999999,76559
2020-02-13,1.61382,1.62117,1.60853,1.61306,81480
2020-02-14,1.6131799999999998,1.61651,1.60964,1.6128900000000002,62839
2020-02-17,1.61246,1.61422,1.60983,1.61375,42119
2020-02-18,1.61389,1.6228099999999999,1.61306,1.61338,70488
2020-02-19,1.61331,1.61911,1.61104,1.61771,66731
2020-02-20,1.61775,1.6330900000000002,1.6145,1.62994,97348
2020-02-21,1.62981,1.64065,1.6288,1.63654,94396
2020-02-24,1.64151,1.64445,1.63672,1.64286,117826
2020-02-25,1.64279,1.65021,1.6389200000000002,1.6473499999999999,119759
2020-02-26,1.6473200000000001,1.6627999999999998,1.6444,1.66228,133722
2020-02-27,1.66239,1.6747999999999998,1.66123,1.67388,152879
2020-02-28,1.67409,1.70682,1.67032,1.6945299999999999,222084
2020-03-02,1.70739,1.71252,1.68757,1.70242,212776
2020-03-03,1.70324,1.71017,1.68295,1.6966999999999999,194612
2020-03-04,1.69675,1.69969,1.6774,1.68004,131601
2020-03-05,1.67978,1.70175,1.67778,1.6987,119120
2020-03-06,1.69861,1.71082,1.6928999999999998,1.6991800000000001,181721
2020-03-09,1.71675,1.82027,1.70869,1.7361900000000001,269096
2020-03-10,1.73742,1.75333,1.72315,1.73844,239910
2020-03-11,1.73381,1.74803,1.72854,1.7350400000000001,206374
2020-03-12,1.7376800000000001,1.79821,1.7334,1.7703,279076
2020-03-13,1.79328,1.8107600000000001,1.76379,1.79505,254436
2020-03-16,1.80056,1.83339,1.77104,1.8303500000000001,315601
2020-03-17,1.8271199999999999,1.8425,1.8148300000000002,1.8294899999999998,281999
2020-03-18,1.8327499999999999,1.89501,1.82393,1.88442,304436
2020-03-19,1.88914,1.97993,1.80252,1.85643,309970
2020-03-20,1.8606500000000001,1.8824,1.80078,1.84091,309389
2020-03-23,1.84279,1.8749799999999999,1.8357999999999999,1.84096,349050
2020-03-24,1.83558,1.84653,1.80377,1.8038699999999999,257413
2020-03-25,1.80984,1.82826,1.7833299999999999,1.82467,213185
2020-03-26,1.82575,1.8571,1.8120699999999998,1.82393,207160
2020-03-27,1.81855,1.8286099999999998,1.79416,1.8051,193039
2020-03-30,1.8048899999999999,1.8167900000000001,1.78532,1.78914,205201
2020-03-31,1.78903,1.80862,1.77321,1.79802,236144
2020-04-01,1.79806,1.8124099999999999,1.76743,1.80415,154872
2020-04-02,1.80431,1.8075,1.78784,1.7906300000000002,155717
2020-04-03,1.7907,1.80585,1.78468,1.80277,126278
2020-04-06,1.7961,1.80403,1.76793,1.77265,129810
2020-04-07,1.7726600000000001,1.7755100000000001,1.75496,1.76513,166000
2020-04-08,1.76475,1.77575,1.74074,1.7423600000000001,152559
2020-04-09,1.74241,1.75044,1.7204700000000002,1.72288,145665
2020-04-10,1.72279,1.7300200000000001,1.7177,1.7212,28669
2020-04-13,1.7233800000000001,1.7282600000000001,1.70335,1.70882,95515
2020-04-14,1.7087599999999998,1.71628,1.70025,1.70428,125949
2020-04-15,1.70448,1.73146,1.7037499999999999,1.7260499999999999,139928
2020-04-16,1.72541,1.73498,1.71279,1.7128700000000001,169055
2020-04-17,1.7124000000000001,1.71628,1.70167,1.70838,161493
2020-04-20,1.70611,1.71482,1.70167,1.71393,131702
2020-04-21,1.7139799999999998,1.73211,1.71143,1.72827,163884
2020-04-22,1.72837,1.7292100000000001,1.7086700000000001,1.7114099999999999,121948
2020-04-23,1.71126,1.71971,1.68846,1.69157,142970
2020-04-24,1.69158,1.69777,1.68713,1.6917200000000001,121056
2020-04-27,1.69466,1.69509,1.6745700000000001,1.6746400000000001,104937
2020-04-28,1.67475,1.6821700000000002,1.66402,1.66648,113184
2020-04-29,1.66656,1.66799,1.6573,1.65735,115692
2020-04-30,1.65744,1.6831399999999999,1.65385,1.6815799999999999,132608
2020-05-01,1.68198,1.71397,1.6811,1.7095,111616
2020-05-04,1.70986,1.71956,1.6942,1.6958199999999999,120161
2020-05-05,1.6958,1.69848,1.6782,1.6848800000000002,113829
2020-05-06,1.6854,1.68797,1.67632,1.6857600000000001,113137
2020-05-07,1.68536,1.6924299999999999,1.66113,1.6673900000000001,117274
2020-05-08,1.66757,1.6686800000000002,1.6571500000000001,1.65949,91442
2020-05-11,1.65675,1.67424,1.65324,1.66483,103023
2020-05-12,1.6648399999999999,1.6772399999999998,1.66067,1.67584,125538
2020-05-13,1.67585,1.68133,1.66677,1.67535,158884
2020-05-14,1.67523,1.68381,1.67012,1.6712799999999999,134091
2020-05-15,1.67174,1.68918,1.66926,1.6863700000000001,112923
2020-05-18,1.68335,1.68674,1.66903,1.6722299999999999,101904
2020-05-19,1.67271,1.6771099999999999,1.66265,1.6702,110367
2020-05-20,1.67036,1.6761,1.66143,1.6633499999999999,101756
2020-05-21,1.66411,1.6733799999999999,1.66288,1.66688,111107
2020-05-22,1.6672799999999999,1.6763400000000002,1.66622,1.66776,101237
2020-05-25,1.66716,1.67018,1.66353,1.6638,66038
2020-05-26,1.66403,1.66668,1.64684,1.64991,105278
2020-05-27,1.65014,1.6715900000000001,1.6452900000000001,1.6608,154022
2020-05-28,1.66117,1.67057,1.65857,1.66844,145527
2020-05-29,1.66866,1.6771500000000001,1.66326,1.6644299999999999,164449
2020-06-01,1.66869,1.67061,1.6361599999999998,1.63774,138494
2020-06-02,1.63789,1.64158,1.6187,1.6192199999999999,147603
2020-06-03,1.61925,1.63158,1.60327,1.62269,173754
2020-06-04,1.6228500000000001,1.63651,1.6205500000000002,1.63272,173888
2020-06-05,1.63283,1.6356199999999999,1.61666,1.61968,165340
2020-06-08,1.62053,1.62255,1.60738,1.60834,123647
2020-06-09,1.6085099999999999,1.63263,1.60656,1.62859,154634
2020-06-10,1.62879,1.6348500000000001,1.61568,1.62473,177391
2020-06-11,1.6250499999999999,1.6559,1.62215,1.6479,223573
2020-06-12,1.64776,1.65856,1.63796,1.6385,238342
2020-06-15,1.64053,1.65726,1.63446,1.63611,227751
2020-06-16,1.63635,1.64306,1.6246800000000001,1.63483,203280
2020-06-17,1.63521,1.6425,1.6221,1.63294,169840
2020-06-18,1.63263,1.64215,1.63069,1.63497,155612
2020-06-19,1.6347,1.63731,1.6258,1.6348,130068
2020-06-22,1.64151,1.64151,1.6265100000000001,1.62965,110152
2020-06-23,1.6296599999999999,1.6381299999999999,1.62432,1.6315,148586
2020-06-24,1.63143,1.64151,1.62639,1.63764,143643
2020-06-25,1.63757,1.64153,1.62839,1.62863,140146
2020-06-26,1.62772,1.6371,1.6273,1.63387,105063
2020-06-29,1.63415,1.6444999999999999,1.63259,1.6366100000000001,109050
2020-06-30,1.63673,1.64036,1.6263,1.62713,108266
2020-07-01,1.62721,1.63,1.62099,1.6268099999999999,106491
2020-07-02,1.6268,1.63052,1.62194,1.62228,105051
2020-07-03,1.6219999999999999,1.62485,1.61695,1.6185399999999999,75583
2020-07-06,1.62144,1.62528,1.61765,1.6213600000000001,92106
2020-07-07,1.62124,1.62801,1.6173199999999999,1.62255,106207
2020-07-08,1.6215000000000002,1.62809,1.61978,1.6225800000000001,104807
2020-07-09,1.62253,1.6271499999999999,1.61982,1.6202800000000002,125720
2020-07-10,1.61971,1.6291799999999999,1.6189,1.62584,103036
2020-07-13,1.6244399999999999,1.63456,1.62226,1.63434,108377
2020-07-14,1.63391,1.64001,1.63144,1.6340599999999998,140630
2020-07-15,1.63392,1.63489,1.62546,1.62826,114148
2020-07-16,1.6279599999999999,1.63495,1.6249,1.63273,117350
2020-07-17,1.6321400000000001,1.63873,1.62866,1.63334,78492
2020-07-20,1.63179,1.6406399999999999,1.62951,1.63131,92032
2020-07-21,1.63064,1.63244,1.6115300000000001,1.61696,113111
2020-07-22,1.61694,1.62337,1.61017,1.6191900000000001,133653
2020-07-23,1.62029,1.63457,1.61623,1.63351,137790
2020-07-24,1.63347,1.64336,1.6301,1.63985,133860
2020-07-27,1.64112,1.64973,1.63808,1.64347,135385
2020-07-28,1.64356,1.64656,1.63582,1.63618,131500
2020-07-29,1.63582,1.64404,1.6339299999999999,1.64011,126061
2020-07-30,1.63951,1.6545999999999998,1.63862,1.64649,113536
2020-07-31,1.64642,1.6528399999999999,1.6452,1.64844,158322
2020-08-03,1.64977,1.65581,1.64688,1.65079,119610
2020-08-04,1.6509399999999999,1.65389,1.64334,1.64828,120027
2020-08-05,1.6482,1.6502400000000002,1.64069,1.6493600000000002,113663
2020-08-06,1.6491500000000001,1.65197,1.63891,1.64128,133648
2020-08-07,1.64124,1.64783,1.6384400000000001,1.64592,142791
2020-08-10,1.64517,1.6476,1.63985,1.6416,87364
2020-08-11,1.64171,1.6447500000000002,1.63521,1.64338,122288
2020-08-12,1.64359,1.65168,1.64182,1.6451,127214
2020-08-13,1.6449,1.65361,1.64334,1.65233,111739
2020-08-14,1.6515499999999999,1.65496,1.64913,1.65091,86655
2020-08-17,1.65157,1.65267,1.64367,1.64526,79294
2020-08-18,1.6440000000000001,1.6529099999999999,1.6434600000000001,1.6471,112997
2020-08-19,1.64709,1.6495600000000001,1.6414,1.6475499999999998,118074
2020-08-20,1.6473900000000001,1.6550099999999999,1.6463,1.6487500000000002,129581
2020-08-21,1.64818,1.65046,1.6413,1.64714,116276
2020-08-24,1.64444,1.6486100000000001,1.6437,1.6454900000000001,92781
2020-08-25,1.6453600000000002,1.65205,1.64345,1.64473,93590
2020-08-26,1.64447,1.6456499999999998,1.6337199999999998,1.6353,94568
2020-08-27,1.6355,1.63628,1.62737,1.6282999999999999,136661
2020-08-28,1.62757,1.62969,1.6157599999999999,1.6161400000000001,146293
2020-08-31,1.6159400000000002,1.62232,1.6149900000000001,1.61802,114552
2020-09-01,1.6179700000000001,1.62461,1.61509,1.61555,149964
2020-09-02,1.6155,1.6212499999999999,1.61399,1.61524,129193
2020-09-03,1.6146,1.63105,1.61369,1.62917,147816
2020-09-04,1.62887,1.63266,1.62286,1.6249,147413
2020-09-07,1.62447,1.6273,1.62245,1.62302,76335
2020-09-08,1.6230099999999998,1.6337199999999998,1.6175899999999999,1.6320999999999999,134159
2020-09-09,1.63258,1.6352799999999998,1.62035,1.62039,121321
2020-09-10,1.62027,1.63138,1.61997,1.62754,143818
2020-09-11,1.6275300000000001,1.6296599999999999,1.62332,1.62607,113974
2020-09-14,1.62496,1.6335199999999999,1.62412,1.6277599999999999,86166
2020-09-15,1.62718,1.63262,1.6174300000000001,1.6222400000000001,98187
2020-09-16,1.6221999999999999,1.62343,1.61231,1.6171600000000002,124326
2020-09-17,1.61643,1.62345,1.61246,1.62009,149395
2020-09-18,1.61966,1.62511,1.61701,1.62371,116394
2020-09-21,1.6237300000000001,1.6312600000000002,1.61927,1.62926,142140
2020-09-22,1.6261299999999999,1.63628,1.62557,1.63198,143014
2020-09-23,1.63161,1.64942,1.63137,1.6485400000000001,139395
2020-09-24,1.64856,1.6592,1.64399,1.65618,157971
2020-09-25,1.65527,1.65781,1.6476899999999999,1.65373,123341
2020-09-28,1.65244,1.65464,1.64723,1.64897,114256
2020-09-29,1.6491799999999999,1.6496,1.64013,1.6461999999999999,112338
2020-09-30,1.6461000000000001,1.65133,1.6329799999999999,1.63612,154485
2020-10-01,1.63625,1.6377000000000002,1.63151,1.63469,144604
2020-10-02,1.63443,1.64226,1.63229,1.63529,174688
2020-10-05,1.63294,1.64192,1.63073,1.6402299999999999,99665
2020-10-06,1.63972,1.65248,1.63624,1.65205,130136
2020-10-07,1.65199,1.6534499999999999,1.64573,1.6472099999999998,117214
2020-10-08,1.64699,1.65088,1.63917,1.63991,90999
2020-10-09,1.64028,1.6421299999999999,1.6326399999999999,1.63333,93392
2020-10-12,1.63504,1.6388099999999999,1.6322100000000002,1.6381299999999999,90720
2020-10-13,1.63835,1.64591,1.63541,1.6394199999999999,115373
2020-10-14,1.63924,1.64196,1.63366,1.63982,109780
2020-10-15,1.6396600000000001,1.65673,1.6381999999999999,1.6500599999999999,127187
2020-10-16,1.64973,1.65836,1.64916,1.6548500000000002,102137
2020-10-19,1.6541700000000001,1.66709,1.64847,1.6649,96842
2020-10-20,1.6626699999999999,1.68269,1.6625,1.67719,101600
2020-10-21,1.6771099999999999,1.6781899999999998,1.6638899999999999,1.66634,111403
2020-10-22,1.66581,1.6712099999999999,1.65952,1.66011,106459
2020-10-23,1.66008,1.6665,1.6553,1.66135,91521
2020-10-26,1.66073,1.66598,1.65332,1.65821,104438
2020-10-27,1.6576300000000002,1.66058,1.6541000000000001,1.6541299999999999,92829
2020-10-28,1.65452,1.66855,1.64603,1.66645,126357
2020-10-29,1.66655,1.6686,1.65802,1.66015,128841
2020-10-30,1.6604700000000001,1.66408,1.6528800000000001,1.65682,149124
2020-11-02,1.65759,1.6640700000000002,1.64859,1.6494,128169
2020-11-03,1.64928,1.65747,1.63361,1.63461,109874
2020-11-04,1.63468,1.65041,1.6286100000000001,1.63122,277807
2020-11-05,1.63156,1.6392,1.6229200000000001,1.62302,185693
2020-11-06,1.62245,1.63734,1.62241,1.63471,174574
2020-11-09,1.63247,1.6350099999999999,1.6205,1.6216300000000001,214216
2020-11-10,1.6203699999999999,1.62828,1.6188099999999999,1.6216599999999999,179202
2020-11-11,1.62147,1.62433,1.61439,1.61751,124952
2020-11-12,1.61741,1.63348,1.61582,1.63206,122284
2020-11-13,1.6318000000000001,1.6343100000000002,1.62646,1.62764,98990
2020-11-16,1.62812,1.62924,1.6158299999999999,1.61891,121157
2020-11-17,1.6188,1.62804,1.61765,1.62405,102977
2020-11-18,1.6240299999999999,1.63049,1.61878,1.62214,109803
2020-11-19,1.62216,1.6308099999999999,1.62167,1.6294499999999998,115927
2020-11-20,1.6286399999999999,1.6334300000000002,1.6204800000000001,1.62283,96445
2020-11-23,1.6227,1.62684,1.6190799999999999,1.62474,97360
2020-11-24,1.6249,1.6250499999999999,1.6121699999999999,1.61507,101834
2020-11-25,1.6149900000000001,1.62447,1.6139700000000001,1.61742,108665
2020-11-26,1.61727,1.62126,1.61544,1.61747,68144
2020-11-27,1.6172499999999999,1.6201699999999999,1.61449,1.6187200000000002,85066
2020-11-30,1.6191499999999999,1.6278000000000001,1.61629,1.6234899999999999,113599
2020-12-01,1.6230799999999999,1.63855,1.62149,1.6369,114917
2020-12-02,1.63653,1.642,1.63188,1.63323,118902
2020-12-03,1.63315,1.6370900000000002,1.62992,1.6316000000000002,114864
2020-12-04,1.63175,1.64104,1.63042,1.63171,129879
2020-12-07,1.63194,1.63995,1.62812,1.63103,125662
2020-12-08,1.63084,1.63649,1.63029,1.6322100000000002,115672
2020-12-09,1.63225,1.63476,1.6177700000000002,1.6219700000000001,115664
2020-12-10,1.62086,1.6265,1.6089799999999999,1.61037,130385
2020-12-11,1.61007,1.6141,1.60399,1.60677,117351
2020-12-14,1.6073499999999998,1.61284,1.60445,1.61104,104683
2020-12-15,1.61118,1.61796,1.6065,1.6076700000000002,104319
2020-12-16,1.60705,1.6144699999999998,1.60612,1.6097700000000001,115006
2020-12-17,1.60957,1.61216,1.60059,1.60826,98820
2020-12-18,1.60818,1.61449,1.6058400000000002,1.60738,98629
2020-12-21,1.61009,1.62561,1.60765,1.61326,175773
2020-12-22,1.6126399999999999,1.62309,1.61202,1.61624,135639
2020-12-23,1.61626,1.61757,1.60623,1.60805,121391
2020-12-24,1.60779,1.61018,1.6023399999999999,1.60433,85834
2020-12-28,1.60304,1.61525,1.6021,1.6114199999999999,114089
2020-12-29,1.6113,1.6133899999999999,1.6063100000000001,1.6096599999999999,105459
2020-12-30,1.60964,1.61116,1.5983100000000001,1.59961,106444
2020-12-31,1.5996299999999999,1.60087,1.58274,1.5843699999999998,100258
2021-01-04,1.58775,1.60294,1.5861800000000001,1.5972300000000001,166151
2021-01-05,1.59727,1.59877,1.58152,1.5844,159107
2021-01-06,1.5835,1.58792,1.5769,1.57952,226164
2021-01-07,1.57921,1.5864500000000001,1.5782,1.57953,171001
2021-01-08,1.57897,1.58136,1.57236,1.5731600000000001,190829
2021-01-11,1.57489,1.5831300000000001,1.57327,1.57823,149425
2021-01-12,1.57812,1.57925,1.5693000000000001,1.57027,137671
2021-01-13,1.57028,1.57462,1.5684,1.5716700000000001,123762
2021-01-14,1.5715400000000002,1.57237,1.55924,1.56222,131347
2021-01-15,1.56244,1.5733000000000001,1.56109,1.56746,132741
2021-01-18,1.56704,1.5750199999999999,1.56638,1.5715,106987
2021-01-19,1.57132,1.57691,1.56708,1.57551,114583
2021-01-20,1.57541,1.57643,1.56013,1.5619800000000001,116329
2021-01-21,1.5622099999999999,1.56843,1.5596299999999998,1.56586,116105
2021-01-22,1.56566,1.58038,1.56516,1.5772,126965
2021-01-25,1.5765500000000001,1.57857,1.57067,1.57331,142042
2021-01-26,1.57318,1.57941,1.56886,1.56909,114715
2021-01-27,1.56949,1.5825399999999998,1.5673599999999999,1.57966,171703
2021-01-28,1.57969,1.59463,1.5761500000000002,1.57759,189793
2021-01-29,1.57704,1.58917,1.57636,1.58745,212414
2021-02-01,1.59098,1.59349,1.57867,1.5821399999999999,172409
2021-02-02,1.58202,1.5896400000000002,1.5770499999999998,1.58293,152130
2021-02-03,1.58285,1.58372,1.57647,1.5796299999999999,120875
2021-02-04,1.5795400000000002,1.58004,1.57051,1.57368,118489
2021-02-05,1.57369,1.5763,1.56883,1.56941,120824
2021-02-08,1.56918,1.57166,1.56163,1.56391,104282
2021-02-09,1.56362,1.56879,1.56222,1.5658400000000001,111684
2021-02-10,1.56548,1.57044,1.5649,1.56904,118447
2021-02-11,1.5689600000000001,1.57071,1.56244,1.56427,85711
2021-02-12,1.5639699999999999,1.56825,1.56113,1.56121,85858
2021-02-15,1.5607799999999998,1.56209,1.55756,1.55863,67390
2021-02-16,1.5583399999999998,1.5631300000000001,1.5558800000000002,1.56059,113844
2021-02-17,1.5596299999999998,1.56357,1.55284,1.55295,124291
2021-02-18,1.55221,1.56048,1.55051,1.55599,119185
2021-02-19,1.55584,1.55754,1.53929,1.53983,114106
2021-02-22,1.5385900000000001,1.541,1.5343200000000001,1.53521,130464
2021-02-23,1.53521,1.54019,1.53422,1.53538,130045
2021-02-24,1.53542,1.53747,1.52618,1.5264,148934
2021-02-25,1.5262799999999999,1.5478100000000001,1.5252,1.5463,195878
2021-02-26,1.5460500000000001,1.56911,1.5440800000000001,1.56623,240086
2021-03-01,1.56446,1.5660500000000002,1.54776,1.54972,143800
2021-03-02,1.54958,1.55355,1.5409199999999998,1.54559,157149
2021-03-03,1.54539,1.5514999999999999,1.54215,1.5512700000000001,153610
2021-03-04,1.55128,1.55406,1.54219,1.54981,196755
2021-03-05,1.5468,1.56093,1.5468,1.5507,199985
2021-03-08,1.54832,1.5539399999999999,1.54433,1.5488,167977
2021-03-09,1.54783,1.55289,1.5406499999999999,1.54175,149979
2021-03-10,1.5419800000000001,1.54775,1.53903,1.5417999999999998,137492
2021-03-11,1.5415299999999998,1.54306,1.5352999999999999,1.53869,115382
2021-03-12,1.53788,1.54231,1.5366499999999998,1.53946,125199
2021-03-15,1.53991,1.54569,1.5374400000000001,1.5381200000000002,107763
2021-03-16,1.53781,1.5472299999999999,1.53442,1.5367199999999999,102724
2021-03-17,1.53634,1.54643,1.53383,1.53614,118311
2021-03-18,1.53531,1.53695,1.5270000000000001,1.53552,140905
2021-03-19,1.53442,1.5410599999999999,1.53162,1.53647,128166
2021-03-22,1.53996,1.5418699999999999,1.5370300000000001,1.54051,105416
2021-03-23,1.5394299999999999,1.55462,1.53897,1.55239,112785
2021-03-24,1.55384,1.5607199999999999,1.55069,1.5569600000000001,108080
2021-03-25,1.55693,1.55786,1.5505900000000001,1.5517699999999999,120997
2021-03-26,1.55106,1.55244,1.54181,1.54182,89885
2021-03-29,1.54355,1.5462799999999999,1.53869,1.54091,99139
2021-03-30,1.54027,1.54451,1.53572,1.5422,102199
2021-03-31,1.5413700000000001,1.5448499999999998,1.5380099999999999,1.5434,100536
2021-04-01,1.54231,1.55526,1.5422,1.54566,104560
2021-04-02,1.54496,1.54818,1.54101,1.5441799999999999,37259
2021-04-05,1.54448,1.5462500000000001,1.5403,1.5431,61309
2021-04-06,1.54272,1.55261,1.5423200000000001,1.54949,87076
2021-04-07,1.5483099999999999,1.56106,1.54707,1.5587900000000001,106583
2021-04-08,1.55732,1.5601699999999998,1.55279,1.55667,82277
2021-04-09,1.5556299999999998,1.56622,1.5550000000000002,1.5608,94803
2021-04-12,1.5588199999999999,1.56515,1.5587900000000001,1.56212,86991
2021-04-13,1.5613299999999999,1.56741,1.5604,1.56319,99184
2021-04-14,1.56292,1.56555,1.54864,1.5502099999999999,91834
2021-04-15,1.54901,1.5534,1.5423499999999999,1.5430899999999999,94289
2021-04-16,1.5426,1.5499,1.54204,1.5478399999999999,84974
2021-04-19,1.54765,1.55284,1.54481,1.55088,102640
2021-04-20,1.5504099999999998,1.55984,1.5441099999999999,1.55729,98044
2021-04-21,1.55721,1.56081,1.55031,1.55145,85344
2021-04-22,1.55114,1.5603500000000001,1.55044,1.55829,97004
2021-04-23,1.558,1.56113,1.55423,1.56097,77782
2021-04-26,1.56115,1.5613899999999998,1.5459100000000001,1.54873,81210
2021-04-27,1.54891,1.55679,1.54737,1.55636,72879
2021-04-28,1.5564200000000001,1.56331,1.55417,1.55583,90726
2021-04-29,1.55586,1.5624799999999999,1.5536699999999999,1.55972,87314
2021-04-30,1.5604,1.56155,1.5556,1.5578699999999999,88835
2021-05-03,1.55673,1.56091,1.55322,1.5534599999999998,72761
2021-05-04,1.55334,1.5641500000000002,1.55273,1.5574599999999998,98314
2021-05-05,1.55758,1.55843,1.5480800000000001,1.54925,78914
2021-05-06,1.54901,1.5574599999999998,1.54785,1.54979,90727
2021-05-07,1.54912,1.55522,1.5467300000000002,1.55033,99561
2021-05-10,1.5464099999999998,1.55037,1.5419,1.54851,93185
2021-05-11,1.54857,1.55431,1.5472700000000001,1.5486900000000001,117044
2021-05-12,1.54877,1.56418,1.5468199999999999,1.56211,133661
2021-05-13,1.5623399999999998,1.56886,1.55797,1.5625499999999999,131233
2021-05-14,1.56226,1.5668600000000001,1.5592899999999998,1.5600399999999999,100567
2021-05-17,1.56209,1.57024,1.55813,1.56391,100012
2021-05-18,1.56411,1.5690300000000001,1.56047,1.56805,93677
2021-05-19,1.5678999999999998,1.57935,1.56522,1.57471,133598
2021-05-20,1.57477,1.57702,1.56965,1.5716700000000001,92306
2021-05-21,1.57171,1.57972,1.56819,1.5752199999999998,94360
2021-05-24,1.57402,1.5820699999999999,1.5736400000000001,1.57534,75964
2021-05-25,1.5753,1.5813199999999998,1.57356,1.57962,93128
2021-05-26,1.57977,1.58075,1.5723,1.57419,93307
2021-05-27,1.5741100000000001,1.57744,1.5724399999999998,1.57397,87925
2021-05-28,1.57359,1.58307,1.57259,1.5803099999999999,83065
2021-05-31,1.5806,1.58226,1.57492,1.57962,57140
2021-06-01,1.57995,1.58134,1.57464,1.57477,84465
2021-06-02,1.57477,1.57992,1.57266,1.57437,73597
2021-06-03,1.57429,1.58506,1.57416,1.5829900000000001,84321
2021-06-04,1.5832600000000001,1.5842399999999999,1.57057,1.57084,79686
2021-06-07,1.57089,1.57318,1.56664,1.5716,60373
2021-06-08,1.57159,1.5755400000000002,1.56961,1.57317,66865
2021-06-09,1.57152,1.57715,1.57118,1.57492,56972
2021-06-10,1.57501,1.5766,1.56924,1.56986,85585
2021-06-11,1.56832,1.57321,1.56586,1.57146,68118
2021-06-14,1.5703200000000002,1.57267,1.56866,1.57087,58020
2021-06-15,1.57105,1.57919,1.5705200000000001,1.57714,69884
2021-06-16,1.57729,1.5788600000000002,1.5711,1.5755599999999998,93503
2021-06-17,1.57564,1.57896,1.56894,1.57623,125397
2021-06-18,1.57519,1.58581,1.57458,1.5853000000000002,119464
2021-06-21,1.5827900000000001,1.58662,1.5781,1.58037,112351
2021-06-22,1.58053,1.5872000000000002,1.5793599999999999,1.5800800000000002,90565
2021-06-23,1.5802800000000001,1.58188,1.57367,1.57367,90911
2021-06-24,1.57376,1.5767799999999998,1.57234,1.5731899999999999,82348
2021-06-25,1.57314,1.57423,1.5699999999999998,1.57128,77682
2021-06-28,1.5731899999999999,1.57706,1.5693899999999998,1.5756700000000001,79602
2021-06-29,1.5756000000000001,1.58441,1.5750199999999999,1.58328,80744
2021-06-30,1.5834000000000001,1.58603,1.57871,1.58104,87461
2021-07-01,1.58095,1.58782,1.5800100000000001,1.5857999999999999,91658
2021-07-02,1.5856400000000002,1.58759,1.57538,1.57548,92805
2021-07-05,1.57579,1.57851,1.57415,1.57437,59405
2021-07-06,1.5743399999999999,1.57864,1.56155,1.57636,104885
2021-07-07,1.57587,1.5796299999999999,1.57029,1.57436,95543
2021-07-08,1.57388,1.5977999999999999,1.57216,1.59372,130265
2021-07-09,1.5931199999999999,1.59747,1.58412,1.58472,103496
2021-07-12,1.58579,1.59123,1.58274,1.5857299999999999,84133
2021-07-13,1.5856,1.5885099999999999,1.5801699999999999,1.58084,97796
2021-07-14,1.58088,1.58461,1.57751,1.58147,104886
2021-07-15,1.58133,1.59259,1.5807799999999999,1.5908,99406
2021-07-16,1.5900699999999999,1.59686,1.5873,1.59473,92813
2021-07-19,1.5941100000000001,1.61213,1.59161,1.60579,127802
2021-07-20,1.60556,1.61132,1.60402,1.60673,113938
2021-07-21,1.60678,1.61296,1.60249,1.6025399999999999,92005
2021-07-22,1.60156,1.60537,1.59308,1.5945200000000002,98112
2021-07-23,1.59449,1.5997400000000002,1.58965,1.5978400000000001,74827
2021-07-26,1.59694,1.60594,1.59623,1.5981800000000002,88629
2021-07-27,1.59771,1.60859,1.5971600000000001,1.60454,99766
2021-07-28,1.6032899999999999,1.6099700000000001,1.6027200000000001,1.60511,111122
2021-07-29,1.6048499999999999,1.61021,1.60226,1.60713,84966
2021-07-30,1.6057700000000001,1.6176,1.6057700000000001,1.61579,99278
2021-08-02,1.61662,1.61837,1.6095000000000002,1.61157,81713
2021-08-03,1.61157,1.61315,1.60337,1.6038700000000001,86301
2021-08-04,1.6038700000000001,1.60588,1.5967,1.6036000000000001,80658
2021-08-05,1.60359,1.6042800000000002,1.59633,1.5975700000000002,73120
2021-08-06,1.59735,1.6017000000000001,1.5952600000000001,1.59903,72555
2021-08-09,1.5974,1.60233,1.59683,1.59972,78162
2021-08-10,1.59951,1.6036899999999998,1.59302,1.59469,61341
2021-08-11,1.59399,1.5992899999999999,1.5899999999999999,1.5913599999999999,66397
2021-08-12,1.5913599999999999,1.59993,1.59012,1.5985399999999998,51499
2021-08-13,1.5985399999999998,1.60137,1.59514,1.59936,49815
2021-08-16,1.60097,1.6085500000000001,1.59898,1.6048200000000001,59603
2021-08-17,1.60461,1.61661,1.60372,1.61368,86208
2021-08-18,1.61371,1.61903,1.61175,1.61863,77675
2021-08-19,1.61782,1.63559,1.6139299999999999,1.63321,102208
2021-08-20,1.6326399999999999,1.6436,1.63183,1.63848,79525
2021-08-23,1.6412,1.64135,1.6271900000000001,1.62883,64564
2021-08-24,1.6282100000000002,1.63015,1.6173,1.61911,58762
2021-08-25,1.61883,1.62199,1.61663,1.61757,58782
2021-08-26,1.61697,1.62427,1.61649,1.6237300000000001,67712
2021-08-27,1.62307,1.62646,1.61219,1.61261,72047
2021-08-30,1.6134300000000001,1.6189900000000002,1.61204,1.6164800000000001,45804
2021-08-31,1.6160999999999999,1.6195,1.61131,1.61407,82795
2021-09-01,1.61372,1.6148,1.60545,1.6069,69797
2021-09-02,1.60526,1.6092300000000002,1.60065,1.6044,54193
2021-09-03,1.60368,1.60632,1.59211,1.5935700000000002,72126
2021-09-06,1.59199,1.5979999999999999,1.5902699999999999,1.59524,58855
2021-09-07,1.5945,1.60522,1.5908799999999998,1.60246,87718
2021-09-08,1.6025,1.6085099999999999,1.59982,1.60405,96460
2021-09-09,1.60309,1.60793,1.59768,1.60457,97761
2021-09-10,1.6040999999999999,1.6069900000000001,1.59737,1.60626,85950
2021-09-13,1.6048,1.60714,1.59932,1.60249,88601
2021-09-14,1.60208,1.61398,1.60113,1.61223,99721
2021-09-15,1.61211,1.6166399999999999,1.61026,1.61131,91369
2021-09-16,1.61035,1.61703,1.60612,1.61321,94763
2021-09-17,1.6132300000000002,1.6150799999999998,1.60893,1.6135199999999998,98051
2021-09-20,1.61453,1.62138,1.6130499999999999,1.6165500000000002,113722
2021-09-21,1.61592,1.62341,1.6111499999999999,1.6213,113247
2021-09-22,1.62088,1.62266,1.61008,1.61281,130777
2021-09-23,1.61185,1.61957,1.6059,1.6089,106238
2021-09-24,1.60812,1.61757,1.6053,1.61326,89232
2021-09-27,1.61534,1.61545,1.60385,1.60476,94149
2021-09-28,1.60408,1.61623,1.6001699999999999,1.61422,135240
2021-09-29,1.613,1.61833,1.6066799999999999,1.61591,124739
2021-09-30,1.61551,1.61646,1.59789,1.6016,135316
2021-10-01,1.60216,1.6103399999999999,1.59396,1.59541,140072
2021-10-04,1.59688,1.60093,1.59313,1.59466,126889
2021-10-05,1.59382,1.5993,1.58904,1.59035,105297
2021-10-06,1.59076,1.59944,1.5881699999999999,1.58874,129856
2021-10-07,1.5882,1.58918,1.57853,1.57979,99122
2021-10-08,1.57979,1.58506,1.57797,1.58354,118449
2021-10-11,1.58233,1.58576,1.56965,1.57191,91695
2021-10-12,1.57002,1.5755599999999998,1.5645,1.56843,104710
2021-10-13,1.56771,1.5754299999999999,1.5674700000000001,1.5709,109678
2021-10-14,1.5699999999999998,1.5721699999999998,1.5611000000000002,1.56349,85742
2021-10-15,1.5629,1.5659800000000001,1.56091,1.5628600000000001,92082
2021-10-18,1.56272,1.57185,1.56018,1.56622,98909
2021-10-19,1.56566,1.5673599999999999,1.5545,1.55654,94264
2021-10-20,1.55628,1.55806,1.5489899999999999,1.54976,92660
2021-10-21,1.54908,1.55877,1.54584,1.55637,98406
2021-10-22,1.55573,1.5599699999999999,1.54958,1.55876,108412
2021-10-25,1.55827,1.5594299999999999,1.54847,1.54918,87248
2021-10-26,1.5483,1.5507300000000002,1.54303,1.54562,84234
2021-10-27,1.54521,1.54844,1.53972,1.5433599999999998,103443
2021-10-28,1.54161,1.55,1.53952,1.54794,119064
2021-10-29,1.54759,1.55254,1.53567,1.537,117269
2021-11-01,1.53823,1.54403,1.53559,1.5424600000000002,89298
2021-11-02,1.54236,1.5602,1.53948,1.55782,91654
2021-11-03,1.55756,1.56213,1.55449,1.55853,112660
2021-11-04,1.55836,1.56243,1.5534,1.56095,98608
2021-11-05,1.5606200000000001,1.5667,1.55775,1.5628,101542
2021-11-08,1.5627,1.5647799999999998,1.5583900000000002,1.5606,82607
2021-11-09,1.56026,1.5729899999999999,1.55945,1.5711,102245
2021-11-10,1.5707900000000001,1.57451,1.5638100000000001,1.56639,125817
2021-11-11,1.56624,1.5735299999999999,1.56471,1.56966,88254
2021-11-12,1.57013,1.5718299999999998,1.55995,1.56018,85956
2021-11-15,1.5622099999999999,1.56251,1.54637,1.54708,89190
2021-11-16,1.54696,1.55175,1.54482,1.54979,99944
2021-11-17,1.54963,1.5585499999999999,1.54857,1.5577,101324
2021-11-18,1.5577,1.5648300000000002,1.55277,1.56258,92979
2021-11-19,1.56246,1.56317,1.55602,1.55939,116970
2021-11-22,1.55931,1.56047,1.54912,1.55495,118475
2021-11-23,1.5549,1.56274,1.55331,1.5561099999999999,123931
2021-11-24,1.5561,1.56108,1.55214,1.55627,118419
2021-11-25,1.55544,1.5630899999999999,1.55465,1.55864,63168
2021-11-26,1.5588600000000001,1.5911,1.55575,1.588,162615
2021-11-29,1.58371,1.58926,1.5752000000000002,1.58075,127906
2021-11-30,1.5807,1.5970499999999999,1.57878,1.5901399999999999,185169
2021-12-01,1.59046,1.59447,1.57995,1.5927099999999998,151241
2021-12-02,1.59252,1.6006200000000002,1.59043,1.59292,144664
2021-12-03,1.59281,1.6170200000000001,1.59033,1.61577,151464
2021-12-06,1.61311,1.61504,1.59898,1.60041,110396
2021-12-07,1.59998,1.60266,1.57897,1.58242,100712
2021-12-08,1.5823800000000001,1.5862699999999998,1.57924,1.5811600000000001,122386
2021-12-09,1.5812599999999999,1.5853199999999998,1.57686,1.5795599999999999,92614
2021-12-10,1.57938,1.58267,1.57179,1.57765,97704
2021-12-13,1.5781100000000001,1.5870600000000001,1.57361,1.58161,89849
2021-12-14,1.58174,1.59071,1.58007,1.5845,97752
2021-12-15,1.5845,1.58565,1.57324,1.57422,124554
2021-12-16,1.57362,1.57968,1.56565,1.57701,129151
2021-12-17,1.57686,1.58389,1.5742500000000001,1.57663,121322
2021-12-20,1.57585,1.59001,1.57524,1.5855000000000001,122142
2021-12-21,1.58572,1.5883,1.5756299999999999,1.5769,90453
2021-12-22,1.5769,1.583,1.56848,1.56989,86380
2021-12-23,1.56965,1.57566,1.56114,1.56322,62704
2021-12-24,1.56105,1.56759,1.56105,1.56201,72466
2021-12-27,1.5646499999999999,1.5695700000000001,1.56277,1.56456,52131
2021-12-28,1.56398,1.5661800000000001,1.55934,1.56448,55277
2021-12-29,1.56342,1.56703,1.55932,1.5651199999999998,75557
2021-12-30,1.56341,1.56589,1.5566200000000001,1.56189,67863
2021-12-31,1.5592899999999998,1.5674700000000001,1.5560800000000001,1.56536,61343
2022-01-03,1.56488,1.57298,1.56075,1.57081,81011
2022-01-04,1.5704500000000001,1.57189,1.5575700000000001,1.55851,90492
2022-01-05,1.55793,1.5673300000000001,1.55736,1.56647,100379
2022-01-06,1.56628,1.58228,1.56596,1.57722,108809
2022-01-07,1.5766499999999999,1.58538,1.57397,1.5817999999999999,91420
2022-01-10,1.5814599999999999,1.58358,1.57298,1.57893,108934
2022-01-11,1.5774599999999999,1.58237,1.57576,1.57612,102146
2022-01-12,1.5758,1.57842,1.56901,1.57047,102762
2022-01-13,1.57016,1.5743200000000002,1.56818,1.57246,108032
2022-01-14,1.57248,1.58483,1.57192,1.58215,123751
2022-01-17,1.5805500000000001,1.58555,1.5793300000000001,1.58188,83739
2022-01-18,1.5806900000000002,1.58719,1.57573,1.57599,136637
2022-01-19,1.5752199999999998,1.57864,1.56694,1.57261,122309
2022-01-20,1.57232,1.57342,1.55869,1.5648499999999999,118545
2022-01-21,1.5646,1.58151,1.5631599999999999,1.58086,138531
2022-01-24,1.5802800000000001,1.59456,1.5768499999999999,1.58518,158801
2022-01-25,1.58534,1.5864500000000001,1.57546,1.5798299999999998,142432
2022-01-26,1.57935,1.58454,1.57141,1.57918,151667
2022-01-27,1.57944,1.5882100000000001,1.5742,1.5842800000000001,187304
2022-01-28,1.5844399999999998,1.5978599999999998,1.5826500000000001,1.5925099999999999,160634
2022-01-31,1.59299,1.59525,1.5813899999999999,1.58922,133845
2022-02-01,1.5889199999999999,1.59653,1.58023,1.58094,125246
2022-02-02,1.5807099999999998,1.5868600000000002,1.5777999999999999,1.58359,103730
2022-02-03,1.5834000000000001,1.6038999999999999,1.5828,1.60212,141404
2022-02-04,1.6016,1.62249,1.5999400000000001,1.617,135563
2022-02-07,1.61834,1.61995,1.60429,1.60534,133079
2022-02-08,1.6054300000000001,1.60686,1.59707,1.5971,108250
2022-02-09,1.5967799999999999,1.59864,1.58995,1.5911499999999998,86903
2022-02-10,1.59108,1.59859,1.5838700000000001,1.5943100000000001,148138
2022-02-11,1.59419,1.60034,1.58613,1.5906500000000001,180780
2022-02-14,1.5895299999999999,1.59595,1.58359,1.58632,175970
2022-02-15,1.58629,1.5932300000000001,1.58443,1.5879699999999999,121553
2022-02-16,1.58789,1.5888,1.58013,1.58049,118526
2022-02-17,1.58018,1.5846900000000002,1.5756000000000001,1.5805799999999999,151620
2022-02-18,1.5800999999999998,1.58271,1.57331,1.57721,137738
2022-02-21,1.57717,1.57907,1.5706799999999999,1.57311,114825
2022-02-22,1.57282,1.5752000000000002,1.5678100000000001,1.56852,175674
2022-02-23,1.56825,1.56976,1.55789,1.56272,123141
2022-02-24,1.56216,1.56785,1.55542,1.56216,280938
2022-02-25,1.5618400000000001,1.5682,1.55141,1.55854,203893
2022-02-28,1.55106,1.5584799999999999,1.54329,1.5443099999999998,222720
2022-03-01,1.54405,1.54575,1.5302799999999999,1.5333700000000001,178244
2022-03-02,1.53341,1.5341200000000002,1.5225499999999998,1.5232999999999999,197529
2022-03-03,1.52278,1.52457,1.50743,1.50961,154293
2022-03-04,1.50932,1.51051,1.48016,1.48262,199766
2022-03-07,1.48052,1.48872,1.45629,1.48327,247713
2022-03-08,1.48294,1.50502,1.47905,1.49885,248039
2022-03-09,1.49833,1.5159,1.49357,1.5124499999999999,183217
2022-03-10,1.51095,1.5152700000000001,1.49112,1.4926300000000001,189920
2022-03-11,1.49249,1.50735,1.49203,1.4963600000000001,173242
2022-03-14,1.49708,1.5243600000000002,1.49561,1.5218500000000001,162697
2022-03-15,1.52138,1.53282,1.51775,1.52142,175765
2022-03-16,1.5213299999999998,1.52597,1.51268,1.51329,195836
2022-03-17,1.51314,1.5145300000000002,1.50281,1.50335,150794
2022-03-18,1.50327,1.50487,1.48925,1.49048,130960
2022-03-21,1.4914100000000001,1.49877,1.4875099999999999,1.48933,123759
2022-03-22,1.48886,1.49074,1.47622,1.47725,121738
2022-03-23,1.47723,1.48056,1.46616,1.46783,104415
2022-03-24,1.46777,1.47127,1.46091,1.4638200000000001,121514
2022-03-25,1.46342,1.47,1.45926,1.46124,112842
2022-03-28,1.46285,1.4696799999999999,1.45347,1.46603,141749
2022-03-29,1.46561,1.48965,1.4635500000000001,1.47619,155536
2022-03-30,1.47628,1.48787,1.47409,1.48573,132069
2022-03-31,1.48532,1.4941900000000001,1.47624,1.4784,151176
2022-04-01,1.4788000000000001,1.48142,1.46898,1.47301,114561
2022-04-04,1.47106,1.47594,1.4528400000000001,1.45434,95591
2022-04-05,1.45393,1.45596,1.43198,1.43855,110849
2022-04-06,1.43821,1.45392,1.43384,1.4506000000000001,134050
2022-04-07,1.44995,1.46143,1.4487700000000001,1.45408,125141
2022-04-08,1.45364,1.46075,1.4497,1.45778,105107
2022-04-11,1.46338,1.46848,1.45916,1.46714,101968
2022-04-12,1.46685,1.46883,1.44859,1.45228,132833
2022-04-13,1.45215,1.4644300000000001,1.4491800000000001,1.46103,118006
2022-04-14,1.46099,1.46651,1.45078,1.45934,128349
2022-04-15,1.45929,1.462,1.4577200000000001,1.46099,39097
2022-04-18,1.46089,1.46795,1.4601600000000001,1.46668,66710
2022-04-19,1.4662,1.46767,1.4593099999999999,1.46216,114917
2022-04-20,1.46216,1.46337,1.4549699999999999,1.4565000000000001,131912
2022-04-21,1.45581,1.4727999999999999,1.45465,1.46949,132391
2022-04-22,1.4689999999999999,1.4914100000000001,1.46736,1.49014,133845
2022-04-25,1.49048,1.50542,1.48713,1.49206,174984
2022-04-26,1.49176,1.49428,1.48111,1.49291,156461
2022-04-27,1.49276,1.49423,1.4770699999999999,1.4810699999999999,167763
2022-04-28,1.48089,1.48843,1.4727299999999999,1.47919,183311
2022-04-29,1.47877,1.49414,1.46848,1.49282,154913
2022-05-02,1.49065,1.49653,1.48645,1.48976,139468
2022-05-03,1.48912,1.49154,1.47204,1.48225,153790
2022-05-04,1.48179,1.4840499999999999,1.45997,1.46308,165363
2022-05-05,1.4627,1.48523,1.4617,1.48197,211883
2022-05-06,1.4816,1.49691,1.47895,1.48999,224833
2022-05-09,1.48973,1.52042,1.48887,1.51924,205562
2022-05-10,1.51743,1.5277500000000002,1.51108,1.51701,203740
2022-05-11,1.51682,1.51917,1.49841,1.5149599999999999,221890
2022-05-12,1.51437,1.52787,1.50851,1.51369,243602
2022-05-13,1.51262,1.51399,1.49924,1.49963,150476
2022-05-16,1.49982,1.51178,1.49513,1.4964,156559
2022-05-17,1.4964,1.5059399999999998,1.48869,1.50046,165496
2022-05-18,1.50046,1.5056500000000002,1.49718,1.5038200000000002,155480
2022-05-19,1.5038200000000002,1.50785,1.49489,1.50161,223665
2022-05-20,1.49985,1.5085899999999999,1.49437,1.4969000000000001,183710
2022-05-23,1.49631,1.50576,1.4884,1.5036399999999999,161342
2022-05-24,1.50264,1.51983,1.5026000000000002,1.5101200000000001,173001
2022-05-25,1.5098099999999999,1.51403,1.50224,1.50631,186844
2022-05-26,1.50715,1.51647,1.5050599999999998,1.51081,144706
2022-05-27,1.50957,1.51388,1.49599,1.49882,130655
2022-05-30,1.49839,1.50095,1.49581,1.4977,92143
2022-05-31,1.49702,1.49917,1.4875099999999999,1.49492,163188
2022-06-01,1.4951699999999999,1.49593,1.48129,1.48442,151653
2022-06-02,1.48417,1.4917099999999999,1.4783,1.47897,123190
2022-06-03,1.47868,1.48785,1.47718,1.4868999999999999,120674
2022-06-06,1.48494,1.49149,1.48184,1.48696,111877
2022-06-07,1.48648,1.4904899999999999,1.47566,1.47992,147114
2022-06-08,1.47846,1.49215,1.47798,1.49005,140380
2022-06-09,1.49009,1.5041099999999998,1.4864899999999999,1.49552,172322
2022-06-10,1.49497,1.49796,1.48233,1.4929299999999999,188186
2022-06-13,1.4936099999999999,1.5055399999999999,1.49028,1.50241,219276
2022-06-14,1.5024600000000001,1.51845,1.49683,1.51535,219905
2022-06-15,1.51497,1.51892,1.48774,1.49091,263944
2022-06-16,1.49074,1.5086300000000001,1.48624,1.49728,260791
2022-06-17,1.4966300000000001,1.5159099999999999,1.4952,1.51292,230831
2022-06-20,1.5127899999999999,1.51511,1.50476,1.5116,137613
2022-06-21,1.51192,1.5209700000000002,1.50772,1.5107,164799
2022-06-22,1.5108000000000001,1.52798,1.50928,1.52518,192406
2022-06-23,1.52477,1.53443,1.51989,1.52609,212832
2022-06-24,1.52541,1.5278399999999999,1.51668,1.5204499999999999,163064
2022-06-27,1.5182799999999999,1.52996,1.51816,1.52806,174442
2022-06-28,1.52786,1.52936,1.5160200000000001,1.52252,184744
2022-06-29,1.52229,1.53169,1.5164499999999999,1.51802,199133
2022-06-30,1.51752,1.52268,1.50618,1.5185,209008
2022-07-01,1.51811,1.53971,1.51715,1.52921,219577
2022-07-04,1.52861,1.5352700000000001,1.5168,1.51817,124401
2022-07-05,1.5177,1.5244900000000001,1.50907,1.50928,211426
2022-07-06,1.50847,1.51138,1.49286,1.50094,239363
2022-07-07,1.50094,1.50444,1.48385,1.4853,182641
2022-07-08,1.48487,1.4903,1.4804599999999999,1.48612,192573
2022-07-11,1.48583,1.4978799999999999,1.48346,1.49079,179094
2022-07-12,1.49032,1.49399,1.4838,1.48502,217217
2022-07-13,1.48538,1.49147,1.47873,1.48728,244989
2022-07-14,1.48738,1.49426,1.4763,1.48445,250805
2022-07-15,1.48404,1.49233,1.48187,1.4847000000000001,191849
2022-07-18,1.48454,1.4905599999999999,1.48138,1.48887,161354
2022-07-19,1.4885,1.49039,1.48031,1.48237,176861
2022-07-20,1.48242,1.48505,1.47497,1.47797,177726
2022-07-21,1.47715,1.49101,1.47427,1.47515,213664
2022-07-22,1.47428,1.47683,1.46513,1.47492,193711
2022-07-25,1.47329,1.48034,1.46763,1.4687700000000001,166587
2022-07-26,1.46944,1.47172,1.4556,1.45777,149036
2022-07-27,1.45762,1.46678,1.4557,1.45795,163117
2022-07-28,1.45752,1.4618,1.4510100000000001,1.45864,184700
2022-07-29,1.45847,1.46859,1.45535,1.46282,179373
2022-08-01,1.4622,1.46619,1.4528400000000001,1.46009,160646
2022-08-02,1.45987,1.48059,1.45737,1.46884,207932
2022-08-03,1.46847,1.47415,1.46148,1.46256,174950
2022-08-04,1.46216,1.47046,1.45613,1.46946,160406
2022-08-05,1.46902,1.4773100000000001,1.46714,1.47259,155563
2022-08-08,1.4717500000000001,1.47408,1.45733,1.4592800000000001,126262
2022-08-09,1.4595099999999999,1.46896,1.45798,1.4663599999999999,113566
2022-08-10,1.46528,1.4705,1.45204,1.45374,152814
2022-08-11,1.45296,1.4568400000000001,1.45039,1.45281,161949
2022-08-12,1.45236,1.45392,1.4393500000000001,1.44005,138027
2022-08-15,1.44062,1.45437,1.43929,1.4466999999999999,128313
2022-08-16,1.4463300000000001,1.45313,1.44329,1.4482599999999999,138344
2022-08-17,1.4479600000000001,1.47062,1.4463300000000001,1.4674800000000001,165319
2022-08-18,1.46688,1.47144,1.45746,1.45834,155035
2022-08-19,1.45747,1.46337,1.45648,1.45916,142782
2022-08-22,1.46071,1.46119,1.444,1.4455,157027
2022-08-23,1.44544,1.44698,1.43611,1.43829,185288
2022-08-24,1.43778,1.4465,1.43585,1.44238,164349
2022-08-25,1.44134,1.44361,1.42837,1.42846,158913
2022-08-26,1.42845,1.4466700000000001,1.42828,1.44506,180584
2022-08-29,1.44753,1.45575,1.4442,1.4479600000000001,166375
2022-08-30,1.4460600000000001,1.46308,1.44178,1.4607299999999999,200926
2022-08-31,1.46065,1.46958,1.45175,1.46918,193732
2022-09-01,1.46713,1.47406,1.45877,1.46476,194884
2022-09-02,1.46476,1.47049,1.45961,1.46139,187442
2022-09-05,1.46333,1.46408,1.45657,1.46091,141605
2022-09-06,1.45966,1.47263,1.45839,1.47021,212373
2022-09-07,1.47021,1.48021,1.46886,1.47803,194827
2022-09-08,1.47614,1.48816,1.47489,1.48074,218771
2022-09-09,1.48049,1.4816799999999999,1.46515,1.46757,173779
2022-09-12,1.47728,1.4818799999999999,1.46882,1.46932,162109
2022-09-13,1.46932,1.48228,1.46757,1.48075,175561
2022-09-14,1.4813100000000001,1.48973,1.47759,1.47889,199738
2022-09-15,1.47837,1.49237,1.4735800000000001,1.49165,154265
2022-09-16,1.49165,1.49675,1.4870700000000001,1.48979,169986
2022-09-19,1.48901,1.4962900000000001,1.4877500000000001,1.4898,135170
2022-09-20,1.48819,1.49481,1.4870999999999999,1.49063,176076
2022-09-21,1.48971,1.4948299999999999,1.47706,1.48353,229537
2022-09-22,1.48318,1.49413,1.47907,1.48047,261576
2022-09-23,1.47893,1.48762,1.47835,1.4825599999999999,236941
2022-09-26,1.48323,1.49225,1.4717,1.48816,320981
2022-09-27,1.48898,1.49329,1.48207,1.4905599999999999,276328
2022-09-28,1.4889000000000001,1.50027,1.48416,1.49245,336561
2022-09-29,1.49183,1.51266,1.49091,1.5098,305298
2022-09-30,1.51002,1.53365,1.5034399999999999,1.5285600000000001,286968
2022-10-03,1.52623,1.5298500000000002,1.50499,1.50773,234295
2022-10-04,1.50661,1.54183,1.5063900000000001,1.5354,249146
2022-10-05,1.5366900000000001,1.5396999999999998,1.5190299999999999,1.52177,248417
2022-10-06,1.52128,1.53258,1.51674,1.52772,275936
2022-10-07,1.5263,1.5319500000000001,1.52274,1.5298500000000002,242193
2022-10-10,1.52765,1.54491,1.5260099999999999,1.5403799999999999,243947
2022-10-11,1.53791,1.55171,1.53782,1.54733,292908
2022-10-12,1.54676,1.55386,1.54276,1.54531,287892
2022-10-13,1.54497,1.56398,1.5430899999999999,1.5521500000000001,297888
2022-10-14,1.55065,1.56855,1.5431599999999999,1.56637,300488
2022-10-17,1.5648499999999999,1.5686900000000001,1.55596,1.56443,242884
2022-10-18,1.5627,1.56786,1.5543900000000002,1.56163,257555
2022-10-19,1.5608,1.5628199999999999,1.55341,1.55822,247684
2022-10-20,1.55861,1.56685,1.5464099999999998,1.5574,268649
2022-10-21,1.55762,1.56455,1.54131,1.54199,300309
2022-10-24,1.5422500000000001,1.57056,1.54021,1.5640100000000001,292934
2022-10-25,1.56352,1.56578,1.5548600000000001,1.55846,223520
2022-10-26,1.5586,1.5621399999999999,1.5447600000000001,1.55171,243955
2022-10-27,1.5503,1.5607,1.53906,1.54398,278420
2022-10-28,1.54392,1.55675,1.5417,1.5537800000000002,249660
2022-10-31,1.55368,1.55606,1.5438800000000001,1.5448499999999998,206963
2022-11-01,1.54454,1.54887,1.53574,1.5439699999999998,233006
2022-11-02,1.54375,1.5480800000000001,1.53415,1.54512,256180
2022-11-03,1.5447,1.55298,1.54177,1.5497800000000002,245857
2022-11-04,1.54977,1.55164,1.5270700000000001,1.53891,275847
2022-11-07,1.54226,1.54952,1.54016,1.54643,240480
2022-11-08,1.5459100000000001,1.55221,1.53962,1.5480800000000001,242898
2022-11-09,1.5478100000000001,1.5586,1.54563,1.55671,267892
2022-11-10,1.55639,1.5649600000000001,1.5398800000000001,1.5423900000000001,294862
2022-11-11,1.5419100000000001,1.54757,1.5357699999999999,1.54348,283853
2022-11-14,1.5418500000000002,1.54637,1.5378699999999998,1.54066,259225
2022-11-15,1.53978,1.54857,1.5253700000000001,1.5309,278755
2022-11-16,1.52979,1.54491,1.52828,1.5415999999999999,200963
2022-11-17,1.54148,1.5551300000000001,1.5386,1.54935,172213
2022-11-18,1.5485600000000002,1.55087,1.54215,1.54561,144192
2022-11-21,1.54875,1.55463,1.54373,1.55019,143357
2022-11-22,1.5505,1.55218,1.54412,1.54943,136485
2022-11-23,1.5491899999999998,1.5554000000000001,1.5422500000000001,1.5436100000000001,161151
2022-11-24,1.5436800000000002,1.54604,1.5364900000000001,1.5390000000000001,114181
2022-11-25,1.53748,1.54505,1.53734,1.5381399999999998,130498
2022-11-28,1.54267,1.5645099999999998,1.5407899999999999,1.554,163715
2022-11-29,1.55404,1.5564900000000002,1.53712,1.5441099999999999,176866
2022-11-30,1.5442200000000001,1.54897,1.53061,1.53287,195201
2022-12-01,1.53305,1.5454400000000001,1.52739,1.5450300000000001,205102
2022-12-02,1.54444,1.55153,1.5422799999999999,1.5511300000000001,184932
2022-12-05,1.55157,1.56772,1.54365,1.56635,159986
2022-12-06,1.56535,1.56891,1.5573700000000001,1.5644200000000001,157879
2022-12-07,1.5636100000000002,1.5749,1.55971,1.56183,167531
2022-12-08,1.56246,1.5676299999999999,1.5547499999999999,1.55816,144217
2022-12-09,1.55873,1.56493,1.54802,1.5488,154870
2022-12-12,1.54959,1.5660699999999999,1.54684,1.56179,129482
2022-12-13,1.56029,1.56335,1.5443500000000001,1.55078,196950
2022-12-14,1.55027,1.5601699999999998,1.54782,1.55614,191673
2022-12-15,1.55586,1.58827,1.5541,1.58567,182373
2022-12-16,1.58365,1.59181,1.58203,1.58287,161154
2022-12-19,1.57806,1.58658,1.57673,1.5828799999999998,141208
2022-12-20,1.5828,1.5977999999999999,1.57776,1.59046,208075
2022-12-21,1.58979,1.59435,1.57984,1.5811,154910
2022-12-22,1.5806,1.59116,1.57233,1.58838,142949
2022-12-23,1.58738,1.5900400000000001,1.57931,1.58084,149294
2022-12-26,1.5810300000000002,1.58197,1.57742,1.5815299999999999,1558
2022-12-27,1.57953,1.5819,1.5736599999999998,1.57976,125392
2022-12-28,1.58007,1.58145,1.5652599999999999,1.5743800000000001,131644
2022-12-29,1.57422,1.5862699999999998,1.57254,1.57297,112572
2022-12-30,1.57247,1.57882,1.56721,1.5695000000000001,131750
2023-01-02,1.56711,1.57321,1.5622500000000001,1.5662099999999999,24207
2023-01-03,1.5672000000000001,1.5741100000000001,1.56177,1.5677699999999999,183982
2023-01-04,1.56643,1.56967,1.5416699999999999,1.55038,183064
2023-01-05,1.55046,1.5616400000000001,1.54853,1.55809,165925
2023-01-06,1.55701,1.56098,1.5457100000000001,1.54798,181078
2023-01-09,1.54595,1.55375,1.53849,1.55239,155088
2023-01-10,1.55015,1.5621,1.5499100000000001,1.55715,159199
2023-01-11,1.55804,1.5625200000000001,1.55223,1.55724,130290
2023-01-12,1.5568,1.56249,1.54977,1.55748,196594
2023-01-13,1.55593,1.5607799999999998,1.5513,1.55261,161672
2023-01-16,1.55307,1.5570300000000001,1.5484499999999999,1.55565,115020
2023-01-17,1.55531,1.56222,1.54263,1.5439500000000002,164665
2023-01-18,1.54369,1.55571,1.53659,1.55504,190409
2023-01-19,1.55401,1.57501,1.55282,1.56725,153844
2023-01-20,1.56671,1.56789,1.55636,1.5578400000000001,125147
2023-01-23,1.55935,1.5640100000000001,1.54386,1.54681,130329
2023-01-24,1.54665,1.5500099999999999,1.54051,1.54531,118160
2023-01-25,1.5447600000000001,1.54782,1.5307,1.5366,141265
2023-01-26,1.5361099999999999,1.53799,1.5278100000000001,1.53056,153483
2023-01-27,1.53119,1.53267,1.52555,1.52767,135187
2023-01-30,1.5299399999999999,1.5407199999999999,1.5266600000000001,1.53662,141190
2023-01-31,1.5354299999999999,1.54974,1.5346,1.53966,161600
2023-02-01,1.5385499999999999,1.5476299999999998,1.53572,1.53944,178068
2023-02-02,1.53921,1.54398,1.53325,1.5413999999999999,197520
2023-02-03,1.5404900000000001,1.56041,1.53935,1.55907,191685
2023-02-06,1.56202,1.56508,1.55372,1.55785,162681
2023-02-07,1.5566900000000001,1.5582799999999999,1.53918,1.54128,210280
2023-02-08,1.5411299999999999,1.5486900000000001,1.5374400000000001,1.5471599999999999,149678
2023-02-09,1.54645,1.54895,1.53871,1.54791,121917
2023-02-10,1.54785,1.55105,1.53901,1.54303,126099
2023-02-13,1.5431,1.54691,1.53769,1.53955,100568
2023-02-14,1.53853,1.54748,1.53549,1.53621,161268
2023-02-15,1.53627,1.5551,1.53497,1.54778,128979
2023-02-16,1.5484,1.5575299999999999,1.54459,1.55126,144750
2023-02-17,1.55145,1.5606900000000001,1.55036,1.55444,124902
2023-02-20,1.55474,1.5559500000000002,1.54339,1.54696,74164
2023-02-21,1.54611,1.55473,1.5439699999999998,1.5526,141981
2023-02-22,1.55261,1.56326,1.5506799999999998,1.55819,139294
2023-02-23,1.5578400000000001,1.56002,1.5513400000000002,1.55634,121229
2023-02-24,1.55605,1.56934,1.55397,1.56771,133034
2023-02-27,1.5653299999999999,1.57673,1.56474,1.57417,110515
2023-02-28,1.5735999999999999,1.58148,1.5695000000000001,1.5715599999999998,115729
2023-03-01,1.57016,1.5827499999999999,1.5669,1.5783399999999999,143269
2023-03-02,1.577,1.58249,1.57363,1.57446,138770
2023-03-03,1.57279,1.57527,1.56918,1.57073,111633
2023-03-06,1.57345,1.58833,1.57023,1.58705,107474
2023-03-07,1.58623,1.6041400000000001,1.58416,1.60226,145869
2023-03-08,1.60038,1.60305,1.59375,1.6000100000000002,129707
2023-03-09,1.5987900000000002,1.60782,1.59405,1.60567,119337
2023-03-10,1.6049600000000002,1.6190099999999998,1.60284,1.61589,190860
2023-03-13,1.61913,1.62012,1.59697,1.6087799999999999,256453
2023-03-14,1.6087799999999999,1.61468,1.60189,1.60591,202297
2023-03-15,1.60589,1.6094300000000001,1.58491,1.5976,207499
2023-03-16,1.59887,1.60092,1.5902699999999999,1.59435,198556
2023-03-17,1.5946,1.59589,1.58558,1.59022,157389
2023-03-20,1.5897700000000001,1.60029,1.58714,1.5953300000000001,168495
2023-03-21,1.5953300000000001,1.6194600000000001,1.59422,1.6132900000000001,112349
2023-03-22,1.61417,1.6254499999999998,1.60554,1.62422,128592
2023-03-23,1.6242299999999998,1.62546,1.61674,1.61995,135572
2023-03-24,1.61951,1.62507,1.6137700000000001,1.61932,131615
2023-03-27,1.61853,1.62561,1.61484,1.62366,99378
2023-03-28,1.62307,1.62413,1.61496,1.6166399999999999,85968
2023-03-29,1.616,1.62764,1.61554,1.62234,89623
2023-03-30,1.6223100000000001,1.6313499999999999,1.61418,1.6247099999999999,89706
2023-03-31,1.62461,1.63087,1.61971,1.62171,97180
2023-04-03,1.61966,1.62384,1.60348,1.60656,103116
2023-04-04,1.60662,1.6272600000000002,1.60426,1.6226,94749
2023-04-05,1.6213,1.6388,1.61645,1.62269,100561
2023-04-06,1.6217000000000001,1.6391,1.6202100000000002,1.63673,77139
2023-04-07,1.63652,1.63922,1.6313499999999999,1.6333,34340
2023-04-10,1.63347,1.63864,1.6332900000000001,1.63504,58076
2023-04-11,1.63672,1.64101,1.6299299999999999,1.64006,82992
2023-04-12,1.63959,1.6437300000000001,1.63306,1.642,97566
2023-04-13,1.64038,1.6445699999999999,1.62635,1.6284,92466
2023-04-14,1.62876,1.64039,1.62637,1.6381999999999999,96503
2023-04-17,1.6386500000000002,1.64006,1.62982,1.63045,87534
2023-04-18,1.63122,1.63156,1.6245500000000002,1.63095,86575
2023-04-19,1.6305,1.6346500000000002,1.62785,1.63163,85904
2023-04-20,1.62935,1.6360000000000001,1.62201,1.62707,88765
2023-04-21,1.62634,1.6428099999999999,1.6239,1.64161,84870
2023-04-24,1.63944,1.65138,1.63944,1.64954,80361
2023-04-25,1.64969,1.6587100000000001,1.6486399999999999,1.65603,90377
2023-04-26,1.65503,1.67863,1.6532200000000001,1.67171,114302
2023-04-27,1.67153,1.67334,1.66232,1.6632099999999999,106345
2023-04-28,1.66222,1.67151,1.66051,1.66482,123180
2023-05-01,1.66648,1.6670500000000001,1.6503700000000001,1.65529,82207
2023-05-02,1.65298,1.65827,1.63554,1.6507,122387
2023-05-03,1.65012,1.65933,1.64991,1.65762,116838
2023-05-04,1.65576,1.66681,1.6432799999999999,1.6451,144705
2023-05-05,1.6445699999999999,1.6461700000000001,1.63123,1.63163,108262
2023-05-08,1.63279,1.63517,1.62113,1.62262,80667
2023-05-09,1.62275,1.62574,1.6196199999999998,1.6208,86944
2023-05-10,1.62026,1.6249,1.61354,1.61989,110991
2023-05-11,1.61992,1.63179,1.6178,1.6286100000000001,103994
2023-05-12,1.62791,1.6349,1.62758,1.63365,87608
2023-05-15,1.63206,1.63376,1.6210900000000001,1.62298,74087
2023-05-16,1.6233499999999998,1.6332499999999999,1.62072,1.63211,83885
2023-05-17,1.6319,1.6357300000000001,1.62408,1.62755,86483
2023-05-18,1.6274,1.63486,1.6249500000000001,1.62642,89552
2023-05-19,1.6263800000000002,1.6268799999999999,1.6199,1.6242299999999998,99706
2023-05-22,1.62508,1.63109,1.62359,1.6253199999999999,90846
2023-05-23,1.62521,1.63086,1.62279,1.62944,96133
2023-05-24,1.62876,1.64725,1.6279599999999999,1.64257,103724
2023-05-25,1.6423,1.64968,1.64052,1.6485400000000001,99282
2023-05-26,1.64743,1.6515300000000002,1.64282,1.6451,94675
2023-05-29,1.64171,1.64431,1.6369099999999999,1.63746,52190
2023-05-30,1.6364,1.64781,1.6351,1.6468699999999998,96974
2023-05-31,1.64666,1.6515,1.64036,1.64323,104149
2023-06-01,1.64317,1.64698,1.63324,1.63727,102871
2023-06-02,1.63674,1.63767,1.6188799999999999,1.62072,92166
2023-06-05,1.61784,1.62401,1.61452,1.61868,85405
2023-06-06,1.61652,1.6207799999999999,1.60106,1.60246,85484
2023-06-07,1.6022699999999999,1.6095899999999999,1.59774,1.60809,88939
2023-06-08,1.6064500000000002,1.60899,1.60181,1.60572,82885
2023-06-09,1.60534,1.6102400000000001,1.59345,1.59383,80057
2023-06-12,1.59368,1.59505,1.59089,1.5935700000000002,74785
2023-06-13,1.59331,1.59829,1.58799,1.59507,101023
2023-06-14,1.5948,1.5996700000000001,1.5874700000000002,1.5938400000000001,95495
2023-06-15,1.59358,1.59875,1.58481,1.59017,97882
2023-06-16,1.58857,1.59566,1.5876299999999999,1.5900699999999999,94179
2023-06-19,1.58768,1.60026,1.58544,1.5940400000000001,70249
2023-06-20,1.59388,1.61437,1.5917,1.6086,108425
2023-06-21,1.60802,1.61863,1.60589,1.6162999999999998,112762
2023-06-22,1.6162,1.62585,1.61374,1.62146,105176
2023-06-23,1.62074,1.63368,1.61891,1.6308500000000001,113735
2023-06-26,1.63075,1.63638,1.62953,1.63362,92921
2023-06-27,1.6336300000000001,1.6413,1.62575,1.6390799999999999,103147
2023-06-28,1.63895,1.6553200000000001,1.6375899999999999,1.65319,109583
2023-06-29,1.6505800000000002,1.65436,1.63993,1.6418,103298
2023-06-30,1.64184,1.6460599999999999,1.63654,1.63782,109904
2023-07-03,1.6368200000000002,1.64333,1.6314899999999999,1.63507,87223
2023-07-04,1.63442,1.64117,1.62515,1.62544,66628
2023-07-05,1.62528,1.63523,1.62306,1.63084,89633
2023-07-06,1.6306500000000002,1.64409,1.6249500000000001,1.64246,112058
2023-07-07,1.64331,1.64638,1.6366800000000001,1.6384699999999999,106879
2023-07-10,1.6380599999999998,1.65248,1.63792,1.6478000000000002,98947
2023-07-11,1.64776,1.65205,1.6447699999999998,1.64619,108052
2023-07-12,1.64589,1.6499000000000001,1.63538,1.6402,113697
2023-07-13,1.6400299999999999,1.6413,1.62331,1.62944,118534
2023-07-14,1.62812,1.6435499999999998,1.62729,1.6421700000000001,109403
2023-07-17,1.6388,1.65215,1.6387399999999999,1.64808,87131
2023-07-18,1.64806,1.65432,1.64295,1.64832,99308
2023-07-19,1.6449099999999999,1.66024,1.64378,1.6536,114885
2023-07-20,1.65245,1.6555900000000001,1.63815,1.64157,116080
2023-07-21,1.641,1.65393,1.64031,1.6523400000000001,95612
2023-07-24,1.6503,1.65602,1.64026,1.64146,110922
2023-07-25,1.63911,1.64506,1.62614,1.627,108209
2023-07-26,1.62697,1.64392,1.62623,1.64031,131720
2023-07-27,1.6374,1.6406399999999999,1.62781,1.63599,151518
2023-07-28,1.63586,1.65784,1.6348500000000001,1.65653,152578
2023-07-31,1.65369,1.6570200000000002,1.63527,1.63707,122279
2023-08-01,1.63705,1.66159,1.63197,1.6606,119058
2023-08-02,1.66001,1.67325,1.6582599999999998,1.6727699999999999,140058
2023-08-03,1.67251,1.67665,1.6686,1.6712,149174
2023-08-04,1.6677499999999998,1.6767699999999999,1.66358,1.67503,142029
2023-08-07,1.67431,1.67678,1.66845,1.6735799999999998,115101
2023-08-08,1.6745700000000001,1.68598,1.67272,1.67412,136872
2023-08-09,1.67412,1.68371,1.6703700000000001,1.68089,128410
2023-08-10,1.6792099999999999,1.68541,1.6709399999999999,1.68532,139477
2023-08-11,1.68507,1.68839,1.68211,1.68495,130364
2023-08-14,1.68383,1.69296,1.6795200000000001,1.6810100000000001,135158
2023-08-15,1.68099,1.69116,1.67388,1.68902,153165
2023-08-16,1.68899,1.6955,1.68632,1.69339,149927
2023-08-17,1.6933799999999999,1.7064300000000001,1.6914500000000001,1.69771,144612
2023-08-18,1.69523,1.7014399999999998,1.69421,1.69682,123640
2023-08-21,1.69495,1.70393,1.6939199999999999,1.69849,115051
2023-08-22,1.69843,1.70194,1.6865999999999999,1.68839,122378
2023-08-23,1.6885,1.68987,1.6758,1.6761,146276
2023-08-24,1.67642,1.68544,1.6752799999999999,1.6844299999999999,151004
2023-08-25,1.68316,1.68876,1.67746,1.68546,150321
2023-08-28,1.68473,1.68835,1.6783000000000001,1.68262,120734
2023-08-29,1.68261,1.68537,1.67522,1.67872,143750
2023-08-30,1.6774499999999999,1.68733,1.6757900000000001,1.68682,150685
2023-08-31,1.6867999999999999,1.6879,1.67192,1.67194,138453
2023-09-01,1.6711399999999998,1.68053,1.6675900000000001,1.66936,140951
2023-09-04,1.67103,1.6720199999999998,1.66492,1.67045,78194
2023-09-05,1.67049,1.68941,1.66916,1.6806999999999999,152881
2023-09-06,1.6809699999999999,1.68533,1.6759300000000001,1.6803,138243
2023-09-07,1.68024,1.68493,1.67298,1.6771500000000001,134461
2023-09-08,1.67565,1.6812,1.6715200000000001,1.67728,122776
2023-09-11,1.67676,1.6787999999999998,1.66453,1.67052,123077
2023-09-12,1.6684,1.67484,1.66471,1.67319,108749
2023-09-13,1.67347,1.67953,1.66993,1.67043,139340
2023-09-14,1.67075,1.6718,1.65124,1.65246,135161
2023-09-15,1.65144,1.6592099999999999,1.64546,1.65714,130599
2023-09-18,1.65177,1.6615199999999999,1.65174,1.6606,103321
2023-09-19,1.65951,1.6616499999999998,1.6522700000000001,1.65442,105837
2023-09-20,1.65319,1.6562999999999999,1.64783,1.65327,133507
2023-09-21,1.65326,1.6652,1.64987,1.66124,150554
2023-09-22,1.6611,1.66358,1.64675,1.65213,136327
2023-09-25,1.6518899999999999,1.65903,1.64725,1.64898,120058
2023-09-26,1.6489099999999999,1.65502,1.6463100000000002,1.65004,142208
2023-09-27,1.6496,1.65818,1.64704,1.65312,139789
2023-09-28,1.6529,1.6553499999999999,1.64277,1.64364,161994
2023-09-29,1.6437599999999999,1.64499,1.63206,1.64157,144991
2023-10-02,1.6432799999999999,1.65187,1.63936,1.64608,125976
2023-10-03,1.6461700000000001,1.6643,1.64399,1.66045,140381
2023-10-04,1.66067,1.66417,1.65496,1.6604299999999999,149238
2023-10-05,1.66033,1.66161,1.65043,1.65454,134644
2023-10-06,1.65326,1.66363,1.65259,1.65759,150364
2023-10-09,1.6565400000000001,1.66303,1.6473200000000001,1.6482,121596
2023-10-10,1.6482,1.65568,1.6444800000000002,1.6486,149650
2023-10-11,1.64872,1.65734,1.64672,1.6556,134559
2023-10-12,1.65537,1.6694,1.6533099999999998,1.66686,125459
2023-10-13,1.6667,1.67054,1.6644299999999999,1.66851,137347
2023-10-16,1.66636,1.6697899999999999,1.6627800000000001,1.66491,107074
2023-10-17,1.66486,1.66642,1.65732,1.66162,132377
2023-10-18,1.66064,1.66343,1.65527,1.66255,133732
2023-10-19,1.66232,1.67395,1.66062,1.67179,154442
2023-10-20,1.6700300000000001,1.67909,1.66988,1.67617,130264
2023-10-23,1.6757,1.68451,1.67421,1.6836,113692
2023-10-24,1.68067,1.68434,1.6651099999999999,1.66632,122578
2023-10-25,1.66647,1.67571,1.65576,1.67484,118886
2023-10-26,1.67483,1.68229,1.66681,1.6704599999999998,138971
2023-10-27,1.67056,1.67074,1.65997,1.66763,120324
2023-10-30,1.66647,1.6681,1.6590799999999999,1.66602,104820
2023-10-31,1.66602,1.67603,1.66404,1.66824,119491
2023-11-01,1.66832,1.67249,1.65021,1.6511200000000001,124454
2023-11-02,1.65113,1.65675,1.6455600000000001,1.6502599999999998,112150
2023-11-03,1.65027,1.6533799999999998,1.64596,1.64675,114151
2023-11-06,1.64698,1.65393,1.64521,1.64798,97905
2023-11-07,1.64779,1.66638,1.64657,1.6621299999999999,105043
2023-11-08,1.66191,1.6729500000000002,1.65714,1.6723400000000002,98486
2023-11-09,1.67136,1.6756600000000001,1.66683,1.67549,113687
2023-11-10,1.67547,1.68323,1.6735799999999998,1.6793200000000001,110290
2023-11-13,1.6818,1.6818,1.67384,1.67739,82997
2023-11-14,1.67477,1.68399,1.6709399999999999,1.67146,115175
2023-11-15,1.67171,1.67622,1.66352,1.66632,119342
2023-11-16,1.66663,1.6798,1.6619899999999999,1.6768100000000001,112704
2023-11-17,1.67706,1.6801,1.6686999999999999,1.6749800000000001,107738
2023-11-20,1.67461,1.6769699999999998,1.66445,1.66821,108083
2023-11-21,1.6683599999999998,1.66927,1.66227,1.66394,116154
2023-11-22,1.66334,1.6696499999999999,1.65997,1.66415,125340
2023-11-23,1.66413,1.665,1.6598000000000002,1.66238,73186
2023-11-24,1.66239,1.66342,1.65889,1.66026,84109
2023-11-27,1.66231,1.66646,1.6560000000000001,1.65794,104080
2023-11-28,1.65795,1.65913,1.65077,1.65307,127852
2023-11-29,1.65301,1.66038,1.64967,1.6573799999999999,131130
2023-11-30,1.6556199999999999,1.6585800000000002,1.64453,1.6477300000000001,139279
2023-12-01,1.6470799999999999,1.65272,1.62826,1.62969,131490
2023-12-04,1.63041,1.6378,1.6268099999999999,1.63651,130621
2023-12-05,1.6367500000000001,1.65163,1.6335199999999999,1.64747,128036
2023-12-06,1.64598,1.64788,1.63588,1.6434,128891
2023-12-07,1.6432,1.64881,1.63365,1.6346500000000002,145068
2023-12-08,1.63464,1.63774,1.62899,1.63401,160819
2023-12-11,1.63604,1.64299,1.63524,1.63897,135286
2023-12-12,1.63897,1.6472,1.63208,1.64524,127672
2023-12-13,1.6452499999999999,1.64798,1.63026,1.63218,135915
2023-12-14,1.63212,1.6420599999999999,1.6207500000000001,1.63995,186188
2023-12-15,1.64097,1.6419899999999998,1.62208,1.62442,160502
2023-12-18,1.62546,1.63201,1.6214499999999998,1.62854,110905
2023-12-19,1.6271499999999999,1.62984,1.62058,1.62331,126890
2023-12-20,1.62293,1.6259700000000001,1.61494,1.62528,129021
2023-12-21,1.6250499999999999,1.62671,1.6167099999999999,1.61832,146259
2023-12-22,1.61873,1.62347,1.61537,1.6184699999999999,136258
2023-12-25,1.6188099999999999,1.61958,1.61625,1.61814,141
2023-12-26,1.61608,1.62079,1.61548,1.6176,63804
2023-12-27,1.61787,1.62417,1.61391,1.62081,77641
2023-12-28,1.62184,1.63143,1.6162800000000002,1.61808,108689
2023-12-29,1.61931,1.63037,1.61666,1.61941,123974
2024-01-02,1.62019,1.62243,1.61279,1.61784,138992
2024-01-03,1.61798,1.6275,1.61551,1.6213899999999999,145026
2024-01-04,1.62142,1.63446,1.61734,1.63158,142568
2024-01-05,1.63007,1.6383299999999998,1.6278899999999998,1.6290499999999999,166586
2024-01-08,1.62931,1.63999,1.62612,1.6292900000000001,128556
2024-01-09,1.6293,1.6364800000000002,1.62785,1.6345399999999999,130940
2024-01-10,1.6345399999999999,1.6391,1.63005,1.6376,115289
2024-01-11,1.6374900000000001,1.64598,1.63186,1.64055,146600
2024-01-12,1.63957,1.64074,1.63195,1.6373799999999998,141078
2024-01-15,1.63611,1.64632,1.63522,1.64383,85720
2024-01-16,1.64375,1.65262,1.6427,1.65165,158985
2024-01-17,1.65141,1.66309,1.64964,1.6608399999999999,152024
2024-01-18,1.66063,1.6673499999999999,1.65408,1.65461,145273
2024-01-19,1.6545299999999998,1.65646,1.6481,1.6515900000000001,130721
2024-01-22,1.65056,1.657,1.6486399999999999,1.65632,124273
2024-01-23,1.65615,1.65713,1.64706,1.6497000000000002,131255
2024-01-24,1.6475,1.6551900000000002,1.64722,1.6549399999999999,155661
2024-01-25,1.6551,1.6568800000000001,1.64287,1.64716,149983
2024-01-26,1.64716,1.65134,1.64306,1.65022,129626
2024-01-29,1.6491,1.6503,1.63746,1.6385399999999999,115871
2024-01-30,1.63852,1.64765,1.63498,1.64255,133481
2024-01-31,1.64248,1.64996,1.64101,1.6469200000000002,177219
2024-02-01,1.6469399999999998,1.66051,1.64365,1.6540599999999999,172610
2024-02-02,1.65404,1.65796,1.64635,1.65605,156746
2024-02-05,1.65517,1.66006,1.65238,1.65685,143464
2024-02-06,1.65683,1.6580599999999999,1.64799,1.64855,142072
2024-02-07,1.64855,1.65319,1.64569,1.65198,131615
2024-02-08,1.6519599999999999,1.66106,1.65052,1.6600700000000002,121999
2024-02-09,1.66008,1.66055,1.65123,1.65199,121474
2024-02-12,1.65229,1.65628,1.64763,1.64899,99573
2024-02-13,1.6492200000000001,1.66112,1.6487699999999998,1.65918,133099
2024-02-14,1.65913,1.66059,1.65127,1.65255,130258
2024-02-15,1.65248,1.6559300000000001,1.64879,1.65084,131551
2024-02-16,1.65066,1.65377,1.6477300000000001,1.64876,129708
2024-02-19,1.64905,1.65032,1.64591,1.64795,77699
2024-02-20,1.64765,1.65052,1.6451,1.65012,129564
2024-02-21,1.64992,1.6531500000000001,1.64539,1.6511200000000001,142979
2024-02-22,1.65114,1.65375,1.64656,1.65043,153215
2024-02-23,1.65042,1.65126,1.6458599999999999,1.64792,134630
2024-02-26,1.6485400000000001,1.66062,1.64684,1.65896,96031
2024-02-27,1.65764,1.66265,1.655,1.6568,116474
2024-02-28,1.65701,1.6693799999999999,1.65568,1.66855,123748
2024-02-29,1.6684,1.66974,1.6602000000000001,1.6627800000000001,154094
2024-03-01,1.66241,1.66553,1.65801,1.6606999999999998,135027
2024-03-04,1.65933,1.66806,1.65906,1.667,107035
2024-03-05,1.66604,1.67441,1.66564,1.66957,120662
2024-03-06,1.67034,1.6709,1.65771,1.65995,142059
2024-03-07,1.66013,1.6607699999999999,1.6440299999999999,1.65348,143632
2024-03-08,1.6536499999999998,1.65522,1.6441599999999998,1.64935,149235
2024-03-11,1.65042,1.65649,1.64852,1.65178,124565
2024-03-12,1.65178,1.6559,1.6481,1.65366,133743
2024-03-13,1.65367,1.65544,1.6511900000000002,1.6531500000000001,116085
2024-03-14,1.6531500000000001,1.65682,1.6505999999999998,1.6535600000000001,120850
2024-03-15,1.65355,1.66098,1.65255,1.6588699999999998,115685
2024-03-18,1.65938,1.6605699999999999,1.65698,1.65712,93536
2024-03-19,1.65712,1.6679300000000001,1.65675,1.6628699999999998,125545
2024-03-20,1.6629399999999999,1.66553,1.65793,1.65872,121920
2024-03-21,1.6588,1.6596899999999999,1.6476899999999999,1.6526100000000001,136320
2024-03-22,1.65271,1.66208,1.65049,1.6587399999999999,118330
2024-03-25,1.65892,1.65971,1.65348,1.65672,101511
2024-03-26,1.65672,1.65922,1.65439,1.6576,108425
2024-03-27,1.6576,1.66209,1.6559599999999999,1.65701,109753
2024-03-28,1.65701,1.66243,1.6548,1.65574,117093
2024-03-29,1.65571,1.6568800000000001,1.65251,1.65551,43313
2024-04-01,1.6534499999999999,1.65717,1.65095,1.65536,95915
2024-04-02,1.65529,1.65601,1.64859,1.65213,113750
2024-04-03,1.65215,1.65629,1.6489099999999999,1.65062,116836
2024-04-04,1.65052,1.65086,1.64135,1.6449,107876
2024-04-05,1.6448,1.6496,1.64189,1.64656,136629
2024-04-08,1.6467,1.6505100000000001,1.64116,1.64413,120338
2024-04-09,1.64412,1.64526,1.63697,1.63782,107133
2024-04-10,1.63784,1.65181,1.63705,1.6493600000000002,147952
2024-04-11,1.64939,1.65168,1.63943,1.6404999999999998,150120
2024-04-12,1.63983,1.64783,1.63768,1.6463100000000002,145490
2024-04-15,1.6434,1.6497199999999999,1.6413799999999998,1.64906,155648
2024-04-16,1.64844,1.66182,1.64798,1.65861,171408
2024-04-17,1.65859,1.66002,1.65359,1.65842,160409
2024-04-18,1.6583999999999999,1.6589800000000001,1.65373,1.65732,141270
2024-04-19,1.65728,1.66814,1.65637,1.66017,188690
2024-04-22,1.6597,1.6611,1.6513900000000001,1.65179,90631
2024-04-23,1.65176,1.65621,1.6484999999999999,1.64958,93988
2024-04-24,1.6496,1.6503100000000002,1.64072,1.64666,102350
2024-04-25,1.64636,1.64858,1.641,1.6459000000000001,124392
2024-04-26,1.64593,1.64595,1.6348500000000001,1.63632,131026
2024-04-29,1.6385999999999998,1.6385999999999998,1.62903,1.63246,145013
2024-04-30,1.6324800000000002,1.6496,1.63157,1.64758,136579
2024-05-01,1.64566,1.64894,1.64067,1.6412200000000001,135915
2024-05-02,1.64193,1.64348,1.63222,1.63333,153368
2024-05-03,1.6335899999999999,1.6339299999999999,1.6227800000000001,1.6280299999999999,143504
2024-05-06,1.626,1.62892,1.62449,1.62539,93415
2024-05-07,1.6244800000000001,1.63305,1.62174,1.62994,104916
2024-05-08,1.62995,1.63827,1.62926,1.63351,87656
2024-05-09,1.6335,1.6354600000000001,1.62784,1.6286399999999999,100749
2024-05-10,1.62865,1.6325699999999999,1.6274899999999999,1.63052,96244
2024-05-13,1.63041,1.6351499999999999,1.6297199999999998,1.6327099999999999,83334
2024-05-14,1.63292,1.6369099999999999,1.6316199999999998,1.63239,88637
2024-05-15,1.63252,1.63425,1.62483,1.626,103841
2024-05-16,1.62599,1.6315,1.62223,1.6271,100232
2024-05-17,1.62689,1.63068,1.62295,1.62356,79886
2024-05-20,1.6229,1.62938,1.6213,1.6282100000000002,82169
2024-05-21,1.62818,1.6325699999999999,1.62513,1.6282100000000002,89098
2024-05-22,1.62854,1.63715,1.62476,1.63472,97841
2024-05-23,1.63493,1.63778,1.63236,1.63703,114480
2024-05-24,1.6369799999999999,1.64049,1.6353499999999999,1.63611,96670
2024-05-27,1.6371,1.6378300000000001,1.62969,1.63219,60914
2024-05-28,1.63178,1.63422,1.62819,1.6325699999999999,108150
2024-05-29,1.63279,1.6373199999999999,1.62747,1.6338599999999999,115109
2024-05-30,1.63384,1.63681,1.63118,1.63283,118102
2024-05-31,1.63327,1.63421,1.6289,1.63009,127941
2024-06-03,1.6329,1.6348099999999999,1.62531,1.62994,109262
2024-06-04,1.6295,1.63862,1.6288,1.63594,133338
2024-06-05,1.63538,1.63952,1.6321400000000001,1.6348099999999999,111189
2024-06-06,1.63459,1.64036,1.62971,1.6333199999999999,101953
2024-06-07,1.63301,1.64201,1.63105,1.6413,121450
2024-06-10,1.63615,1.63871,1.62602,1.62853,100914
2024-06-11,1.62852,1.6335,1.6234600000000001,1.6256599999999999,104913
2024-06-12,1.6238700000000001,1.62822,1.6169,1.62198,134438
2024-06-13,1.6219999999999999,1.6273300000000002,1.61742,1.61784,122354
2024-06-14,1.61787,1.62184,1.6145800000000001,1.61753,138991
2024-06-17,1.6196000000000002,1.62626,1.61561,1.62284,100719
2024-06-18,1.623,1.62466,1.61306,1.6133199999999999,115664
2024-06-19,1.6132499999999999,1.6137299999999999,1.6078700000000001,1.60998,64298
2024-06-20,1.61033,1.61134,1.60589,1.60778,107612
2024-06-21,1.60781,1.61129,1.6026799999999999,1.60989,111446
2024-06-24,1.6091,1.61604,1.60751,1.6119599999999998,105864
2024-06-25,1.61212,1.6136599999999999,1.60768,1.61148,98754
2024-06-26,1.61136,1.61337,1.5997599999999998,1.60643,117073
2024-06-27,1.6059700000000001,1.61141,1.60249,1.6101999999999999,109637
2024-06-28,1.61049,1.61459,1.6021,1.60583,136203
2024-07-01,1.6074000000000002,1.61476,1.60617,1.61242,120773
2024-07-02,1.61222,1.6177000000000001,1.6094,1.6116700000000002,117285
2024-07-03,1.6113,1.61346,1.6061,1.6080299999999998,100440
2024-07-04,1.60786,1.60892,1.60425,1.6066,53838
2024-07-05,1.60743,1.60981,1.6047099999999999,1.60544,112450
2024-07-08,1.6023,1.6090200000000001,1.6010900000000001,1.60653,102706
2024-07-09,1.6066099999999999,1.60802,1.60339,1.60399,99112
2024-07-10,1.6037400000000002,1.6063399999999999,1.60332,1.6049600000000002,90774
2024-07-11,1.60479,1.60852,1.60145,1.60768,126566
2024-07-12,1.60774,1.6088900000000002,1.60476,1.6073499999999998,129304
2024-07-15,1.60589,1.6132300000000002,1.6053600000000001,1.61158,121019
2024-07-16,1.61117,1.61977,1.61096,1.61848,116486
2024-07-17,1.61833,1.6263800000000002,1.61726,1.62554,140461
2024-07-18,1.62512,1.62842,1.61877,1.6247099999999999,142715
2024-07-19,1.62474,1.6286399999999999,1.62314,1.62695,124682
2024-07-22,1.6272,1.6404,1.62493,1.63944,119454
2024-07-23,1.63868,1.6429,1.63856,1.64058,105669
2024-07-24,1.64045,1.64763,1.6397599999999999,1.6469399999999998,130364
2024-07-25,1.6469399999999998,1.66432,1.64652,1.65861,176250
2024-07-26,1.65861,1.6597300000000001,1.65252,1.65777,119688
2024-07-29,1.65644,1.6583700000000001,1.65199,1.6521599999999999,110373
2024-07-30,1.65328,1.6566800000000002,1.64917,1.65415,118128
2024-07-31,1.65391,1.67001,1.65232,1.6547800000000001,178773
2024-08-01,1.65479,1.6620300000000001,1.64747,1.65978,172561
2024-08-02,1.65832,1.67685,1.65438,1.67534,203221
2024-08-05,1.6758,1.71822,1.6727400000000001,1.68523,288600
2024-08-06,1.68525,1.68713,1.67106,1.67537,251052
2024-08-07,1.6754799999999999,1.6783299999999999,1.66003,1.6751200000000002,202845
2024-08-08,1.67516,1.6800199999999998,1.65567,1.6560700000000002,186700
2024-08-09,1.65602,1.66234,1.65354,1.6606999999999998,135564
2024-08-12,1.6616,1.66204,1.6542,1.65931,115775
2024-08-13,1.65972,1.66134,1.6531099999999999,1.65794,137914
2024-08-14,1.6577899999999999,1.66995,1.65472,1.6678600000000001,136838
2024-08-15,1.6683400000000002,1.6747800000000002,1.65598,1.65863,110432
2024-08-16,1.6585800000000002,1.66052,1.6519,1.65307,95153
2024-08-19,1.65358,1.65418,1.6457199999999998,1.64664,115281
2024-08-20,1.64665,1.65045,1.6450399999999998,1.6495600000000001,125625
2024-08-21,1.64943,1.6542400000000002,1.64724,1.65299,77021
2024-08-22,1.6527699999999999,1.65816,1.64885,1.6570200000000002,54453
2024-08-23,1.6572200000000001,1.65771,1.64526,1.64642,60597
2024-08-26,1.6470099999999999,1.65106,1.64506,1.64784,56658
2024-08-27,1.6478199999999998,1.65007,1.64424,1.64585,53374
2024-08-28,1.6457899999999999,1.647,1.63785,1.6386500000000002,113092
2024-08-29,1.63861,1.64025,1.6255600000000001,1.62908,138888
2024-08-30,1.6292,1.6359599999999999,1.62662,1.63274,115152
2024-09-02,1.63172,1.63493,1.62901,1.6303299999999998,58331
2024-09-03,1.63008,1.64584,1.62926,1.64523,120246
2024-09-04,1.64492,1.6522700000000001,1.6414,1.6477300000000001,114751
2024-09-05,1.64771,1.6519599999999999,1.6458599999999999,1.64805,110180
2024-09-06,1.64804,1.6628500000000002,1.64404,1.6617199999999999,135605
2024-09-09,1.6608399999999999,1.6630099999999999,1.65542,1.65638,89844
2024-09-10,1.65645,1.65987,1.6537899999999999,1.65617,90664
2024-09-11,1.65621,1.66173,1.64953,1.6496300000000002,130151
2024-09-12,1.64897,1.65394,1.64523,1.64709,111550
2024-09-13,1.64689,1.65644,1.64629,1.65167,101863
2024-09-16,1.65177,1.65351,1.64791,1.6487699999999998,84725
2024-09-17,1.6489099999999999,1.64995,1.6440299999999999,1.64481,102830
2024-09-18,1.64483,1.64754,1.6384699999999999,1.64344,131123
2024-09-19,1.64345,1.64489,1.63163,1.63784,152275
2024-09-20,1.6365699999999999,1.64295,1.6352,1.63974,123420
2024-09-23,1.63956,1.64029,1.6233300000000002,1.6246800000000001,113879
2024-09-24,1.6244,1.6313,1.61855,1.62178,107495
2024-09-25,1.62192,1.63179,1.6197599999999999,1.63143,114819
2024-09-26,1.6314,1.63205,1.61837,1.6205500000000002,126868
2024-09-27,1.62087,1.62508,1.6116700000000002,1.61726,132532
2024-09-30,1.61497,1.61857,1.60632,1.61039,167120
2024-10-01,1.6105399999999999,1.61136,1.6018599999999998,1.60771,187303
2024-10-02,1.60774,1.6090900000000001,1.6003699999999998,1.60392,151111
2024-10-03,1.60466,1.61387,1.6036899999999998,1.6127,152522
2024-10-04,1.61137,1.6154,1.60987,1.6151200000000001,142021
2024-10-07,1.61362,1.6263999999999998,1.6109499999999999,1.62417,128233
2024-10-08,1.62524,1.63527,1.6219000000000001,1.6280299999999999,141233
2024-10-09,1.62808,1.63191,1.62283,1.62697,138712
2024-10-10,1.62698,1.6296599999999999,1.62141,1.62329,136706
2024-10-11,1.62221,1.62561,1.6177899999999998,1.6198299999999999,90559
2024-10-14,1.62096,1.62771,1.61844,1.62161,99553
2024-10-15,1.6218,1.6265399999999999,1.61971,1.62479,111339
2024-10-16,1.62501,1.6327500000000001,1.62222,1.62914,105436
2024-10-17,1.62935,1.6303999999999998,1.6148799999999999,1.61727,123635
2024-10-18,1.61592,1.62117,1.6133,1.62009,96755
2024-10-21,1.6192,1.62622,1.6162100000000001,1.62401,96317
2024-10-22,1.62327,1.62594,1.61473,1.6162100000000001,100366
2024-10-23,1.61622,1.62833,1.61388,1.6250200000000001,122377
2024-10-24,1.6237599999999999,1.63159,1.61846,1.63056,125881
2024-10-25,1.6297000000000001,1.63615,1.62852,1.63435,107129
2024-10-28,1.6317599999999999,1.64323,1.63002,1.64208,116353
2024-10-29,1.64236,1.65008,1.63958,1.64852,141701
2024-10-30,1.6486,1.6542400000000002,1.64399,1.65104,117442
2024-10-31,1.65104,1.65999,1.6496499999999998,1.65357,125296
2024-11-01,1.65362,1.65838,1.64751,1.6514600000000002,117976
2024-11-04,1.64429,1.65428,1.64371,1.6518899999999999,129963
2024-11-05,1.6526,1.65282,1.64287,1.64601,102132
2024-11-06,1.64675,1.6496300000000002,1.62718,1.63277,313944
2024-11-07,1.6326100000000001,1.63443,1.6162,1.6184500000000002,165374
2024-11-08,1.6180400000000001,1.63048,1.61659,1.62668,154740
2024-11-11,1.6239400000000002,1.62805,1.61829,1.6205699999999998,124248
2024-11-12,1.62053,1.6277300000000001,1.61914,1.6257899999999998,150439
2024-11-13,1.625,1.63109,1.62334,1.62851,157758
2024-11-14,1.6285500000000002,1.6329,1.62531,1.6314899999999999,183874
2024-11-15,1.6319599999999999,1.63531,1.6290200000000001,1.6301299999999999,160902
2024-11-18,1.62778,1.63612,1.6274,1.62828,136936
2024-11-19,1.62818,1.6299700000000001,1.62104,1.62198,165844
2024-11-20,1.6214,1.62365,1.61968,1.61989,135941
2024-11-21,1.61991,1.62065,1.60789,1.6079599999999998,154966
2024-11-22,1.6078700000000001,1.61328,1.59661,1.6009799999999998,182299
2024-11-25,1.60208,1.6164100000000001,1.60036,1.6126800000000001,169680
2024-11-26,1.6127,1.62447,1.61232,1.6192,195130
2024-11-27,1.6184699999999999,1.63066,1.61688,1.6259700000000001,179492
2024-11-28,1.6255899999999999,1.62741,1.61997,1.6231200000000001,105478
2024-11-29,1.62181,1.62528,1.61879,1.62174,171665
2024-12-02,1.62134,1.62497,1.61584,1.6202299999999998,188440
2024-12-03,1.62005,1.62519,1.61684,1.61948,141387
2024-12-04,1.61918,1.63922,1.61918,1.63344,158692
2024-12-05,1.63401,1.64316,1.63319,1.63978,123419
2024-12-06,1.6397,1.65603,1.6388099999999999,1.6526800000000001,141703
2024-12-09,1.65111,1.6524299999999998,1.63504,1.63805,120480
2024-12-10,1.63746,1.65393,1.6374499999999999,1.6498,133530
2024-12-11,1.64989,1.65755,1.6461299999999999,1.6470099999999999,146919
2024-12-12,1.6470799999999999,1.64791,1.6361400000000001,1.64252,152286
2024-12-13,1.64256,1.65186,1.63922,1.64967,131070
2024-12-16,1.65032,1.65283,1.64749,1.64892,116443
2024-12-17,1.64934,1.6580300000000001,1.6484999999999999,1.65438,117931
2024-12-18,1.6547,1.66731,1.65364,1.66394,148177
2024-12-19,1.66463,1.67143,1.65664,1.66082,184402
2024-12-20,1.66048,1.6692399999999998,1.66035,1.6673200000000001,155218
2024-12-23,1.6654200000000001,1.67086,1.66196,1.66448,109704
2024-12-24,1.66467,1.6701000000000001,1.6629,1.66535,84251
2024-12-26,1.66537,1.67536,1.6631200000000002,1.67442,91771
2024-12-27,1.6733099999999999,1.68015,1.67131,1.6757,108465
2024-12-30,1.6757,1.67755,1.6689699999999998,1.67188,113294
2024-12-31,1.67214,1.6776499999999999,1.66821,1.67228,112790
2025-01-01,1.67217,1.67217,1.67217,1.67217,1
2025-01-02,1.6715499999999999,1.67445,1.64897,1.65391,151189
2025-01-03,1.6533799999999998,1.65938,1.65079,1.65732,107089
2025-01-06,1.6571799999999999,1.66513,1.6522000000000001,1.66246,161106
2025-01-07,1.662,1.6646100000000001,1.65445,1.65863,140950
2025-01-08,1.6587800000000001,1.6655600000000002,1.6577899999999999,1.65924,148495
2025-01-09,1.65929,1.6663700000000001,1.6587399999999999,1.6623,108356
2025-01-10,1.6621899999999998,1.66783,1.65991,1.66528,153753
2025-01-13,1.6636199999999999,1.6674799999999999,1.6572200000000001,1.6574499999999999,136252
2025-01-14,1.6578300000000001,1.6653799999999999,1.6534,1.66369,139397
2025-01-15,1.66361,1.6663700000000001,1.6516899999999999,1.6519599999999999,129305
2025-01-16,1.65191,1.65992,1.64812,1.65686,141527
2025-01-17,1.6577,1.66611,1.65527,1.65846,127653
2025-01-20,1.65725,1.66439,1.65617,1.6591399999999998,136749
2025-01-21,1.65937,1.66815,1.6579899999999999,1.66144,168009
2025-01-22,1.66155,1.66424,1.6580599999999999,1.65814,121165
2025-01-23,1.65815,1.6629,1.65638,1.65679,118312
2025-01-24,1.65649,1.66428,1.6518199999999998,1.66059,137131
2025-01-27,1.66006,1.67273,1.66006,1.66696,144774
2025-01-28,1.66706,1.67113,1.6654900000000001,1.66761,131819
2025-01-29,1.66761,1.67502,1.66652,1.6719,133446
2025-01-30,1.6718199999999999,1.6780300000000001,1.66875,1.67239,123915
2025-01-31,1.6724700000000001,1.67428,1.6641599999999999,1.6661000000000001,153694
2025-02-03,1.66544,1.6790699999999998,1.65881,1.66074,227295
2025-02-04,1.66071,1.6672099999999999,1.65821,1.6587800000000001,139951
2025-02-05,1.65857,1.66255,1.65414,1.65503,126895
2025-02-06,1.65412,1.65953,1.65042,1.65215,111481
2025-02-07,1.65149,1.6535,1.64467,1.64564,131354
2025-02-10,1.64767,1.6491500000000001,1.64056,1.64154,102211
2025-02-11,1.64015,1.6472799999999999,1.63916,1.6457899999999999,98987
2025-02-12,1.6451,1.65686,1.64307,1.65351,131136
2025-02-13,1.6519,1.66334,1.65176,1.65631,139455
2025-02-14,1.65523,1.6575600000000001,1.64989,1.65059,113903
2025-02-17,1.6533799999999998,1.6533799999999998,1.6446,1.64892,83056
2025-02-18,1.64724,1.6520700000000001,1.6437300000000001,1.64435,104675
2025-02-19,1.64311,1.64646,1.63979,1.6423999999999999,108163
2025-02-20,1.64135,1.64659,1.63572,1.64025,112721
2025-02-21,1.63938,1.64688,1.63787,1.64433,114163
2025-02-24,1.64442,1.65195,1.64212,1.64856,138487
2025-02-25,1.6476,1.66198,1.64698,1.6573,132890
2025-02-26,1.65602,1.6650399999999999,1.65549,1.6627800000000001,133277
2025-02-27,1.6610800000000001,1.6686800000000002,1.6597,1.66719,143951
2025-02-28,1.66594,1.67733,1.66594,1.67045,147203
2025-03-03,1.67309,1.68803,1.6711399999999998,1.6845599999999998,156232
2025-03-04,1.6834099999999999,1.70017,1.68316,1.69435,208440
2025-03-05,1.69377,1.70939,1.6926700000000001,1.70293,215775
2025-03-06,1.70233,1.71083,1.69917,1.70258,202308
2025-03-07,1.7018499999999999,1.72694,1.70138,1.71693,190000
2025-03-10,1.7152699999999999,1.7275,1.71034,1.72563,156730
2025-03-11,1.72529,1.74184,1.72421,1.7335,172537
2025-03-12,1.7333699999999999,1.73654,1.72192,1.7225000000000001,150332
2025-03-13,1.72228,1.73064,1.71871,1.7270400000000001,141899
2025-03-14,1.72563,1.72968,1.71793,1.71821,135423
2025-03-17,1.7199499999999999,1.7208,1.7085,1.71056,109595
2025-03-18,1.7101600000000001,1.72203,1.70852,1.72039,103101
2025-03-19,1.72028,1.72401,1.71456,1.71476,115009
2025-03-20,1.71475,1.7268,1.7142,1.72184,115244
2025-03-21,1.7207599999999998,1.72722,1.7196500000000001,1.72329,101939
2025-03-24,1.7236,1.72595,1.71648,1.7181199999999999,110313
2025-03-25,1.7170100000000001,1.7192699999999999,1.71113,1.7118799999999998,100736
2025-03-26,1.71034,1.71664,1.70491,1.7072699999999998,110604
2025-03-27,1.70703,1.7140300000000002,1.70526,1.71311,118724
2025-03-28,1.71181,1.7231,1.71042,1.72154,109141
2025-03-31,1.71959,1.7365300000000001,1.71943,1.7311299999999998,133092
2025-04-01,1.73156,1.73651,1.71847,1.71905,125497
2025-04-02,1.71799,1.7294,1.71108,1.72432,127931
2025-04-03,1.72263,1.75304,1.7204199999999998,1.7460900000000001,267685
2025-04-04,1.74489,1.82926,1.74434,1.81335,338321
2025-04-07,1.81565,1.84212,1.7877399999999999,1.82153,422468
2025-04-08,1.82051,1.84212,1.79581,1.83955,303693
2025-04-09,1.8378100000000002,1.8557700000000001,1.7747000000000002,1.77887,376631
2025-04-10,1.77841,1.81463,1.76978,1.79956,329055
2025-04-11,1.7968899999999999,1.8448099999999998,1.7947600000000001,1.80458,353837
2025-04-14,1.79358,1.8114599999999998,1.79089,1.79369,234685
2025-04-15,1.79298,1.7967,1.77159,1.77765,187266
2025-04-16,1.77765,1.7943,1.77424,1.78883,216886
2025-04-17,1.78763,1.7939,1.7761200000000001,1.7778800000000001,206219
2025-04-18,1.7776,1.78867,1.7763900000000001,1.7866900000000001,415715
2025-04-21,1.78759,1.80159,1.78558,1.7940800000000001,185348
2025-04-22,1.7931599999999999,1.79828,1.78586,1.79423,204250
2025-04-23,1.7925,1.79412,1.76615,1.77946,243089
2025-04-24,1.77733,1.78691,1.77474,1.77683,174446
2025-04-25,1.7755999999999998,1.78135,1.76501,1.7750599999999999,163062
2025-04-28,1.77766,1.7816999999999998,1.77109,1.77545,158146
2025-04-29,1.77423,1.78878,1.77006,1.78302,162159
2025-04-30,1.78114,1.7882099999999999,1.76702,1.76932,175338
2025-05-01,1.76926,1.7752599999999998,1.7597800000000001,1.76847,153117
2025-05-02,1.76741,1.77023,1.75164,1.75255,181992
2025-05-05,1.7495699999999998,1.75867,1.74624,1.7490700000000001,147682
2025-05-06,1.74868,1.75754,1.7464499999999998,1.75041,147413
2025-05-07,1.7489599999999998,1.76224,1.73855,1.7585199999999999,177474
2025-05-08,1.75824,1.7629700000000001,1.75041,1.7543199999999999,170311
2025-05-09,1.7527599999999999,1.75842,1.75145,1.7528000000000001,132254
2025-05-12,1.74213,1.7515100000000001,1.73116,1.73964,198479
2025-05-13,1.73857,1.74529,1.7252800000000001,1.7284000000000002,150559
2025-05-14,1.72729,1.74029,1.72473,1.7379799999999999,163625
2025-05-15,1.7360799999999998,1.74947,1.73392,1.74551,143304
2025-05-16,1.74546,1.75189,1.73996,1.7422900000000001,124574
2025-05-19,1.74265,1.75191,1.73889,1.7405300000000001,144246
2025-05-20,1.7394699999999998,1.7606600000000001,1.73889,1.75643,136146
2025-05-21,1.75543,1.76231,1.75312,1.76011,160598
2025-05-22,1.75873,1.76353,1.75374,1.75937,158308
2025-05-23,1.75789,1.7610999999999999,1.74673,1.74786,158233
2025-05-26,1.74882,1.7556500000000002,1.74633,1.75498,97169
2025-05-27,1.75297,1.76271,1.7526899999999999,1.75823,137486
2025-05-28,1.75681,1.7637,1.75444,1.7567,143698
2025-05-29,1.756,1.7653699999999999,1.74733,1.76411,174349
2025-05-30,1.7628599999999999,1.76983,1.76113,1.76348,163305
2025-06-02,1.76183,1.7654800000000002,1.75803,1.76129,143126
2025-06-03,1.75975,1.7707600000000001,1.75838,1.75941,133107
2025-06-04,1.75885,1.76399,1.75428,1.7586,134906
2025-06-05,1.75713,1.7605300000000002,1.75229,1.7591,149542
2025-06-06,1.75736,1.7613400000000001,1.7534,1.75487,140482
2025-06-09,1.75583,1.75584,1.74915,1.7524600000000001,105036
2025-06-10,1.75129,1.7550599999999998,1.74614,1.75161,132709
2025-06-11,1.74996,1.76783,1.7497500000000001,1.76702,141570
2025-06-12,1.7658,1.7832599999999998,1.76511,1.77342,161611
2025-06-13,1.77215,1.78827,1.77215,1.7791700000000001,195381
2025-06-16,1.77521,1.7823099999999998,1.7688199999999998,1.77197,160287
2025-06-17,1.77023,1.7756699999999999,1.7663,1.7726,166053
2025-06-18,1.77074,1.7741799999999999,1.76309,1.7641200000000001,163103
2025-06-19,1.76244,1.7789000000000001,1.76226,1.77383,131145
2025-06-20,1.77393,1.78804,1.7728199999999998,1.78619,138864
2025-06-23,1.78067,1.7990599999999999,1.78038,1.7923900000000001,193558
2025-06-24,1.79125,1.79288,1.78112,1.78881,168254
2025-06-25,1.78691,1.79145,1.78369,1.7900800000000001,128073
2025-06-26,1.7882500000000001,1.7942200000000001,1.7858800000000001,1.78738,157444
2025-06-27,1.7853599999999998,1.79738,1.7833,1.79376,147718
2025-06-30,1.79304,1.79642,1.78931,1.79107,138308
2025-07-01,1.7894700000000001,1.79737,1.7885,1.79325,136123
2025-07-02,1.79283,1.79649,1.7906499999999999,1.7919399999999999,131762
2025-07-03,1.79111,1.7964799999999999,1.78748,1.7890700000000002,121423
2025-07-04,1.78831,1.7991700000000002,1.78799,1.79604,128694
2025-07-07,1.79373,1.8097400000000001,1.79373,1.8038699999999999,135160
2025-07-08,1.80223,1.8058,1.79074,1.79557,144818
2025-07-09,1.79437,1.7978,1.78946,1.7937400000000001,125473
2025-07-10,1.79216,1.79653,1.77427,1.77563,108118
2025-07-11,1.77626,1.7801900000000002,1.7719,1.77686,138568
2025-07-14,1.77617,1.78311,1.7739500000000001,1.7821099999999999,111670
2025-07-15,1.78044,1.78476,1.77496,1.7810700000000002,124632
2025-07-16,1.7797100000000001,1.78983,1.77697,1.78288,146807
2025-07-17,1.78165,1.7945799999999998,1.78119,1.78749,122107
2025-07-18,1.7864,1.78857,1.78321,1.78586,109723
2025-07-21,1.7842500000000001,1.79299,1.78216,1.7923900000000001,108904
2025-07-22,1.79047,1.7974299999999999,1.7879800000000001,1.7929,106154
2025-07-23,1.7921200000000002,1.79399,1.77667,1.78298,128818
2025-07-24,1.78217,1.78433,1.7749899999999998,1.78277,124786
2025-07-25,1.7805,1.78993,1.77841,1.78797,123809
2025-07-28,1.78603,1.7921200000000002,1.7768199999999998,1.7770700000000001,138972
2025-07-29,1.77643,1.7797399999999999,1.77044,1.77335,135173
2025-07-30,1.7732,1.77869,1.77157,1.77243,156284
2025-07-31,1.77172,1.77988,1.76732,1.77658,145592
2025-08-01,1.77519,1.79306,1.77329,1.78982,180212
2025-08-04,1.79044,1.79355,1.78389,1.78945,151077
2025-08-05,1.788,1.79149,1.78362,1.7882500000000001,136841
2025-08-06,1.78694,1.7930899999999999,1.7820399999999998,1.79272,126286
2025-08-07,1.79146,1.79444,1.78397,1.7880099999999999,146012
2025-08-08,1.7876400000000001,1.79047,1.78262,1.78441,122055
2025-08-11,1.78457,1.78949,1.78147,1.7833,110452
2025-08-12,1.78186,1.79218,1.78105,1.78769,150284
2025-08-13,1.7867600000000001,1.7918500000000002,1.78613,1.78797,111204
2025-08-14,1.7865,1.7949899999999999,1.78335,1.7930899999999999,131140
2025-08-15,1.79223,1.79924,1.7915299999999998,1.79775,104333
2025-08-18,1.79753,1.79968,1.79186,1.7962500000000001,101012
2025-08-19,1.79529,1.80607,1.79398,1.8044799999999999,106346
2025-08-20,1.80239,1.81518,1.8023099999999999,1.8107600000000001,120919
2025-08-21,1.81026,1.81566,1.8062200000000002,1.80751,119983
2025-08-22,1.80568,1.80819,1.80281,1.8040699999999998,130802
2025-08-25,1.8035700000000001,1.80704,1.79084,1.7921200000000002,106363
2025-08-26,1.79207,1.7981500000000001,1.7911700000000002,1.7923,129694
2025-08-27,1.7919,1.79339,1.7864499999999999,1.7887300000000002,112052
2025-08-28,1.7878699999999998,1.7899,1.7852299999999999,1.7882500000000001,108016
2025-08-29,1.7884,1.7894299999999999,1.7823799999999999,1.78565,112523
2025-09-01,1.7858399999999999,1.7933,1.78519,1.7868300000000001,90479
2025-09-02,1.7861500000000001,1.79344,1.78458,1.78517,148237
2025-09-03,1.7844799999999998,1.78754,1.78034,1.7819099999999999,126686
2025-09-04,1.78185,1.79013,1.7799399999999999,1.78743,116384
2025-09-05,1.7859699999999998,1.79138,1.7813400000000001,1.78728,130180
2025-09-08,1.7858800000000001,1.78824,1.77857,1.78431,116402
2025-09-09,1.7837399999999999,1.78579,1.7759399999999999,1.77816,120406
2025-09-10,1.77568,1.779,1.7668599999999999,1.76837,121789
2025-09-11,1.76641,1.77143,1.76085,1.7618200000000002,125279
2025-09-12,1.76112,1.76637,1.75914,1.76395,112688
2025-09-15,1.76522,1.76682,1.76016,1.7631000000000001,101470
2025-09-16,1.76266,1.77667,1.7621799999999999,1.77507,117605
2025-09-17,1.77362,1.78016,1.77177,1.77561,118839
2025-09-18,1.7744499999999999,1.7826499999999998,1.77386,1.78234,135246
2025-09-19,1.7810700000000002,1.7861,1.77942,1.77981,126145
2025-09-22,1.77832,1.78871,1.77803,1.78818,107063
2025-09-23,1.78667,1.79318,1.78362,1.7902,116450
2025-09-24,1.78919,1.79111,1.77758,1.78301,122467
2025-09-25,1.78186,1.78576,1.77814,1.78357,132631
2025-09-26,1.78214,1.78994,1.78026,1.78674,119148
2025-09-29,1.7852299999999999,1.78921,1.7822900000000002,1.78282,111835
2025-09-30,1.78144,1.78491,1.77128,1.77421,132392
2025-10-01,1.7726600000000001,1.78185,1.77256,1.77371,142614
2025-10-02,1.77264,1.7795,1.77238,1.7761900000000002,113408
2025-10-03,1.77484,1.77966,1.77484,1.7785199999999999,108490
2025-10-06,1.77927,1.77968,1.7651599999999998,1.76972,138144
2025-10-07,1.76806,1.7736399999999999,1.76693,1.77127,122787
2025-10-08,1.76969,1.77211,1.7630400000000002,1.76529,134938
2025-10-09,1.76491,1.76755,1.7571400000000001,1.7641499999999999,155294
2025-10-10,1.7618399999999999,1.79577,1.7603499999999999,1.79444,167738
2025-10-13,1.78183,1.78775,1.77349,1.77583,152978
2025-10-14,1.77468,1.79461,1.77236,1.7894700000000001,183008
2025-10-15,1.78795,1.79284,1.78209,1.7882500000000001,147823
2025-10-16,1.78788,1.8058,1.78704,1.8022,162683
2025-10-17,1.8010000000000002,1.81622,1.7928199999999999,1.79305,163683
2025-10-20,1.79511,1.7967,1.78671,1.7873,110439
2025-10-21,1.78643,1.7945600000000002,1.78601,1.7877399999999999,125490
2025-10-22,1.78682,1.79283,1.78321,1.78895,124714
2025-10-23,1.78775,1.7898,1.77997,1.7837100000000001,98679
2025-10-24,1.78282,1.78966,1.7827,1.78449,102832
2025-10-27,1.77735,1.78193,1.7741,1.7759800000000001,101841
2025-10-28,1.7760799999999999,1.78152,1.76913,1.76926,99509
2025-10-29,1.76888,1.772,1.7579500000000001,1.76436,133883
2025-10-30,1.7638500000000001,1.7705899999999999,1.7616800000000001,1.76424,145088
2025-10-31,1.76373,1.76982,1.7597399999999999,1.76213,108611
2025-11-03,1.76052,1.7658,1.75636,1.76166,94258
2025-11-04,1.7616,1.77248,1.76006,1.7692999999999999,118876
2025-11-05,1.7679399999999998,1.7786,1.76315,1.76615,111709
2025-11-06,1.7656399999999999,1.78504,1.76535,1.7818100000000001,124151
2025-11-07,1.7811,1.78986,1.77717,1.77925,130759
2025-11-10,1.77758,1.78051,1.7675,1.76803,105312
2025-11-11,1.76693,1.77837,1.76693,1.77435,97119
2025-11-12,1.77405,1.77624,1.7685300000000002,1.7722,103543
2025-11-13,1.7719399999999998,1.78479,1.7629899999999998,1.7815400000000001,140516
2025-11-14,1.78061,1.78693,1.77305,1.77756,165045
2025-11-17,1.77665,1.7871700000000001,1.7762099999999998,1.7850700000000002,136714
2025-11-18,1.78454,1.7936800000000002,1.7770299999999999,1.77929,169968
2025-11-19,1.7781500000000001,1.78847,1.7778800000000001,1.78076,160620
2025-11-20,1.78084,1.79104,1.77417,1.7899699999999998,179272
2025-11-21,1.78837,1.79348,1.78086,1.7835299999999998,189869
2025-11-24,1.78101,1.7908300000000001,1.78009,1.78216,127916
2025-11-25,1.78152,1.79779,1.78104,1.7881399999999998,144134
2025-11-26,1.78802,1.78868,1.7780200000000002,1.77904,151795
2025-11-27,1.77776,1.7790300000000001,1.77367,1.77458,92039
2025-11-28,1.77373,1.7760099999999999,1.7686199999999999,1.76902,225991
2025-12-01,1.7728899999999999,1.7763200000000001,1.77021,1.77392,135241
2025-12-02,1.77326,1.7757800000000001,1.76642,1.7704900000000001,104969
2025-12-03,1.7686199999999999,1.77511,1.7667000000000002,1.76788,107643
2025-12-04,1.76716,1.76877,1.76047,1.76162,115477
2025-12-05,1.7604199999999999,1.76289,1.75202,1.75234,107681
2025-12-08,1.75238,1.75808,1.7523300000000002,1.75668,125897
2025-12-09,1.75548,1.7622499999999999,1.7479900000000002,1.75012,123489
2025-12-10,1.7494800000000001,1.75555,1.7490299999999999,1.75186,138013
2025-12-11,1.7505600000000001,1.7641,1.7492299999999998,1.76111,147523
2025-12-12,1.76048,1.7688199999999998,1.75706,1.76349,144055
2025-12-15,1.7662,1.77077,1.76296,1.76982,131464
2025-12-16,1.76786,1.77718,1.7678,1.77096,153430
2025-12-17,1.77046,1.77943,1.76864,1.77744,146582
2025-12-18,1.77654,1.7806600000000001,1.76843,1.77275,143691
2025-12-19,1.77152,1.77481,1.7694800000000002,1.77014,124722
2025-12-22,1.7711700000000001,1.77291,1.7650000000000001,1.76642,107576
2025-12-23,1.76499,1.7679,1.75874,1.7595399999999999,137467
2025-12-24,1.7588,1.76129,1.7542,1.75681,110876
2025-12-26,1.7566000000000002,1.75781,1.7518799999999999,1.7519900000000002,118817
2025-12-29,1.75366,1.7623199999999999,1.74879,1.75846,125198
2025-12-30,1.75765,1.75911,1.75324,1.7542200000000001,104923
2025-12-31,1.75347,1.7614999999999998,1.7527300000000001,1.75948,102141
2026-01-02,1.75929,1.76124,1.749,1.74989,122603
2026-01-05,1.7532100000000002,1.75373,1.74271,1.7456,145736
2026-01-06,1.74498,1.74741,1.73384,1.7343899999999999,127092
2026-01-07,1.73406,1.7398099999999999,1.72907,1.73709,128181
2026-01-08,1.73627,1.74546,1.73594,1.74021,125556
2026-01-09,1.7387899999999998,1.74444,1.73831,1.73845,129766
2026-01-12,1.73943,1.74379,1.73708,1.73847,127783
2026-01-13,1.73777,1.74451,1.73559,1.74261,127751
2026-01-14,1.74099,1.74565,1.73785,1.7424,130542
2026-01-15,1.74124,1.74565,1.7299099999999998,1.7328000000000001,120671
2026-01-16,1.73257,1.7379099999999998,1.7310699999999999,1.7348400000000002,108545
2026-01-19,1.7342300000000002,1.73983,1.73327,1.73421,102083
2026-01-20,1.73381,1.74672,1.7307299999999999,1.74024,154196
2026-01-21,1.73952,1.74228,1.72737,1.72814,148242
2026-01-22,1.72726,1.72936,1.71587,1.71806,121691
2026-01-23,1.7172399999999999,1.7192699999999999,1.70991,1.71436,134435
2026-01-26,1.71347,1.71932,1.7109999999999999,1.71746,159326
2026-01-27,1.7162,1.72339,1.7141899999999999,1.71677,161560
2026-01-28,1.71664,1.7191100000000001,1.69675,1.69753,193037
2026-01-29,1.6976900000000001,1.71028,1.6893099999999999,1.69788,215514
2026-01-30,1.69726,1.70848,1.69417,1.70053,245846
2026-02-02,1.7031,1.7146599999999999,1.6945000000000001,1.69678,247628
2026-02-03,1.69436,1.6969699999999999,1.6762000000000001,1.68285,202248
2026-02-04,1.6816900000000001,1.6920899999999999,1.67965,1.68676,188689
2026-02-05,1.68602,1.7001,1.68424,1.70004,213158
2026-02-06,1.69868,1.7063000000000001,1.6821899999999999,1.68376,163361
2026-02-09,1.68521,1.6904599999999999,1.67851,1.6795,154463
2026-02-10,1.6787100000000001,1.6854900000000002,1.67808,1.68091,138175
2026-02-11,1.67983,1.68215,1.6634,1.66548,171329
2026-02-12,1.66474,1.6759,1.66229,1.67395,173939
2026-02-13,1.6724299999999999,1.68313,1.67172,1.67673,179540
2026-02-16,1.68076,1.6815099999999998,1.67184,1.67563,94362
2026-02-17,1.67524,1.68023,1.67127,1.67273,168598
2026-02-18,1.6718899999999999,1.67621,1.6704400000000001,1.67294,128636
2026-02-19,1.6728800000000001,1.6746699999999999,1.66575,1.6676,148423
2026-02-20,1.66646,1.67544,1.66216,1.6623,182407
2026-02-23,1.66464,1.67294,1.6632099999999999,1.6702,159922
2026-02-24,1.67002,1.67502,1.66544,1.66803,138209
2026-02-25,1.66771,1.66846,1.65686,1.65775,131675
2026-02-26,1.65687,1.66713,1.65652,1.6600700000000002,149014
2026-02-27,1.6590099999999999,1.66397,1.65598,1.65963,159901
2026-03-02,1.67178,1.67191,1.6475,1.64768,253227
2026-03-03,1.64657,1.6627399999999999,1.64257,1.6505800000000002,305786
2026-03-04,1.64955,1.65931,1.64252,1.64406,275300
2026-03-05,1.64349,1.65952,1.6424400000000001,1.6562299999999999,277463
2026-03-06,1.65563,1.65687,1.64771,1.65163,269514
2026-03-09,1.65224,1.6554600000000002,1.6411799999999999,1.6440299999999999,345532
2026-03-10,1.64311,1.64589,1.6268099999999999,1.6305,279030
2026-03-11,1.63045,1.63157,1.6128,1.61712,242450
2026-03-12,1.61656,1.62801,1.61358,1.62649,231292
2026-03-13,1.62584,1.63511,1.62493,1.63491,244401
2026-03-16,1.63225,1.63496,1.6249500000000001,1.62691,206682
2026-03-17,1.6265800000000001,1.63104,1.62083,1.62415,191086
2026-03-18,1.62367,1.63175,1.62001,1.6303100000000001,199456
2026-03-19,1.6300599999999998,1.64177,1.62571,1.63504,280449
2026-03-20,1.6345399999999999,1.6485400000000001,1.6289799999999999,1.64745,240773
2026-03-23,1.64696,1.6623,1.64496,1.65618,344135
2026-03-24,1.65581,1.6667999999999998,1.65341,1.65859,310324
2026-03-25,1.6585100000000002,1.6675499999999999,1.65699,1.66383,233462
2026-03-26,1.66241,1.67554,1.66039,1.67374,209034
2026-03-27,1.6720199999999998,1.6778300000000002,1.66896,1.67321,206859
2026-03-30,1.67384,1.6805400000000001,1.66974,1.67235,204427
2026-03-31,1.67242,1.6846299999999998,1.66828,1.6741000000000001,251983
2026-04-01,1.6734900000000001,1.67597,1.66734,1.67269,217176
2026-04-02,1.67187,1.67884,1.66892,1.6696499999999999,231277
2026-04-03,1.6696900000000001,1.6723,1.6666699999999999,1.67031,84211
2026-04-06,1.67172,1.6732399999999998,1.66578,1.66828,177655
2026-04-07,1.66765,1.67092,1.66201,1.6621899999999998,218354
2026-04-08,1.66154,1.6638199999999999,1.6500599999999999,1.65563,270612
2026-04-09,1.6542,1.66166,1.65076,1.65138,178101
2026-04-10,1.65077,1.6590099999999999,1.64967,1.65849,159223
2026-04-13,1.66747,1.66887,1.65492,1.6568800000000001,176672
2026-04-14,1.65633,1.6617,1.65151,1.65496,157804
2026-04-15,1.65486,1.65612,1.6444999999999999,1.64533,161917
2026-04-16,1.64483,1.6468699999999998,1.64065,1.64499,165202
2026-04-17,1.6431200000000001,1.6461299999999999,1.63947,1.64002,174249
2026-04-20,1.64652,1.64811,1.6415199999999999,1.64181,180290
2026-04-21,1.6411,1.64581,1.6385,1.6412900000000001,192673
2026-04-22,1.63985,1.64269,1.6345800000000001,1.6347399999999999,167770
2026-04-23,1.63449,1.64104,1.6343,1.63882,209999
2026-04-24,1.63721,1.64188,1.63638,1.6386699999999998,175619
2026-04-27,1.63822,1.6402299999999999,1.63028,1.6309399999999998,152416
2026-04-28,1.63134,1.63408,1.6289,1.6306699999999998,190124
2026-04-29,1.6297700000000002,1.6424400000000001,1.62961,1.6406399999999999,183710
2026-04-30,1.63981,1.6411099999999998,1.62869,1.62874,237487
2026-05-01,1.6285699999999999,1.63349,1.62599,1.6271499999999999,172535
2026-05-04,1.62677,1.63351,1.62538,1.6312,202458
2026-05-05,1.6294300000000002,1.6371799999999999,1.62691,1.6276899999999999,162756
2026-05-06,1.62682,1.6282,1.61839,1.62314,208238
2026-05-07,1.62249,1.62736,1.6197300000000001,1.6267200000000002,189538
2026-05-08,1.62417,1.6287099999999999,1.62325,1.62561,168134
2026-05-11,1.62562,1.62913,1.6227800000000001,1.62513,146740
2026-05-12,1.62436,1.62939,1.62122,1.62137,182412
2026-05-13,1.61958,1.62245,1.61105,1.61374,156667
2026-05-14,1.6122,1.61911,1.6122,1.61604,161114
2026-05-15,1.615,1.62799,1.61406,1.62572,201076
2026-05-18,1.62378,1.6307399999999999,1.6224699999999999,1.62581,214236
2026-05-19,1.6257700000000002,1.63819,1.62399,1.63289,197803
2026-05-20,1.6317300000000001,1.63602,1.6224699999999999,1.6250900000000001,199056
2026-05-21,1.62355,1.63594,1.62198,1.62479,223064
2026-05-22,1.62377,1.6287,1.62282,1.62714,164666
2026-05-25,1.62521,1.62716,1.62164,1.6224699999999999,111524
2026-05-26,1.62236,1.6255600000000001,1.6204800000000001,1.6228,143818
2026-05-27,1.62094,1.63328,1.62011,1.62777,168018
2026-05-28,1.62727,1.63265,1.62567,1.6263100000000001,175266
2026-05-29,1.62546,1.6275300000000001,1.6200299999999999,1.6224699999999999,161968
2026-06-01,1.62402,1.62761,1.62008,1.62431,161746
2026-06-02,1.62348,1.6258599999999999,1.61916,1.61989,141050
2026-06-03,1.61889,1.62741,1.61835,1.62705,155700
2026-06-04,1.6258,1.63042,1.6249,1.6276199999999998,154924
2026-06-05,1.62682,1.63701,1.62497,1.63524,184681
2026-06-08,1.63789,1.63789,1.63041,1.63666,221343
2026-06-09,1.6373799999999998,1.64596,1.63373,1.64254,214203
2026-06-10,1.64137,1.64914,1.6404800000000002,1.6485699999999999,248511
2026-06-11,1.64554,1.6517300000000001,1.6415,1.64173,240940
2026-06-12,1.6421000000000001,1.64628,1.6403400000000001,1.64114,215662
2026-06-15,1.6426500000000002,1.64296,1.63644,1.6390799999999999,147585
2026-06-16,1.6378599999999999,1.64363,1.63764,1.64246,138484
2026-06-17,1.64185,1.6454,1.6373600000000001,1.63981,166228
2026-06-18,1.63904,1.64012,1.63212,1.63333,184410
2026-06-19,1.63466,1.6371799999999999,1.63087,1.63533,151518
2026-06-22,1.63416,1.6372,1.63127,1.63232,162740
2026-06-23,1.63072,1.64703,1.63002,1.64546,160942
2026-06-24,1.64512,1.64953,1.64252,1.6458599999999999,179529
2026-06-25,1.6460599999999999,1.64967,1.64317,1.64517,171226
2026-06-26,1.64501,1.65567,1.64348,1.6500599999999999,164733
2026-06-29,1.65205,1.66032,1.65008,1.65869,144546
2026-06-30,1.65753,1.66187,1.6496300000000002,1.65039,136169
2026-07-01,1.6496300000000002,1.65682,1.64863,1.65041,141729
2026-07-02,1.65005,1.6558000000000002,1.64804,1.6515499999999999,174806
2026-07-03,1.6511900000000002,1.65263,1.64724,1.64757,127045
2026-07-06,1.64745,1.65129,1.6442299999999999,1.64449,121175
2026-07-07,1.64476,1.64848,1.6439300000000001,1.64679,132840
2026-07-08,1.64594,1.65076,1.64333,1.64706,173391
2026-07-09,1.6478000000000002,1.64919,1.64521,1.64653,123386
2026-07-10,1.64558,1.64849,1.64101,1.64126,131439
2026-07-13,1.6397599999999999,1.64802,1.63963,1.6450200000000001,156425
2026-07-14,1.6441400000000002,1.64627,1.6372499999999999,1.6373799999999998,173597
2026-07-15,1.63612,1.6381000000000001,1.6331,1.63599,146100
2026-07-16,1.6353499999999999,1.6406399999999999,1.6322299999999998,1.63509,138070
2026-07-17,1.6352799999999998,1.64195,1.6336,1.638,138574
2026-07-20,1.63929,1.64036,1.62748,1.63064,131692
2026-07-21,1.62968,1.63181,1.62588,1.62851,118852
2026-07-22,1.62793,1.63369,1.62646,1.63079,119914
2026-07-23,1.6290900000000001,1.63377,1.62633,1.63265,154566
2026-07-24,1.6315300000000001,1.6332200000000001,1.62694,1.62816,141835
2026-07-27,1.62655,1.63073,1.62526,1.62626,151383
2026-07-28,1.6242299999999998,1.63435,1.62417,1.63254,145573
2026-07-29,1.63225,1.64961,1.6305399999999999,1.6484,182241
2026-07-30,1.64758,1.64921,1.6395,1.6397599999999999,189844
2026-07-31,1.6397599999999999,1.64076,1.6339700000000001,1.63948,190048
2026-08-03,1.63746,1.65041,1.6371799999999999,1.64375,158159
2026-08-04,1.6437,1.64476,1.63588,1.6364999999999998,150565
2026-08-05,1.63581,1.6392600000000002,1.63534,1.63703,163068
2026-08-06,1.6362100000000002,1.6404999999999998,1.63544,1.63863,143461
2026-08-07,1.6386699999999998,1.64051,1.6348799999999999,1.6353900000000001,141002
2026-08-10,1.63574,1.6370900000000002,1.6341,1.63617,128719
2026-08-11,1.6361400000000001,1.6397,1.63244,1.63435,131294
2026-08-12,1.6341,1.63527,1.62999,1.63163,130816
2026-08-13,1.63114,1.63577,1.63077,1.63297,129470
2026-08-14,1.63182,1.63479,1.63182,1.63285,126057
2026-08-17,1.63068,1.63353,1.6260400000000002,1.62987,135703
2026-08-18,1.62804,1.6343999999999999,1.62697,1.63354,132965
2026-08-19,1.63281,1.64078,1.63256,1.63888,178899
2026-08-20,1.6386699999999998,1.64444,1.63794,1.64162,172482
2026-08-21,1.6409799999999999,1.64237,1.62702,1.6280700000000001,152795
2026-08-24,1.62899,1.63246,1.62785,1.6311200000000001,149455
2026-08-25,1.63104,1.6332200000000001,1.6289099999999999,1.62944,130361
2026-08-26,1.62921,1.63008,1.6231900000000001,1.62431,131215
2026-08-27,1.62489,1.6249799999999999,1.61848,1.61927,124814
2026-08-28,1.6194600000000001,1.6199,1.61658,1.6174300000000001,134988
