time,open,high,low,close,volume
1988-02-25,1.1529,1.1538,1.1522999999999999,1.1531,281
1988-02-26,1.1592,1.1592,1.1592,1.1592,1
1988-02-29,1.1584,1.1585,1.1583,1.1584,41
1988-03-01,1.16,1.1602000000000001,1.1589,1.1597,231
1988-03-02,1.1548,1.1548,1.1542,1.1547,111
1988-03-03,1.1531,1.1532,1.1526,1.1528,91
1988-03-04,1.1565,1.1577,1.155,1.1565,541
1988-03-07,1.1649,1.1662,1.1619,1.1645,821
1988-03-08,1.1711,1.1719,1.1698,1.1713,401
1988-03-09,1.1723,1.1723,1.1715,1.1722,151
1988-03-10,1.1746,1.1746,1.1745,1.1746,21
1988-03-11,1.177,1.177,1.1767,1.177,61
1988-03-14,1.1774,1.1801,1.1757,1.1772,861
1988-03-15,1.1743999999999999,1.1755,1.1743000000000001,1.1746,221
1988-03-16,1.1707,1.1727,1.1703000000000001,1.171,451
1988-03-17,1.1621,1.174,1.1562999999999999,1.1622,3531
1988-03-18,1.1533,1.1549,1.1528,1.1536,391
1988-03-21,1.1562000000000001,1.1562000000000001,1.1562000000000001,1.1562000000000001,1
1988-03-22,1.1552,1.1558,1.1545,1.1553,251
1988-03-23,1.1556,1.1562000000000001,1.1547,1.1555,291
1988-03-24,1.1636,1.1644,1.1614,1.1633,571
1988-03-25,1.1666,1.1667,1.1658,1.1663000000000001,151
1988-03-28,1.1766,1.1776,1.1748,1.1767,551
1988-03-29,1.176,1.1761,1.1755,1.176,121
1988-03-30,1.175,1.1756,1.1743999999999999,1.1749,231
1988-03-31,1.1809,1.181,1.1798,1.1808,231
1988-04-01,1.1807,1.1812,1.1804999999999999,1.181,111
1988-04-04,1.1818,1.1824,1.1808,1.182,301
1988-04-05,1.1727,1.1753,1.1713,1.1728,791
1988-04-06,1.1693,1.1709,1.1685,1.1692,471
1988-04-07,1.1639,1.1641,1.1635,1.1638,111
1988-04-08,1.1688,1.1694,1.1679,1.1688,301
1988-04-11,1.1598,1.1602999999999999,1.1596,1.1599,131
1988-04-12,1.1594,1.1605,1.1586,1.1593,371
1988-04-13,1.1561,1.158,1.1548,1.1557,601
1988-04-14,1.1743999999999999,1.1761,1.1708,1.1741,1031
1988-04-15,1.1775,1.1775,1.1775,1.1775,1
1988-04-18,1.1793,1.18,1.1782,1.1795,341
1988-04-19,1.1748,1.176,1.1726,1.1752,641
1988-04-20,1.1758,1.1772,1.1755,1.1758,341
1988-04-21,1.175,1.1753,1.1747,1.175,121
1988-04-22,1.1697,1.1706,1.1694,1.1699,221
1988-04-25,1.1666,1.1678,1.1657,1.1663999999999999,401
1988-04-26,1.1682,1.17,1.1676,1.1681,471
1988-04-27,1.1663999999999999,1.1675,1.1642000000000001,1.1667,631
1988-04-28,1.1716,1.1721,1.1706,1.1714,281
1988-04-29,1.1693,1.172,1.1678,1.1693,841
1988-05-02,1.166,1.1678,1.1649,1.1663000000000001,551
1988-05-03,1.1662,1.1663999999999999,1.1659,1.1661,91
1988-05-04,1.1639,1.1641,1.163,1.1639,221
1988-05-05,1.1656,1.1673,1.1648,1.1655,491
1988-05-06,1.1634,1.164,1.1629,1.1637,191
1988-05-09,1.1633,1.164,1.163,1.1633,201
1988-05-10,1.1652,1.1655,1.1648,1.1651,131
1988-05-11,1.1658,1.1658,1.1655,1.1658,61
1988-05-12,1.1643,1.1647,1.163,1.164,311
1988-05-13,1.1628,1.1641,1.1617,1.1628,481
1988-05-16,1.1584,1.1597,1.1581,1.1587,291
1988-05-17,1.1473,1.1474,1.1473,1.1473,21
1988-05-18,1.1466,1.1466,1.1466,1.1466,1
1988-05-19,1.1505,1.151,1.1501000000000001,1.1504,171
1988-05-20,1.1482999999999999,1.1485,1.1482999999999999,1.1484,31
1988-05-23,1.1491,1.1496,1.1482999999999999,1.149,251
1988-05-24,1.1493,1.1509,1.1485,1.1493,481
1988-05-25,1.1471,1.1482999999999999,1.1463,1.147,391
1988-05-26,1.1464,1.1485,1.145,1.1463,691
1988-05-27,1.1391,1.1412,1.138,1.1393,621
1988-05-31,1.1319,1.1335,1.1309,1.1320999999999999,501
1988-06-01,1.1341,1.135,1.1334,1.134,311
1988-06-02,1.1332,1.1338,1.1314,1.1328,441
1988-06-03,1.1332,1.1343,1.1325,1.1332,361
1988-06-06,1.1383,1.139,1.1374,1.1387,281
1988-06-07,1.1405,1.1414,1.1402,1.1406,231
1988-06-08,1.1386,1.1396,1.1381999999999999,1.1384,261
1988-06-09,1.1367,1.137,1.1360999999999999,1.1367,181
1988-06-10,1.1377,1.1384,1.1373,1.1377,221
1988-06-13,1.1336,1.1336,1.1336,1.1336,1
1988-06-14,1.1208,1.1239,1.1194,1.1207,891
1988-06-15,1.1157,1.1165,1.1154,1.1158,211
1988-06-16,1.1166,1.1199,1.115,1.1164,961
1988-06-17,1.1155,1.1157,1.1148,1.1156,171
1988-06-20,1.1121,1.1143,1.1112,1.112,611
1988-06-21,1.1132,1.1134,1.1124,1.1129,171
1988-06-22,1.1009,1.103,1.0995,1.1006,671
1988-06-23,1.0944,1.095,1.0937000000000001,1.0947,231
1988-06-24,1.0811,1.0888,1.0776,1.0814,2211
1988-06-27,1.075,1.0754,1.0734,1.0748,381
1988-06-28,1.0825,1.0861,1.0813,1.0825,961
1988-06-29,1.0704,1.0725,1.069,1.0702,681
1988-06-30,1.0762,1.0762,1.0752,1.0762,201
1988-07-01,1.0738,1.0743,1.0731,1.0741,211
1988-07-05,1.0724,1.0724,1.0724,1.0724,1
1988-07-06,1.0735999999999999,1.074,1.0735999999999999,1.0739,51
1988-07-07,1.0768,1.0776,1.0765,1.0768,221
1988-07-08,1.067,1.0723,1.0641,1.067,1641
1988-07-11,1.0606,1.0627,1.0594,1.0604,641
1988-07-12,1.0636,1.0641,1.0627,1.0637,271
1988-07-13,1.06,1.0619,1.0588,1.06,621
1988-07-14,1.0589,1.0594,1.0588,1.0591,101
1988-07-15,1.0458,1.0526,1.0424,1.0455,2011
1988-07-18,1.0384,1.0395,1.0355,1.038,761
1988-07-19,1.049,1.0491,1.0488,1.0491,51
1988-07-20,1.0561,1.0566,1.0551,1.0562,291
1988-07-21,1.0648,1.0653,1.0641,1.0646,221
1988-07-22,1.0705,1.0707,1.0694,1.0707,241
1988-07-25,1.0613,1.0642,1.0597,1.0611,881
1988-07-26,1.0519,1.0531,1.0511,1.0519,401
1988-07-27,1.0563,1.0578,1.053,1.0562,951
1988-07-28,1.0506,1.0545,1.0487,1.0504,1141
1988-07-29,1.0439,1.0455,1.0431,1.0441,461
1988-08-01,1.0425,1.0435,1.042,1.0426,291
1988-08-02,1.0441,1.0484,1.0423,1.0443,1201
1988-08-03,1.0424,1.0426,1.0421,1.0426,81
1988-08-04,1.04,1.0402,1.04,1.0402,21
1988-08-05,1.0348,1.0387,1.033,1.0352,1101
1988-08-08,1.0279,1.0279,1.0279,1.0279,1
1988-08-09,1.0245,1.0318,1.0208,1.0243,2181
1988-08-10,1.0209,1.0209,1.0209,1.0209,1
1988-08-11,1.03,1.0302,1.0295,1.0298,121
1988-08-12,1.0395,1.0399,1.0388,1.0395,221
1988-08-15,1.0391,1.0396,1.0383,1.0393,241
1988-08-16,1.0462,1.0486,1.0452,1.0461,671
1988-08-17,1.0252,1.031,1.0222,1.0255,1731
1988-08-18,1.0319,1.0348,1.0302,1.0318,911
1988-08-19,1.035,1.0373,1.0338,1.035,701
1988-08-22,1.0193,1.0197,1.0186,1.0192,211
1988-08-23,1.0271,1.0292,1.0257,1.0271,701
1988-08-24,1.0343,1.0345,1.0339,1.034,91
1988-08-25,1.0489,1.0493,1.0477,1.0491,301
1988-08-26,1.052,1.0532,1.0503,1.0523,551
1988-08-29,1.0469,1.0475,1.0468,1.0469,141
1988-08-30,1.0466,1.047,1.0456,1.0468,261
1988-08-31,1.0411,1.0413000000000001,1.041,1.0412,51
1988-09-01,1.0427,1.0438,1.041,1.0429,541
1988-09-02,1.049,1.0518,1.0436,1.0493,1611
1988-09-06,1.0605,1.0612,1.059,1.0604,431
1988-09-07,1.0609,1.061,1.0608,1.061,31
1988-09-08,1.0578,1.0581,1.0573,1.0578,161
1988-09-09,1.0584,1.0598,1.0579,1.0583,371
1988-09-12,1.0602,1.0608,1.0598,1.0602,201
1988-09-13,1.0578,1.0591,1.057,1.0578,421
1988-09-14,1.0451,1.0542,1.0407,1.0455,2661
1988-09-15,1.0427,1.0429,1.0425,1.0429,61
1988-09-16,1.0423,1.0428,1.0423,1.0423,101
1988-09-19,1.0465,1.0465,1.046,1.0462,71
1988-09-20,1.0484,1.0492,1.0471,1.0485,411
1988-09-21,1.0433,1.0434,1.0433,1.0434,11
1988-09-22,1.0411,1.042,1.0406,1.041,271
1988-09-23,1.0423,1.0428,1.0412,1.0422,311
1988-09-26,1.0374,1.0382,1.0354,1.0375,551
1988-09-27,1.0404,1.0407,1.0399,1.0407,131
1988-09-28,1.0409,1.0412,1.0407,1.0409,101
1988-09-29,1.0389,1.0396,1.0389,1.039,131
1988-09-30,1.0431,1.0442,1.0409,1.0431,661
1988-10-03,1.0499,1.0507,1.0482,1.05,491
1988-10-04,1.0513,1.0526,1.0507,1.0513,381
1988-10-05,1.0491,1.05,1.0479,1.0493999999999999,391
1988-10-06,1.0491,1.0505,1.0485,1.0493999999999999,371
1988-10-07,1.0506,1.0516,1.0503,1.0508,241
1988-10-10,1.0543,1.0543,1.0543,1.0543,1
1988-10-11,1.0561,1.0567,1.056,1.0561,141
1988-10-12,1.0645,1.065,1.063,1.0643,381
1988-10-13,1.0742,1.0745,1.0742,1.0743,51
1988-10-14,1.0771,1.0785,1.0731,1.0768,1051
1988-10-17,1.08,1.0804,1.0796000000000001,1.0798,141
1988-10-18,1.0825,1.0838,1.0795,1.0826,851
1988-10-19,1.0802,1.0805,1.08,1.0803,91
1988-10-20,1.0847,1.0851,1.0844,1.0848,131
1988-10-21,1.0966,1.0983,1.0932,1.0969,991
1988-10-24,1.0935,1.0935,1.0935,1.0935,1
1988-10-25,1.0925,1.0937999999999999,1.0899,1.0927,761
1988-10-26,1.1015,1.1023,1.0998,1.1014,491
1988-10-27,1.1024,1.1044,1.1015,1.1023,571
1988-10-28,1.0993,1.1004,1.0977,1.0994,531
1988-10-31,1.1001,1.1053,1.0977,1.0999,1501
1988-11-01,1.0945,1.0949,1.0937000000000001,1.0948,211
1988-11-02,1.0989,1.0994,1.0979,1.099,291
1988-11-03,1.1035,1.1039,1.1033,1.1038000000000001,91
1988-11-04,1.0915,1.0937999999999999,1.0899,1.0912,751
1988-11-07,1.0959,1.0961,1.0943,1.0959,361
1988-11-08,1.0958,1.1017,1.0929,1.0958,1761
1988-11-09,1.1085,1.1107,1.1041,1.1083,1301
1988-11-10,1.1123,1.1129,1.1113,1.1124,311
1988-11-11,1.1211,1.1211,1.1211,1.1211,1
1988-11-14,1.1205,1.1209,1.1195,1.1201,241
1988-11-15,1.1208,1.121,1.1204,1.1205,91
1988-11-16,1.1308,1.134,1.1239,1.1308,2021
1988-11-17,1.1324,1.1375,1.1299,1.1328,1481
1988-11-18,1.1265,1.127,1.1258,1.1265,241
1988-11-21,1.1306,1.1323,1.1269,1.1305,1071
1988-11-22,1.1353,1.1364,1.1323,1.1354,811
1988-11-23,1.1384,1.1391,1.1363,1.1383,551
1988-11-25,1.1391,1.1401,1.1364,1.1387,701
1988-11-28,1.1288,1.1293,1.1280999999999999,1.1288,241
1988-11-29,1.1317,1.1324,1.1302,1.1315,421
1988-11-30,1.1256,1.1268,1.1241,1.1259000000000001,511
1988-12-01,1.1293,1.131,1.1288,1.1295,421
1988-12-02,1.1279,1.1298,1.1238,1.1277,1181
1988-12-05,1.1347,1.1356,1.1345,1.1348,211
1988-12-06,1.1305,1.1336,1.1288,1.1305,961
1988-12-07,1.1139000000000001,1.1199,1.1113,1.1143,1681
1988-12-08,1.1221,1.1229,1.1197,1.1218,611
1988-12-09,1.1271,1.1280000000000001,1.1253,1.1274,511
1988-12-12,1.1231,1.1247,1.1222,1.123,491
1988-12-13,1.1199,1.1203,1.1192,1.1195,181
1988-12-14,1.1234,1.1254,1.1193,1.1232,1201
1988-12-15,1.1207,1.1256,1.1184,1.121,1411
1988-12-16,1.109,1.112,1.1072,1.1089,951
1988-12-19,1.1104,1.1121,1.1095,1.1103,511
1988-12-20,1.1029,1.1074,1.1011,1.1031,1241
1988-12-21,1.1043,1.1047,1.1028,1.1042,371
1988-12-22,1.1026,1.1026,1.1026,1.1026,1
1988-12-23,1.1008,1.101,1.1006,1.1009,71
1988-12-27,1.1006,1.1007,1.1001,1.1006,121
1988-12-28,1.0929,1.0944,1.0904,1.0931,781
1988-12-29,1.0936,1.0939,1.0936,1.0936,61
1988-12-30,1.1023,1.1026,1.1014,1.1026,211
1989-01-03,1.1093,1.1107,1.1087,1.1091,381
1989-01-04,1.0949,1.0967,1.0941,1.095,511
1989-01-05,1.091,1.0937000000000001,1.0895,1.0912,821
1989-01-06,1.0795,1.0822,1.0782,1.0794,791
1989-01-09,1.0692,1.0692,1.0692,1.0692,1
1989-01-10,1.068,1.0716,1.0656,1.068,1201
1989-01-11,1.0695999999999999,1.0699,1.0695000000000001,1.0697,71
1989-01-12,1.0721,1.0729,1.0713,1.072,311
1989-01-13,1.0659,1.0665,1.0653,1.0663,201
1989-01-16,1.0537,1.0537,1.0537,1.0537,1
1989-01-17,1.0573,1.0586,1.057,1.0573,321
1989-01-18,1.0488,1.0557,1.0452,1.0486,2081
1989-01-19,1.0462,1.0476,1.0431,1.0461,891
1989-01-20,1.0596,1.0607,1.0571,1.0594999999999999,711
1989-01-23,1.0625,1.0644,1.0588,1.0625,1121
1989-01-24,1.0646,1.0717,1.0615,1.0647,2031
1989-01-25,1.0613,1.0613,1.0611,1.0613,41
1989-01-26,1.0603,1.0603,1.0603,1.0603,1
1989-01-27,1.0524,1.057,1.0497,1.0523,1451
1989-01-30,1.0501,1.052,1.0465,1.05,1091
1989-01-31,1.0442,1.0496,1.0411,1.0442,1701
1989-02-01,1.0479,1.0493,1.0453,1.0477,781
1989-02-02,1.0457,1.0462,1.0437,1.0455,481
1989-02-03,1.0404,1.0404,1.0402,1.0402,21
1989-02-06,1.0398,1.041,1.0376,1.0399,671
1989-02-07,1.0465,1.0472,1.0458,1.0466,271
1989-02-08,1.0447,1.0447,1.0447,1.0447,1
1989-02-09,1.0523,1.0534,1.0517,1.0521,321
1989-02-10,1.0539,1.0613,1.0505,1.0539,2161
1989-02-13,1.0457,1.0459,1.0446,1.0454,231
1989-02-14,1.0548,1.0575,1.05,1.0552,1461
1989-02-15,1.0608,1.0615,1.0606,1.0611,151
1989-02-16,1.0608,1.0615,1.0584,1.0605,591
1989-02-17,1.0648,1.0653,1.0645,1.0649,151
1989-02-20,1.0619,1.0619,1.0619,1.0619,1
1989-02-21,1.0594,1.0615,1.055,1.0596,1281
1989-02-22,1.0653,1.0653,1.0651,1.0651,21
1989-02-23,1.0734,1.0735,1.0733,1.0735,31
1989-02-24,1.0718,1.0721,1.0705,1.0716,301
1989-02-27,1.077,1.0796000000000001,1.076,1.0773,691
1989-02-28,1.0723,1.073,1.0717,1.0723,261
1989-03-01,1.064,1.0647,1.062,1.0642,521
1989-03-02,1.0623,1.063,1.0618,1.0624,231
1989-03-03,1.0625,1.0627,1.0614,1.0625,261
1989-03-06,1.0569,1.0599,1.0558,1.0571,801
1989-03-07,1.0547,1.0552,1.0545,1.055,111
1989-03-08,1.053,1.0548,1.0522,1.0533,491
1989-03-09,1.0504,1.0504,1.0501,1.0504,61
1989-03-10,1.0497,1.0501,1.0496,1.0498,91
1989-03-13,1.0478,1.0489,1.0473,1.0479,311
1989-03-14,1.051,1.0526,1.0487,1.051,781
1989-03-15,1.0462,1.0488,1.0451,1.0463,731
1989-03-16,1.0456,1.0469,1.0447,1.0455,431
1989-03-17,1.044,1.0461,1.0426,1.0436,661
1989-03-20,1.0428,1.043,1.0427,1.0429,51
1989-03-21,1.0439,1.0442,1.0428,1.0438,271
1989-03-22,1.0451,1.046,1.0436,1.0454,451
1989-03-23,1.0461,1.0479,1.0448,1.0458,591
1989-03-24,1.0453,1.0477,1.0438,1.045,751
1989-03-27,1.0412,1.0468,1.0386,1.0413000000000001,1631
1989-03-28,1.0345,1.0382,1.0328,1.0346,1071
1989-03-29,1.0338,1.0339,1.0334,1.0336,81
1989-03-30,1.0322,1.0356,1.0308,1.0321,951
1989-03-31,1.0321,1.0338,1.031,1.0323,541
1989-04-03,1.0379,1.039,1.0356,1.0378,671
1989-04-04,1.0455,1.0455,1.0451,1.0455,81
1989-04-05,1.0446,1.0449,1.0438,1.0445,211
1989-04-06,1.0466,1.0467,1.0456,1.0464,201
1989-04-07,1.0444,1.0473,1.0432,1.0444,821
1989-04-10,1.0407,1.0411,1.0403,1.0408,151
1989-04-11,1.0371,1.0391,1.0365,1.0375,481
1989-04-12,1.0396,1.0452,1.0368,1.0397,1671
1989-04-13,1.0444,1.0455,1.0441,1.0446,261
1989-04-14,1.0444,1.0455,1.0426,1.0444,581
1989-04-17,1.0535,1.0535,1.053,1.0535,101
1989-04-18,1.0535,1.0554,1.0489,1.0532,1271
1989-04-19,1.0507,1.0516,1.0507,1.0509,161
1989-04-20,1.0562,1.0593,1.0512,1.0563,1611
1989-04-21,1.0581,1.0582,1.0575,1.0577,101
1989-04-24,1.0514000000000001,1.0531,1.0506,1.0516,481
1989-04-25,1.0486,1.0486,1.0486,1.0486,1
1989-04-26,1.0429,1.0471,1.041,1.0428,1211
1989-04-27,1.0422,1.0429,1.042,1.0424,161
1989-04-28,1.0404,1.0404,1.0404,1.0404,1
1989-05-01,1.0364,1.0404,1.0344,1.0365,1191
1989-05-02,1.0362,1.0367,1.0356,1.0362,221
1989-05-03,1.0352999999999999,1.0357,1.0352999999999999,1.0354,71
1989-05-04,1.0345,1.0363,1.0338,1.0349,461
1989-05-05,1.0307,1.0316,1.0297,1.0305,361
1989-05-08,1.0273,1.0307,1.0252,1.0273,1101
1989-05-09,1.0211,1.0213,1.0206,1.0209,121
1989-05-10,1.0268,1.0268,1.0264,1.0267,71
1989-05-11,1.0219,1.0223,1.0219,1.022,71
1989-05-12,1.0194,1.0212,1.0188,1.0194,481
1989-05-15,1.0072,1.0072,1.007,1.0072,41
1989-05-16,1.0078,1.0105,1.0063,1.0076,821
1989-05-17,0.9962,1.0058,0.991,0.996,2941
1989-05-18,0.9918,0.9944,0.9876,0.9919,1351
1989-05-19,0.9933,0.9937,0.9931,0.9931,101
1989-05-22,0.9736,0.9736,0.9732,0.9736,81
1989-05-23,0.9743,0.9753,0.9736,0.9745,321
1989-05-24,0.9731,0.9743,0.9719,0.9728,451
1989-05-25,0.9793,0.9807,0.977,0.9795,721
1989-05-26,0.9877,0.9977,0.9829,0.9878,2951
1989-05-30,0.9734,0.9734,0.9734,0.9734,1
1989-05-31,0.9879,0.9897,0.9842,0.9879,1101
1989-06-01,0.9866,0.9866,0.9866,0.9866,1
1989-06-02,0.9973,0.9988,0.9933,0.997,1071
1989-06-05,0.9972,0.9988,0.9966,0.9975,411
1989-06-06,0.987,0.988,0.9846,0.9868,661
1989-06-07,0.9965,0.9965,0.9961,0.9964,71
1989-06-08,0.9896,0.9915,0.9891,0.9899,451
1989-06-09,0.9789,0.9843,0.9764,0.9788,1571
1989-06-12,0.9654,0.9656,0.964,0.9651,291
1989-06-13,0.9662,0.9684,0.9653,0.9663,611
1989-06-14,0.9644,0.9659,0.9637,0.9642,421
1989-06-15,0.9636,0.9662,0.9593,0.9637,1371
1989-06-16,0.9795,0.982,0.9751,0.9796,1371
1989-06-19,0.9885,0.9905,0.9845,0.9886,1191
1989-06-20,0.9896,0.9913,0.9886,0.9895,531
1989-06-21,0.9894,0.9926,0.983,0.9893,1911
1989-06-22,0.9985,0.9996,0.9981,0.9988,271
1989-06-23,1.0069,1.0079,1.0055,1.0068,471
1989-06-26,0.9996,1.0014,0.999,0.9998,461
1989-06-27,0.9972,1.0049,0.9956,0.9995,1631
1989-06-28,0.9995,1.0027,0.9903,0.9988,2411
1989-06-29,0.999,1.0087,0.9949,0.9961,2471
1989-06-30,0.9963,1.0043,0.9952,1.0017,1281
1989-07-03,1.0081,1.0154,1.0062,1.0145,1201
1989-07-04,1.0145,1.0219,1.0138,1.0172,1351
1989-07-05,1.0168,1.0411,1.0168,1.0381,2731
1989-07-06,1.0378,1.0406,1.0328,1.0385,1491
1989-07-07,1.0385,1.0467,1.0342,1.0453,1821
1989-07-10,1.0469,1.0535,1.0373,1.0495,2981
1989-07-11,1.0493,1.0499,1.037,1.0381,1461
1989-07-12,1.0383,1.0445,1.0351,1.043,1411
1989-07-13,1.0426,1.0452,1.0317,1.0324,1681
1989-07-14,1.0326,1.0409,1.0223,1.0229,2751
1989-07-17,1.0213,1.0278,1.0207,1.0265,901
1989-07-18,1.0262,1.0356,1.0162,1.0336,3141
1989-07-19,1.028,1.0317,1.0211,1.0211,1431
1989-07-20,1.0212,1.0298,1.021,1.0262,1261
1989-07-21,1.0264,1.0337,1.0225,1.0225,1851
1989-07-24,1.0266,1.0319,1.0244,1.03,1161
1989-07-25,1.0303,1.0399,1.0299,1.0392,1111
1989-07-26,1.039,1.0479,1.0373,1.0474,1281
1989-07-27,1.0477,1.0487,1.041,1.0419,961
1989-07-28,1.0419,1.0432,1.0337,1.0402,1731
1989-07-31,1.0404,1.0512,1.0397,1.0483,1511
1989-08-01,1.0486,1.0577,1.0461,1.0576,1421
1989-08-02,1.0581,1.0608,1.0518,1.0532,1311
1989-08-03,1.0525,1.0574,1.0422,1.0447,2261
1989-08-04,1.0447,1.0467,1.025,1.025,2371
1989-08-07,1.0246,1.0292,1.0195,1.021,1581
1989-08-08,1.0206,1.0349,1.0206,1.0335,1571
1989-08-09,1.0324,1.0342,1.0273,1.0321,1351
1989-08-10,1.0318,1.0383,1.0258,1.0273,2051
1989-08-11,1.0273,1.0296,1.0057,1.0075,2801
1989-08-14,1.0076,1.0127,1.0024,1.0041,1711
1989-08-15,1.0041,1.0107,1.0028,1.008,1191
1989-08-16,1.008,1.0116,1.0033,1.0088,1581
1989-08-17,1.0088,1.0093,0.9927,0.9949,1931
1989-08-18,0.9955,1.0,0.9945,0.9996,691
1989-08-21,0.9993,1.0027,0.9946,0.9994,1611
1989-08-22,0.9995,1.009,0.9979,1.0085,1321
1989-08-23,1.0082,1.0092,0.9994,1.0011,1251
1989-08-24,1.0008,1.002,0.9934,0.9934,981
1989-08-25,0.9976,1.0023,0.9964,0.9971,1131
1989-08-28,0.9944,0.9987,0.9944,0.9962,681
1989-08-29,0.9959,1.0125,0.9954,1.0095,2061
1989-08-30,1.0097,1.0122,0.9999,1.0013,1621
1989-08-31,1.0012,1.0017,0.9928,0.9949,1151
1989-09-01,0.9951,0.9961,0.9875,0.9879,1001
1989-09-04,0.9867,0.9901,0.9862,0.9888,571
1989-09-05,0.987,0.9875,0.9815,0.9846,961
1989-09-06,0.985,0.9913,0.9835,0.9902,1041
1989-09-07,0.9905,0.9908,0.9814,0.9887,1701
1989-09-08,0.988,0.9892,0.9786,0.9788,1201
1989-09-11,0.979,0.9854,0.9781,0.985,861
1989-09-12,0.9847,0.9878,0.9833,0.9833,761
1989-09-13,0.9834,0.9925,0.9832,0.9919,1011
1989-09-14,0.992,0.9974,0.9883,0.9897,1591
1989-09-15,0.9901,1.0105,0.9764,0.9948,6351
1989-09-18,0.9988,1.0053,0.9895,1.0019,2851
1989-09-19,1.0023,1.0051,0.9985,1.0006,1151
1989-09-20,1.0006,1.0101,0.9988,1.0076,1561
1989-09-21,1.0078,1.0092,1.0038,1.0054,841
1989-09-22,1.0056,1.0099,1.0012,1.0023,1411
1989-09-25,1.0255,1.0309,1.0248,1.0295,821
1989-09-26,1.0296,1.0367,1.0225,1.0341,2391
1989-09-27,1.0349,1.046,1.0343,1.0403,1801
1989-09-28,1.0401,1.0412,1.0335,1.0396,1491
1989-09-29,1.0395,1.0496,1.0385,1.0446,1711
1989-10-02,1.0426,1.0475,1.0393,1.0404,1421
1989-10-03,1.0402,1.0428,1.0349,1.0364,1201
1989-10-04,1.0366,1.0439,1.0352999999999999,1.0391,1471
1989-10-05,1.0392,1.0497,1.036,1.0382,2641
1989-10-06,1.0383,1.0414,1.0294,1.0378,2351
1989-10-09,1.0383,1.0397,1.0338,1.0376,1111
1989-10-10,1.0372,1.0389,1.0246,1.0254,1681
1989-10-11,1.0259,1.0293,1.0178,1.0216,1871
1989-10-12,1.0218,1.0274,1.021,1.0264,821
1989-10-13,1.0257,1.0473,1.0216,1.0472,2991
1989-10-16,1.0654,1.0677,1.0443,1.0475,2891
1989-10-17,1.0466,1.0594,1.0466,1.0487,2351
1989-10-18,1.049,1.0614,1.0487,1.0568,1761
1989-10-19,1.0572,1.0641,1.0548,1.0587,1711
1989-10-20,1.0583,1.0628,1.0513,1.0533,1801
1989-10-23,1.0535,1.0593,1.0523,1.0583,921
1989-10-24,1.0583,1.0678,1.0577,1.0663,1221
1989-10-25,1.0665,1.0671,1.0618,1.0655000000000001,961
1989-10-26,1.0659,1.0661,1.0588,1.0627,1141
1989-10-27,1.0625,1.0706,1.0534,1.0691,2781
1989-10-30,1.0687,1.0701,1.0635,1.0662,1071
1989-10-31,1.0662,1.0665,1.0614,1.0622,621
1989-11-01,1.0626,1.0653,1.0568,1.0575,1191
1989-11-02,1.0581,1.0637,1.0554,1.0613,1341
1989-11-03,1.0615,1.0633,1.058,1.058,711
1989-11-06,1.0587,1.059,1.0536,1.0559,801
1989-11-07,1.0557,1.0622,1.0557,1.0611,761
1989-11-08,1.0607,1.064,1.0594,1.0605,901
1989-11-09,1.0603,1.0618,1.0553,1.0556,831
1989-11-10,1.0558,1.0572,1.0419,1.0487,2351
1989-11-13,1.0485,1.0524,1.0481,1.0512,591
1989-11-14,1.051,1.0676,1.051,1.0655000000000001,1871
1989-11-15,1.0649,1.0656,1.0603,1.0637,941
1989-11-16,1.0635,1.068,1.0582,1.0625,1861
1989-11-17,1.0624,1.0645,1.0609,1.0622,701
1989-11-20,1.0622,1.0685,1.0589,1.0663,1511
1989-11-21,1.0659,1.0795,1.0659,1.0773,1581
1989-11-22,1.077,1.0857,1.075,1.0795,1891
1989-11-23,1.0789,1.0804,1.0747,1.0776,1011
1989-11-24,1.0827,1.0895,1.082,1.0864,1131
1989-11-27,1.0907,1.0954,1.09,1.0918,971
1989-11-28,1.0924,1.1044,1.0875,1.1017,2451
1989-11-29,1.1022,1.1034,1.0907,1.0941,1731
1989-11-30,1.0942,1.1002,1.0912,1.0998,1241
1989-12-01,1.0991,1.1009,1.0925,1.0966,1431
1989-12-04,1.0963,1.1036,1.0945,1.0954,1731
1989-12-05,1.0964,1.102,1.0946,1.1004,1081
1989-12-06,1.1003,1.1091,1.098,1.1069,1561
1989-12-07,1.1067,1.1095,1.1023,1.1031,1081
1989-12-08,1.1027,1.1089,1.1002,1.1074,1271
1989-12-11,1.1071,1.1121,1.105,1.1116,971
1989-12-12,1.1122,1.1299,1.1105,1.1285,2251
1989-12-13,1.1322,1.1434,1.1231,1.1333,3951
1989-12-14,1.1335,1.1355,1.1249,1.1283,1601
1989-12-15,1.1268,1.1386,1.1254,1.1347,1851
1989-12-18,1.1345,1.1378,1.1322,1.1341,1081
1989-12-19,1.1331,1.1342,1.1244,1.1249,1141
1989-12-20,1.1249,1.1325,1.1185,1.1307,2221
1989-12-21,1.1318,1.1358,1.1280000000000001,1.1332,1421
1989-12-22,1.1329,1.1474,1.1323,1.1461000000000001,1701
1989-12-26,1.1512,1.1524,1.1479,1.1521,811
1989-12-27,1.1495,1.1613,1.1487,1.1596,1511
1989-12-28,1.1596,1.167,1.1543,1.1588,2461
1989-12-29,1.1574,1.1591,1.151,1.1577,1591
1990-01-02,1.1623999999999999,1.1636,1.1402,1.1426,2701
1990-01-03,1.1423,1.1431,1.1309,1.1309,1301
1990-01-04,1.1301,1.1695,1.1277,1.1672,4651
1990-01-05,1.1673,1.1694,1.1512,1.1592,2831
1990-01-08,1.1625,1.1746,1.1546,1.1724,3011
1990-01-09,1.1729,1.1736,1.159,1.1672,2351
1990-01-10,1.1672,1.1733,1.1614,1.1623999999999999,1901
1990-01-11,1.1627,1.1659,1.1558,1.1633,1961
1990-01-12,1.1634,1.1703999999999999,1.1587,1.1591,1911
1990-01-15,1.1593,1.1641,1.1486,1.1488,2051
1990-01-16,1.1487,1.1583,1.1421000000000001,1.1547,2641
1990-01-17,1.1533,1.1637,1.1516,1.1568,2071
1990-01-18,1.1566,1.157,1.1400000000000001,1.1416,1901
1990-01-19,1.1415,1.1479,1.138,1.1402,1851
1990-01-22,1.1391,1.1401,1.1320999999999999,1.1345,1141
1990-01-23,1.134,1.1573,1.1335,1.1566,2501
1990-01-24,1.1583,1.1663000000000001,1.1531,1.157,2511
1990-01-25,1.157,1.1619,1.1562000000000001,1.1613,711
1990-01-26,1.1607,1.1628,1.1522999999999999,1.1583,1861
1990-01-29,1.1587,1.171,1.1587,1.1667,1661
1990-01-30,1.1669,1.1721,1.1415,1.154,4831
1990-01-31,1.1535,1.1651,1.1505,1.1575,2521
1990-02-01,1.1581,1.1683,1.1581,1.1683,1021
1990-02-02,1.1677,1.169,1.1565,1.1623999999999999,1971
1990-02-05,1.1638,1.1797,1.1632,1.1781,1871
1990-02-06,1.1777,1.1832,1.1757,1.1796,1311
1990-02-07,1.1801,1.1863,1.177,1.1775,1601
1990-02-08,1.1772,1.1776,1.168,1.1736,1561
1990-02-09,1.1737,1.1745,1.167,1.173,1431
1990-02-12,1.1735,1.1743000000000001,1.1653,1.1653,981
1990-02-13,1.1656,1.1689,1.1582,1.1689,1811
1990-02-14,1.1686,1.1723,1.1649,1.1653,1151
1990-02-15,1.1659,1.1672,1.1529,1.1544,1711
1990-02-16,1.1542,1.1678,1.1498,1.1633,2691
1990-02-19,1.1636,1.17,1.1629,1.1691,871
1990-02-20,1.17,1.1735,1.1655,1.1694,1541
1990-02-21,1.1702,1.1758,1.1682,1.169,1401
1990-02-22,1.1691,1.174,1.1675,1.1701,1201
1990-02-23,1.17,1.1703000000000001,1.1626,1.1629,831
1990-02-26,1.1617,1.1617,1.154,1.1595,1321
1990-02-27,1.1592,1.1623,1.1555,1.1567,1111
1990-02-28,1.1569,1.1575,1.1458,1.147,1351
1990-03-01,1.1466,1.1478,1.135,1.1359,1491
1990-03-02,1.1363,1.146,1.1347,1.1398,1911
1990-03-05,1.1401,1.1544,1.1397,1.1528,1671
1990-03-06,1.1524,1.1567,1.1465,1.1477,1571
1990-03-07,1.148,1.1543,1.1443,1.1543,1371
1990-03-08,1.1539,1.1554,1.1487,1.1499,941
1990-03-09,1.15,1.1521,1.1464,1.1484,981
1990-03-12,1.1487,1.1487,1.1402,1.1421999999999999,1051
1990-03-13,1.1416,1.145,1.1375,1.1441,1251
1990-03-14,1.1437,1.1467,1.1398,1.1426,1271
1990-03-15,1.143,1.1533,1.1419,1.1522999999999999,1351
1990-03-16,1.1518,1.1583,1.1502,1.1559,1211
1990-03-19,1.1586,1.1656,1.1576,1.1606,1401
1990-03-20,1.1605,1.1628,1.1458,1.1465,2001
1990-03-21,1.1461999999999999,1.1492,1.1414,1.1416,1101
1990-03-22,1.142,1.1499,1.141,1.1485,1131
1990-03-23,1.1486,1.1489,1.1412,1.1414,821
1990-03-26,1.1373,1.1481,1.1373,1.144,1491
1990-03-27,1.1442,1.1466,1.1395,1.1421000000000001,1211
1990-03-28,1.1419,1.1461999999999999,1.1394,1.1445,1101
1990-03-29,1.1445,1.1553,1.1443,1.1546,1191
1990-03-30,1.1543,1.1597,1.1506,1.1518,1571
1990-04-02,1.1514,1.153,1.146,1.1494,1201
1990-04-03,1.1491,1.1525,1.1481,1.1525,541
1990-04-04,1.1521,1.1529,1.1498,1.151,511
1990-04-05,1.1511,1.1522000000000001,1.1489,1.151,651
1990-04-06,1.1507,1.1553,1.1507,1.1539,601
1990-04-09,1.16,1.16,1.154,1.1559,791
1990-04-10,1.1557,1.1689,1.1543,1.1679,1701
1990-04-11,1.1679,1.1719,1.1661,1.1706,891
1990-04-12,1.1701,1.1726,1.1666,1.1697,1161
1990-04-16,1.1692,1.1693,1.1618,1.1652,1101
1990-04-17,1.1651,1.1673,1.1625,1.1652,951
1990-04-18,1.1656,1.1714,1.1638,1.1692,1161
1990-04-19,1.1695,1.1714,1.1623,1.1641,1281
1990-04-20,1.164,1.1662,1.1568,1.1589,1371
1990-04-23,1.1585,1.1586,1.147,1.1478,1251
1990-04-24,1.1476,1.1555,1.1473,1.1512,1281
1990-04-25,1.1513,1.1666,1.1513,1.1633,1861
1990-04-26,1.1629,1.1684,1.1625,1.1644,1031
1990-04-27,1.165,1.1691,1.1604,1.166,1641
1990-04-30,1.1648,1.1667,1.162,1.1651,911
1990-05-01,1.165,1.1652,1.1596,1.1631,931
1990-05-02,1.1636,1.1636,1.159,1.1598,541
1990-05-03,1.16,1.1645,1.1597,1.1627,691
1990-05-04,1.1632,1.1751,1.163,1.1751,1231
1990-05-07,1.1756,1.1838,1.1738,1.1808,1481
1990-05-08,1.1809,1.1827,1.1783,1.1798,771
1990-05-09,1.1804000000000001,1.1983,1.18,1.1956,2141
1990-05-10,1.1955,1.2012,1.1907,1.1998,1671
1990-05-11,1.2,1.2025000000000001,1.193,1.193,1201
1990-05-14,1.1919,1.1926,1.1876,1.1905000000000001,861
1990-05-15,1.1901,1.1916,1.1858,1.1887,1021
1990-05-16,1.1882,1.1925,1.1815,1.189,2121
1990-05-17,1.1887,1.196,1.1839,1.1855,2101
1990-05-18,1.1859,1.1877,1.1836,1.1873,681
1990-05-21,1.1849,1.1872,1.1755,1.1757,1421
1990-05-22,1.1757,1.1769,1.1684,1.1692,1051
1990-05-23,1.1693,1.1766,1.1641,1.1658,2151
1990-05-24,1.1652,1.1723,1.1597,1.1599,1991
1990-05-25,1.1593,1.1674,1.1593,1.1629,1261
1990-05-29,1.1636,1.173,1.163,1.1684,1521
1990-05-30,1.1685,1.1718,1.1608,1.1628,1631
1990-05-31,1.1628,1.1637,1.1512,1.1534,1561
1990-06-01,1.1533,1.1632,1.1506,1.1516,2351
1990-06-04,1.1488,1.1602000000000001,1.1476,1.1587,1531
1990-06-05,1.1596,1.1615,1.1514,1.1602000000000001,1961
1990-06-06,1.1602999999999999,1.1621,1.1566,1.1582,891
1990-06-07,1.1586,1.1596,1.1539,1.1562000000000001,901
1990-06-08,1.156,1.156,1.1508,1.1514,581
1990-06-11,1.1517,1.1576,1.1512,1.1564,811
1990-06-12,1.1557,1.16,1.1517,1.1517,1261
1990-06-13,1.1522000000000001,1.1602999999999999,1.1517,1.1591,1031
1990-06-14,1.1593,1.1631,1.1535,1.1546,1451
1990-06-15,1.1544,1.1598,1.1488,1.1587,1771
1990-06-18,1.1598,1.169,1.1582,1.1675,1391
1990-06-19,1.168,1.1718,1.1661,1.1683,1111
1990-06-20,1.1666,1.1671,1.1615,1.1653,991
1990-06-21,1.165,1.1673,1.1622,1.1667,851
1990-06-22,1.1665,1.1688,1.1638,1.1681,841
1990-06-25,1.1687,1.1697,1.163,1.1659,1061
1990-06-26,1.1656,1.1781,1.1622,1.1762,2121
1990-06-27,1.1762,1.1791,1.174,1.1747,871
1990-06-28,1.1752,1.1771,1.1691,1.1691,991
1990-06-29,1.1687,1.1781,1.1682,1.1779,1061
1990-07-02,1.1789,1.1851,1.1789,1.1838,751
1990-07-03,1.1838,1.189,1.1792,1.1864,1701
1990-07-04,1.1868,1.1896,1.1865,1.1876,541
1990-07-05,1.1874,1.189,1.1813,1.1831,1111
1990-07-06,1.1833,1.1849,1.1806,1.1839,801
1990-07-09,1.1837,1.1884000000000001,1.1818,1.1831,1261
1990-07-10,1.1834,1.1942,1.1834,1.1932,1181
1990-07-11,1.1927,1.1931,1.1818,1.1823,1221
1990-07-12,1.1803,1.1994,1.1764999999999999,1.1956,3051
1990-07-13,1.1964,1.1965,1.1839,1.1841,1291
1990-07-16,1.1836,1.1855,1.1778,1.1808,1261
1990-07-17,1.1807,1.1905000000000001,1.1795,1.1894,1331
1990-07-18,1.1896,1.1944,1.1857,1.187,1481
1990-07-19,1.1867,1.1928,1.1855,1.1924,891
1990-07-20,1.1921,1.1961,1.1901,1.194,1011
1990-07-23,1.196,1.2065,1.1929,1.2059,1731
1990-07-24,1.2054,1.2113,1.2021,1.2066,1721
1990-07-25,1.2068,1.2104,1.2026,1.2042,1301
1990-07-26,1.2033,1.2083,1.2012,1.2032,1411
1990-07-27,1.2025000000000001,1.2149,1.2025000000000001,1.2133,1401
1990-07-30,1.2138,1.2202,1.2114,1.2169,1451
1990-07-31,1.2165,1.2337,1.2153,1.2321,2121
1990-08-01,1.2315,1.233,1.2264,1.2307,1241
1990-08-02,1.2302,1.2359,1.2058,1.2277,5771
1990-08-03,1.2248999999999999,1.2344,1.2187999999999999,1.2315,2461
1990-08-06,1.2311,1.2465,1.2274,1.2402,2911
1990-08-07,1.2402,1.2437,1.2303,1.2304,1701
1990-08-08,1.2309,1.2349,1.2214,1.228,2411
1990-08-09,1.2284,1.2308,1.2239,1.2267000000000001,1211
1990-08-10,1.2271,1.2322,1.2223,1.2298,1711
1990-08-13,1.2354,1.2434,1.2342,1.2416,1221
1990-08-14,1.2428,1.2484,1.2382,1.2475,1571
1990-08-15,1.2515,1.2585,1.2477,1.2524,2071
1990-08-16,1.2498,1.2604,1.2396,1.2591999999999999,3221
1990-08-17,1.2597,1.2650000000000001,1.2548,1.263,1711
1990-08-20,1.2599,1.2609,1.2482,1.2499,1541
1990-08-21,1.2503,1.2601,1.2452,1.2497,2921
1990-08-22,1.2495,1.2612,1.2487,1.2534,2111
1990-08-23,1.252,1.2695,1.2518,1.2642,2321
1990-08-24,1.2637,1.2677,1.2530000000000001,1.2530000000000001,1871
1990-08-27,1.2647,1.2686,1.2539,1.2597,2441
1990-08-28,1.2598,1.2671000000000001,1.2547,1.256,2101
1990-08-29,1.2567,1.2612,1.2546,1.2570000000000001,1291
1990-08-30,1.2494,1.251,1.2454,1.2503,1031
1990-08-31,1.2503,1.2555,1.2387,1.2407,2401
1990-09-03,1.24,1.2429000000000001,1.2325,1.2348,1561
1990-09-04,1.2351,1.2429000000000001,1.2327,1.2381,1741
1990-09-05,1.2375,1.2559,1.2368000000000001,1.2554,2031
1990-09-06,1.2549000000000001,1.2595,1.2523,1.2584,1091
1990-09-07,1.2583,1.259,1.2466,1.2472,1371
1990-09-10,1.2501,1.2523,1.2341,1.2368999999999999,2321
1990-09-11,1.2368999999999999,1.24,1.2252,1.2318,2451
1990-09-12,1.2338,1.2374,1.2276,1.2285,1431
1990-09-13,1.2284,1.2486,1.226,1.248,2561
1990-09-14,1.2481,1.2562,1.2437,1.2466,2351
1990-09-17,1.252,1.2639,1.2517,1.2631000000000001,1331
1990-09-18,1.2641,1.2662,1.2556,1.2603,1741
1990-09-19,1.2604,1.2624,1.2418,1.2438,2461
1990-09-20,1.244,1.2481,1.2339,1.2404,2481
1990-09-21,1.2385,1.244,1.2373,1.2401,1181
1990-09-24,1.2421,1.2576,1.2383,1.2545,2621
1990-09-25,1.2544,1.26,1.2426,1.2427,2311
1990-09-26,1.2424,1.2509000000000001,1.2414,1.2497,1171
1990-09-27,1.2502,1.2543,1.2436,1.2527,1891
1990-09-28,1.2528000000000001,1.2542,1.2469999999999999,1.2490999999999999,1071
1990-10-01,1.2519,1.2649,1.2519,1.255,2291
1990-10-02,1.2553,1.2641,1.2524,1.2635,1521
1990-10-03,1.2633,1.2699,1.2603,1.2686,1391
1990-10-04,1.2681,1.2776,1.2673,1.2757,1301
1990-10-05,1.2757,1.2768,1.2583,1.2656,2691
1990-10-08,1.2610000000000001,1.2779,1.2604,1.2766,1941
1990-10-09,1.2772000000000001,1.287,1.2765,1.2819,1631
1990-10-10,1.2819,1.2865,1.2768,1.2798,1731
1990-10-11,1.2795,1.2928,1.2727,1.2905,2921
1990-10-12,1.2913000000000001,1.2913999999999999,1.2827,1.2831000000000001,921
1990-10-15,1.2877,1.2877,1.2797,1.2818,1011
1990-10-16,1.2823,1.2973,1.2803,1.2948,2151
1990-10-17,1.295,1.2993999999999999,1.2906,1.2936,1621
1990-10-18,1.2934,1.3068,1.2918,1.3057,1771
1990-10-19,1.3052000000000001,1.3114,1.2937,1.3028,3301
1990-10-22,1.3037,1.3046,1.2863,1.2878,2071
1990-10-23,1.2877,1.2927,1.2833,1.2875,1861
1990-10-24,1.2873999999999999,1.3001,1.2852000000000001,1.2976,1961
1990-10-25,1.2981,1.3002,1.2879,1.2882,1471
1990-10-26,1.2888,1.2921,1.285,1.2921,1091
1990-10-29,1.2963,1.2991,1.2832,1.285,2051
1990-10-30,1.2849,1.2944,1.2795,1.2908,2391
1990-10-31,1.2905,1.2915,1.2861,1.2885,881
1990-11-01,1.2884,1.3029,1.2808,1.3008,3181
1990-11-02,1.3002,1.3105,1.298,1.3093,1591
1990-11-05,1.3108,1.3181,1.3066,1.3162,1761
1990-11-06,1.3163,1.3185,1.3089,1.3104,1331
1990-11-07,1.3099,1.3219,1.3094999999999999,1.3127,2201
1990-11-08,1.3131,1.3173,1.3065,1.3105,1901
1990-11-09,1.3118,1.3158,1.3068,1.3149,1491
1990-11-12,1.3163,1.3247,1.3162,1.3244,891
1990-11-13,1.3246,1.3275000000000001,1.3202,1.3241,1411
1990-11-14,1.3235999999999999,1.3302,1.3211,1.3283,1351
1990-11-15,1.3281,1.3296000000000001,1.3232,1.3256000000000001,1031
1990-11-16,1.3242,1.3321,1.3212,1.3298,1621
1990-11-19,1.33,1.3338999999999999,1.3254000000000001,1.3277999999999999,1481
1990-11-20,1.3259,1.3282,1.3232,1.3264,951
1990-11-21,1.3264,1.3301,1.3204,1.3253,1831
1990-11-22,1.3243,1.327,1.3197,1.3228,1311
1990-11-23,1.323,1.3235000000000001,1.3146,1.3162,1101
1990-11-26,1.3146,1.3185,1.3093,1.3144,1821
1990-11-27,1.3145,1.3258,1.3125,1.3212,1991
1990-11-28,1.3211,1.3264,1.3149,1.3151,1701
1990-11-29,1.3151,1.3189,1.2945,1.2983,3201
1990-11-30,1.2971,1.308,1.2951,1.3074,1551
1990-12-03,1.3096,1.3104,1.2904,1.2906,2101
1990-12-04,1.2913000000000001,1.3062,1.2912,1.301,2031
1990-12-05,1.3006,1.3101,1.3006,1.3051,1451
1990-12-06,1.3075,1.3163,1.3035999999999999,1.314,1891
1990-12-07,1.3136,1.3289,1.313,1.3271,1831
1990-12-10,1.3306,1.3369,1.3265,1.3292,1941
1990-12-11,1.3294000000000001,1.3324,1.3204,1.3233,1791
1990-12-12,1.3237,1.3277,1.3223,1.3244,1011
1990-12-13,1.3243,1.3272,1.3208,1.3223,1081
1990-12-14,1.3231,1.3256999999999999,1.3136,1.3183,1941
1990-12-17,1.3178,1.3202,1.3124,1.3159,1371
1990-12-18,1.3164,1.3254000000000001,1.3136999999999999,1.3247,1511
1990-12-19,1.3242,1.328,1.3206,1.3235999999999999,1421
1990-12-20,1.3228,1.3252,1.2928,1.2958,3781
1990-12-21,1.2967,1.2992,1.2772000000000001,1.2793999999999999,2671
1990-12-24,1.276,1.2802,1.2641,1.2656,2181
1990-12-26,1.2746,1.2796,1.2727,1.2753999999999999,1301
1990-12-27,1.2734,1.2836,1.2703,1.2825,1751
1990-12-28,1.2816,1.31,1.2805,1.3091,3151
1990-12-31,1.3091,1.3133,1.2981,1.3114,2811
1991-01-02,1.3101,1.3164,1.3051,1.3155000000000001,1721
1991-01-03,1.3136999999999999,1.3158,1.3079,1.3096,1171
1991-01-04,1.3093,1.3122,1.2967,1.2999,2161
1991-01-07,1.2922,1.2942,1.2683,1.2758,3541
1991-01-08,1.2762,1.2787,1.2662,1.2682,1701
1991-01-09,1.2678,1.2945,1.2652999999999999,1.2755,5071
1991-01-10,1.2765,1.2915,1.2486,1.2812000000000001,8111
1991-01-11,1.2816,1.2835,1.2721,1.2776,1881
1991-01-14,1.2622,1.2707,1.2581,1.2665,2091
1991-01-15,1.2678,1.2704,1.2636,1.2681,1331
1991-01-16,1.2671999999999999,1.2695,1.2610000000000001,1.2658,1561
1991-01-17,1.2652999999999999,1.2992,1.2610999999999999,1.2968,4471
1991-01-18,1.295,1.3084,1.2863,1.3048,3441
1991-01-21,1.3013,1.3159,1.2943,1.3154,2911
1991-01-22,1.3132,1.3169,1.305,1.3061,1671
1991-01-23,1.3069,1.3202,1.3024,1.3202,2231
1991-01-24,1.3197,1.3222,1.3143,1.3165,1261
1991-01-25,1.3158,1.3189,1.3096999999999999,1.3113000000000001,1391
1991-01-28,1.3125,1.3169,1.3114,1.3142,931
1991-01-29,1.3139,1.3205,1.3066,1.3081,2201
1991-01-30,1.3084,1.315,1.3032,1.313,1901
1991-01-31,1.3131,1.3261,1.3111,1.3237999999999999,1931
1991-02-01,1.3239,1.3347,1.32,1.3322,2111
1991-02-04,1.3343,1.3422,1.3301,1.337,2151
1991-02-05,1.3375,1.3426,1.3341,1.3409,1361
1991-02-06,1.3404,1.3512,1.34,1.3492,1361
1991-02-07,1.3495,1.3508,1.3426,1.3442,1111
1991-02-08,1.3442,1.3449,1.3378,1.343,1301
1991-02-11,1.3418,1.355,1.3412,1.3513,1811
1991-02-12,1.3529,1.3529,1.3423,1.3443,1261
1991-02-13,1.3447,1.347,1.3347,1.3369,1681
1991-02-14,1.3351,1.3393,1.3303,1.3338999999999999,1681
1991-02-15,1.3341,1.336,1.3204,1.3237999999999999,2091
1991-02-18,1.3246,1.3263,1.3176,1.3178,1061
1991-02-19,1.3199,1.3221,1.3068,1.3096,2031
1991-02-20,1.3094000000000001,1.3147,1.3041,1.3084,2021
1991-02-21,1.3083,1.316,1.3046,1.3101,2101
1991-02-22,1.3104,1.3178,1.2976,1.2991,2911
1991-02-25,1.2955,1.2977,1.2827,1.286,2051
1991-02-26,1.2863,1.2969,1.2795,1.2841,3261
1991-02-27,1.2842,1.287,1.2805,1.2851,1211
1991-02-28,1.2854,1.2916,1.2793999999999999,1.2829,2191
1991-03-01,1.2822,1.2825,1.2699,1.27,1301
1991-03-04,1.2722,1.2770000000000001,1.2665,1.2759,1731
1991-03-05,1.2756,1.2833,1.266,1.2682,2721
1991-03-06,1.2681,1.2727,1.2608,1.2719,2001
1991-03-07,1.2719,1.2734,1.2624,1.2651,1521
1991-03-08,1.2652999999999999,1.2671000000000001,1.2461,1.2466,2331
1991-03-11,1.2417,1.2465,1.2328000000000001,1.2374,2311
1991-03-12,1.2381,1.2505,1.2376,1.2483,1561
1991-03-13,1.249,1.2503,1.2368000000000001,1.245,2301
1991-03-14,1.245,1.2471,1.2336,1.2347,1671
1991-03-15,1.2348,1.2372,1.2156,1.2169,2531
1991-03-18,1.2197,1.2215,1.1943,1.2013,3601
1991-03-19,1.2011,1.2095,1.1699,1.1852,6331
1991-03-20,1.1852,1.1917,1.1759,1.1907,2611
1991-03-21,1.191,1.2073,1.191,1.1976,2601
1991-03-22,1.1978,1.2033,1.1846,1.1873,2691
1991-03-25,1.1831,1.186,1.158,1.1607,3361
1991-03-26,1.1614,1.1637,1.1514,1.1597,2291
1991-03-27,1.1597,1.1668,1.1392,1.1453,4081
1991-03-28,1.1449,1.1498,1.1360000000000001,1.1477,2481
1991-04-01,1.1513,1.1684,1.1512,1.1684,1731
1991-04-02,1.1727,1.1817,1.15,1.172,6271
1991-04-03,1.1719,1.176,1.16,1.1654,2551
1991-04-04,1.1655,1.1769,1.1584,1.1724,3011
1991-04-05,1.173,1.1817,1.1593,1.1601,3191
1991-04-08,1.1551,1.1605,1.1521,1.1553,1661
1991-04-09,1.1553,1.1747,1.1533,1.1736,2451
1991-04-10,1.1739,1.1787,1.1595,1.163,2751
1991-04-11,1.1632,1.1746,1.1592,1.172,2201
1991-04-12,1.1723,1.1728,1.1565,1.1618,2211
1991-04-15,1.1617,1.1736,1.1605,1.1705,1741
1991-04-16,1.1716,1.1789,1.1698,1.1735,1631
1991-04-17,1.1737,1.1769,1.1689,1.1739,1581
1991-04-18,1.1732,1.1735,1.1455,1.1472,3001
1991-04-19,1.1388,1.1426,1.126,1.1272,2161
1991-04-22,1.1228,1.1253,1.1057,1.1122,2861
1991-04-23,1.1123,1.1241,1.1073,1.1229,2301
1991-04-24,1.1229,1.1287,1.1132,1.1191,2721
1991-04-25,1.1193,1.1216,1.1095,1.1188,2371
1991-04-26,1.1184,1.1222,1.114,1.1166,1461
1991-04-29,1.111,1.1157,1.0972,1.1157,3231
1991-04-30,1.1152,1.1478,1.1138,1.1461000000000001,3711
1991-05-01,1.1459,1.1568,1.1401,1.1441,3161
1991-05-02,1.1439,1.1472,1.1312,1.1357,2381
1991-05-03,1.1351,1.1428,1.1156,1.1186,3791
1991-05-06,1.1229,1.1325,1.1192,1.1289,2061
1991-05-07,1.1289,1.1401,1.1276,1.1393,1461
1991-05-08,1.1396,1.1396,1.1275,1.1299,1451
1991-05-09,1.13,1.1320000000000001,1.1194,1.1314,2381
1991-05-10,1.1315,1.1362,1.1267,1.1345,1601
1991-05-13,1.1338,1.1455,1.1328,1.1416,1761
1991-05-14,1.1418,1.1541,1.1351,1.1533,2651
1991-05-15,1.1531,1.1621,1.15,1.1604,1691
1991-05-16,1.1606,1.1614,1.1516,1.154,1301
1991-05-17,1.1538,1.154,1.1229,1.1248,3321
1991-05-20,1.1171,1.134,1.111,1.1294,3371
1991-05-21,1.1291,1.1446,1.1283,1.1416,2011
1991-05-22,1.1421000000000001,1.143,1.1339,1.135,1111
1991-05-23,1.1348,1.1435,1.1303,1.1413,1991
1991-05-24,1.1414,1.1482999999999999,1.1400000000000001,1.1482,981
1991-05-27,1.1477,1.1532,1.1443,1.151,1451
1991-05-28,1.1467,1.1559,1.1419,1.1544,2031
1991-05-29,1.154,1.1567,1.1381999999999999,1.1409,2391
1991-05-30,1.1409,1.1461999999999999,1.1356,1.138,1831
1991-05-31,1.1383,1.1397,1.1216,1.1225,2041
1991-06-03,1.1223,1.1256,1.1131,1.1184,2111
1991-06-04,1.1188,1.1251,1.115,1.1218,1721
1991-06-05,1.1216,1.1245,1.114,1.119,1841
1991-06-06,1.1188,1.1191,1.1143,1.1162,701
1991-06-07,1.1163,1.1163,1.1023,1.1036,1531
1991-06-10,1.1036,1.1071,1.1003,1.1064,1081
1991-06-11,1.1062,1.1089,1.1018,1.1029,1091
1991-06-12,1.103,1.1043,1.0902,1.0919,1711
1991-06-13,1.092,1.0934,1.0815,1.0886,2041
1991-06-14,1.0885,1.0956,1.0847,1.0901,2021
1991-06-17,1.0899,1.0915,1.0859,1.0902,1091
1991-06-18,1.0902,1.0907,1.0757,1.076,1581
1991-06-19,1.0764,1.0944,1.0732,1.0921,2671
1991-06-20,1.0928,1.1012,1.0881,1.0906,2401
1991-06-21,1.0906,1.0913,1.0836,1.0855,1031
1991-06-24,1.0794,1.0985,1.0757,1.0974,2761
1991-06-25,1.0974,1.0997,1.086,1.0901,2011
1991-06-26,1.0897000000000001,1.0981,1.0873,1.0937000000000001,1761
1991-06-27,1.0937999999999999,1.0953,1.085,1.0897000000000001,1651
1991-06-28,1.0897000000000001,1.0902,1.0766,1.0796000000000001,1711
1991-07-01,1.0812,1.0817,1.0691,1.0692,1321
1991-07-02,1.0692,1.0727,1.0635,1.0655000000000001,1471
1991-07-03,1.0656,1.0745,1.0652,1.0693,1491
1991-07-04,1.0688,1.0706,1.0651,1.0657,791
1991-07-05,1.0661,1.0716,1.0612,1.0711,1581
1991-07-08,1.0718,1.0831,1.0712,1.0814,1421
1991-07-09,1.0813,1.0816,1.0751,1.0766,831
1991-07-10,1.0769,1.0806,1.0728,1.0776,1491
1991-07-11,1.0772,1.0811,1.0651,1.0663,2111
1991-07-12,1.0663,1.0953,1.0636,1.0932,3651
1991-07-15,1.0947,1.0951,1.088,1.0914,1091
1991-07-16,1.0915,1.0926,1.0853,1.0858,891
1991-07-17,1.0859,1.0945,1.0854,1.0918,1231
1991-07-18,1.0925,1.1069,1.0914,1.103,2051
1991-07-19,1.1034,1.1198,1.1013,1.1198,2061
1991-07-22,1.1179000000000001,1.1224,1.1084,1.1088,1891
1991-07-23,1.1085,1.1147,1.1032,1.1125,1901
1991-07-24,1.1129,1.1299,1.1129,1.1261,2081
1991-07-25,1.1263,1.1266,1.108,1.112,2291
1991-07-26,1.1118,1.129,1.1092,1.121,3041
1991-07-29,1.1182,1.1213,1.1142,1.1198,1261
1991-07-30,1.1199,1.1244,1.1144,1.1155,1561
1991-07-31,1.1153,1.1234,1.1139000000000001,1.1223,1201
1991-08-01,1.1224,1.1228,1.1109,1.1144,1581
1991-08-02,1.1145,1.1285,1.1061,1.1232,3611
1991-08-05,1.1249,1.1394,1.1247,1.1388,1551
1991-08-06,1.139,1.1458,1.1385,1.1439,971
1991-08-07,1.1439,1.1446,1.137,1.1439,1521
1991-08-08,1.1441,1.1508,1.1346,1.1387,2701
1991-08-09,1.1387,1.1427,1.1294,1.1316,1951
1991-08-12,1.1333,1.1352,1.1277,1.1347,1361
1991-08-13,1.1345,1.1369,1.1277,1.1287,1261
1991-08-14,1.1288,1.1302,1.123,1.1256,1121
1991-08-15,1.1255,1.1338,1.1163,1.1179000000000001,2741
1991-08-16,1.1178,1.1202,1.1078999999999999,1.1083,1511
1991-08-19,1.1107,1.1124,1.0663,1.0723,5381
1991-08-20,1.0725,1.0958,1.0704,1.088,3531
1991-08-21,1.0879,1.1266,1.0808,1.1243,5521
1991-08-22,1.1239,1.1333,1.1174,1.1276,2811
1991-08-23,1.1268,1.1303,1.1153,1.1191,2231
1991-08-26,1.1191,1.1209,1.1156,1.1196,1011
1991-08-27,1.1193,1.1218,1.1159,1.1164,891
1991-08-28,1.1164,1.1272,1.1106,1.1252,2441
1991-08-29,1.1251,1.1309,1.1193,1.1219999999999999,2011
1991-08-30,1.1218,1.1262,1.1156,1.1182,1761
1991-09-02,1.1199,1.1216,1.1186,1.1201,581
1991-09-03,1.1211,1.1274,1.1205,1.1251,981
1991-09-04,1.1283,1.1283,1.1244,1.1253,481
1991-09-05,1.125,1.1265,1.1232,1.125,661
1991-09-06,1.1251,1.1413,1.1233,1.1406,2051
1991-09-09,1.1418,1.1573,1.1408,1.1549,1991
1991-09-10,1.154,1.1602000000000001,1.1515,1.1551,1631
1991-09-11,1.1539,1.1598,1.1495,1.1595,1501
1991-09-12,1.1594,1.1662,1.1564,1.1583,1851
1991-09-13,1.1579,1.1649,1.1527,1.1589,2341
1991-09-16,1.1587,1.1707,1.1566,1.1684,1851
1991-09-17,1.1682,1.1737,1.1666,1.167,1301
1991-09-18,1.1679,1.1695,1.1546,1.1592,2111
1991-09-19,1.1591,1.1625,1.156,1.1586,1251
1991-09-20,1.1584,1.1618,1.1515,1.1605,1851
1991-09-23,1.1626,1.1722,1.1621,1.1688,1401
1991-09-24,1.1688,1.1762,1.1581,1.1591,2651
1991-09-25,1.1596,1.1667,1.1578,1.1639,1351
1991-09-26,1.1638,1.168,1.1586,1.1604,1541
1991-09-27,1.1602000000000001,1.1724,1.156,1.1724,2061
1991-09-30,1.1736,1.1796,1.1702,1.1709,1611
1991-10-01,1.171,1.1747,1.1703999999999999,1.1724999999999999,711
1991-10-02,1.1722,1.1782,1.1722,1.1738,1041
1991-10-03,1.1734,1.1793,1.1723,1.1759,1151
1991-10-04,1.176,1.1779,1.1605,1.1658,2461
1991-10-07,1.1685,1.1688,1.1621,1.164,891
1991-10-08,1.1641,1.1659,1.1463,1.147,2211
1991-10-09,1.1474,1.1598,1.1401,1.1565,3031
1991-10-10,1.1565,1.1622,1.151,1.1539,1981
1991-10-11,1.1534,1.1591,1.1482999999999999,1.1586,1641
1991-10-14,1.1551,1.158,1.1496,1.1505,1221
1991-10-15,1.1501000000000001,1.1503,1.1412,1.1421000000000001,1021
1991-10-16,1.1417,1.1508,1.1416,1.1469,1321
1991-10-17,1.1467,1.1545,1.146,1.1538,991
1991-10-18,1.1537,1.1599,1.1526,1.1591,921
1991-10-21,1.1593,1.1615,1.1548,1.1559,1001
1991-10-22,1.1562000000000001,1.1566,1.1503,1.1508,721
1991-10-23,1.151,1.1513,1.1421999999999999,1.1428,1001
1991-10-24,1.143,1.1536,1.1423,1.1511,1451
1991-10-25,1.1507,1.1549,1.1489,1.1505,1181
1991-10-28,1.1482,1.149,1.1356,1.1387,1731
1991-10-29,1.1377,1.1633,1.1376,1.1598,2931
1991-10-30,1.1589,1.1722,1.1579,1.1694,1811
1991-10-31,1.1697,1.174,1.1661,1.1724,1311
1991-11-01,1.172,1.1913,1.1701,1.1897,2471
1991-11-04,1.1919,1.2009,1.1872,1.1923,2701
1991-11-05,1.191,1.1962,1.1883,1.1936,1321
1991-11-06,1.1902,1.1989,1.1886,1.1969,1391
1991-11-07,1.1969,1.2025000000000001,1.1886,1.1899,2081
1991-11-08,1.1897,1.1931,1.1849,1.1884000000000001,1511
1991-11-11,1.1844999999999999,1.1931,1.1842,1.1931,921
1991-11-12,1.1926,1.1984,1.192,1.1932,1221
1991-11-13,1.194,1.1997,1.1904,1.1991,1351
1991-11-14,1.1983,1.2026,1.197,1.2005,901
1991-11-15,1.2002,1.2085,1.1936,1.2083,2171
1991-11-18,1.217,1.2225,1.213,1.2138,1581
1991-11-19,1.2134,1.2293,1.213,1.2235,2251
1991-11-20,1.2235,1.2255,1.2176,1.2233,1561
1991-11-21,1.2224,1.228,1.2175,1.2198,1841
1991-11-22,1.2196,1.2388,1.2196,1.2345,2351
1991-11-25,1.2335,1.2389000000000001,1.2304,1.231,1451
1991-11-26,1.2306,1.2389999999999999,1.2037,1.2147000000000001,5471
1991-11-27,1.2154,1.2212,1.2093,1.2113,1971
1991-11-28,1.2104,1.2139,1.2073,1.2093,1211
1991-11-29,1.2084,1.2084,1.1949,1.2034,2201
1991-12-02,1.21,1.2193,1.209,1.2133,1731
1991-12-03,1.2134,1.2177,1.2099,1.216,1301
1991-12-04,1.216,1.2251,1.2095,1.225,2221
1991-12-05,1.225,1.2343,1.2242,1.234,1121
1991-12-09,1.2444,1.2478,1.2389999999999999,1.2456,1641
1991-12-10,1.2453,1.252,1.2338,1.2387,2981
1991-12-11,1.2391,1.2413,1.2256,1.2399,3061
1991-12-12,1.2396,1.2437,1.2345,1.237,1581
1991-12-13,1.2374,1.2427,1.2296,1.2306,1941
1991-12-16,1.2316,1.2426,1.2315,1.2423,1151
1991-12-17,1.2422,1.2481,1.2388,1.2461,1471
1991-12-18,1.246,1.2484,1.2419,1.2445,1151
1991-12-19,1.2446,1.2572999999999999,1.2405,1.2557,2251
1991-12-20,1.2559,1.2769,1.2546,1.2748,2571
1991-12-23,1.2762,1.2987,1.2762,1.2878,3341
1991-12-24,1.2907,1.2921,1.283,1.2836,1111
1991-12-26,1.2961,1.2998,1.2948,1.2993999999999999,671
1991-12-27,1.2969,1.3014999999999999,1.2865,1.2872,2031
1991-12-30,1.2798,1.2913999999999999,1.2798,1.2841,1891
1991-12-31,1.284,1.2907,1.284,1.287,1041
1992-01-02,1.2841,1.2932000000000001,1.2735,1.2774,3271
1992-01-03,1.2771,1.28,1.263,1.2673,2421
1992-01-06,1.2678,1.2911000000000001,1.2676,1.2889,2591
1992-01-07,1.2888,1.2995,1.2846,1.2973,2131
1992-01-08,1.2974999999999999,1.3006,1.2873999999999999,1.2946,2351
1992-01-09,1.2952,1.2973,1.2441,1.2528000000000001,6401
1992-01-10,1.2534,1.2603,1.2317,1.2319,3571
1992-01-13,1.24,1.2459,1.2363,1.241,1821
1992-01-14,1.2407,1.2495,1.2241,1.2291,3921
1992-01-15,1.2286,1.2315,1.1966,1.2072,4841
1992-01-16,1.2064,1.2161,1.2024,1.2105,2331
1992-01-17,1.2113,1.2307,1.1968,1.2292,4991
1992-01-20,1.2382,1.2387,1.2232,1.2263,1911
1992-01-21,1.2334,1.2379,1.2269,1.2303,1891
1992-01-22,1.2316,1.236,1.225,1.2292,1961
1992-01-23,1.2288000000000001,1.2312,1.2115,1.2155,2611
1992-01-24,1.2154,1.2396,1.2119,1.2311,3971
1992-01-27,1.2238,1.2238,1.2098,1.2114,1561
1992-01-28,1.2113,1.2265,1.2113,1.2227000000000001,1901
1992-01-29,1.2225,1.2357,1.2184,1.2192,3131
1992-01-30,1.2192,1.2259,1.2057,1.2092,3041
1992-01-31,1.2093,1.2227000000000001,1.206,1.2126000000000001,3011
1992-02-03,1.2161,1.225,1.2155,1.2223,1281
1992-02-04,1.2226,1.2332,1.2212,1.2287,1791
1992-02-05,1.2286,1.2392,1.2275,1.2383,1371
1992-02-06,1.2381,1.2447,1.2353,1.2396,1731
1992-02-07,1.2393,1.2564,1.2351,1.2535,2841
1992-02-10,1.2543,1.2562,1.2385,1.2404,2151
1992-02-11,1.2456,1.2459,1.2225,1.2239,2511
1992-02-12,1.2238,1.2293,1.2141,1.217,2361
1992-02-13,1.2165,1.2255,1.201,1.2036,3611
1992-02-14,1.2048,1.2117,1.1979,1.2026,2541
1992-02-17,1.2048,1.2166,1.2012,1.2029,2891
1992-02-18,1.2039,1.205,1.1848,1.1901,2661
1992-02-19,1.1899,1.1918,1.1855,1.1893,1201
1992-02-20,1.1892,1.1932,1.1797,1.1899,2631
1992-02-21,1.1898,1.1914,1.1789,1.1803,1551
1992-02-24,1.1844999999999999,1.1877,1.1749,1.1844999999999999,2561
1992-02-25,1.1844999999999999,1.1983,1.1776,1.1785,3541
1992-02-26,1.1786,1.1888,1.174,1.1874,2081
1992-02-27,1.1858,1.1972,1.1857,1.1952,1361
1992-02-28,1.1942,1.1996,1.1891,1.1894,1621
1992-03-02,1.1895,1.1985999999999999,1.1872,1.1901,2221
1992-03-03,1.1898,1.1913,1.1771,1.1807,1931
1992-03-04,1.1804999999999999,1.1815,1.1687,1.1712,1631
1992-03-05,1.171,1.1728,1.1643,1.1699,1591
1992-03-06,1.1699,1.1776,1.1667,1.1749,1681
1992-03-09,1.1727,1.1787,1.1719,1.177,931
1992-03-10,1.1774,1.1792,1.1693,1.1703000000000001,1271
1992-03-11,1.1703999999999999,1.1781,1.165,1.1775,1911
1992-03-12,1.1775,1.1778,1.166,1.1707,1681
1992-03-13,1.1709,1.1751,1.1661,1.1714,1751
1992-03-16,1.1729,1.1774,1.1684,1.177,1391
1992-03-17,1.1762,1.1889,1.1759,1.1873,1491
1992-03-18,1.1858,1.1893,1.1812,1.1855,1591
1992-03-19,1.1829,1.1858,1.1691,1.1707,2121
1992-03-20,1.1698,1.172,1.1615,1.169,2021
1992-03-23,1.1689,1.175,1.1654,1.1713,1681
1992-03-24,1.1741,1.1776,1.1691,1.1748,1631
1992-03-25,1.1752,1.1859,1.1749,1.1834,1381
1992-03-26,1.1835,1.1856,1.1756,1.1769,1341
1992-03-27,1.1766,1.193,1.1742,1.1903,2391
1992-03-30,1.1899,1.1923,1.1826,1.187,1651
1992-03-31,1.1872,1.1926,1.185,1.1903,1211
1992-04-01,1.19,1.1909,1.181,1.1836,1341
1992-04-02,1.1835,1.1909,1.1787,1.1903,1761
1992-04-03,1.1901,1.2056,1.1875,1.2026,2371
1992-04-06,1.2021,1.2081,1.1994,1.2033,1621
1992-04-07,1.203,1.2066,1.1987,1.205,1381
1992-04-08,1.2031,1.2077,1.2004,1.2016,1311
1992-04-09,1.2013,1.212,1.1949,1.2079,2761
1992-04-10,1.2079,1.2112,1.1934,1.1945000000000001,2221
1992-04-13,1.1917,1.1938,1.1799,1.1834,1951
1992-04-14,1.1836,1.1902,1.1814,1.1888,1241
1992-04-15,1.1812,1.1892,1.1746,1.18,2801
1992-04-16,1.1763,1.1797,1.1696,1.1728,1671
1992-04-17,1.1721,1.1734,1.1712,1.1726,391
1992-04-20,1.1722,1.1757,1.1663000000000001,1.1727,1831
1992-04-21,1.1723,1.1762,1.1709,1.1715,981
1992-04-22,1.1735,1.1781,1.1694,1.176,1491
1992-04-23,1.176,1.1802,1.1724,1.1769,1471
1992-04-24,1.1786,1.1883,1.1779,1.1834,1601
1992-04-27,1.1844999999999999,1.1855,1.1793,1.1823,1021
1992-04-28,1.1823,1.1836,1.1766,1.1823,1401
1992-04-29,1.1822,1.1837,1.1787,1.1798,761
1992-04-30,1.1796,1.1878,1.1776,1.1872,1281
1992-05-01,1.1872,1.193,1.1837,1.1841,1551
1992-05-04,1.1891,1.1919,1.1856,1.1874,1091
1992-05-05,1.1872,1.1957,1.1848,1.1945999999999999,1441
1992-05-06,1.195,1.2031,1.1923,1.2003,1631
1992-05-07,1.2002,1.2008,1.1816,1.198,3621
1992-05-08,1.1985000000000001,1.2005,1.1865999999999999,1.1893,1861
1992-05-11,1.1891,1.1952,1.1878,1.194,991
1992-05-12,1.1925,1.2062,1.1922,1.2049,1561
1992-05-13,1.2053,1.2163,1.2029,1.2158,1631
1992-05-14,1.2102,1.2184,1.2053,1.2092,2521
1992-05-15,1.2105,1.2178,1.2053,1.215,2051
1992-05-18,1.2112,1.2268,1.2111,1.2255,1711
1992-05-19,1.2256,1.2319,1.2232,1.2275,1551
1992-05-20,1.2301,1.2301,1.2195,1.2214,1251
1992-05-21,1.2203,1.2216,1.2091,1.2111,1581
1992-05-22,1.211,1.2125,1.2042,1.2094,1501
1992-05-25,1.209,1.2136,1.2089,1.2124,601
1992-05-26,1.211,1.2171,1.2092,1.214,1281
1992-05-27,1.2113,1.2151,1.1927,1.1962,2971
1992-05-28,1.1941,1.2076,1.1936,1.2076,1451
1992-05-29,1.2092,1.2204,1.2064,1.2166,2061
1992-06-01,1.2172,1.2256,1.2109,1.2176,2901
1992-06-02,1.2176,1.2204,1.2085,1.2114,1761
1992-06-03,1.2116,1.222,1.2067,1.2202,2201
1992-06-04,1.2166,1.2288000000000001,1.216,1.2288000000000001,1341
1992-06-05,1.2288000000000001,1.2352,1.2248,1.2278,1981
1992-06-08,1.2311,1.2331,1.2263,1.2321,1261
1992-06-09,1.2314,1.2377,1.2272,1.2283,1791
1992-06-10,1.2281,1.2303,1.2222,1.2284,1591
1992-06-11,1.2288999999999999,1.2416,1.228,1.24,1611
1992-06-12,1.2397,1.2455,1.2382,1.2405,1381
1992-06-15,1.2396,1.2481,1.2389999999999999,1.2445,1331
1992-06-16,1.2448,1.2515,1.2393,1.2513,1791
1992-06-17,1.2511,1.2511999999999999,1.2378,1.2403,1601
1992-06-18,1.2401,1.2503,1.233,1.2461,2861
1992-06-19,1.2456,1.2484,1.2414,1.2428,1121
1992-06-22,1.242,1.2506,1.2387,1.2502,1561
1992-06-23,1.2502,1.2548,1.2473,1.2473,1211
1992-06-24,1.2475,1.263,1.2469000000000001,1.2615,1821
1992-06-25,1.2616,1.2728,1.2591999999999999,1.2701,1871
1992-06-26,1.2698,1.2753999999999999,1.2652999999999999,1.2738,1621
1992-06-29,1.2691,1.2918,1.2690000000000001,1.2857,2901
1992-06-30,1.2852999999999999,1.2889,1.2784,1.2836,1931
1992-07-01,1.2837,1.2946,1.2821,1.2837,2501
1992-07-02,1.2842,1.3029,1.2822,1.2976,2801
1992-07-03,1.2976,1.3003,1.2861,1.2886,1941
1992-07-06,1.2877,1.2953000000000001,1.2775,1.2917,3161
1992-07-07,1.2918,1.3138,1.2906,1.3136999999999999,2451
1992-07-08,1.3133,1.3237999999999999,1.3032,1.3125,4041
1992-07-09,1.3124,1.3197,1.287,1.2944,4741
1992-07-10,1.2945,1.3103,1.2876,1.3094999999999999,3041
1992-07-13,1.3096,1.3276,1.3089,1.3265,2051
1992-07-14,1.3263,1.3272,1.312,1.3151,1921
1992-07-15,1.3155999999999999,1.3251,1.3136,1.3183,2031
1992-07-16,1.3182,1.3311,1.3123,1.3214000000000001,3441
1992-07-17,1.3216999999999999,1.3423,1.319,1.342,2631
1992-07-20,1.3424,1.3509,1.3068,1.3113000000000001,5711
1992-07-21,1.312,1.3187,1.2997,1.3176,3241
1992-07-22,1.3176999999999999,1.3223,1.3094999999999999,1.3157,2361
1992-07-23,1.3158,1.3205,1.3125,1.3178,1401
1992-07-24,1.3184,1.3202,1.299,1.2995999999999999,2361
1992-07-27,1.3024,1.3229,1.302,1.3213,2291
1992-07-28,1.3213,1.3292,1.3184,1.3265,1641
1992-07-29,1.3273,1.3291,1.3175,1.3193,1521
1992-07-30,1.3186,1.3256000000000001,1.3113000000000001,1.3254000000000001,2181
1992-07-31,1.3252,1.3273,1.3193,1.3247,1551
1992-08-03,1.3263,1.3291,1.3205,1.3267,1681
1992-08-04,1.3266,1.3274,1.3214000000000001,1.3239,931
1992-08-05,1.324,1.326,1.317,1.3176,1161
1992-08-06,1.3176999999999999,1.3246,1.3147,1.3229,1461
1992-08-07,1.3232,1.3364,1.3199,1.3327,2351
1992-08-10,1.3338,1.3376000000000001,1.328,1.3366,1641
1992-08-11,1.3367,1.3389,1.3231,1.334,2891
1992-08-12,1.334,1.3395000000000001,1.3286,1.3357999999999999,2001
1992-08-13,1.3356,1.3451,1.3333,1.3427,1651
1992-08-14,1.3425,1.3433,1.331,1.3354,1751
1992-08-17,1.3321,1.3384,1.3248,1.3345,2481
1992-08-18,1.3348,1.3431,1.3336999999999999,1.3417,1191
1992-08-19,1.3418,1.3472,1.3391,1.3455,1251
1992-08-20,1.3453,1.3528,1.343,1.3504,1451
1992-08-21,1.3502,1.3721,1.3409,1.3688,4381
1992-08-24,1.3784,1.397,1.3719000000000001,1.3947,3391
1992-08-25,1.3915,1.4013,1.3883,1.3939,2361
1992-08-26,1.3935,1.3957,1.3844,1.3892,1831
1992-08-27,1.3893,1.3909,1.3791,1.3878,2211
1992-08-28,1.3877,1.3942999999999999,1.3841999999999999,1.3878,2011
1992-08-31,1.3913,1.3978,1.3809,1.3953,2981
1992-09-01,1.396,1.4079,1.3916,1.4055,2311
1992-09-02,1.4058,1.4102000000000001,1.3995,1.4,1561
1992-09-03,1.404,1.4062000000000001,1.3814,1.3822999999999999,2791
1992-09-04,1.3818,1.4003,1.3604,1.3957,6591
1992-09-07,1.3915,1.396,1.3901,1.3942,911
1992-09-08,1.3947,1.4078,1.393,1.4028,2151
1992-09-09,1.4028,1.4035,1.3812,1.3826,2441
1992-09-10,1.3836,1.3921000000000001,1.3668,1.3668,3381
1992-09-11,1.3662,1.3681,1.3399,1.349,3921
1992-09-14,1.3012000000000001,1.3323,1.2999,1.319,4701
1992-09-15,1.3193,1.3338999999999999,1.3072,1.3082,4231
1992-09-16,1.3083,1.3195999999999999,1.2798,1.2937,6501
1992-09-17,1.2939,1.3254000000000001,1.2783,1.3202,6791
1992-09-18,1.32,1.3246,1.2989,1.3201,5131
1992-09-21,1.3191,1.3291,1.3062,1.3215,4341
1992-09-22,1.3212,1.3313,1.3044,1.306,3861
1992-09-23,1.305,1.3088,1.2891,1.3066,3781
1992-09-24,1.3064,1.3204,1.2999,1.316,3141
1992-09-25,1.3164,1.3301,1.3138,1.3146,3081
1992-09-28,1.3175,1.35,1.3175,1.3428,3971
1992-09-29,1.3431,1.3881999999999999,1.343,1.3837,4981
1992-09-30,1.384,1.3957,1.3764,1.3865,3611
1992-10-01,1.3862999999999999,1.3887,1.3694,1.3814,3371
1992-10-02,1.3808,1.3918,1.3627,1.3881999999999999,5081
1992-10-05,1.3928,1.4072,1.3728,1.3744,5041
1992-10-06,1.3704,1.3816,1.3651,1.3691,3171
1992-10-07,1.3692,1.3755,1.346,1.3482,3801
1992-10-08,1.3468,1.35,1.314,1.3143,3951
1992-10-09,1.3141,1.3274,1.3069,1.3071,3401
1992-10-12,1.3246,1.3407,1.3233,1.3296000000000001,2981
1992-10-13,1.3268,1.3371,1.3155999999999999,1.3336000000000001,3621
1992-10-14,1.3332,1.3437000000000001,1.3296999999999999,1.3395000000000001,2171
1992-10-15,1.3431,1.3535,1.3364,1.3367,2781
1992-10-16,1.3364,1.3439,1.3199,1.3206,3221
1992-10-19,1.3123,1.323,1.2993000000000001,1.3024,3751
1992-10-20,1.3022,1.305,1.2833,1.2892000000000001,3041
1992-10-21,1.2893,1.301,1.2832,1.2837,3001
1992-10-22,1.2839,1.3003,1.2814,1.2962,2551
1992-10-23,1.2963,1.307,1.2735,1.2788,4951
1992-10-26,1.2793,1.2864,1.2666,1.2769,3721
1992-10-27,1.2771,1.2817,1.2651,1.2783,3201
1992-10-28,1.2791000000000001,1.2829,1.2605,1.2675,3321
1992-10-29,1.2671000000000001,1.2751000000000001,1.2629000000000001,1.2734,1811
1992-10-30,1.2731,1.2774,1.2664,1.268,1691
1992-11-02,1.2686,1.2698,1.2445,1.2501,3211
1992-11-03,1.2499,1.2553,1.2403,1.2475,2761
1992-11-04,1.2467,1.2616,1.2403,1.2467,4261
1992-11-05,1.2463,1.2506,1.2341,1.2387,2541
1992-11-06,1.2381,1.2393,1.2236,1.2252,1851
1992-11-09,1.2253,1.2355,1.2183,1.2185,2761
1992-11-10,1.2191,1.2327,1.2181,1.2318,1651
1992-11-11,1.2318,1.2355,1.2248999999999999,1.2323,2071
1992-11-12,1.2334,1.2393,1.2296,1.2386,1421
1992-11-13,1.2387,1.2506,1.2386,1.2416,2111
1992-11-16,1.2405,1.2441,1.2259,1.2259,2181
1992-11-17,1.2268,1.2312,1.2161,1.2292,2781
1992-11-18,1.2294,1.2358,1.2237,1.2317,2191
1992-11-19,1.2327,1.2463,1.227,1.2424,2891
1992-11-20,1.2427,1.2473,1.2127,1.218,4451
1992-11-23,1.2279,1.2279,1.2099,1.226,3411
1992-11-24,1.226,1.2286,1.2168,1.2268,2281
1992-11-25,1.2271,1.2325,1.2234,1.2309,1441
1992-11-26,1.2313,1.2316,1.224,1.2257,961
1992-11-27,1.2262,1.2262,1.2166,1.2253,1831
1992-11-30,1.2222,1.2316,1.2179,1.2316,1801
1992-12-01,1.231,1.2486,1.2263,1.2429000000000001,3271
1992-12-02,1.2433,1.2467,1.236,1.2393,1741
1992-12-03,1.2389000000000001,1.2397,1.2326,1.2376,1291
1992-12-04,1.238,1.2405,1.2245,1.2246,1861
1992-12-07,1.2267000000000001,1.2591,1.2251,1.2583,3641
1992-12-08,1.2586,1.2609,1.2505,1.2519,1411
1992-12-09,1.2519,1.2523,1.2413,1.2431,1321
1992-12-10,1.2432,1.2479,1.2346,1.2366,2001
1992-12-11,1.2364,1.2444,1.2354,1.2442,1021
1992-12-14,1.2436,1.2477,1.2409,1.2429999999999999,1301
1992-12-15,1.2431,1.2501,1.2417,1.2481,1181
1992-12-16,1.2475,1.2604,1.2452,1.2551,2281
1992-12-17,1.2551,1.266,1.2517,1.2558,2791
1992-12-18,1.2556,1.2564,1.2447,1.2503,1811
1992-12-21,1.2487,1.251,1.2457,1.2479,981
1992-12-22,1.2479,1.2482,1.2287,1.2315,2261
1992-12-23,1.2312,1.234,1.2252,1.2276,1401
1992-12-24,1.2276,1.2315,1.2226,1.2227999999999999,1301
1992-12-25,1.2227999999999999,1.224,1.221,1.2211,431
1992-12-28,1.2202,1.2235,1.2045,1.2078,2561
1992-12-29,1.2078,1.213,1.2046000000000001,1.2121,1251
1992-12-30,1.2116,1.2166,1.2077,1.2104,1661
1992-12-31,1.2107,1.2147999999999999,1.2065,1.2069,1281
1993-01-04,1.2028,1.2036,1.1916,1.1953,1651
1993-01-05,1.1957,1.2054,1.1927,1.2035,1761
1993-01-06,1.2035,1.2068,1.1935,1.1949,1801
1993-01-07,1.1951,1.2002,1.1933,1.1947,1341
1993-01-08,1.1949,1.1968,1.1858,1.1968,2011
1993-01-11,1.1938,1.2032,1.1929,1.1988,1561
1993-01-12,1.1988,1.2027,1.1963,1.1972,1121
1993-01-13,1.1971,1.2097,1.1936,1.209,2031
1993-01-14,1.209,1.2101,1.2019,1.2029,1031
1993-01-15,1.203,1.2064,1.195,1.1951,1491
1993-01-18,1.1976,1.2144,1.1943,1.2123,2551
1993-01-19,1.2122,1.2177,1.2085,1.2136,1701
1993-01-20,1.2137,1.2222,1.2122,1.2203,1341
1993-01-21,1.2201,1.2222,1.2083,1.2117,1941
1993-01-22,1.2117,1.231,1.2107999999999999,1.2297,2241
1993-01-25,1.2299,1.245,1.2279,1.2403,2381
1993-01-26,1.2396,1.2479,1.2367,1.24,2201
1993-01-27,1.2388,1.2406,1.2309,1.2313,1191
1993-01-28,1.2311,1.2431,1.2308,1.2319,2381
1993-01-29,1.2324,1.2362,1.2117,1.2125,2911
1993-02-01,1.213,1.2155,1.1945000000000001,1.1953,2431
1993-02-02,1.1952,1.2021,1.1888,1.1914,2281
1993-02-03,1.1918,1.1969,1.1835,1.1905999999999999,2561
1993-02-04,1.1894,1.1933,1.1737,1.1777,2751
1993-02-05,1.178,1.1876,1.1748,1.1791,2451
1993-02-08,1.1812,1.1871,1.1775,1.1807,1871
1993-02-09,1.1804999999999999,1.1865,1.1751,1.1865,1681
1993-02-10,1.1861,1.1905999999999999,1.1769,1.1773,1861
1993-02-11,1.1807,1.1817,1.1761,1.1795,1001
1993-02-12,1.1789,1.1904,1.1764999999999999,1.1795,2721
1993-02-15,1.1787,1.1835,1.1754,1.178,1551
1993-02-16,1.1794,1.2015,1.1773,1.2,2781
1993-02-17,1.1999,1.2075,1.1985000000000001,1.2046999999999999,1321
1993-02-18,1.2046000000000001,1.2056,1.1802,1.2016,4781
1993-02-19,1.2016,1.2045,1.19,1.1913,1871
1993-02-22,1.191,1.2067,1.1905000000000001,1.2055,1791
1993-02-23,1.2053,1.2131,1.1999,1.2049,2601
1993-02-24,1.2048,1.2119,1.2012,1.2022,1881
1993-02-25,1.2024,1.205,1.1933,1.1962,1721
1993-02-26,1.1968,1.198,1.1821,1.1822,1721
1993-03-01,1.1826,1.1884000000000001,1.1798,1.1798,1441
1993-03-02,1.1803,1.1958,1.1802,1.1931,1841
1993-03-03,1.193,1.1975,1.1858,1.1899,2031
1993-03-04,1.1899,1.1985999999999999,1.1843,1.1905999999999999,2791
1993-03-05,1.1912,1.1945000000000001,1.1697,1.1707,2911
1993-03-08,1.171,1.1782,1.1706,1.1755,1071
1993-03-09,1.176,1.1794,1.1715,1.1741,1391
1993-03-10,1.1746,1.1769,1.1719,1.1755,911
1993-03-11,1.1752,1.1797,1.169,1.1772,1941
1993-03-12,1.1772,1.1811,1.1724,1.1724999999999999,1271
1993-03-15,1.1724,1.1782,1.1707,1.177,1041
1993-03-16,1.1769,1.1803,1.1749,1.1762,1011
1993-03-17,1.1763,1.1783,1.1738,1.1773,801
1993-03-18,1.177,1.1921,1.1717,1.1905000000000001,2731
1993-03-19,1.1903,1.2016,1.188,1.188,2491
1993-03-22,1.1882,1.1979,1.1858,1.1935,1891
1993-03-23,1.1936,1.201,1.1931,1.1998,961
1993-03-24,1.1998,1.2046000000000001,1.1935,1.1957,1811
1993-03-25,1.1954,1.1988,1.189,1.19,1421
1993-03-26,1.1897,1.2009,1.1887,1.1998,1431
1993-03-29,1.1994,1.2049,1.1987,1.2034,841
1993-03-30,1.2041,1.2111,1.1996,1.2093,1781
1993-03-31,1.2099,1.218,1.207,1.2162,1571
1993-04-01,1.2161,1.2307,1.2088,1.2278,3211
1993-04-02,1.2276,1.2338,1.2106,1.2233,4211
1993-04-05,1.2237,1.2278,1.22,1.2265,1281
1993-04-06,1.2267000000000001,1.2272,1.2119,1.2133,1721
1993-04-07,1.2124,1.2176,1.2074,1.2089,1691
1993-04-08,1.2086999999999999,1.2202,1.2075,1.2183,1581
1993-04-09,1.2185,1.2194,1.2185,1.2189,141
1993-04-12,1.2164,1.2306,1.2164,1.2275,1731
1993-04-13,1.228,1.2404,1.2248999999999999,1.2389999999999999,2001
1993-04-14,1.2386,1.2392,1.2262,1.2273,1471
1993-04-15,1.2274,1.23,1.2161,1.218,1841
1993-04-16,1.2179,1.22,1.2086000000000001,1.2097,1461
1993-04-19,1.2129,1.2254,1.2107,1.2217,2061
1993-04-20,1.2222,1.2348,1.221,1.2252,2461
1993-04-21,1.225,1.2271,1.2172,1.2227999999999999,1761
1993-04-22,1.2232,1.2315,1.2132,1.2287,3111
1993-04-23,1.2294,1.2391,1.2231,1.2354,2601
1993-04-26,1.2376,1.2494,1.2375,1.2469999999999999,1441
1993-04-27,1.2462,1.2468,1.2318,1.2321,1591
1993-04-28,1.232,1.2389999999999999,1.2248,1.2366,2381
1993-04-29,1.2371,1.2452,1.2341,1.2373,2201
1993-04-30,1.2366,1.2396,1.23,1.2343,1691
1993-05-03,1.2334,1.2387,1.2267000000000001,1.2367,2071
1993-05-04,1.2365,1.2456,1.2362,1.2432,1211
1993-05-05,1.2426,1.2449,1.2366,1.2382,1221
1993-05-06,1.2379,1.2436,1.2347,1.2425,1321
1993-05-07,1.242,1.2466,1.2323,1.2332,1981
1993-05-10,1.2368000000000001,1.2368000000000001,1.2153,1.2168,2301
1993-05-11,1.2167,1.2202,1.2121,1.2141,1361
1993-05-12,1.2138,1.2171,1.2105,1.2152,1181
1993-05-13,1.2147999999999999,1.2158,1.2084,1.2099,991
1993-05-14,1.2099,1.2216,1.2095,1.219,1511
1993-05-17,1.22,1.2205,1.2095,1.2119,1391
1993-05-18,1.2133,1.2133,1.2014,1.2034,1391
1993-05-19,1.2043,1.2114,1.2002,1.2051,2161
1993-05-20,1.2048,1.2137,1.2036,1.2092,1581
1993-05-21,1.2051,1.2111,1.1993,1.2025000000000001,2101
1993-05-24,1.2031,1.2031,1.1907,1.1951,1681
1993-05-25,1.1952,1.2032,1.1948,1.2003,1171
1993-05-26,1.2,1.2046000000000001,1.1967,1.2006000000000001,1521
1993-05-27,1.201,1.2218,1.2009,1.221,2181
1993-05-28,1.2205,1.2346,1.2186,1.2324,2011
1993-05-31,1.232,1.232,1.2281,1.2302,601
1993-06-01,1.2321,1.2363,1.2259,1.2359,1701
1993-06-02,1.2358,1.2375,1.2222,1.2227999999999999,1761
1993-06-03,1.2229,1.2259,1.2195,1.2252,1051
1993-06-04,1.2252,1.2273,1.201,1.2013,2871
1993-06-07,1.205,1.2085,1.2017,1.2085,1011
1993-06-08,1.2083,1.2109,1.2025000000000001,1.2032,1171
1993-06-09,1.2028,1.2043,1.1918,1.1952,1741
1993-06-10,1.1951,1.2023,1.1924,1.2008,1411
1993-06-11,1.2009,1.2077,1.1975,1.2028,1851
1993-06-14,1.2045,1.2072,1.1992,1.2013,1281
1993-06-15,1.2006000000000001,1.2062,1.1861,1.188,2761
1993-06-16,1.1877,1.1905000000000001,1.1771,1.1801,1921
1993-06-17,1.1796,1.1837,1.1751,1.1786,1621
1993-06-18,1.1782,1.1818,1.1604,1.1611,2571
1993-06-21,1.1611,1.1633,1.154,1.1591,1661
1993-06-22,1.1591,1.1616,1.1503,1.1529,1641
1993-06-23,1.1531,1.1574,1.1467,1.1552,1931
1993-06-24,1.1558,1.1583,1.1418,1.1444,2161
1993-06-25,1.1441,1.1545,1.1436,1.1458,2011
1993-06-28,1.1454,1.1541,1.1386,1.1533,2311
1993-06-29,1.1535,1.1599,1.1489,1.1584,1711
1993-06-30,1.1583,1.1598,1.1444,1.145,1751
1993-07-01,1.1453,1.1568,1.1404,1.1562999999999999,2181
1993-07-02,1.1562999999999999,1.1622,1.1496,1.1541,2301
1993-07-05,1.1535,1.1541,1.1495,1.1529,861
1993-07-06,1.1529,1.1535,1.1454,1.1479,1121
1993-07-07,1.148,1.1521,1.1434,1.1458,1521
1993-07-08,1.1457,1.1514,1.1434,1.1514,1031
1993-07-09,1.1515,1.1515,1.1343,1.1351,1801
1993-07-12,1.1355,1.1376,1.1266,1.1309,1741
1993-07-13,1.1309,1.1396,1.1289,1.1379,1441
1993-07-14,1.138,1.1411,1.1309,1.139,1941
1993-07-15,1.1395,1.1423,1.1316,1.1355,1741
1993-07-16,1.1353,1.1404,1.1292,1.1381000000000001,1961
1993-07-19,1.1325,1.1482999999999999,1.1325,1.1471,1701
1993-07-20,1.1473,1.1531,1.1426,1.1522000000000001,1611
1993-07-21,1.1522999999999999,1.1552,1.149,1.152,1211
1993-07-22,1.1524,1.1525,1.1423,1.1473,1531
1993-07-23,1.1475,1.1475,1.1360999999999999,1.137,1231
1993-07-26,1.1394,1.1394,1.1318,1.134,981
1993-07-27,1.1341,1.1367,1.1312,1.1323,921
1993-07-28,1.1324,1.1398,1.1320000000000001,1.1386,941
1993-07-29,1.1381000000000001,1.1416,1.1229,1.125,2431
1993-07-30,1.1249,1.1268,1.1203,1.1227,1081
1993-08-02,1.1224,1.1468,1.1192,1.1453,3231
1993-08-03,1.1454,1.1506,1.141,1.1441,1791
1993-08-04,1.1442,1.1463,1.1415,1.1446,921
1993-08-05,1.1444,1.1448,1.1377,1.144,1381
1993-08-06,1.1441,1.1554,1.1414,1.1518,2031
1993-08-09,1.152,1.1556,1.1495,1.1519,1211
1993-08-10,1.1518,1.1521,1.1388,1.139,1381
1993-08-11,1.1388,1.142,1.1344,1.1368,1321
1993-08-12,1.1365,1.1418,1.1339,1.1394,1291
1993-08-13,1.1395,1.1448,1.1391,1.143,791
1993-08-16,1.1414,1.1631,1.1414,1.1601,2471
1993-08-17,1.1606,1.1621,1.1524,1.1548,1361
1993-08-18,1.1548,1.1668,1.1534,1.1636,1801
1993-08-19,1.1642000000000001,1.1674,1.1548,1.1589,1991
1993-08-20,1.1594,1.1694,1.1544,1.1684,2101
1993-08-23,1.1652,1.1686,1.1575,1.1611,1811
1993-08-24,1.16,1.1659,1.158,1.1647,1111
1993-08-25,1.1649,1.1668,1.1556,1.1609,1841
1993-08-26,1.1609,1.1761,1.1597,1.1728,2091
1993-08-27,1.1727,1.1775,1.1698,1.1761,1201
1993-08-30,1.1729,1.1768,1.167,1.1696,1631
1993-08-31,1.1708,1.1727,1.1632,1.1658,1401
1993-09-01,1.1654,1.1806,1.1649,1.1788,1801
1993-09-02,1.1786,1.1911,1.1769,1.1879,1911
1993-09-03,1.1882,1.2107,1.1842,1.2095,3171
1993-09-06,1.2058,1.2173,1.2054,1.2118,1781
1993-09-07,1.2167,1.2187000000000001,1.2039,1.2123,2521
1993-09-08,1.2118,1.2143,1.2063,1.2123,1551
1993-09-09,1.2124,1.2271,1.2067,1.2206,3261
1993-09-10,1.2209,1.2288000000000001,1.2153,1.2239,2401
1993-09-13,1.2232,1.227,1.2114,1.2154,2341
1993-09-14,1.2149,1.2181,1.2086999999999999,1.2158,1791
1993-09-15,1.2156,1.2315,1.2139,1.2265,2431
1993-09-16,1.2285,1.2309,1.2139,1.2193,2481
1993-09-17,1.2193,1.2205,1.2091,1.2112,1471
1993-09-20,1.2137,1.2163,1.2057,1.2158,1911
1993-09-21,1.216,1.2215,1.1872,1.194,4661
1993-09-22,1.1944,1.2043,1.1893,1.1994,2501
1993-09-23,1.1996,1.2031,1.1875,1.19,2161
1993-09-24,1.1895,1.1944,1.1807,1.1941,2281
1993-09-27,1.1995,1.2036,1.1975,1.2006999999999999,1101
1993-09-28,1.2006000000000001,1.2143,1.1979,1.212,2141
1993-09-29,1.2122,1.2178,1.2083,1.2093,1611
1993-09-30,1.2095,1.2095,1.1951,1.1967,1601
1993-10-01,1.1968,1.2028,1.1896,1.1995,2371
1993-10-04,1.1828,1.2072,1.1813,1.2062,2841
1993-10-05,1.2057,1.2119,1.2011,1.2014,1731
1993-10-06,1.2014,1.2086000000000001,1.1995,1.2054,1421
1993-10-07,1.2055,1.2084,1.2038,1.2048,851
1993-10-08,1.2049,1.223,1.2045,1.2198,2211
1993-10-11,1.2217,1.2251,1.2181,1.2181,1041
1993-10-12,1.2193,1.2294,1.2193,1.2259,1361
1993-10-13,1.226,1.2278,1.2193,1.2212,1221
1993-10-14,1.2215,1.2238,1.2099,1.2125,1881
1993-10-15,1.213,1.2137,1.2075,1.2092,861
1993-10-18,1.2088,1.2114,1.191,1.1924,2441
1993-10-19,1.1924,1.1954,1.1893,1.1905999999999999,1041
1993-10-20,1.1904,1.1967,1.185,1.1935,2031
1993-10-21,1.1937,1.1948,1.1707,1.1726,2711
1993-10-22,1.1721,1.175,1.1652,1.1661,1361
1993-10-25,1.167,1.1733,1.1596,1.1598,2021
1993-10-26,1.1597,1.1667,1.1583,1.1653,1121
1993-10-27,1.1652,1.1688,1.1627,1.1637,1071
1993-10-28,1.1634,1.1722,1.1569,1.1682,2581
1993-10-29,1.1686,1.1715,1.1589,1.1594,1601
1993-11-01,1.1597,1.1607,1.1527,1.1537,1001
1993-11-02,1.1539,1.1568,1.1459,1.1485,1641
1993-11-03,1.1482999999999999,1.1585,1.1475,1.1562000000000001,1411
1993-11-04,1.1561,1.1594,1.1517,1.1536,1291
1993-11-05,1.1542,1.1572,1.1456,1.1559,2151
1993-11-08,1.1557,1.1626,1.155,1.1607,1021
1993-11-09,1.1607,1.1629,1.1522999999999999,1.1562999999999999,1681
1993-11-10,1.1559,1.1594,1.1529,1.1587,1021
1993-11-11,1.1587,1.1604,1.1544,1.1556,891
1993-11-12,1.1559,1.1629,1.1485,1.1594,2531
1993-11-15,1.159,1.1634,1.1531,1.1532,1481
1993-11-16,1.1533,1.1552,1.1434,1.1461000000000001,1641
1993-11-17,1.1458,1.1514,1.1406,1.1468,2061
1993-11-18,1.1471,1.1491,1.1400000000000001,1.1428,1391
1993-11-19,1.1426,1.1441,1.1376,1.1408,1121
1993-11-22,1.1416,1.1511,1.1388,1.1481,1811
1993-11-23,1.1481,1.1531,1.143,1.1489,1941
1993-11-24,1.1488,1.1524,1.1467,1.1482999999999999,1091
1993-11-25,1.1475,1.1491,1.1444,1.1458,771
1993-11-26,1.146,1.146,1.1404,1.1414,661
1993-11-29,1.1424,1.1458,1.1381999999999999,1.1446,1301
1993-11-30,1.1448,1.1461000000000001,1.1388,1.1408,1061
1993-12-01,1.1402,1.1414,1.1346,1.1354,881
1993-12-02,1.1351,1.138,1.1338,1.1353,821
1993-12-03,1.1345,1.1400000000000001,1.1314,1.1396,1211
1993-12-06,1.1384,1.1515,1.1384,1.1495,1511
1993-12-07,1.1498,1.151,1.1461999999999999,1.1471,691
1993-12-08,1.1475,1.1491,1.1432,1.1444,871
1993-12-09,1.144,1.1486,1.1434,1.1486,581
1993-12-10,1.1488,1.1547,1.147,1.1522000000000001,1201
1993-12-13,1.1515,1.1567,1.1446,1.1452,1791
1993-12-14,1.1451,1.1471,1.1392,1.1411,1181
1993-12-15,1.1411,1.1414,1.1366,1.1388,731
1993-12-16,1.1386,1.1465,1.1379,1.1441,1171
1993-12-17,1.1434,1.1485,1.1434,1.144,961
1993-12-20,1.1444,1.1451,1.1392,1.1424,981
1993-12-21,1.1428,1.1471,1.1421000000000001,1.1454,741
1993-12-22,1.1455,1.1514,1.1444,1.1499,961
1993-12-23,1.1497,1.1562000000000001,1.1485,1.1562000000000001,891
1993-12-24,1.1556,1.1556,1.1501000000000001,1.1529,831
1993-12-27,1.1525,1.153,1.1477,1.1501000000000001,821
1993-12-28,1.1497,1.1519,1.1485,1.1505,601
1993-12-29,1.1512,1.1515,1.1309,1.1325,2251
1993-12-30,1.1326,1.1351,1.1257,1.1273,1351
1993-12-31,1.1284,1.1288,1.1239,1.1252,661
1994-01-03,1.1248,1.1288,1.1211,1.1216,1221
1994-01-04,1.1214,1.1271,1.1211,1.126,741
1994-01-05,1.1262,1.1285,1.1231,1.1233,791
1994-01-06,1.1233,1.1268,1.1201,1.1213,1141
1994-01-07,1.1218,1.1333,1.1209,1.1328,1381
1994-01-10,1.1328,1.1338,1.1266,1.1276,921
1994-01-11,1.1279,1.1283,1.1222,1.1233,761
1994-01-12,1.123,1.1289,1.1227,1.1286,681
1994-01-13,1.1283,1.1289,1.1156,1.1175,1581
1994-01-14,1.1173,1.1195,1.1137,1.1154,971
1994-01-17,1.1154,1.1179000000000001,1.1135,1.1162,801
1994-01-18,1.116,1.1209,1.1137,1.1197,1071
1994-01-19,1.1197,1.1224,1.119,1.1193,641
1994-01-20,1.1194,1.1272,1.1174,1.1259000000000001,1311
1994-01-21,1.1259000000000001,1.1277,1.1144,1.1144,1511
1994-01-24,1.1148,1.119,1.1141,1.1167,791
1994-01-25,1.1171,1.1189,1.1142,1.1184,811
1994-01-26,1.1186,1.1218,1.1178,1.1208,581
1994-01-27,1.1205,1.1325,1.1196,1.1307,1561
1994-01-28,1.1305,1.1368,1.1208,1.1211,2261
1994-01-31,1.1218,1.13,1.1199,1.129,1301
1994-02-01,1.1287,1.1345,1.1255,1.1296,1711
1994-02-02,1.1298,1.1309,1.127,1.1279,591
1994-02-03,1.1283,1.1315,1.1205,1.1224,1611
1994-02-04,1.1224,1.1292,1.1086,1.1091,2791
1994-02-07,1.1091,1.1128,1.1087,1.1125,481
1994-02-08,1.1126,1.1132,1.1069,1.1087,871
1994-02-09,1.1093,1.1135,1.1086,1.1127,641
1994-02-10,1.1127,1.1176,1.1091,1.1155,1421
1994-02-11,1.1153,1.119,1.1132,1.1169,1001
1994-02-14,1.117,1.1363,1.1157,1.1332,2501
1994-02-15,1.1331,1.1369,1.1266,1.13,1751
1994-02-16,1.1299,1.138,1.1283,1.1344,1491
1994-02-17,1.1341,1.1368,1.1276,1.1364,1611
1994-02-18,1.1368,1.1436,1.1356,1.1419,1091
1994-02-21,1.1421000000000001,1.1438,1.1296,1.1309,1721
1994-02-22,1.1309,1.1351,1.1279,1.1341,1121
1994-02-23,1.1343,1.1349,1.1298,1.1322,811
1994-02-24,1.1320000000000001,1.141,1.1248,1.1393,2511
1994-02-25,1.1398,1.1488,1.137,1.1434,2001
1994-02-28,1.1432,1.1507,1.1396,1.1473,1811
1994-03-01,1.1471,1.1534,1.1412,1.1431,2041
1994-03-02,1.1428,1.1544,1.1424,1.1476,1921
1994-03-03,1.1471,1.1471,1.1414,1.1433,761
1994-03-04,1.1431,1.1436,1.1360999999999999,1.1377,961
1994-03-07,1.1376,1.1402,1.1338,1.1372,1241
1994-03-08,1.1368,1.1441,1.1360999999999999,1.1431,971
1994-03-09,1.1433,1.1528,1.1418,1.1528,1251
1994-03-10,1.1522000000000001,1.168,1.1522000000000001,1.1618,2201
1994-03-11,1.1618,1.1684,1.1573,1.1577,1811
1994-03-14,1.1578,1.1601,1.1555,1.1567,811
1994-03-15,1.1565,1.158,1.1506,1.1526,1091
1994-03-16,1.1527,1.1597,1.1518,1.1583,1021
1994-03-17,1.1585,1.1654,1.1552,1.1573,1921
1994-03-18,1.1549,1.1585,1.1508,1.151,1151
1994-03-21,1.1511,1.1587,1.1489,1.1577,1301
1994-03-22,1.1576,1.1654,1.1552,1.1589,1911
1994-03-23,1.1592,1.1645,1.1561,1.1635,1251
1994-03-24,1.1637,1.175,1.1619,1.1722,1771
1994-03-25,1.1728,1.1783,1.1698,1.175,1481
1994-03-28,1.1746,1.175,1.1667,1.1686,1061
1994-03-29,1.1691,1.1742,1.1654,1.1694,1731
1994-03-30,1.1691,1.1705,1.1631,1.167,1271
1994-03-31,1.1666,1.1767,1.1663000000000001,1.1679,1951
1994-04-01,1.1677,1.1684,1.1518,1.1525,1801
1994-04-04,1.1505,1.1559,1.1488,1.1531,1161
1994-04-05,1.1533,1.1567,1.1384,1.141,2431
1994-04-06,1.1409,1.1432,1.1389,1.1389,661
1994-04-07,1.1393,1.1445,1.1376,1.1398,1331
1994-04-08,1.1392,1.1442,1.1388,1.1436,641
1994-04-11,1.1436,1.1466,1.1406,1.1415,991
1994-04-12,1.1414,1.143,1.1355,1.1395,1311
1994-04-13,1.1396,1.145,1.1372,1.144,1121
1994-04-14,1.1439,1.1461999999999999,1.1395,1.1433,1281
1994-04-15,1.1433,1.1451,1.1395,1.142,991
1994-04-18,1.1412,1.1464,1.1360000000000001,1.1452,1681
1994-04-19,1.1454,1.1532,1.1442,1.1503,1311
1994-04-20,1.1501000000000001,1.1597,1.1485,1.1586,1391
1994-04-21,1.1584,1.1598,1.1542,1.1583,1111
1994-04-22,1.1583,1.1591,1.153,1.1588,1171
1994-04-25,1.1593,1.1656,1.1593,1.1634,851
1994-04-26,1.1631,1.1682,1.1601,1.167,1231
1994-04-27,1.1665,1.1719,1.1662,1.17,791
1994-04-28,1.1699,1.1779,1.1661,1.1762,1731
1994-04-29,1.1764999999999999,1.1894,1.1745,1.1825,2381
1994-05-02,1.1821,1.1886,1.1798,1.1865,1321
1994-05-03,1.1864,1.1959,1.1841,1.1945000000000001,1551
1994-05-04,1.1945999999999999,1.1981,1.1753,1.1816,3261
1994-05-05,1.1817,1.1826,1.17,1.1721,1561
1994-05-06,1.1723,1.1782,1.1673,1.1769,1721
1994-05-09,1.1771,1.1839,1.1743999999999999,1.1824,1371
1994-05-10,1.1821,1.1825,1.1665,1.1686,1851
1994-05-11,1.1688,1.1747,1.1634,1.1723,1911
1994-05-12,1.1724999999999999,1.1755,1.1684,1.1742,1251
1994-05-13,1.1745,1.1767,1.1681,1.1695,1221
1994-05-16,1.1697,1.1703000000000001,1.1659,1.1686,771
1994-05-17,1.1685,1.1769,1.1677,1.1688,1811
1994-05-18,1.1703000000000001,1.182,1.1661,1.1813,2081
1994-05-19,1.1812,1.1833,1.1789,1.1795,711
1994-05-20,1.1797,1.19,1.1789,1.1874,1451
1994-05-23,1.1872,1.1935,1.1847,1.1905999999999999,1421
1994-05-24,1.1908,1.1909,1.1813,1.1816,1001
1994-05-25,1.1816,1.1905000000000001,1.1804999999999999,1.189,1261
1994-05-26,1.189,1.1927,1.1857,1.187,1201
1994-05-27,1.1874,1.1915,1.1846,1.1898,1141
1994-05-30,1.19,1.1909,1.187,1.1877,551
1994-05-31,1.1884000000000001,1.1927,1.1857,1.1881,1371
1994-06-01,1.1879,1.192,1.1864,1.1883,1081
1994-06-02,1.1888,1.1889,1.1811,1.1823,911
1994-06-03,1.1823,1.1831,1.1703000000000001,1.1706,1391
1994-06-06,1.1705,1.1735,1.1688,1.1707,921
1994-06-07,1.1706,1.1757,1.1688,1.1737,1071
1994-06-08,1.1738,1.1759,1.1691,1.1718,1161
1994-06-09,1.1715,1.1737,1.1675,1.1737,1021
1994-06-10,1.1731,1.1752,1.1717,1.1739,621
1994-06-13,1.1735,1.1897,1.1735,1.1885,1741
1994-06-14,1.1884000000000001,1.1919,1.1872,1.1877,871
1994-06-15,1.1884000000000001,1.197,1.1872,1.1949,1311
1994-06-16,1.195,1.2011,1.1938,1.1979,1171
1994-06-17,1.1978,1.2167,1.1929,1.2143,3111
1994-06-20,1.2154,1.2248,1.2124,1.2224,1781
1994-06-21,1.2225,1.2318,1.2169,1.2264,2591
1994-06-22,1.2265,1.2265,1.2155,1.2168,1231
1994-06-23,1.2168,1.2227000000000001,1.2138,1.2187000000000001,1591
1994-06-24,1.22,1.238,1.2158,1.238,2641
1994-06-27,1.2384,1.2436,1.2344,1.2353,1531
1994-06-28,1.2344,1.2408,1.2292,1.2408,1681
1994-06-29,1.2392,1.2431,1.232,1.2337,1671
1994-06-30,1.2338,1.2352,1.2237,1.2325,2171
1994-07-01,1.2324,1.2343,1.2184,1.2237,2311
1994-07-04,1.2236,1.2269,1.2201,1.2254,1181
1994-07-05,1.2252,1.2383,1.2233,1.2374,1781
1994-07-06,1.2375,1.2493,1.2345,1.2385,2861
1994-07-07,1.2379,1.2456,1.2359,1.2437,1361
1994-07-08,1.2442,1.2579,1.2387,1.2579,2471
1994-07-11,1.2576,1.2865,1.2558,1.2818,3721
1994-07-12,1.2812999999999999,1.2894,1.2766,1.278,2231
1994-07-13,1.2777,1.2814999999999999,1.2676,1.268,1811
1994-07-14,1.2676,1.2723,1.2566,1.2586,2241
1994-07-15,1.2583,1.2661,1.2533,1.2661,1781
1994-07-18,1.2666,1.2699,1.2622,1.263,1181
1994-07-19,1.263,1.2635,1.2462,1.2468,1841
1994-07-20,1.2472,1.2559,1.2394,1.2509000000000001,2931
1994-07-21,1.2525,1.2567,1.2278,1.2298,3511
1994-07-22,1.2304,1.2318,1.2209,1.2285,1991
1994-07-25,1.2286,1.2358,1.2285,1.2307,1251
1994-07-26,1.2305,1.2351,1.2268,1.2351,1201
1994-07-27,1.2349999999999999,1.2438,1.234,1.2414,1321
1994-07-28,1.2416,1.2482,1.2266,1.2292,3081
1994-07-29,1.2295,1.2442,1.2238,1.2436,2671
1994-08-01,1.2445,1.2457,1.2379,1.2391,1021
1994-08-02,1.2389999999999999,1.2405,1.2332,1.2349999999999999,1061
1994-08-03,1.2349999999999999,1.2419,1.2319,1.2419,1311
1994-08-04,1.2417,1.2438,1.2295,1.2319,1881
1994-08-05,1.2317,1.2405,1.2282,1.2401,1621
1994-08-08,1.2401,1.2408,1.2332,1.2361,1121
1994-08-09,1.236,1.2377,1.2318,1.2368999999999999,1091
1994-08-10,1.2365,1.2434,1.2334,1.2341,1761
1994-08-11,1.2342,1.2566,1.2299,1.2533,3431
1994-08-12,1.2529,1.263,1.2509000000000001,1.2602,1691
1994-08-15,1.2599,1.2627,1.2583,1.26,871
1994-08-16,1.2602,1.2676,1.2483,1.25,2841
1994-08-17,1.2501,1.2616,1.2489,1.2612999999999999,1421
1994-08-18,1.2609,1.2697,1.2594,1.2658,1571
1994-08-19,1.2657,1.2744,1.2652999999999999,1.2703,1361
1994-08-22,1.2704,1.2812999999999999,1.2696,1.2797,1411
1994-08-23,1.2798,1.2812999999999999,1.2694,1.2763,2031
1994-08-24,1.2763,1.2778,1.2638,1.2646,1631
1994-08-25,1.2645,1.2694,1.2618,1.267,1271
1994-08-26,1.2671000000000001,1.2686,1.2387,1.2398,3251
1994-08-29,1.2398,1.244,1.2278,1.2368000000000001,2941
1994-08-30,1.2365,1.2429000000000001,1.2344,1.2401,1341
1994-08-31,1.2402,1.2431,1.2354,1.2368999999999999,1211
1994-09-01,1.2367,1.2446,1.236,1.2425,1141
1994-09-02,1.2425,1.2591999999999999,1.2354,1.2572999999999999,3281
1994-09-05,1.2574,1.2614,1.2556,1.2588,1021
1994-09-06,1.2586,1.2703,1.2583,1.2652999999999999,1731
1994-09-07,1.2654,1.268,1.2591,1.2612999999999999,1371
1994-09-08,1.2614,1.2642,1.2535,1.2562,1621
1994-09-09,1.2559,1.2742,1.2521,1.2717,2841
1994-09-12,1.2718,1.2749,1.2664,1.2676,1281
1994-09-13,1.2676,1.2723,1.2608,1.2678,2281
1994-09-14,1.2675,1.2738,1.2662,1.2685,1421
1994-09-15,1.2685,1.2685,1.2617,1.2621,721
1994-09-16,1.2619,1.2769,1.2607,1.2666,2771
1994-09-19,1.2668,1.2692,1.2583,1.2612999999999999,1631
1994-09-20,1.2615,1.263,1.2549000000000001,1.2606,1531
1994-09-21,1.2605,1.2662,1.2598,1.2652,811
1994-09-22,1.2652,1.2659,1.2619,1.264,681
1994-09-23,1.264,1.2692,1.2626,1.2636,1281
1994-09-26,1.2637,1.2637,1.256,1.26,1171
1994-09-27,1.26,1.2711000000000001,1.2594,1.2699,1351
1994-09-28,1.2698,1.2713,1.2587,1.2604,1581
1994-09-29,1.2604,1.2658,1.2598,1.2614,1101
1994-09-30,1.2614,1.2647,1.2577,1.2612,1381
1994-10-03,1.2608,1.2657,1.2530999999999999,1.2576,2201
1994-10-04,1.2575,1.2655,1.2575,1.2649,861
1994-10-05,1.2651,1.2704,1.263,1.2662,1371
1994-10-06,1.2656,1.2691,1.2652999999999999,1.2673,591
1994-10-07,1.2673,1.275,1.2622,1.2631000000000001,2141
1994-10-10,1.2633,1.267,1.2607,1.2648,1111
1994-10-11,1.2648,1.2666,1.2623,1.2652999999999999,811
1994-10-12,1.2652999999999999,1.2706,1.2642,1.2696,851
1994-10-13,1.2697,1.2839,1.2663,1.2821,2281
1994-10-14,1.282,1.29,1.2808,1.2844,1601
1994-10-17,1.2833,1.3091,1.2828,1.3038,3211
1994-10-18,1.3041,1.3053,1.299,1.3014999999999999,1001
1994-10-19,1.3011,1.3068,1.2977,1.3042,1511
1994-10-20,1.3041,1.3115,1.3004,1.3108,1551
1994-10-21,1.3104,1.3142,1.3016,1.3039,1871
1994-10-24,1.3026,1.3123,1.301,1.3107,1451
1994-10-25,1.3109,1.3161,1.3049,1.3064,1791
1994-10-26,1.3065,1.3127,1.304,1.3101,1381
1994-10-27,1.3104,1.3118,1.304,1.3046,981
1994-10-28,1.3046,1.3098,1.2894999999999999,1.2929,2891
1994-10-31,1.2929,1.3026,1.2918,1.3017,1281
1994-11-01,1.3014999999999999,1.3096,1.3014999999999999,1.3096,811
1994-11-02,1.3094999999999999,1.3117,1.2858,1.2923,3461
1994-11-03,1.2923,1.2934999999999999,1.2824,1.2889,1881
1994-11-04,1.2889,1.2929,1.2810000000000001,1.2923,2041
1994-11-07,1.2923,1.2938,1.2888,1.2899,761
1994-11-08,1.2898,1.2988,1.2897,1.2972000000000001,1081
1994-11-09,1.2973,1.3009,1.2769,1.2809,3161
1994-11-10,1.2811,1.2819,1.2728,1.2802,1731
1994-11-11,1.2797,1.2818,1.276,1.276,791
1994-11-14,1.2761,1.2762,1.2648,1.2657,1241
1994-11-15,1.2657,1.2695,1.255,1.2558,1911
1994-11-16,1.2556,1.2629000000000001,1.2545,1.2629000000000001,951
1994-11-17,1.2628,1.2663,1.2578,1.2582,1241
1994-11-18,1.2584,1.2617,1.2537,1.2558,1341
1994-11-21,1.2558,1.2595,1.2506,1.259,1461
1994-11-22,1.2589000000000001,1.2621,1.2551,1.2612999999999999,1161
1994-11-23,1.2610000000000001,1.2639,1.2561,1.2563,1091
1994-11-24,1.2563,1.2574,1.2534,1.2557,741
1994-11-25,1.2559,1.2587,1.2513,1.2515,1041
1994-11-28,1.2516,1.252,1.2477,1.2505,751
1994-11-29,1.2507,1.2534,1.2444,1.245,1231
1994-11-30,1.245,1.2477,1.2434,1.2468,681
1994-12-01,1.2467,1.2477,1.2407,1.2425,981
1994-12-02,1.2427,1.2434,1.2359,1.2398,1211
1994-12-05,1.2397,1.245,1.2381,1.2445,901
1994-12-06,1.2444,1.2471,1.2421,1.2442,981
1994-12-07,1.2442,1.2498,1.2431,1.2485,911
1994-12-08,1.2485,1.2498,1.2383,1.2398,1431
1994-12-09,1.2398,1.2412,1.2352,1.2398,1201
1994-12-12,1.2397,1.2442,1.2368000000000001,1.2428,1171
1994-12-13,1.2427,1.2477,1.2407,1.2422,1351
1994-12-14,1.2422,1.2476,1.2422,1.2469000000000001,611
1994-12-15,1.2469000000000001,1.2471,1.2423,1.2446,731
1994-12-16,1.2446,1.2462,1.2422,1.2429000000000001,631
1994-12-19,1.2428,1.2441,1.2398,1.2435,791
1994-12-20,1.2436,1.2458,1.2424,1.245,541
1994-12-21,1.245,1.2465,1.2365,1.2366,1161
1994-12-22,1.2367,1.2433,1.2351,1.2414,1171
1994-12-23,1.2414,1.2428,1.238,1.2394,761
1994-12-26,1.2394,1.2394,1.2361,1.2375,471
1994-12-27,1.2368999999999999,1.2416,1.2355,1.2411,801
1994-12-28,1.2408,1.2692,1.2385,1.2655,3671
1994-12-29,1.2655,1.2655,1.2517,1.2582,2031
1994-12-30,1.2582,1.2637,1.2578,1.2622,781
1995-01-02,1.2626,1.2636,1.2528000000000001,1.2534,1241
1995-01-03,1.2533,1.2603,1.2529,1.2556,1251
1995-01-04,1.2557,1.2574,1.2519,1.2529,821
1995-01-05,1.2528000000000001,1.262,1.2528000000000001,1.2602,1101
1995-01-06,1.2597,1.2625,1.2496,1.2517,1781
1995-01-09,1.2517,1.2756,1.2509000000000001,1.2711000000000001,3001
1995-01-10,1.2709,1.2788,1.2692999999999999,1.2744,1551
1995-01-11,1.2746,1.2770000000000001,1.2719,1.2735,911
1995-01-12,1.2735,1.2817,1.2701,1.2802,1651
1995-01-13,1.2802,1.2812999999999999,1.2718,1.2756,1441
1995-01-16,1.2755,1.2806,1.2717,1.2772000000000001,1611
1995-01-17,1.2772000000000001,1.2795,1.2711000000000001,1.2762,1581
1995-01-18,1.2762,1.2824,1.2727,1.2742,1741
1995-01-19,1.2742,1.2943,1.2730000000000001,1.2913000000000001,2551
1995-01-20,1.2911000000000001,1.2977,1.2896,1.2926,1471
1995-01-23,1.2925,1.297,1.2904,1.2916,1231
1995-01-24,1.2915,1.2953000000000001,1.2904,1.2937,761
1995-01-25,1.2939,1.2995999999999999,1.2872,1.2896,2051
1995-01-26,1.2898,1.2929,1.2878,1.2889,931
1995-01-27,1.2889,1.2948,1.2875,1.2904,1311
1995-01-30,1.2906,1.3028,1.2906,1.2993999999999999,1561
1995-01-31,1.2993000000000001,1.3018,1.2802,1.2833999999999999,2731
1995-02-01,1.2825,1.2893,1.2808,1.2884,1111
1995-02-02,1.2884,1.29,1.2854999999999999,1.2877,831
1995-02-03,1.2878,1.2901,1.2775,1.2804,1781
1995-02-06,1.2804,1.2809,1.2746,1.2787,1091
1995-02-07,1.2792,1.2804,1.2718,1.2727,1071
1995-02-08,1.2728,1.2792,1.2723,1.2779,871
1995-02-09,1.2778,1.2818,1.2767,1.2796,841
1995-02-10,1.2796,1.2884,1.2757,1.288,1701
1995-02-13,1.288,1.29,1.2851,1.2861,791
1995-02-14,1.2859,1.2983,1.2849,1.2968,1591
1995-02-15,1.2966,1.298,1.2923,1.2961,1091
1995-02-16,1.2968,1.3148,1.2955999999999999,1.3118,2341
1995-02-17,1.3118,1.3241,1.3111,1.3215,1631
1995-02-20,1.3218,1.3295,1.3206,1.3234,1621
1995-02-21,1.3232,1.3323,1.3157,1.3309,2551
1995-02-22,1.331,1.3352,1.3222,1.3287,2371
1995-02-23,1.3287,1.3352,1.3246,1.3326,1731
1995-02-24,1.3325,1.3397999999999999,1.3247,1.3374,2531
1995-02-27,1.3376000000000001,1.346,1.3299,1.3299,2451
1995-02-28,1.3299,1.3431,1.3299,1.3401,1621
1995-03-01,1.3397000000000001,1.3437999999999999,1.3319,1.3384,2251
1995-03-02,1.3381,1.3624,1.3333,1.3577,3861
1995-03-03,1.3580999999999999,1.3860999999999999,1.3446,1.3832,5791
1995-03-06,1.3837,1.4099,1.3817,1.3916,4851
1995-03-07,1.392,1.4381,1.3905,1.4245,6271
1995-03-08,1.4247,1.4535,1.3923,1.4003,9801
1995-03-09,1.4003,1.4139,1.3831,1.3916,5291
1995-03-10,1.3908,1.3987,1.3761999999999999,1.3891,4331
1995-03-13,1.3896,1.3961000000000001,1.3867,1.3877,1691
1995-03-14,1.3876,1.3926,1.3799000000000001,1.3834,2121
1995-03-15,1.3831,1.4122,1.3820999999999999,1.4096,3371
1995-03-16,1.4091,1.4178,1.397,1.3995,3201
1995-03-17,1.3998,1.4157,1.399,1.4144999999999999,1871
1995-03-20,1.414,1.4152,1.3904,1.3934,2901
1995-03-21,1.3937,1.4014,1.3798,1.3848,3431
1995-03-22,1.385,1.3975,1.3807,1.3945,2411
1995-03-23,1.3955,1.4006,1.3902,1.3944,1971
1995-03-24,1.3945,1.3945,1.3763,1.3778000000000001,1971
1995-03-27,1.3783,1.3945,1.3783,1.3906,2011
1995-03-28,1.3904,1.4114,1.3900000000000001,1.4099,2331
1995-03-29,1.4102000000000001,1.4237,1.4079,1.4127,2911
1995-03-30,1.4132,1.421,1.377,1.3892,6401
1995-03-31,1.3896,1.4318,1.3851,1.4289,5411
1995-04-03,1.4289,1.4327,1.4158,1.4313,3141
1995-04-04,1.4313,1.4318,1.4092,1.4173,3121
1995-04-05,1.4172,1.4299,1.4116,1.425,2881
1995-04-06,1.4247,1.4379,1.4163000000000001,1.4279,4001
1995-04-07,1.4278,1.4324,1.399,1.4022999999999999,4131
1995-04-10,1.4025,1.4066,1.3788,1.3824,3551
1995-04-11,1.3822,1.3989,1.3822,1.3937,2191
1995-04-12,1.3934,1.4009,1.3900000000000001,1.3936,2161
1995-04-13,1.393,1.415,1.3921999999999999,1.4049,3371
1995-04-14,1.4052,1.4127,1.4025,1.4061,1951
1995-04-17,1.4111,1.4321,1.4086,1.43,2811
1995-04-18,1.4302000000000001,1.4476,1.4248,1.4441,3171
1995-04-19,1.4436,1.452,1.4214,1.4304999999999999,4811
1995-04-20,1.43,1.4318,1.4076,1.4126,3101
1995-04-21,1.4122,1.4437,1.4083999999999999,1.4408,4201
1995-04-24,1.4397,1.4462,1.4156,1.4208,4231
1995-04-25,1.4195,1.4391,1.4173,1.4257,3741
1995-04-26,1.4257,1.4365,1.4109,1.4271,4981
1995-04-27,1.4266,1.4311,1.4173,1.4187,1971
1995-04-28,1.4178,1.424,1.4019,1.4086,3501
1995-05-01,1.4087,1.4098,1.4018,1.4074,1471
1995-05-02,1.4073,1.4235,1.4057,1.4196,2331
1995-05-03,1.4197,1.4277,1.4183,1.4234,1511
1995-05-04,1.4231,1.4312,1.4196,1.4259,2041
1995-05-05,1.4266,1.4348,1.4209,1.4243999999999999,2561
1995-05-08,1.425,1.4358,1.4238,1.4314,1761
1995-05-09,1.4311,1.4337,1.4148,1.4186,2531
1995-05-10,1.4188,1.4197,1.4038,1.4076,2061
1995-05-11,1.4075,1.4091,1.3599,1.3634,5431
1995-05-12,1.3633,1.3645,1.3428,1.3482,2831
1995-05-15,1.3483,1.3644,1.3434,1.3629,2741
1995-05-16,1.3623,1.3694,1.3454,1.3566,4231
1995-05-17,1.3563,1.3676,1.3505,1.3538000000000001,3171
1995-05-18,1.3533,1.3615,1.338,1.3596,4071
1995-05-19,1.3597000000000001,1.3647,1.3493,1.3527,2381
1995-05-22,1.3526,1.3607,1.3471,1.3577,2211
1995-05-23,1.3576,1.3648,1.3508,1.3542,2461
1995-05-24,1.3541,1.362,1.3519999999999999,1.3592,1491
1995-05-25,1.3593,1.4014,1.3583,1.3976,4791
1995-05-26,1.3980000000000001,1.4223,1.3961999999999999,1.4197,3051
1995-05-29,1.4198,1.4235,1.4078,1.4117,2331
1995-05-30,1.4122,1.416,1.4042,1.4046,1601
1995-05-31,1.4049,1.4112,1.3786,1.3814,4171
1995-06-01,1.3822,1.3935,1.3609,1.3911,5631
1995-06-02,1.3915,1.4045,1.3731,1.3892,6051
1995-06-05,1.3891,1.3937,1.3820999999999999,1.3862999999999999,2041
1995-06-06,1.3860999999999999,1.3877,1.3771,1.3846,1971
1995-06-07,1.3846,1.3921000000000001,1.3796,1.3808,2121
1995-06-08,1.3808,1.3908,1.374,1.3908,2361
1995-06-09,1.3902999999999999,1.4001000000000001,1.3873,1.392,2391
1995-06-12,1.3921999999999999,1.3971,1.3876,1.3952,1601
1995-06-13,1.3948,1.4019,1.3832,1.3832,2581
1995-06-14,1.3834,1.4002,1.3834,1.3981,1891
1995-06-15,1.3982,1.4038,1.3832,1.3911,3411
1995-06-16,1.3913,1.3997,1.3871,1.3986,1791
1995-06-19,1.3982999999999999,1.4076,1.393,1.4015,2601
1995-06-20,1.4006,1.408,1.3992,1.4071,1111
1995-06-21,1.4083,1.4147,1.4022999999999999,1.4143,1881
1995-06-22,1.414,1.4147,1.3959,1.3993,2291
1995-06-23,1.3993,1.4138,1.3985,1.413,1691
1995-06-26,1.413,1.413,1.4020000000000001,1.4083999999999999,1741
1995-06-27,1.4083,1.4162,1.4060000000000001,1.4106,1811
1995-06-28,1.4106,1.417,1.3937,1.3995,3551
1995-06-29,1.3998,1.4203999999999999,1.3987,1.4187,2451
1995-06-30,1.4188,1.4189,1.4096,1.4152,1501
1995-07-03,1.415,1.4203999999999999,1.4134,1.419,1001
1995-07-04,1.419,1.4196,1.4117,1.4144999999999999,1131
1995-07-05,1.4144999999999999,1.4189,1.4113,1.4184999999999999,1121
1995-07-06,1.4184999999999999,1.4197,1.4119,1.4184,1551
1995-07-07,1.4186,1.4186,1.3947,1.4042,3341
1995-07-10,1.4042,1.4076,1.3979,1.4027,1791
1995-07-11,1.4029,1.403,1.3881000000000001,1.3895,1641
1995-07-12,1.3896,1.3976,1.3884,1.3957,1231
1995-07-13,1.3957,1.4106,1.3836,1.4089,4081
1995-07-14,1.4091,1.4104,1.403,1.404,971
1995-07-17,1.404,1.4053,1.3971,1.3994,1181
1995-07-18,1.3998,1.4119,1.3982,1.4073,1991
1995-07-19,1.4073,1.4249,1.4057,1.4224,2331
1995-07-20,1.4227,1.424,1.4125,1.4147,1501
1995-07-21,1.4146,1.4152,1.4078,1.409,921
1995-07-24,1.4088,1.4151,1.4068,1.411,1441
1995-07-25,1.4109,1.4132,1.4012,1.4031,1621
1995-07-26,1.4031,1.4141,1.4012,1.4094,1951
1995-07-27,1.4092,1.4184,1.4088,1.414,1441
1995-07-28,1.414,1.4205999999999999,1.409,1.4168,2041
1995-07-31,1.4174,1.4192,1.4098,1.4102000000000001,1161
1995-08-01,1.4102999999999999,1.4247,1.41,1.4203999999999999,1931
1995-08-02,1.4205,1.4213,1.3945,1.3999,3301
1995-08-03,1.3986,1.4104,1.3982,1.4066,1641
1995-08-04,1.4062999999999999,1.4066,1.3973,1.3977,1001
1995-08-07,1.3978,1.4008,1.3871,1.3879000000000001,1751
1995-08-08,1.388,1.3924,1.3849,1.3889,1411
1995-08-09,1.389,1.3926,1.3873,1.3912,841
1995-08-10,1.3912,1.3921999999999999,1.3738000000000001,1.3773,2291
1995-08-11,1.3776,1.3780999999999999,1.3488,1.3524,3341
1995-08-14,1.3524,1.3662,1.3514,1.362,2001
1995-08-15,1.3613,1.3673,1.3179,1.3191,5661
1995-08-16,1.319,1.3279,1.31,1.3222,3261
1995-08-17,1.3222,1.3347,1.3139,1.3254000000000001,3841
1995-08-18,1.3253,1.3322,1.3174000000000001,1.3244,2871
1995-08-21,1.3237,1.3302,1.3211,1.3215,1601
1995-08-22,1.3213,1.3255,1.3136,1.3148,1731
1995-08-23,1.3148,1.3235000000000001,1.3104,1.3195000000000001,2151
1995-08-24,1.3197,1.3281,1.3072,1.3246,3691
1995-08-25,1.3248,1.3324,1.3194,1.3295,2131
1995-08-28,1.3299,1.3397999999999999,1.3291,1.3329,1841
1995-08-29,1.3329,1.3346,1.323,1.3235999999999999,1391
1995-08-30,1.324,1.3281,1.3203,1.3227,1431
1995-08-31,1.3224,1.336,1.3202,1.3325,2151
1995-09-01,1.3328,1.3384,1.3285,1.3384,1421
1995-09-04,1.3382,1.3425,1.3346,1.3346,1221
1995-09-05,1.3345,1.3391,1.3316,1.3374,1211
1995-09-06,1.3373,1.3381,1.3213,1.3228,1911
1995-09-07,1.3227,1.328,1.3166,1.3209,2101
1995-09-08,1.321,1.3341,1.3138,1.3316,3001
1995-09-11,1.3317999999999999,1.3333,1.3253,1.3262,1041
1995-09-12,1.3258,1.3308,1.3237,1.3277999999999999,1221
1995-09-13,1.3281,1.3294000000000001,1.3061,1.3089,2741
1995-09-14,1.3096999999999999,1.3189,1.3,1.3155999999999999,3191
1995-09-15,1.3155000000000001,1.3179,1.3056,1.3173,2281
1995-09-18,1.3175,1.3224,1.3094000000000001,1.3188,2471
1995-09-19,1.319,1.322,1.3121,1.3152,1601
1995-09-20,1.3147,1.3409,1.3142,1.3378999999999999,3021
1995-09-21,1.3381,1.3866,1.336,1.3711,6821
1995-09-22,1.3714,1.3886,1.3663,1.3728,4321
1995-09-25,1.3728,1.3794,1.363,1.3648,2481
1995-09-26,1.3648,1.3693,1.3555,1.361,2381
1995-09-27,1.3608,1.3775,1.3596,1.3723,2431
1995-09-28,1.3718,1.3817,1.3706,1.3782,1581
1995-09-29,1.3769,1.383,1.3674,1.3696,2391
1995-10-02,1.3687,1.3712,1.363,1.3707,1441
1995-10-03,1.3709,1.3719000000000001,1.3563,1.3583,1861
1995-10-04,1.3578999999999999,1.3666,1.3548,1.3644,1711
1995-10-05,1.3642,1.379,1.3609,1.3759000000000001,2451
1995-10-06,1.3757,1.3824,1.3681,1.3719999999999999,2491
1995-10-09,1.3725,1.3918,1.3715,1.3837,2941
1995-10-10,1.3833,1.3858,1.3744,1.3793,1881
1995-10-11,1.3789,1.3822,1.3703,1.3709,1581
1995-10-12,1.3712,1.3807,1.369,1.3791,1551
1995-10-13,1.379,1.3808,1.3654,1.3711,2291
1995-10-16,1.3715,1.3793,1.3715,1.3736,1351
1995-10-17,1.3735,1.3856,1.3729,1.3832,1571
1995-10-18,1.3832,1.3931,1.3715,1.3742,3421
1995-10-19,1.374,1.392,1.3739,1.3904,1981
1995-10-20,1.3901,1.4015,1.3851,1.401,2191
1995-10-23,1.4013,1.416,1.401,1.4094,2191
1995-10-24,1.4094,1.4123,1.4014,1.4027,1511
1995-10-25,1.4028,1.4089,1.3982,1.4045,1971
1995-10-26,1.4046,1.4115,1.3885,1.4045,4591
1995-10-27,1.4043999999999999,1.4083999999999999,1.3878,1.3886,2541
1995-10-30,1.3886,1.3942,1.3822,1.3893,2331
1995-10-31,1.3891,1.3952,1.3835,1.3875,2181
1995-11-01,1.3876,1.3902,1.3785,1.3803,1611
1995-11-02,1.3803,1.381,1.3732,1.3738000000000001,911
1995-11-03,1.3739,1.3844,1.3713,1.3793,2081
1995-11-06,1.3795,1.388,1.379,1.3854,1211
1995-11-07,1.3856,1.3871,1.3780999999999999,1.3813,1371
1995-11-08,1.3812,1.3836,1.3754,1.3761,1131
1995-11-09,1.376,1.3924,1.3718,1.3854,3181
1995-11-10,1.3856,1.3909,1.3786,1.3820000000000001,2101
1995-11-13,1.3817,1.3900000000000001,1.3761,1.3795,2561
1995-11-14,1.3793,1.3862999999999999,1.3765,1.3841999999999999,1471
1995-11-15,1.3841,1.3993,1.3838,1.3900000000000001,2511
1995-11-16,1.3901,1.393,1.3855,1.3919000000000001,1321
1995-11-17,1.3916,1.3975,1.3889,1.3889,1451
1995-11-20,1.3894,1.3926,1.3735,1.3906,3701
1995-11-21,1.3906,1.3911,1.3856,1.3891,951
1995-11-22,1.3891,1.3921000000000001,1.3832,1.3881000000000001,1681
1995-11-23,1.3886,1.3886,1.3822,1.3841999999999999,841
1995-11-24,1.3841999999999999,1.3876,1.3772,1.3776,1421
1995-11-27,1.3777,1.3798,1.3593,1.3593,2261
1995-11-28,1.3593,1.3676,1.358,1.3664,1211
1995-11-29,1.3672,1.3679000000000001,1.3572,1.3602,1441
1995-11-30,1.3601,1.3679000000000001,1.3485,1.3529,3161
1995-12-01,1.3526,1.3566,1.3479,1.3554,1461
1995-12-04,1.3554,1.3667,1.3546,1.3594,2021
1995-12-05,1.3593,1.3663,1.3558,1.3651,1521
1995-12-06,1.3648,1.3700999999999999,1.3518,1.353,2481
1995-12-07,1.3532,1.3599,1.3506,1.3527,1811
1995-12-08,1.3526,1.3553,1.3452,1.3526,2021
1995-12-11,1.3526,1.3572,1.3519,1.3554,781
1995-12-12,1.3554,1.3566,1.3486,1.3512,1181
1995-12-13,1.3515,1.3519999999999999,1.346,1.3493,981
1995-12-14,1.3497,1.3629,1.3458999999999999,1.3596,2411
1995-12-15,1.3601,1.3607,1.3535,1.3573,1161
1995-12-18,1.3576,1.3702,1.3564,1.3668,1841
1995-12-19,1.3663,1.3703,1.3521,1.3526,2271
1995-12-20,1.3529,1.3629,1.3526,1.3606,1291
1995-12-21,1.3596,1.361,1.357,1.3585,691
1995-12-22,1.3587,1.3637000000000001,1.3534,1.3611,1821
1995-12-25,1.3611,1.3658000000000001,1.3596,1.3611,1241
1995-12-26,1.3625,1.3691,1.3571,1.3658000000000001,2071
1995-12-27,1.3658000000000001,1.3677000000000001,1.361,1.3653,1291
1995-12-28,1.3653,1.3697,1.3567,1.3601,2081
1995-12-29,1.3596,1.3679000000000001,1.3589,1.3603,1731
1996-01-02,1.3617,1.3669,1.3601,1.3613,1321
1996-01-03,1.3611,1.3623,1.351,1.3519999999999999,1351
1996-01-04,1.3521,1.3574,1.3413,1.3556,2871
1996-01-05,1.3557000000000001,1.3641,1.3506,1.3544,2571
1996-01-08,1.355,1.3606,1.3532,1.3587,1111
1996-01-09,1.3592,1.3652,1.3522,1.3642,2101
1996-01-10,1.3638,1.3649,1.3566,1.3596,1241
1996-01-11,1.3594,1.3638,1.3549,1.3558,1421
1996-01-12,1.3557000000000001,1.3599,1.3517000000000001,1.3538000000000001,1451
1996-01-15,1.354,1.3561,1.3479999999999999,1.3483,1051
1996-01-16,1.3482,1.3484,1.3323,1.3323,1631
1996-01-17,1.3336999999999999,1.3391,1.3282,1.331,1911
1996-01-18,1.3309,1.3338999999999999,1.326,1.3266,1151
1996-01-19,1.3261,1.3281,1.3179,1.3214000000000001,1571
1996-01-22,1.3222,1.3269,1.3145,1.3249,2211
1996-01-23,1.3254000000000001,1.3288,1.3195000000000001,1.3226,1581
1996-01-24,1.3227,1.3229,1.3155000000000001,1.3184,1051
1996-01-25,1.3183,1.3265,1.3106,1.3122,2571
1996-01-26,1.314,1.3167,1.3088,1.3115999999999999,1341
1996-01-29,1.312,1.3211,1.3104,1.3192,1421
1996-01-30,1.3194,1.3228,1.3115,1.3118,1501
1996-01-31,1.3121,1.3169,1.3107,1.3151,941
1996-02-01,1.3142,1.3192,1.3084,1.316,1981
1996-02-02,1.3155999999999999,1.3215,1.3119,1.3208,1401
1996-02-05,1.3209,1.3378,1.3206,1.3322,2311
1996-02-06,1.3317,1.3343,1.3272,1.3298,1231
1996-02-07,1.3301,1.3323,1.322,1.3226,1311
1996-02-08,1.3228,1.3263,1.3195000000000001,1.3246,1181
1996-02-09,1.3242,1.3294000000000001,1.3209,1.3227,1551
1996-02-12,1.3231,1.3291,1.3227,1.3247,1121
1996-02-13,1.3247,1.3286,1.3229,1.3286,751
1996-02-14,1.3287,1.3369,1.3277999999999999,1.3336999999999999,1321
1996-02-15,1.334,1.3364,1.3293,1.3328,1301
1996-02-16,1.3328,1.3504,1.3308,1.3504,2161
1996-02-19,1.3503,1.3566,1.3468,1.3513,1861
1996-02-20,1.3507,1.3526,1.3393,1.3491,2501
1996-02-21,1.3489,1.3551,1.3442,1.3479999999999999,2091
1996-02-22,1.3494,1.351,1.3439999999999999,1.35,1341
1996-02-23,1.3493,1.3559,1.3414,1.3529,2541
1996-02-26,1.3535,1.3543,1.3456000000000001,1.3465,1041
1996-02-27,1.347,1.3501,1.3444,1.3458999999999999,1031
1996-02-28,1.3458,1.3468,1.3305,1.3341,2091
1996-02-29,1.3336999999999999,1.3343,1.3264,1.328,1011
1996-03-01,1.3277999999999999,1.3295,1.3208,1.3276,1721
1996-03-04,1.3274,1.3296999999999999,1.3224,1.3226,981
1996-03-05,1.3231,1.3277999999999999,1.3199,1.3272,1171
1996-03-06,1.3269,1.3273,1.3208,1.3215,761
1996-03-07,1.3215,1.3256000000000001,1.3157,1.3239,1741
1996-03-08,1.3237,1.3294000000000001,1.3108,1.3148,2831
1996-03-11,1.3141,1.3228,1.3125,1.3195000000000001,1521
1996-03-12,1.3193,1.3281,1.3163,1.3267,1621
1996-03-13,1.3263,1.3316,1.3251,1.3291,1021
1996-03-14,1.3289,1.3308,1.3265,1.3288,851
1996-03-15,1.3283,1.3338999999999999,1.3237,1.3275000000000001,1961
1996-03-18,1.3276,1.3303,1.3231,1.3245,1131
1996-03-19,1.3249,1.3285,1.3211,1.3272,1251
1996-03-20,1.3273,1.3289,1.3231,1.327,1131
1996-03-21,1.327,1.3274,1.3202,1.3213,871
1996-03-22,1.3211,1.3284,1.3195000000000001,1.3275000000000001,1141
1996-03-25,1.326,1.3281,1.322,1.3233,951
1996-03-26,1.3235000000000001,1.3259,1.3216,1.3227,781
1996-03-27,1.3223,1.3235000000000001,1.3148,1.3166,1171
1996-03-28,1.3166,1.328,1.3152,1.3259,1631
1996-03-29,1.3256999999999999,1.3315000000000001,1.322,1.3224,1571
1996-04-01,1.3226,1.3232,1.3175,1.3179,671
1996-04-02,1.3179,1.322,1.3179,1.3193,681
1996-04-03,1.3192,1.3242,1.318,1.3192,1241
1996-04-04,1.3191,1.3225,1.3188,1.3212,531
1996-04-05,1.3222,1.3224,1.3171,1.3175,591
1996-04-08,1.3203,1.3269,1.3159,1.3197,2141
1996-04-09,1.3195000000000001,1.3213,1.3043,1.3059,2041
1996-04-10,1.306,1.3078,1.2989,1.3062,1761
1996-04-11,1.3063,1.3078,1.2998,1.3017,1141
1996-04-12,1.3018,1.3042,1.2982,1.2995999999999999,981
1996-04-15,1.3,1.3002,1.292,1.2943,1071
1996-04-16,1.2943,1.2983,1.2932000000000001,1.2967,781
1996-04-17,1.2968,1.2998,1.2941,1.2985,971
1996-04-18,1.2983,1.3062,1.2925,1.3014999999999999,2421
1996-04-19,1.3014999999999999,1.3043,1.2893,1.2893,1781
1996-04-22,1.2897,1.291,1.2873999999999999,1.2891,661
1996-04-23,1.2889,1.2906,1.284,1.2844,871
1996-04-24,1.2844,1.2873999999999999,1.2835,1.2871000000000001,511
1996-04-25,1.2872,1.2876,1.2742,1.2758,1541
1996-04-26,1.2757,1.2832,1.2748,1.2814999999999999,1101
1996-04-29,1.2812999999999999,1.2887,1.2793,1.2796,1711
1996-04-30,1.2795,1.2848,1.2737,1.2769,1961
1996-05-01,1.2768,1.2772999999999999,1.2716,1.2734,801
1996-05-02,1.2736,1.2798,1.2703,1.2786,1401
1996-05-03,1.2784,1.2837,1.2775,1.2812999999999999,951
1996-05-06,1.2808,1.2836,1.2803,1.2819,551
1996-05-07,1.2823,1.2862,1.2814,1.2819,921
1996-05-08,1.282,1.2915,1.2799,1.2899,1531
1996-05-09,1.2906,1.292,1.2857,1.287,901
1996-05-10,1.2871000000000001,1.2903,1.278,1.2806,1811
1996-05-13,1.2802,1.2806,1.2739,1.2739,711
1996-05-14,1.2744,1.2767,1.2723,1.2752,801
1996-05-15,1.2755,1.2782,1.2737,1.2761,841
1996-05-16,1.2767,1.2797,1.2718,1.2793999999999999,1311
1996-05-17,1.2793999999999999,1.2831000000000001,1.2732999999999999,1.2748,1501
1996-05-20,1.2747,1.2764,1.2723,1.2739,741
1996-05-21,1.2687,1.2690000000000001,1.2686,1.2690000000000001,51
1996-05-22,1.2691,1.2715,1.2662,1.2674,891
1996-05-23,1.2674,1.2715,1.2652999999999999,1.2688,1101
1996-05-24,1.2684,1.2701,1.2659,1.2663,631
1996-05-27,1.2661,1.2688,1.2622,1.2688,1051
1996-05-28,1.2689,1.2692,1.2617,1.2648,1091
1996-05-29,1.2644,1.2756,1.2635,1.2748,1381
1996-05-30,1.2748,1.2807,1.2730000000000001,1.2747,1531
1996-05-31,1.2747,1.2856,1.2724,1.2839,1721
1996-06-03,1.2839,1.2878,1.2787,1.2806,1491
1996-06-04,1.2807,1.2812999999999999,1.2752,1.2772000000000001,871
1996-06-05,1.2772000000000001,1.2807,1.2755,1.2772999999999999,1031
1996-06-06,1.2772999999999999,1.2829,1.2764,1.2796,1071
1996-06-07,1.2796,1.2816,1.2724,1.2772000000000001,1601
1996-06-10,1.2730000000000001,1.2771,1.2699,1.274,1341
1996-06-11,1.274,1.2766,1.2718,1.2742,941
1996-06-12,1.2742,1.2769,1.2719,1.2766,761
1996-06-13,1.2764,1.2814999999999999,1.2735,1.2811,1131
1996-06-14,1.2811,1.2902,1.2785,1.2819,2261
1996-06-17,1.2846,1.2905,1.2818,1.2861,1591
1996-06-18,1.2861,1.2949,1.2851,1.2929,1281
1996-06-19,1.2931,1.2936,1.2845,1.286,1111
1996-06-20,1.286,1.2873999999999999,1.2821,1.283,761
1996-06-21,1.283,1.2835,1.2737,1.2770000000000001,1361
1996-06-24,1.2769,1.2793,1.2746,1.279,731
1996-06-25,1.279,1.2814999999999999,1.2744,1.2814999999999999,1171
1996-06-26,1.2817,1.2828,1.2771,1.2802,991
1996-06-27,1.2802,1.2892000000000001,1.2793999999999999,1.2879,1191
1996-06-28,1.2879,1.2882,1.2657,1.2809,3801
1996-07-01,1.2809,1.2849,1.2596,1.2836,4791
1996-07-02,1.2833999999999999,1.2845,1.2795,1.2814999999999999,811
1996-07-03,1.2814,1.287,1.278,1.287,1241
1996-07-04,1.287,1.2873999999999999,1.2832,1.2838,521
1996-07-05,1.2838,1.2844,1.2767,1.28,1161
1996-07-08,1.2796,1.2823,1.2774,1.2823,711
1996-07-09,1.2824,1.2849,1.2809,1.2812999999999999,691
1996-07-10,1.2812999999999999,1.2838,1.2810000000000001,1.2810000000000001,531
1996-07-11,1.2810000000000001,1.2876,1.2798,1.2861,1051
1996-07-12,1.2863,1.2889,1.2824,1.2844,1111
1996-07-15,1.2843,1.2907,1.2818,1.2907,1141
1996-07-16,1.2908,1.3304,1.29,1.3171,5451
1996-07-17,1.3176,1.3206,1.3111,1.3163,1771
1996-07-18,1.3164,1.3171,1.3089,1.311,1101
1996-07-19,1.3111,1.3173,1.3077,1.3108,1891
1996-07-22,1.3111,1.3195000000000001,1.3085,1.3167,1641
1996-07-23,1.3167,1.3206,1.3109,1.3124,1511
1996-07-24,1.3124,1.3189,1.311,1.312,1541
1996-07-25,1.312,1.328,1.3115999999999999,1.3228,2201
1996-07-26,1.3228,1.3266,1.3168,1.32,1681
1996-07-29,1.32,1.3222,1.3166,1.3204,1081
1996-07-30,1.3203,1.3254000000000001,1.3188,1.3243,921
1996-07-31,1.3243,1.3353,1.3237999999999999,1.3289,1841
1996-08-01,1.3288,1.3305,1.3242,1.3254000000000001,921
1996-08-02,1.3254000000000001,1.3267,1.32,1.3251,1311
1996-08-05,1.3251,1.3291,1.3172,1.3197999999999999,1851
1996-08-06,1.3197999999999999,1.3205,1.3144,1.3184,1081
1996-08-07,1.3184,1.3204,1.315,1.3167,911
1996-08-08,1.3165,1.3191,1.314,1.3176,911
1996-08-09,1.3178,1.3267,1.3172,1.3261,1071
1996-08-12,1.3262,1.3276,1.3224,1.3237,791
1996-08-13,1.3237,1.3267,1.3227,1.3246,711
1996-08-14,1.3244,1.3249,1.3124,1.3133,1391
1996-08-15,1.3133,1.3183,1.3118,1.3171,921
1996-08-16,1.3169,1.3171,1.3085,1.3104,1071
1996-08-19,1.3104,1.3159,1.3091,1.3142,981
1996-08-20,1.3141,1.3152,1.3111,1.3133,741
1996-08-21,1.3133,1.3212,1.3131,1.319,1051
1996-08-22,1.3193,1.3195000000000001,1.3072,1.3106,1591
1996-08-23,1.3105,1.3245,1.3103,1.3242,1471
1996-08-26,1.3241,1.3249,1.321,1.3214000000000001,511
1996-08-27,1.3214000000000001,1.3272,1.321,1.3221,1171
1996-08-28,1.3222,1.3267,1.3195000000000001,1.3243,1231
1996-08-29,1.3237999999999999,1.326,1.3197,1.3245,1191
1996-08-30,1.3245,1.3263,1.3176999999999999,1.3189,1161
1996-09-02,1.3189,1.3212,1.3143,1.3161,1101
1996-09-03,1.316,1.3193,1.3115999999999999,1.3168,1461
1996-09-04,1.317,1.3227,1.316,1.3218,861
1996-09-05,1.3216999999999999,1.3222,1.3151,1.3157,821
1996-09-06,1.3159,1.3185,1.3092,1.3111,1381
1996-09-09,1.3111,1.3135,1.3029,1.3045,1461
1996-09-10,1.3045,1.3056,1.2934999999999999,1.2953999999999999,1511
1996-09-11,1.2953999999999999,1.2982,1.2913999999999999,1.2948,1301
1996-09-12,1.2947,1.299,1.2906,1.2934999999999999,1561
1996-09-13,1.2934999999999999,1.2959,1.2893,1.2921,1181
1996-09-16,1.292,1.297,1.2917,1.2948,781
1996-09-17,1.2947,1.2961,1.2901,1.2917,901
1996-09-18,1.2917,1.2993999999999999,1.2843,1.2964,2551
1996-09-19,1.2959,1.2971,1.2904,1.2922,971
1996-09-20,1.2922,1.294,1.2876,1.29,1061
1996-09-23,1.289,1.2944,1.2887,1.2934,701
1996-09-24,1.2931,1.3035,1.2905,1.3021,1701
1996-09-25,1.3021,1.3027,1.2891,1.2903,1541
1996-09-26,1.2901,1.2923,1.2823,1.2849,1481
1996-09-27,1.2848,1.2857,1.2816,1.2829,631
1996-09-30,1.2828,1.2844,1.2791000000000001,1.2837,971
1996-10-01,1.2837,1.2859,1.2804,1.2811,841
1996-10-02,1.2810000000000001,1.2836,1.2753999999999999,1.2763,1171
1996-10-03,1.2766,1.2804,1.2734,1.2787,1191
1996-10-04,1.2786,1.2808,1.2758,1.2767,811
1996-10-07,1.2764,1.2793999999999999,1.276,1.2772999999999999,591
1996-10-08,1.2774,1.2831000000000001,1.2767,1.2782,1201
1996-10-09,1.2777,1.2812999999999999,1.2770000000000001,1.2802,611
1996-10-10,1.2802,1.2818,1.2765,1.2797,1011
1996-10-11,1.2797,1.2811,1.2758,1.2779,881
1996-10-14,1.278,1.2802,1.2771,1.2792,501
1996-10-15,1.279,1.2801,1.2687,1.2703,1411
1996-10-16,1.2703,1.2732,1.2671000000000001,1.2705,1201
1996-10-17,1.2706,1.2735,1.2658,1.268,1281
1996-10-18,1.268,1.2706,1.2661,1.268,901
1996-10-21,1.2697,1.2749,1.2671000000000001,1.2739,1141
1996-10-22,1.2738,1.2846,1.2729,1.2828,1441
1996-10-23,1.2828,1.2877,1.28,1.285,1321
1996-10-24,1.2849,1.29,1.2829,1.2896,951
1996-10-25,1.29,1.29,1.2814,1.286,1321
1996-10-28,1.2842,1.2894999999999999,1.2824,1.2872,1121
1996-10-29,1.2872,1.2979,1.2858,1.2959,1551
1996-10-30,1.2957,1.2993000000000001,1.2927,1.2938,1131
1996-10-31,1.2931,1.2949,1.2873,1.2887,1081
1996-11-01,1.2886,1.2947,1.2839,1.2923,1791
1996-11-04,1.2934999999999999,1.2965,1.2889,1.2937,1501
1996-11-05,1.2937,1.2968,1.285,1.2868,1671
1996-11-06,1.287,1.2918,1.2811,1.2896,1881
1996-11-07,1.2894999999999999,1.3035,1.2893,1.2932000000000001,2471
1996-11-08,1.2932000000000001,1.3022,1.2913000000000001,1.2929,2151
1996-11-11,1.3019,1.3107,1.2993999999999999,1.3017,2241
1996-11-12,1.3101,1.3138,1.2953999999999999,1.2973,2401
1996-11-13,1.2972000000000001,1.3014999999999999,1.2961,1.2978,1021
1996-11-14,1.2981,1.3006,1.2934999999999999,1.2971,1321
1996-11-15,1.297,1.2997,1.2943,1.2959,971
1996-11-18,1.2971,1.3049,1.2967,1.3028,1071
1996-11-19,1.303,1.304,1.2907,1.2988,2241
1996-11-20,1.299,1.3088,1.2987,1.3075,1171
1996-11-21,1.3075,1.3086,1.3012000000000001,1.3059,1321
1996-11-22,1.3059,1.307,1.2957,1.297,1371
1996-11-25,1.2972000000000001,1.2974999999999999,1.2833999999999999,1.2842,1521
1996-11-26,1.2841,1.2869,1.2783,1.2839,1701
1996-11-27,1.2839,1.2854999999999999,1.2785,1.2805,1061
1996-11-28,1.2806,1.2817,1.2747,1.2758,921
1996-11-29,1.2757,1.2771,1.2703,1.2704,831
1996-12-02,1.2717,1.2723,1.2546,1.2575,2121
1996-12-03,1.2574,1.2604,1.2424,1.2568,3541
1996-12-04,1.2569,1.2575,1.248,1.2532,1531
1996-12-05,1.2532,1.2827,1.251,1.2617,5491
1996-12-06,1.2612999999999999,1.2791000000000001,1.2570999999999999,1.2639,4141
1996-12-09,1.2622,1.2648,1.2549000000000001,1.2572999999999999,1491
1996-12-10,1.2569,1.2616,1.2553,1.2608,871
1996-12-11,1.2607,1.2747,1.2598,1.2726,1791
1996-12-12,1.2725,1.2742,1.2639,1.2696,1771
1996-12-13,1.2699,1.2718,1.256,1.256,1771
1996-12-16,1.2556,1.2683,1.2543,1.2683,1531
1996-12-17,1.2686,1.2686,1.2612999999999999,1.2622,821
1996-12-18,1.2624,1.2643,1.2574,1.2626,1361
1996-12-19,1.2625,1.2635,1.2517,1.2549000000000001,1601
1996-12-20,1.2549000000000001,1.2618,1.2544,1.2605,921
1996-12-23,1.2610000000000001,1.2617,1.2564,1.2581,771
1996-12-24,1.2582,1.2595,1.2562,1.2574,581
1996-12-25,1.2570000000000001,1.2574,1.2545,1.2557,451
1996-12-26,1.2553,1.2596,1.2548,1.2591,581
1996-12-27,1.2591999999999999,1.2591999999999999,1.2541,1.2591,1011
1996-12-30,1.2591,1.2596,1.2547,1.2578,851
1996-12-31,1.2578,1.2732,1.2572,1.2687,2111
1997-01-02,1.2673,1.2715,1.2629000000000001,1.2662,1611
1997-01-03,1.2664,1.2685,1.2469999999999999,1.2479,2451
1997-01-06,1.2463,1.2587,1.2442,1.2502,2511
1997-01-07,1.2505,1.2583,1.248,1.2501,2021
1997-01-08,1.2504,1.2516,1.2387,1.241,1641
1997-01-09,1.2412,1.2548,1.2374,1.2401,3371
1997-01-10,1.2401,1.2487,1.2317,1.2335,2741
1997-01-13,1.2335,1.237,1.2282,1.2313,1541
1997-01-14,1.2312,1.2341,1.2244,1.2271,1531
1997-01-15,1.227,1.2333,1.2226,1.2323,1611
1997-01-16,1.2322,1.233,1.2247,1.2265,1091
1997-01-17,1.2266,1.2271,1.2075,1.2091,2171
1997-01-20,1.2091,1.2116,1.1991,1.2031,1901
1997-01-21,1.2031,1.2099,1.1994,1.2003,1821
1997-01-22,1.2003,1.2021,1.1884000000000001,1.1917,1881
1997-01-23,1.1924,1.202,1.1888,1.2009,1791
1997-01-24,1.2006999999999999,1.2043,1.1929,1.2008,2271
1997-01-27,1.1992,1.1995,1.1855,1.1865999999999999,1541
1997-01-28,1.1867,1.19,1.1804999999999999,1.1889,1681
1997-01-29,1.189,1.1966,1.1816,1.1895,2951
1997-01-30,1.1894,1.1985999999999999,1.1862,1.1948,1941
1997-01-31,1.1948,1.2003,1.1913,1.1948,1801
1997-02-03,1.1924,1.194,1.1859,1.1933,1531
1997-02-04,1.1932,1.1951,1.1864,1.187,1121
1997-02-05,1.1871,1.1915,1.1839,1.1884000000000001,1391
1997-02-06,1.1883,1.1895,1.1819,1.1828,971
1997-02-07,1.1826,1.1848,1.1673,1.1764000000000001,2881
1997-02-10,1.1884000000000001,1.1898,1.1789,1.1793,1271
1997-02-11,1.1796,1.1806,1.1634,1.164,1881
1997-02-12,1.1632,1.1677,1.1551,1.1589,2091
1997-02-13,1.1589,1.1662,1.1577,1.1616,1431
1997-02-14,1.1611,1.1638,1.1561,1.1587,1301
1997-02-17,1.1556,1.1577,1.1481,1.149,1261
1997-02-18,1.1495,1.1623999999999999,1.1456,1.1585,2461
1997-02-19,1.1585,1.1639,1.1501000000000001,1.151,2011
1997-02-20,1.1514,1.1623,1.1501000000000001,1.1609,1491
1997-02-21,1.1602999999999999,1.1635,1.1566,1.158,1151
1997-02-24,1.1594,1.1727,1.1594,1.1701,1591
1997-02-25,1.1701,1.1715,1.1649,1.1703000000000001,1301
1997-02-26,1.1702,1.1726,1.1546,1.1573,2311
1997-02-27,1.1574,1.1615,1.1535,1.1585,1491
1997-02-28,1.1584,1.1623,1.1536,1.1572,1621
1997-03-03,1.155,1.1579,1.1507,1.1513,1071
1997-03-04,1.1515,1.1522999999999999,1.1398,1.1411,1461
1997-03-05,1.1412,1.1444,1.139,1.1428,921
1997-03-06,1.1428,1.1448,1.1366,1.1405,1411
1997-03-07,1.1401,1.1424,1.1364,1.1413,1081
1997-03-10,1.1399,1.1502,1.1398,1.1491,1161
1997-03-11,1.1491,1.1517,1.1452,1.146,991
1997-03-12,1.1461000000000001,1.1561,1.1421999999999999,1.1551,1881
1997-03-13,1.155,1.1572,1.1452,1.1465,1551
1997-03-14,1.1468,1.1565,1.1434,1.1546,1841
1997-03-17,1.1542,1.1606,1.1528,1.1551,1471
1997-03-18,1.1551,1.1698,1.1548,1.1675,1761
1997-03-19,1.1673,1.1686,1.1609,1.1625,1061
1997-03-20,1.1625,1.1706,1.154,1.1559,2661
1997-03-21,1.1557,1.1633,1.1548,1.1599,1281
1997-03-24,1.1591,1.16,1.155,1.1579,881
1997-03-25,1.158,1.1611,1.1522000000000001,1.158,1781
1997-03-26,1.1583,1.1606,1.1535,1.1588,1371
1997-03-27,1.1587,1.1701,1.1576,1.1679,1581
1997-03-28,1.1679,1.1694,1.1642000000000001,1.1642000000000001,671
1997-03-31,1.1643,1.1768,1.1631,1.1682,2351
1997-04-01,1.1682,1.1762,1.1677,1.1727,1251
1997-04-02,1.1724,1.1734,1.1654,1.1668,1041
1997-04-03,1.1668,1.1745,1.1645,1.1714,1541
1997-04-04,1.1714,1.1735,1.1592,1.1599,1711
1997-04-07,1.1589,1.1607,1.1416,1.1423,2161
1997-04-08,1.1425,1.144,1.1381000000000001,1.1404,971
1997-04-09,1.1404,1.1432,1.1322,1.1336,1521
1997-04-10,1.1337,1.1423,1.1322,1.1383,1561
1997-04-11,1.1385,1.1396,1.133,1.1360999999999999,1081
1997-04-14,1.1363,1.139,1.1292,1.1298,1311
1997-04-15,1.1299,1.1343,1.126,1.133,1351
1997-04-16,1.133,1.1351,1.1305,1.1311,731
1997-04-17,1.1312,1.1366,1.1307,1.1336,941
1997-04-18,1.1334,1.1438,1.1334,1.1429,1131
1997-04-21,1.144,1.1533,1.1419,1.1509,1591
1997-04-22,1.1509,1.1529,1.1381999999999999,1.1394,1791
1997-04-23,1.1392,1.144,1.1388,1.1418,781
1997-04-24,1.1418,1.1434,1.1364,1.1398,1201
1997-04-25,1.1398,1.141,1.1309,1.1320000000000001,1241
1997-04-28,1.133,1.1336,1.1244,1.1292,1461
1997-04-29,1.1291,1.1356,1.1284,1.1343,921
1997-04-30,1.134,1.1366,1.1274,1.1304,1481
1997-05-01,1.1302,1.1394,1.1282,1.1353,1731
1997-05-02,1.1353,1.1371,1.1303,1.1308,911
1997-05-05,1.1315,1.1332,1.1283,1.1286,691
1997-05-06,1.1286,1.1374,1.1273,1.1353,1351
1997-05-07,1.1353,1.1392,1.1325,1.1366,1211
1997-05-08,1.1365,1.1471,1.1349,1.1458,1511
1997-05-09,1.1463,1.1623,1.145,1.1591,2181
1997-05-12,1.1602000000000001,1.1728,1.1445,1.1446,4101
1997-05-13,1.1445,1.1561,1.1444,1.1561,1181
1997-05-14,1.1562000000000001,1.1569,1.1448,1.1556,2361
1997-05-15,1.1558,1.1604,1.1498,1.1531,1851
1997-05-16,1.1529,1.1585,1.1475,1.1554,1951
1997-05-19,1.1558,1.1585,1.1426,1.1434,1941
1997-05-20,1.1434,1.1682,1.1426,1.1672,2741
1997-05-21,1.1671,1.1698,1.1528,1.1567,2361
1997-05-22,1.1567,1.159,1.1502,1.154,1491
1997-05-23,1.1537,1.1587,1.1533,1.1549,961
1997-05-26,1.1621,1.1658,1.1566,1.1596,1591
1997-05-27,1.1596,1.1599,1.1455,1.1468,1601
1997-05-28,1.147,1.1577,1.1455,1.1544,1701
1997-05-29,1.1546,1.155,1.1458,1.1529,1671
1997-05-30,1.1532,1.1545,1.144,1.1454,1321
1997-06-02,1.1456,1.146,1.1292,1.1319,1991
1997-06-03,1.1319,1.1355,1.1285,1.1328,1311
1997-06-04,1.1327,1.1335,1.1280000000000001,1.1324,1071
1997-06-05,1.1324,1.1345,1.1301,1.1317,811
1997-06-06,1.1315,1.1359,1.1227,1.1339,2401
1997-06-09,1.1334,1.1489,1.1322,1.1461999999999999,2061
1997-06-10,1.1461000000000001,1.1477,1.1364,1.1381999999999999,1471
1997-06-11,1.1381999999999999,1.1448,1.1374,1.1402,1281
1997-06-12,1.1395,1.1403,1.1301,1.1311,1201
1997-06-13,1.1307,1.1324,1.1235,1.1253,1241
1997-06-16,1.1262,1.1322,1.1245,1.1299,1171
1997-06-17,1.1298,1.1313,1.1253,1.1302,1161
1997-06-18,1.1301,1.1355,1.1277,1.1283,1381
1997-06-19,1.1280999999999999,1.1363,1.1264,1.1338,1411
1997-06-20,1.1339,1.1366,1.1288,1.131,1271
1997-06-23,1.1291,1.1396,1.1289,1.1393,1121
1997-06-24,1.1393,1.1404,1.1322,1.1345,1161
1997-06-25,1.1345,1.1384,1.1328,1.1345,1121
1997-06-26,1.1343,1.1360000000000001,1.1311,1.1335,901
1997-06-27,1.1336,1.1345,1.1237,1.1238,1181
1997-06-30,1.124,1.127,1.1199,1.1213,1151
1997-07-01,1.121,1.1244,1.1183,1.1199,1111
1997-07-02,1.12,1.1224,1.1137,1.1148,1221
1997-07-03,1.1149,1.1195,1.1136,1.1167,1001
1997-07-04,1.1179000000000001,1.1193,1.1118,1.1154,1251
1997-07-07,1.1132,1.1225,1.113,1.1163,1591
1997-07-08,1.1165,1.1169,1.1095,1.1104,871
1997-07-09,1.1104,1.1126,1.1078000000000001,1.1111,891
1997-07-10,1.111,1.12,1.1073,1.1173,1911
1997-07-11,1.1173,1.1175,1.0959,1.0982,2411
1997-07-14,1.0969,1.1011,1.0869,1.0902,2171
1997-07-15,1.0898,1.0963,1.0841,1.0909,2331
1997-07-16,1.0908,1.0959,1.0863,1.0906,1901
1997-07-17,1.0905,1.0944,1.0857,1.093,1491
1997-07-18,1.0925,1.0955,1.0865,1.0911,1661
1997-07-21,1.0928,1.0948,1.0872,1.0886,1101
1997-07-22,1.0883,1.0894,1.0717,1.0723,1941
1997-07-23,1.0725,1.076,1.0673,1.0714,1631
1997-07-24,1.0713,1.0734,1.0632,1.0661,1521
1997-07-25,1.0657,1.0682,1.0628,1.0641,921
1997-07-28,1.064,1.0642,1.0577,1.0619,1091
1997-07-29,1.0621,1.0703,1.0616,1.0651,1441
1997-07-30,1.0651,1.0674,1.06,1.0658,1411
1997-07-31,1.0658,1.0694,1.0613,1.0638,1421
1997-08-01,1.0634,1.0636,1.0475,1.0501,1891
1997-08-04,1.0493999999999999,1.0503,1.0443,1.0479,1051
1997-08-05,1.0481,1.0527,1.0386,1.0406,2071
1997-08-06,1.0406,1.0437,1.0344,1.0398,1781
1997-08-07,1.0398,1.0479,1.0354,1.0459,1891
1997-08-08,1.0461,1.0634,1.0424,1.0593,2881
1997-08-11,1.0594,1.0599,1.0486,1.0498,1301
1997-08-12,1.0493999999999999,1.054,1.0454,1.0488,1661
1997-08-13,1.0489,1.0693,1.0478,1.0653,2661
1997-08-14,1.0658,1.0688,1.059,1.0627,1651
1997-08-15,1.0627,1.0772,1.0592,1.0753,2341
1997-08-18,1.0779,1.0835,1.0646,1.0654,2531
1997-08-19,1.0653,1.0679,1.0607,1.0621,1121
1997-08-20,1.0622,1.0625,1.0528,1.0541,1131
1997-08-21,1.0541,1.0658,1.052,1.0647,1701
1997-08-22,1.0647,1.0827,1.0639,1.0745,2781
1997-08-25,1.0762,1.0779,1.0711,1.0756000000000001,1301
1997-08-26,1.0756000000000001,1.0912,1.0715,1.0877,2731
1997-08-27,1.0875,1.09,1.0784,1.0813,1701
1997-08-28,1.081,1.0947,1.0748,1.0912,2961
1997-08-29,1.091,1.0929,1.0781,1.0819,2051
1997-09-01,1.0788,1.0834,1.0763,1.079,1401
1997-09-02,1.079,1.0796000000000001,1.0657,1.0667,1551
1997-09-03,1.0668,1.0785,1.0631,1.0748,2281
1997-09-04,1.0746,1.0807,1.071,1.0762,1781
1997-09-05,1.0762,1.0899,1.0752,1.0846,2101
1997-09-08,1.0846,1.0897000000000001,1.0796999999999999,1.0806,1601
1997-09-09,1.0804,1.0846,1.0768,1.0793,1451
1997-09-10,1.0791,1.0897000000000001,1.0761,1.088,1831
1997-09-11,1.0882,1.1003,1.0866,1.0988,1681
1997-09-12,1.0985,1.1059,1.0931,1.1041,2001
1997-09-15,1.0995,1.1139000000000001,1.0982,1.1089,2201
1997-09-16,1.1091,1.1104,1.1014,1.1061,1501
1997-09-17,1.1064,1.1076,1.1022,1.1037,811
1997-09-18,1.1043,1.1101,1.0968,1.0983,2061
1997-09-19,1.098,1.1061,1.0968,1.1016,1501
1997-09-22,1.1018,1.104,1.0885,1.0925,2171
1997-09-23,1.0921,1.0956,1.0859,1.0913,1861
1997-09-24,1.0912,1.1055,1.0893,1.1039,1971
1997-09-25,1.1037,1.1123,1.1005,1.1101,1721
1997-09-26,1.1101,1.1193,1.1078000000000001,1.1113,2181
1997-09-29,1.111,1.1163,1.1088,1.1096,1361
1997-09-30,1.1096,1.1123,1.1034,1.1113,1611
1997-10-01,1.1113,1.1142,1.0994,1.1002,1851
1997-10-02,1.1003,1.1075,1.1,1.1036,1171
1997-10-03,1.1028,1.1141,1.0995,1.1132,1881
1997-10-06,1.1132,1.1165,1.1085,1.1125,1531
1997-10-07,1.1127,1.1209,1.1117,1.1133,1781
1997-10-08,1.1133,1.1199,1.1097,1.1185,1521
1997-10-09,1.1188,1.1285,1.114,1.1217,2611
1997-10-10,1.1217,1.1253,1.1149,1.1172,1631
1997-10-13,1.1169,1.1185,1.112,1.1167,1281
1997-10-14,1.1167,1.12,1.1129,1.1172,1371
1997-10-15,1.1172,1.1213,1.1141,1.1205,1111
1997-10-16,1.1207,1.1224,1.1181,1.1189,681
1997-10-17,1.1191,1.1194,1.1017,1.1032,1951
1997-10-20,1.102,1.1055,1.1003,1.1039,851
1997-10-21,1.1043,1.1056,1.0917,1.0931,1661
1997-10-22,1.0931,1.1001,1.0913,1.0949,1581
1997-10-23,1.095,1.1087,1.0926,1.1069,2031
1997-10-24,1.1067,1.108,1.0952,1.1019,2081
1997-10-27,1.1028,1.1207,1.1027,1.1204,1841
1997-10-28,1.1204,1.144,1.119,1.1192,4881
1997-10-29,1.1196,1.133,1.1192,1.1309,1631
1997-10-30,1.1313,1.1429,1.131,1.1416,1351
1997-10-31,1.1415,1.1416,1.1297,1.1334,1571
1997-11-03,1.134,1.134,1.1219999999999999,1.1269,1691
1997-11-04,1.1266,1.138,1.1262,1.134,1621
1997-11-05,1.1332,1.1398,1.1293,1.1378,1641
1997-11-06,1.138,1.1394,1.1312,1.135,1341
1997-11-07,1.1344,1.1504,1.1326,1.1451,2491
1997-11-10,1.1456,1.1487,1.137,1.1482999999999999,2071
1997-11-11,1.1482999999999999,1.1537,1.1415,1.1426,1871
1997-11-12,1.1427,1.1475,1.133,1.1381999999999999,2451
1997-11-13,1.1384,1.1398,1.1313,1.1339,1251
1997-11-14,1.1341,1.1358,1.1273,1.1302,1311
1997-11-17,1.1294,1.1324,1.1238,1.1305,1611
1997-11-18,1.1304,1.1345,1.1287,1.1301,1131
1997-11-19,1.1301,1.1326,1.1266,1.1288,1071
1997-11-20,1.1289,1.1323,1.1225,1.1227,1341
1997-11-21,1.1231,1.1266,1.1168,1.1253,1741
1997-11-24,1.1255,1.1309,1.1238,1.1251,1381
1997-11-25,1.1252,1.1273,1.117,1.1177,1311
1997-11-26,1.1177,1.1205,1.1087,1.1122,1811
1997-11-27,1.1121,1.1122,1.1057,1.1084,931
1997-11-28,1.1083,1.1125,1.1067,1.1091,1081
1997-12-01,1.1097,1.1103,1.0987,1.1013,1481
1997-12-02,1.1013,1.1057,1.0992,1.1006,1231
1997-12-03,1.1009,1.1072,1.0994,1.1046,1191
1997-12-04,1.1046,1.1062,1.1022,1.1039,731
1997-12-05,1.1041,1.1054,1.0953,1.0976,1371
1997-12-08,1.097,1.0985,1.0915,1.0937000000000001,1071
1997-12-09,1.094,1.0955,1.0893,1.0926,1101
1997-12-10,1.0928,1.0977,1.0897000000000001,1.0942,1461
1997-12-11,1.0942,1.1125,1.0934,1.1115,2091
1997-12-12,1.111,1.111,1.0997,1.0997,1131
1997-12-15,1.1009,1.1062,1.0987,1.1014,1451
1997-12-16,1.1011,1.1031,1.0957,1.098,1171
1997-12-17,1.098,1.1112,1.0972,1.1024,2361
1997-12-18,1.1021,1.1043,1.0983,1.1027,1141
1997-12-19,1.1027,1.1086,1.0997,1.1013,1641
1997-12-22,1.1006,1.1009,1.0944,1.0977999999999999,1021
1997-12-23,1.0979,1.1034,1.0974,1.1022,771
1997-12-24,1.1019,1.1042,1.1007,1.1031,581
1997-12-25,1.1034,1.1036,1.1016,1.1018,241
1997-12-26,1.1014,1.1046,1.1008,1.1027,631
1997-12-29,1.1039,1.1046,1.0923,1.0928,1351
1997-12-30,1.0931,1.0947,1.0892,1.0937000000000001,1041
1997-12-31,1.094,1.0945,1.0867,1.0874,901
1998-01-02,1.088,1.0886,1.0826,1.0851,92
1998-01-05,1.0857,1.0887,1.0686,1.0719,265
1998-01-06,1.0719,1.0752,1.0645,1.065,146
1998-01-07,1.0653,1.0757,1.0641,1.0711,175
1998-01-08,1.0706,1.0781,1.0672,1.0739,186
1998-01-09,1.0733,1.0821,1.0716,1.0735,209
1998-01-12,1.0727,1.08,1.0699,1.0737,193
1998-01-13,1.0735999999999999,1.0788,1.0718,1.0755,122
1998-01-14,1.0756000000000001,1.0766,1.0688,1.0746,147
1998-01-15,1.0739,1.0764,1.0662,1.0678,144
1998-01-16,1.0678,1.0725,1.0659,1.0665,120
1998-01-19,1.0674,1.0694,1.0608,1.0653,152
1998-01-20,1.0653,1.0656,1.0612,1.0636,72
1998-01-21,1.0634,1.0779,1.0634,1.077,155
1998-01-22,1.0775,1.0893,1.0749,1.0849,215
1998-01-23,1.0849,1.1031,1.0831,1.1003,247
1998-01-26,1.1064,1.1158,1.0886,1.0906,387
1998-01-27,1.0905,1.0975,1.0899,1.0975,83
1998-01-28,1.0972,1.0972,1.0782,1.0801,210
1998-01-29,1.0796999999999999,1.0836,1.0689,1.0704,202
1998-01-30,1.0704,1.0752,1.0657,1.0686,173
1998-02-02,1.0672,1.0787,1.0646,1.077,185
1998-02-03,1.077,1.0813,1.0723,1.0796000000000001,155
1998-02-04,1.0796000000000001,1.0874,1.075,1.0854,191
1998-02-05,1.0853,1.0962,1.084,1.0934,164
1998-02-06,1.0936,1.0948,1.0796999999999999,1.0806,173
1998-02-09,1.0796000000000001,1.0822,1.0745,1.0755,114
1998-02-10,1.0756000000000001,1.0845,1.0756000000000001,1.0845,90
1998-02-11,1.0843,1.0847,1.0728,1.0749,145
1998-02-12,1.0748,1.0829,1.0734,1.0809,130
1998-02-13,1.0813,1.0813,1.0705,1.0761,165
1998-02-16,1.076,1.0777,1.0718,1.076,119
1998-02-17,1.0759,1.079,1.0695000000000001,1.0719,151
1998-02-18,1.0718,1.0763,1.0691,1.0739,124
1998-02-19,1.0741,1.0778,1.0713,1.0766,106
1998-02-20,1.0766,1.0785,1.072,1.0746,111
1998-02-23,1.0761,1.0924,1.0699,1.0886,326
1998-02-24,1.0886,1.0901,1.0843,1.088,111
1998-02-25,1.088,1.0903,1.0746,1.076,195
1998-02-26,1.0763,1.0809,1.0735999999999999,1.0777,133
1998-02-27,1.0778,1.0823,1.0756000000000001,1.0767,124
1998-03-02,1.0778,1.0858,1.0775,1.0782,163
1998-03-03,1.0781,1.0826,1.0749,1.0795,141
1998-03-04,1.0876,1.094,1.0855,1.0889,158
1998-03-05,1.0852,1.0951,1.077,1.0803,314
1998-03-06,1.0751,1.0865,1.073,1.0802,220
1998-03-09,1.0754,1.0853,1.0735,1.0841,150
1998-03-10,1.0794,1.084,1.0761,1.0832,121
1998-03-11,1.077,1.0843,1.0741,1.083,145
1998-03-12,1.082,1.0873,1.0798,1.0849,122
1998-03-13,1.0846,1.0962,1.0804,1.0921,242
1998-03-16,1.092,1.0942,1.086,1.09,145
1998-03-17,1.0918,1.0962,1.0873,1.0903,164
1998-03-18,1.089,1.0918,1.084,1.0869,136
1998-03-19,1.0862,1.089,1.0827,1.0844,109
1998-03-20,1.0838,1.0871,1.0808,1.0855,110
1998-03-23,1.0844,1.0897000000000001,1.0812,1.0888,127
1998-03-24,1.0884,1.0896,1.0838,1.0864,97
1998-03-25,1.0858,1.0897000000000001,1.0828,1.0873,124
1998-03-26,1.0866,1.0931,1.0835,1.091,149
1998-03-27,1.0918,1.0933,1.0849,1.0876,127
1998-03-30,1.0866,1.0877,1.0745,1.076,159
1998-03-31,1.0758,1.0795,1.0721,1.0769,138
1998-04-01,1.0755,1.078,1.0714,1.0741,119
1998-04-02,1.073,1.0772,1.0715,1.0731,114
1998-04-03,1.072,1.0775,1.07,1.0752,119
1998-04-06,1.077,1.0808,1.0753,1.0796000000000001,85
1998-04-07,1.078,1.0821,1.0774,1.0817,58
1998-04-08,1.0805,1.0965,1.0803,1.0908,222
1998-04-09,1.0915,1.0954,1.085,1.0875,169
1998-04-10,1.0905,1.0925,1.0874,1.0887,85
1998-04-13,1.0845,1.0893,1.0838,1.0881,75
1998-04-14,1.087,1.1029,1.0868,1.1002,191
1998-04-15,1.098,1.1052,1.0955,1.1007,168
1998-04-16,1.099,1.101,1.0918,1.0997,178
1998-04-17,1.098,1.1038000000000001,1.095,1.0979,176
1998-04-20,1.095,1.1025,1.0928,1.1008,137
1998-04-21,1.099,1.1088,1.099,1.1054,133
1998-04-22,1.103,1.1101,1.1004,1.103,195
1998-04-23,1.1015,1.1065,1.0967,1.1003,185
1998-04-24,1.0985,1.1045,1.0977,1.1036,86
1998-04-27,1.102,1.109,1.0988,1.1057,168
1998-04-28,1.104,1.1075,1.0995,1.1023,144
1998-04-29,1.101,1.1041,1.095,1.1017,176
1998-04-30,1.101,1.1063,1.0995,1.1025,122
1998-05-01,1.101,1.114,1.101,1.1092,179
1998-05-04,1.1065,1.1111,1.1039,1.1104,106
1998-05-05,1.11,1.1172,1.1064,1.116,157
1998-05-06,1.1125,1.1194,1.1105,1.1171,133
1998-05-07,1.114,1.1207,1.1123,1.1148,161
1998-05-08,1.1135,1.1158,1.1085,1.1128,140
1998-05-11,1.1125,1.117,1.1048,1.1083,203
1998-05-12,1.108,1.113,1.1067,1.109,117
1998-05-13,1.107,1.111,1.1042,1.109,117
1998-05-14,1.1075,1.111,1.1033,1.1077,153
1998-05-15,1.106,1.109,1.1012,1.1035,132
1998-05-18,1.103,1.105,1.0993,1.1034,111
1998-05-19,1.1019,1.107,1.1019,1.1052,70
1998-05-20,1.1065,1.1146,1.106,1.1122,116
1998-05-21,1.111,1.1216,1.111,1.1187,136
1998-05-22,1.117,1.1212,1.1143,1.1185,124
1998-05-25,1.117,1.1195,1.1117,1.1149,136
1998-05-26,1.113,1.1173,1.1098,1.1128,149
1998-05-27,1.111,1.1193,1.1008,1.1067,328
1998-05-28,1.105,1.1111,1.1012,1.107,179
1998-05-29,1.105,1.108,1.0991,1.1034,163
1998-06-01,1.101,1.1097,1.101,1.1084,101
1998-06-02,1.106,1.1095,1.1045,1.1075,86
1998-06-03,1.106,1.1155,1.106,1.114,111
1998-06-04,1.1115,1.1188,1.1109,1.114,134
1998-06-05,1.114,1.116,1.1074,1.111,143
1998-06-08,1.109,1.1123,1.1063,1.108,111
1998-06-09,1.1075,1.111,1.1051,1.1077,117
1998-06-10,1.107,1.109,1.0955,1.0985,186
1998-06-11,1.097,1.1004,1.0894,1.0904,155
1998-06-12,1.09,1.0974,1.0898,1.0942,111
1998-06-15,1.0925,1.0945,1.086,1.0895,141
1998-06-16,1.0885,1.1014,1.0885,1.0998,146
1998-06-17,1.101,1.1088,1.0986,1.1045,170
1998-06-18,1.103,1.1103,1.0995,1.1052,195
1998-06-19,1.104,1.111,1.1015,1.1067,164
1998-06-22,1.105,1.107,1.0972,1.1027,174
1998-06-23,1.102,1.107,1.0956,1.0979,188
1998-06-24,1.096,1.1021,1.0955,1.0993,100
1998-06-25,1.098,1.105,1.0975,1.1031,100
1998-06-26,1.1005,1.1055,1.091,1.0947,233
1998-06-29,1.093,1.097,1.0898,1.0921,136
1998-06-30,1.091,1.0994,1.091,1.0983,96
1998-07-01,1.0959,1.098,1.087,1.0895,157
1998-07-02,1.09,1.092,1.0847,1.0889,136
1998-07-03,1.0875,1.0955,1.0868,1.0885,165
1998-07-06,1.087,1.0958,1.087,1.0937999999999999,109
1998-07-07,1.092,1.094,1.0873,1.0896,111
1998-07-08,1.09,1.0927,1.0853,1.087,119
1998-07-09,1.0885,1.0905,1.079,1.0821,167
1998-07-10,1.0825,1.0896,1.0793,1.0893,139
1998-07-13,1.0875,1.0998,1.087,1.0986,146
1998-07-14,1.096,1.1011,1.094,1.097,133
1998-07-15,1.095,1.1002,1.093,1.0988,107
1998-07-16,1.0995,1.1068,1.098,1.1062,110
1998-07-17,1.105,1.1097,1.1018,1.1075,134
1998-07-20,1.106,1.1123,1.1053,1.1084,117
1998-07-21,1.105,1.1089,1.102,1.1057,132
1998-07-22,1.1045,1.1072,1.1005,1.1038000000000001,128
1998-07-23,1.1019,1.1063,1.0994,1.1063,95
1998-07-24,1.105,1.1124,1.1036,1.1096,131
1998-07-27,1.1091,1.1116,1.1043,1.1048,104
1998-07-28,1.1035,1.1165,1.1035,1.1148,148
1998-07-29,1.113,1.1175,1.1088,1.113,175
1998-07-30,1.112,1.1178,1.1052,1.1068,201
1998-07-31,1.106,1.1104,1.1035,1.11,99
1998-08-03,1.108,1.1105,1.1003,1.1046,171
1998-08-04,1.103,1.115,1.1015,1.1125,176
1998-08-05,1.114,1.116,1.1103,1.1128,103
1998-08-06,1.111,1.1174,1.1097,1.111,155
1998-08-07,1.1105,1.115,1.1059,1.1077,155
1998-08-10,1.105,1.1105,1.1045,1.1085,86
1998-08-11,1.1065,1.1098,1.1019,1.1068,156
1998-08-12,1.106,1.1136,1.1022,1.1046,215
1998-08-13,1.0995,1.1068,1.0975,1.1056,126
1998-08-14,1.1045,1.107,1.0923,1.0952,202
1998-08-17,1.0919,1.1013,1.0876,1.0987,207
1998-08-18,1.098,1.1016,1.0936,1.0949,130
1998-08-19,1.0955,1.0981,1.0921,1.0973,103
1998-08-20,1.097,1.1023,1.094,1.0976,161
1998-08-21,1.095,1.1013,1.094,1.0989,108
1998-08-24,1.0955,1.1012,1.0947,1.0998,88
1998-08-25,1.0995,1.1005,1.0957,1.0982,84
1998-08-26,1.097,1.0996,1.0904,1.0941,156
1998-08-27,1.093,1.1024,1.0895,1.099,199
1998-08-28,1.099,1.1243,1.097,1.123,307
1998-08-31,1.1149,1.1306,1.1092,1.1306,272
1998-09-01,1.129,1.1358,1.1192,1.1262,305
1998-09-02,1.1245,1.1313,1.1208,1.1283,173
1998-09-03,1.1265,1.1478,1.1265,1.1402,290
1998-09-04,1.139,1.1412,1.1293,1.1386,235
1998-09-07,1.1400000000000001,1.1493,1.1374,1.1411,228
1998-09-08,1.137,1.1428,1.1320000000000001,1.1357,204
1998-09-09,1.1339,1.1449,1.1283,1.1449,223
1998-09-10,1.148,1.169,1.1473,1.1672,243
1998-09-11,1.164,1.1735,1.1576,1.1596,275
1998-09-14,1.1555,1.1613,1.1485,1.1593,219
1998-09-15,1.158,1.1678,1.1552,1.161,223
1998-09-16,1.16,1.164,1.1528,1.1614,211
1998-09-17,1.163,1.173,1.1577,1.16,277
1998-09-18,1.1602999999999999,1.1656,1.1566,1.1593,171
1998-09-21,1.161,1.174,1.1605,1.1623999999999999,257
1998-09-22,1.162,1.1701,1.1568,1.1684,203
1998-09-23,1.167,1.1709,1.1586,1.17,217
1998-09-24,1.171,1.1761,1.1648,1.1743999999999999,193
1998-09-25,1.1735,1.184,1.1695,1.1713,269
1998-09-28,1.173,1.1764999999999999,1.1645,1.1753,218
1998-09-29,1.1742,1.1783,1.1708,1.1783,110
1998-09-30,1.1769,1.1801,1.1718,1.1801,135
1998-10-01,1.1777,1.1956,1.177,1.1932,218
1998-10-02,1.1921,1.2082,1.188,1.1962,364
1998-10-05,1.2015,1.2112,1.1967,1.2058,248
1998-10-06,1.207,1.214,1.1968,1.2092,323
1998-10-07,1.206,1.2265,1.2031,1.2182,347
1998-10-08,1.217,1.2401,1.2153,1.225,417
1998-10-09,1.206,1.2218,1.204,1.2133,284
1998-10-12,1.2115,1.219,1.1958,1.1985000000000001,335
1998-10-13,1.2,1.211,1.1973,1.205,225
1998-10-14,1.2098,1.2119,1.1959,1.2004,227
1998-10-15,1.2029,1.2178,1.2015,1.2178,178
1998-10-16,1.218,1.225,1.21,1.2172,293
1998-10-19,1.215,1.2209,1.2017,1.2045,280
1998-10-20,1.2055,1.2095,1.1968,1.2028,228
1998-10-21,1.2025000000000001,1.207,1.1918,1.1928,208
1998-10-22,1.189,1.2034,1.188,1.2016,183
1998-10-23,1.2,1.2063,1.196,1.2002,205
1998-10-26,1.194,1.1981,1.1813,1.1837,234
1998-10-27,1.185,1.1912,1.1804000000000001,1.1901,166
1998-10-28,1.1912,1.1954,1.186,1.188,157
1998-10-29,1.1875,1.1975,1.1875,1.1902,174
1998-10-30,1.1905000000000001,1.1934,1.1847,1.1902,172
1998-11-02,1.1905000000000001,1.1943,1.1861,1.1875,135
1998-11-03,1.1865,1.1885,1.1778,1.1828,178
1998-11-04,1.1815,1.1854,1.1731,1.1782,214
1998-11-05,1.178,1.187,1.177,1.1826,155
1998-11-06,1.182,1.185,1.1718,1.1746,191
1998-11-09,1.173,1.1764999999999999,1.1599,1.1648,251
1998-11-10,1.164,1.1712,1.1617,1.1699,132
1998-11-11,1.168,1.1741,1.1657,1.1733,116
1998-11-12,1.171,1.173,1.1582,1.167,257
1998-11-13,1.166,1.1701,1.1614,1.1683,152
1998-11-16,1.168,1.1843,1.168,1.1785,222
1998-11-17,1.179,1.186,1.1764999999999999,1.1789,190
1998-11-18,1.179,1.1839,1.1724999999999999,1.1745,184
1998-11-19,1.173,1.1778,1.1643,1.1661,202
1998-11-20,1.166,1.171,1.1602999999999999,1.1623999999999999,179
1998-11-23,1.1605,1.1635,1.1485,1.1545,241
1998-11-24,1.153,1.1567,1.1475,1.156,155
1998-11-25,1.155,1.1601,1.1522000000000001,1.1551,158
1998-11-26,1.1545,1.1569,1.1515,1.1553,101
1998-11-27,1.156,1.158,1.1455,1.149,181
1998-11-30,1.148,1.164,1.148,1.16,201
1998-12-01,1.1595,1.1708,1.1565,1.1662,220
1998-12-02,1.163,1.1767,1.162,1.1743000000000001,182
1998-12-03,1.172,1.181,1.1647,1.177,277
1998-12-04,1.1764999999999999,1.179,1.166,1.1728,224
1998-12-07,1.1715,1.1735,1.166,1.1686,122
1998-12-08,1.1669,1.1773,1.1663000000000001,1.1773,117
1998-12-09,1.1755,1.1798,1.1729,1.1757,137
1998-12-10,1.1745,1.189,1.1745,1.1869,167
1998-12-11,1.186,1.1933,1.183,1.1927,140
1998-12-14,1.1915,1.1967,1.184,1.1922,248
1998-12-15,1.191,1.193,1.1818,1.1837,152
1998-12-16,1.183,1.1896,1.1713,1.1751,288
1998-12-17,1.177,1.1844999999999999,1.1761,1.1787,152
1998-12-18,1.1825,1.1874,1.1766,1.1812,204
1998-12-21,1.182,1.186,1.1724,1.1757,210
1998-12-22,1.1729,1.1773,1.1705,1.1752,114
1998-12-23,1.174,1.178,1.171,1.1739,140
1998-12-24,1.172,1.174,1.1663000000000001,1.173,145
1998-12-25,1.167,1.17,1.1663000000000001,1.1681,64
1998-12-28,1.1662,1.1722,1.166,1.1722,65
1998-12-29,1.1706,1.1779,1.1699,1.1739,128
1998-12-30,1.173,1.1773,1.165,1.1683,200
1998-12-31,1.167,1.175,1.1632,1.1724,183
1999-01-04,1.1801,1.1862,1.1769,1.1815,4128
1999-01-05,1.1815,1.1835,1.175,1.1758,5357
1999-01-06,1.1761,1.1773,1.1553,1.1623,5288
1999-01-07,1.1623,1.1735,1.1612,1.1712,5515
1999-01-08,1.1713,1.172,1.1533,1.1585,5660
1999-01-11,1.1575,1.161,1.1487,1.1503,5386
1999-01-12,1.1504,1.158,1.1447,1.1555,5703
1999-01-13,1.1561,1.179,1.1553,1.1681,7089
1999-01-14,1.1673,1.1728,1.1614,1.1681,5917
1999-01-15,1.1683,1.1749,1.1552,1.1562999999999999,6867
1999-01-18,1.1565,1.162,1.1564,1.1605,4540
1999-01-19,1.1605,1.1642000000000001,1.1562999999999999,1.1602999999999999,6220
1999-01-20,1.1598,1.1611,1.1539,1.1566,6201
1999-01-21,1.1567,1.1619,1.1545,1.1601,5743
1999-01-22,1.1605,1.1626,1.1559,1.1587,5014
1999-01-25,1.1579,1.1608,1.1547,1.1552,4290
1999-01-26,1.1555,1.1591,1.155,1.1562000000000001,5999
1999-01-27,1.1562000000000001,1.1565,1.1408,1.144,6397
1999-01-28,1.1445,1.147,1.1378,1.1407,5613
1999-01-29,1.1407,1.1433,1.1342,1.1367,6243
1999-02-01,1.1383,1.1397,1.129,1.1323,6062
1999-02-02,1.1323,1.1365,1.1284,1.1352,6101
1999-02-03,1.1353,1.1363,1.13,1.1306,4795
1999-02-04,1.1309,1.1346,1.1247,1.1344,5836
1999-02-05,1.1343,1.1373,1.1253,1.126,5388
1999-02-08,1.1262,1.133,1.1219999999999999,1.1315,4637
1999-02-09,1.1312,1.1345,1.1280999999999999,1.1315,4905
1999-02-10,1.1314,1.1360000000000001,1.127,1.1326,5228
1999-02-11,1.1323,1.1336,1.1214,1.1218,4767
1999-02-12,1.1219,1.1308,1.1216,1.1306,4558
1999-02-15,1.1299,1.1304,1.1221,1.1224,3881
1999-02-16,1.1227,1.1238,1.1158,1.1211,4865
1999-02-17,1.1212,1.1267,1.12,1.1247,4128
1999-02-18,1.1246,1.1280000000000001,1.1185,1.1198,4535
1999-02-19,1.1197,1.1211,1.1055,1.1058,5234
1999-02-22,1.1052,1.1064,1.0962,1.1023,4852
1999-02-23,1.1024,1.107,1.0941,1.1009,4760
1999-02-24,1.1009,1.1047,1.0926,1.1005,5038
1999-02-25,1.1004,1.1078999999999999,1.0983,1.1033,5172
1999-02-26,1.1026,1.1047,1.0955,1.1025,5521
1999-03-01,1.0982,1.1025,1.0884,1.0898,5968
1999-03-02,1.0896,1.0947,1.0857,1.0942,4875
1999-03-03,1.0941,1.0946,1.0869,1.0872,5216
1999-03-04,1.087,1.088,1.079,1.0805,5154
1999-03-05,1.0806,1.0867,1.0786,1.0818,4319
1999-03-08,1.0821,1.0925,1.0802,1.0887,4858
1999-03-09,1.0887,1.092,1.0857,1.089,5218
1999-03-10,1.0888,1.0975,1.0877,1.0943,5442
1999-03-11,1.0943,1.1057,1.0798,1.1037,6162
1999-03-12,1.1038000000000001,1.1041,1.0892,1.0905,5718
1999-03-15,1.0909,1.0961,1.0885,1.0923,4370
1999-03-16,1.0922,1.102,1.0819,1.1012,4634
1999-03-17,1.1006,1.1045,1.0937000000000001,1.1007,5448
1999-03-18,1.1009,1.107,1.0957,1.0973,5822
1999-03-19,1.0973,1.1001,1.0877,1.0889,5286
1999-03-22,1.0909,1.092,1.0852,1.0916,4902
1999-03-23,1.0914,1.0927,1.086,1.0889,5303
1999-03-24,1.089,1.0962,1.0865,1.0882,5216
1999-03-25,1.0875,1.0909,1.0826,1.0834,4835
1999-03-26,1.0835,1.0868,1.0715,1.0765,5320
1999-03-29,1.0752,1.079,1.068,1.0731,4614
1999-03-30,1.073,1.0775,1.0697,1.072,4124
1999-03-31,1.0722,1.0822,1.0686,1.0769,5157
1999-04-01,1.0767,1.0823,1.0727,1.0795,4783
1999-04-02,1.0798,1.0807,1.0766,1.0794,2252
1999-04-05,1.0795,1.0796999999999999,1.0703,1.071,3204
1999-04-06,1.071,1.0855,1.0705,1.0842,5659
1999-04-07,1.0836,1.0847,1.0765,1.0768,5243
1999-04-08,1.0769,1.0884,1.0725,1.075,5724
1999-04-09,1.0743,1.0815,1.0731,1.0794,5420
1999-04-12,1.0822,1.0879,1.0802,1.081,4316
1999-04-13,1.0807,1.0831,1.0745,1.0782,4870
1999-04-14,1.0781,1.082,1.0765,1.0814,4655
1999-04-15,1.081,1.0815,1.0692,1.0695000000000001,5067
1999-04-16,1.0693,1.0718,1.0629,1.0702,5220
1999-04-19,1.0676,1.0703,1.0591,1.0664,4960
1999-04-20,1.066,1.0685,1.061,1.062,5328
1999-04-21,1.0621,1.0637,1.0575,1.0586,5327
1999-04-22,1.0589,1.066,1.056,1.0646,4906
1999-04-23,1.0643,1.0685,1.0597,1.0608,4647
1999-04-26,1.0605,1.0628,1.0574,1.0587,4477
1999-04-27,1.0586,1.067,1.0579,1.0659,5541
1999-04-28,1.066,1.07,1.0603,1.0627,5280
1999-04-29,1.0628,1.064,1.0578,1.0614,5400
1999-04-30,1.0615,1.0635,1.0547,1.0575,4777
1999-05-03,1.0586,1.0603,1.0551,1.0565,3947
1999-05-04,1.0565,1.0635,1.0557,1.063,5043
1999-05-05,1.063,1.0774,1.0617,1.0755,5348
1999-05-06,1.0754,1.0827,1.0737,1.0796000000000001,6486
1999-05-07,1.0795,1.0814,1.0745,1.0758,5353
1999-05-10,1.073,1.0833,1.0707,1.0783,5123
1999-05-11,1.0787,1.0805,1.0702,1.0715,6048
1999-05-12,1.0714,1.0735,1.0635,1.0649,6565
1999-05-13,1.065,1.0676,1.0602,1.0657,6992
1999-05-14,1.0662,1.0744,1.0633,1.0657,6512
1999-05-17,1.0675,1.0688,1.064,1.0669,5311
1999-05-18,1.0667,1.071,1.0657,1.068,5249
1999-05-19,1.0681,1.0692,1.062,1.0667,6176
1999-05-20,1.0665,1.0714,1.0613,1.0619,6239
1999-05-21,1.062,1.0624,1.0544,1.0591,5077
1999-05-24,1.0562,1.0608,1.055,1.0602,3408
1999-05-25,1.0603,1.0647,1.056,1.0617,6277
1999-05-26,1.0618,1.0627,1.0437,1.0449,6954
1999-05-27,1.045,1.0491,1.0407,1.0427,6967
1999-05-28,1.0427,1.0509,1.0397,1.0429,6437
1999-05-31,1.0456,1.0487,1.0412,1.0422,5011
1999-06-01,1.0418,1.0475,1.0416,1.0453,6647
1999-06-02,1.0452,1.0463,1.0325,1.0363,6644
1999-06-03,1.0358,1.0417,1.0303,1.0314,7822
1999-06-04,1.0316,1.0379,1.027,1.0376,6171
1999-06-07,1.0359,1.0359,1.026,1.0289,5335
1999-06-08,1.0288,1.0472,1.0263,1.0463,6939
1999-06-09,1.0463,1.0488,1.0425,1.0467,5957
1999-06-10,1.0468,1.0523,1.0436,1.0487,7429
1999-06-11,1.0486,1.0559,1.0467,1.0513,5762
1999-06-14,1.0507,1.0508,1.0406,1.042,5803
1999-06-15,1.0425,1.0438,1.0379,1.0431,6253
1999-06-16,1.0431,1.044,1.0288,1.0305,5758
1999-06-17,1.0305,1.0359,1.029,1.0343,5776
1999-06-18,1.0343,1.0428,1.0294,1.04,5757
1999-06-21,1.0383,1.042,1.0307,1.035,6185
1999-06-22,1.0343,1.0361,1.0293,1.0327,5901
1999-06-23,1.0328,1.035,1.027,1.0336,5555
1999-06-24,1.0335,1.0417,1.0305,1.0407,5814
1999-06-25,1.0408,1.0477,1.0404,1.0429,6280
1999-06-28,1.0397,1.0439,1.0326,1.0332,6477
1999-06-29,1.0332,1.037,1.0314,1.0326,6500
1999-06-30,1.0326,1.0363,1.029,1.0362,8427
1999-07-01,1.036,1.0397,1.0218,1.0238,5280
1999-07-02,1.0237,1.0258,1.021,1.025,6886
1999-07-05,1.0248,1.0258,1.0212,1.0224,5063
1999-07-06,1.0225,1.026,1.0184,1.0248,5440
1999-07-07,1.025,1.0271,1.0172,1.019,5871
1999-07-08,1.0189,1.0227,1.0147,1.0221,5963
1999-07-09,1.0221,1.0244,1.0162,1.02,6332
1999-07-12,1.0195,1.02,1.0111,1.0148,4539
1999-07-13,1.0146,1.0212,1.0107,1.0171,6180
1999-07-14,1.0168,1.0227,1.0126,1.0202,6111
1999-07-15,1.0201,1.0252,1.0184,1.0199,7215
1999-07-16,1.0197,1.0232,1.0183,1.0201,6062
1999-07-19,1.0186,1.0333,1.0122,1.0317,6606
1999-07-20,1.0314,1.0437,1.0279,1.0405,5434
1999-07-21,1.0403,1.0548,1.0394,1.0515,5404
1999-07-22,1.0515,1.057,1.0475,1.0502,6281
1999-07-23,1.0502,1.0546,1.0455,1.0524,6141
1999-07-26,1.0521,1.0723,1.0516,1.0643,7105
1999-07-27,1.0642,1.0703,1.0607,1.0634,6986
1999-07-28,1.0633,1.0692,1.059,1.0667,5839
1999-07-29,1.0666,1.0743,1.0653,1.0713,7008
1999-07-30,1.0711,1.0746,1.0675,1.0714,4593
1999-08-02,1.0699,1.0711,1.0625,1.0682,6665
1999-08-03,1.0684,1.0702,1.0628,1.0679,6668
1999-08-04,1.0677,1.0796000000000001,1.0672,1.0779,6577
1999-08-05,1.078,1.0827,1.0742,1.0758,6250
1999-08-06,1.0755,1.0792,1.0721,1.0735,6452
1999-08-09,1.0725,1.0738,1.0682,1.0722,5150
1999-08-10,1.0721,1.0766,1.0699,1.0707,5660
1999-08-11,1.0709,1.0727,1.0642,1.0657,5193
1999-08-12,1.0657,1.0679,1.0621,1.0673,6334
1999-08-13,1.0673,1.0697,1.0559,1.0567,6295
1999-08-16,1.0576,1.0601,1.0543,1.0583,6106
1999-08-17,1.0582,1.0588,1.049,1.0511,5615
1999-08-18,1.051,1.0561,1.0498,1.0525,5953
1999-08-19,1.0526,1.0649,1.0459,1.0635,6542
1999-08-20,1.0634,1.0695000000000001,1.0627,1.0675,5803
1999-08-23,1.0671,1.068,1.046,1.0493,5744
1999-08-24,1.0492,1.0551,1.0398,1.0535,6872
1999-08-25,1.0539,1.0549,1.0407,1.0431,7206
1999-08-26,1.0432,1.0472,1.0411,1.0459,4907
1999-08-27,1.0459,1.049,1.0426,1.0465,5626
1999-08-30,1.0479,1.0498,1.0435,1.0493999999999999,5817
1999-08-31,1.0496,1.0608,1.0483,1.0562,6208
1999-09-01,1.0565,1.064,1.0559,1.0578,5146
1999-09-02,1.0577,1.0729,1.0557,1.0682,5520
1999-09-03,1.0684,1.0722,1.0587,1.0613,5853
1999-09-06,1.0578,1.0621,1.057,1.0572,4970
1999-09-07,1.0571,1.0603,1.0517,1.0589,6499
1999-09-08,1.0588,1.0645,1.0564,1.0597,7227
1999-09-09,1.0596,1.0636,1.0525,1.0537,7052
1999-09-10,1.0537,1.0565,1.0349,1.0368,7790
1999-09-13,1.0357,1.0429,1.0298,1.0416,7681
1999-09-14,1.0417,1.0442,1.0318,1.0357,7648
1999-09-15,1.0358,1.0423,1.0286,1.0406,7188
1999-09-16,1.0407,1.0471,1.035,1.0387,7000
1999-09-17,1.0392,1.0427,1.0362,1.0425,6336
1999-09-20,1.0413000000000001,1.0451,1.0349,1.0367,6077
1999-09-21,1.0368,1.0502,1.0359,1.0492,6436
1999-09-22,1.0493,1.0543,1.0407,1.0434,6647
1999-09-23,1.0435,1.0517,1.0393,1.0512,6099
1999-09-24,1.0511,1.0541,1.0421,1.043,6419
1999-09-27,1.0436,1.048,1.0394,1.046,6387
1999-09-28,1.0459,1.057,1.0441,1.0518,6319
1999-09-29,1.052,1.0657,1.0516,1.0643,5985
1999-09-30,1.0642,1.0701,1.0609,1.0679,6147
1999-10-01,1.0679,1.0767,1.0636,1.073,5859
1999-10-04,1.0714,1.0776,1.0689,1.0734,5774
1999-10-05,1.0735,1.076,1.0669,1.0732,6471
1999-10-06,1.0731,1.0779,1.0681,1.0689,6839
1999-10-07,1.0688,1.0748,1.0661,1.071,7213
1999-10-08,1.0711,1.072,1.0602,1.0631,6195
1999-10-11,1.0616,1.0657,1.0608,1.0633,5769
1999-10-12,1.0632,1.0775,1.0631,1.0773,7359
1999-10-13,1.0771,1.0817,1.0735999999999999,1.081,7042
1999-10-14,1.081,1.0831,1.0749,1.0773,7431
1999-10-15,1.0774,1.0915,1.0766,1.0878,7497
1999-10-18,1.0898,1.0904,1.0803,1.0816,7081
1999-10-19,1.0817,1.0852,1.0776,1.0827,6677
1999-10-20,1.0826,1.0844,1.073,1.0765,6740
1999-10-21,1.0765,1.0834,1.0754,1.0805,6934
1999-10-22,1.0803,1.0814,1.0653,1.0693,6474
1999-10-25,1.069,1.0705,1.0633,1.0677,6032
1999-10-26,1.0677,1.0697,1.0563,1.0596,6628
1999-10-27,1.0594,1.064,1.0477,1.0524,7230
1999-10-28,1.0524,1.0545,1.0471,1.0522,7391
1999-10-29,1.0523,1.0559,1.0431,1.0527,7192
1999-11-01,1.0551,1.0594,1.0484,1.0517,6890
1999-11-02,1.052,1.0558,1.0485,1.0523,6778
1999-11-03,1.0523,1.0535,1.0456,1.0489,7233
1999-11-04,1.0489,1.0541,1.0344,1.0371,7576
1999-11-05,1.037,1.0457,1.0361,1.0444,7564
1999-11-08,1.0444,1.0463,1.0347,1.0383,7171
1999-11-09,1.0385,1.0433,1.0363,1.0401,6098
1999-11-10,1.0406,1.0455,1.0389,1.0445,7077
1999-11-11,1.0444,1.0451,1.0392,1.0406,6422
1999-11-12,1.0407,1.0415,1.0289,1.0319,6865
1999-11-15,1.033,1.0345,1.0297,1.0333,6203
1999-11-16,1.0333,1.0357,1.0291,1.0303,6371
1999-11-17,1.0298,1.0445,1.0297,1.041,7190
1999-11-18,1.0407,1.0436,1.0265,1.0296,6537
1999-11-19,1.0299,1.0336,1.0245,1.031,6504
1999-11-22,1.0303,1.0341,1.0291,1.0317,6055
1999-11-23,1.0319,1.0336,1.0257,1.0277,5913
1999-11-24,1.0278,1.0285,1.0156,1.0186,7127
1999-11-25,1.0185,1.0213,1.0164,1.0184,6506
1999-11-26,1.0185,1.02,1.008,1.0172,6805
1999-11-29,1.0157,1.0203,1.0037,1.0088,7787
1999-11-30,1.009,1.0145,1.0042,1.0085,7943
1999-12-01,1.0085,1.0129,1.0047,1.0083,6459
1999-12-02,1.0082,1.0107,0.9996,1.0018,7377
1999-12-03,1.0018,1.0042,0.9993,1.0031,6526
1999-12-06,1.0025,1.0263,0.9991,1.0224,5440
1999-12-07,1.0224,1.0297,1.0199,1.025,6206
1999-12-08,1.0251,1.0289,1.0221,1.0277,5898
1999-12-09,1.0278,1.0285,1.0152,1.0215,6163
1999-12-10,1.0217,1.0228,1.0112,1.0137,5363
1999-12-13,1.0139,1.0161,1.0107,1.0138,4351
1999-12-14,1.0137,1.0149,1.0027,1.0055,5209
1999-12-15,1.0056,1.0087,1.0011,1.0071,5347
1999-12-16,1.0072,1.0192,1.0062,1.0186,5860
1999-12-17,1.0176,1.0247,1.0061,1.0077,5954
1999-12-20,1.0084,1.0145,1.0041,1.0138,6944
1999-12-21,1.0136,1.0154,1.0073,1.0086,7203
1999-12-22,1.0085,1.0111,1.0055,1.0092,6955
1999-12-23,1.0093,1.0178,1.007,1.0163,5459
1999-12-24,1.0161,1.0172,1.0114,1.0131000000000001,4193
1999-12-27,1.0127,1.016,1.0113,1.0132,5173
1999-12-28,1.0131000000000001,1.0142,1.0033,1.0067,5977
1999-12-29,1.0068,1.0106,1.0035,1.0041,5482
1999-12-30,1.0042,1.0092,1.0017,1.0085,5781
1999-12-31,1.0086,1.0106,1.0047,1.0062,2139
2000-01-03,1.0073,1.0278,1.0054,1.0246,6642
2000-01-04,1.0243,1.034,1.0213,1.0292,7339
2000-01-05,1.0293,1.0402,1.0284,1.0326,6570
2000-01-06,1.0325,1.0415,1.0272,1.033,7223
2000-01-07,1.0329,1.0332,1.026,1.0298,5689
2000-01-10,1.0286,1.0305,1.0211,1.0251,6197
2000-01-11,1.0253,1.0341,1.0246,1.0336,6637
2000-01-12,1.0337,1.037,1.0261,1.0308,6877
2000-01-13,1.0309,1.0316,1.0237,1.026,6176
2000-01-14,1.0261,1.0275,1.0114,1.0122,6176
2000-01-17,1.0129,1.0148,1.0069,1.0119,5681
2000-01-18,1.0118,1.0154,1.0072,1.0152,6737
2000-01-19,1.0152,1.0165,1.0085,1.0125,6369
2000-01-20,1.0126,1.0188,1.0073,1.0167,6803
2000-01-21,1.0168,1.0193,1.005,1.0087,7670
2000-01-24,1.0028,1.0077,0.9997,1.0071,6395
2000-01-25,1.007,1.0096,0.9992,1.0012,5959
2000-01-26,1.0012,1.0055,0.9995,1.0003,7146
2000-01-27,1.0007,1.003,0.9868,0.9882,7281
2000-01-28,0.9883,0.9895,0.9736,0.9749,6886
2000-01-31,0.9773,0.9829,0.9667,0.9711,6321
2000-02-01,0.9711,0.9782,0.9667,0.9713,6788
2000-02-02,0.9713,0.9808,0.9694,0.9765,6744
2000-02-03,0.9767,0.9947,0.971,0.9898,7679
2000-02-04,0.99,0.994,0.9747,0.984,7380
2000-02-07,0.9832,0.9832,0.9754,0.9809,5721
2000-02-08,0.981,0.9914,0.9786,0.9859,6799
2000-02-09,0.986,0.9971,0.9856,0.9934,7469
2000-02-10,0.9934,0.9962,0.9831,0.9852,7079
2000-02-11,0.9853,0.9886,0.9786,0.9884,6296
2000-02-14,0.9877,0.9916,0.9776,0.9785,6245
2000-02-15,0.9781,0.9862,0.9763,0.9813,6522
2000-02-16,0.9815,0.9878,0.979,0.9863,5691
2000-02-17,0.9862,0.9958,0.9837,0.988,6316
2000-02-18,0.9881,0.9902,0.9809,0.9845,5990
2000-02-21,0.9854,0.9889,0.9843,0.9878,5385
2000-02-22,0.9878,1.0081,0.9874,1.0039,6381
2000-02-23,1.0038,1.0089,1.0011,1.0036,5805
2000-02-24,1.0035,1.0042,0.9888,0.9911,6432
2000-02-25,0.9914,0.993,0.9722,0.9746,6567
2000-02-28,0.9728,0.9733,0.9401,0.9708,7657
2000-02-29,0.9707,0.9872,0.9622,0.9635,7618
2000-03-01,0.9635,0.9767,0.9626,0.9727,7147
2000-03-02,0.9728,0.9793,0.9615,0.9633,7838
2000-03-03,0.963,0.9678,0.9577,0.9607,7137
2000-03-06,0.9567,0.9672,0.9559,0.9579,6543
2000-03-07,0.9579,0.9624,0.9525,0.9585,7253
2000-03-08,0.9583,0.9631,0.9521,0.9615,7248
2000-03-09,0.9614,0.9698,0.9595,0.9673,7221
2000-03-10,0.9673,0.969,0.9599,0.9639,6822
2000-03-13,0.9627,0.973,0.9616,0.9645,6818
2000-03-14,0.9646,0.9692,0.959,0.9685,6763
2000-03-15,0.9684,0.9714,0.964,0.9653,6754
2000-03-16,0.9651,0.974,0.9646,0.9704,6669
2000-03-17,0.9702,0.9732,0.9657,0.9729,6354
2000-03-20,0.9725,0.9746,0.9684,0.9727,6103
2000-03-21,0.9729,0.974,0.9603,0.9609,6759
2000-03-22,0.9607,0.9632,0.9573,0.9605,6754
2000-03-23,0.9602,0.973,0.9601,0.9715,6294
2000-03-24,0.9714,0.9785,0.9672,0.9785,7121
2000-03-27,0.9774,0.979,0.9632,0.9673,6814
2000-03-28,0.9673,0.9702,0.96,0.9604,7337
2000-03-29,0.9605,0.961,0.9478,0.9514,7334
2000-03-30,0.9514,0.9624,0.951,0.9612,6829
2000-03-31,0.9613,0.9632,0.9528,0.9552,6829
2000-04-03,0.9562,0.9606,0.9502,0.9538,6260
2000-04-04,0.9539,0.9749,0.9515,0.9618,6557
2000-04-05,0.9617,0.9712,0.9594,0.9607,7361
2000-04-06,0.9607,0.9642,0.9565,0.9582,6469
2000-04-07,0.9581,0.9609,0.9537,0.9545,6598
2000-04-10,0.9548,0.963,0.9534,0.9624,6251
2000-04-11,0.9625,0.9649,0.9562,0.9587,7217
2000-04-12,0.9588,0.9607,0.9521,0.959,7611
2000-04-13,0.9589,0.9602,0.9513,0.953,7303
2000-04-14,0.9528,0.9632,0.951,0.9628,7040
2000-04-17,0.9648,0.9679,0.9516,0.9522,7095
2000-04-18,0.952,0.9527,0.944,0.945,7902
2000-04-19,0.9449,0.9491,0.9355,0.9404,6371
2000-04-20,0.94,0.9425,0.9353,0.938,6354
2000-04-21,0.9379,0.94,0.9362,0.9383,3446
2000-04-24,0.9382,0.9451,0.9367,0.9387,3627
2000-04-25,0.9389,0.9397,0.9163,0.9208,6525
2000-04-26,0.921,0.9249,0.9175,0.9234,6876
2000-04-27,0.9236,0.9249,0.9059,0.9106,7267
2000-04-28,0.9106,0.9137,0.903,0.9117,6859
2000-05-01,0.912,0.9174,0.9071,0.9157,4263
2000-05-02,0.9158,0.9175,0.9037,0.9099,6341
2000-05-03,0.9097,0.9107,0.8887,0.8953,7111
2000-05-04,0.8954,0.8973,0.8847,0.8911,7164
2000-05-05,0.8908,0.9011,0.8903,0.8969,6683
2000-05-08,0.8965,0.9045,0.8914,0.8968,7172
2000-05-09,0.8969,0.9093,0.8945,0.9085,6323
2000-05-10,0.9083,0.9132,0.9034,0.9036,7009
2000-05-11,0.9035,0.911,0.8988,0.9015,6997
2000-05-12,0.9018,0.9201,0.8979,0.9185,6754
2000-05-15,0.9179,0.919,0.9066,0.9078,5379
2000-05-16,0.9067,0.9108,0.8996,0.9004,6274
2000-05-17,0.9004,0.903,0.8891,0.8947,6311
2000-05-18,0.8949,0.8971,0.8905,0.8943,6486
2000-05-19,0.8946,0.8998,0.8844,0.897,6694
2000-05-22,0.8974,0.9073,0.8952,0.9025,6347
2000-05-23,0.9025,0.9156,0.9018,0.907,7284
2000-05-24,0.9069,0.913,0.9025,0.9029,6698
2000-05-25,0.9027,0.9134,0.8978,0.9125,6498
2000-05-26,0.9127,0.9336,0.9112,0.9315,6563
2000-05-29,0.9328,0.9335,0.9238,0.9269,5523
2000-05-30,0.9269,0.9412,0.9242,0.9293,6898
2000-05-31,0.9292,0.9382,0.9266,0.937,6514
2000-06-01,0.937,0.9379,0.9284,0.9316,5344
2000-06-02,0.9318,0.9498,0.9297,0.9458,6409
2000-06-05,0.9457,0.9493,0.9411,0.947,6098
2000-06-06,0.9469,0.9599,0.9449,0.9543,6177
2000-06-07,0.9541,0.9627,0.953,0.9608,6668
2000-06-08,0.9609,0.97,0.9508,0.9546,7102
2000-06-09,0.9545,0.957,0.9457,0.9533,6641
2000-06-12,0.9537,0.9564,0.949,0.9537,5515
2000-06-13,0.9538,0.9627,0.952,0.9583,5842
2000-06-14,0.9583,0.9654,0.9569,0.9572,6189
2000-06-15,0.9572,0.9604,0.95,0.954,6279
2000-06-16,0.9542,0.966,0.9496,0.9643,6156
2000-06-19,0.9637,0.9693,0.9562,0.9567,6244
2000-06-20,0.9566,0.9616,0.9529,0.954,6339
2000-06-21,0.9542,0.9547,0.943,0.945,6267
2000-06-22,0.9449,0.9475,0.9348,0.9359,6423
2000-06-23,0.9358,0.9431,0.9338,0.9362,6022
2000-06-26,0.9362,0.9397,0.9296,0.9369,6131
2000-06-27,0.9369,0.9471,0.9352,0.946,6078
2000-06-28,0.946,0.9468,0.9398,0.9419,6037
2000-06-29,0.9417,0.9537,0.9413,0.9512,6132
2000-06-30,0.9509,0.9603,0.9504,0.9523,6581
2000-07-03,0.9524,0.9547,0.9481,0.9504,5829
2000-07-04,0.9505,0.9525,0.9463,0.9508,5681
2000-07-05,0.9509,0.9573,0.9508,0.9529,6204
2000-07-06,0.9528,0.9599,0.9498,0.9507,6234
2000-07-07,0.9506,0.9528,0.9458,0.9479,6584
2000-07-10,0.9485,0.9556,0.9477,0.9549,5904
2000-07-11,0.9549,0.9566,0.949,0.952,5826
2000-07-12,0.952,0.953,0.9391,0.9415,6027
2000-07-13,0.9416,0.9431,0.9327,0.9368,6702
2000-07-14,0.9371,0.9398,0.9317,0.9383,6427
2000-07-17,0.9384,0.9401,0.9338,0.9365,6060
2000-07-18,0.9364,0.9367,0.9228,0.9252,6094
2000-07-19,0.925,0.9263,0.9192,0.9246,6183
2000-07-20,0.9244,0.9345,0.9201,0.9335,6352
2000-07-21,0.9334,0.9382,0.9312,0.9362,6375
2000-07-24,0.9364,0.9378,0.9309,0.9337,5650
2000-07-25,0.9337,0.9431,0.9317,0.9381,5541
2000-07-26,0.9381,0.945,0.9378,0.9435,6169
2000-07-27,0.9436,0.9444,0.9315,0.9318,6498
2000-07-28,0.9318,0.9336,0.9221,0.9225,5686
2000-07-31,0.9238,0.9294,0.9219,0.9266,5336
2000-08-01,0.9267,0.9293,0.913,0.9144,5762
2000-08-02,0.9147,0.9192,0.9113,0.9134,6135
2000-08-03,0.9138,0.9176,0.8998,0.9068,5971
2000-08-04,0.9066,0.9101,0.9011,0.9081,6078
2000-08-07,0.9073,0.9112,0.9052,0.9077,5917
2000-08-08,0.9075,0.909,0.8984,0.9026,6206
2000-08-09,0.9026,0.9034,0.8963,0.9009,5947
2000-08-10,0.901,0.9098,0.9003,0.9078,6121
2000-08-11,0.9079,0.914,0.9024,0.9036,4282
2000-08-14,0.9039,0.9071,0.9,0.9058,5645
2000-08-15,0.9058,0.9141,0.9055,0.9127,5946
2000-08-16,0.9127,0.9178,0.9062,0.9159,6315
2000-08-17,0.9162,0.9175,0.9115,0.9165,5871
2000-08-18,0.9163,0.9184,0.9057,0.9068,5972
2000-08-21,0.907,0.9079,0.9008,0.9022,5341
2000-08-22,0.9023,0.9038,0.8945,0.8972,5805
2000-08-23,0.8971,0.9027,0.8909,0.9024,6675
2000-08-24,0.9026,0.9052,0.8992,0.9021,6013
2000-08-25,0.9018,0.9073,0.8974,0.9022,6371
2000-08-28,0.9024,0.9045,0.8986,0.9,4758
2000-08-29,0.9002,0.9023,0.8913,0.8925,5758
2000-08-30,0.8926,0.8957,0.8867,0.8951,5829
2000-08-31,0.8952,0.8971,0.8841,0.8886,5689
2000-09-01,0.8886,0.9017,0.8875,0.9003,5912
2000-09-04,0.9002,0.904,0.8964,0.8976,5367
2000-09-05,0.8977,0.8992,0.8849,0.8898,6151
2000-09-06,0.8897,0.89,0.8685,0.8714,6922
2000-09-07,0.8715,0.8763,0.8635,0.8723,7644
2000-09-08,0.8723,0.8748,0.864,0.8665,6979
2000-09-11,0.8641,0.8725,0.8565,0.8586,7712
2000-09-12,0.8584,0.869,0.8543,0.8635,7728
2000-09-13,0.8636,0.8705,0.8579,0.8602,7067
2000-09-14,0.8599,0.8719,0.8561,0.8644,7714
2000-09-15,0.8644,0.8699,0.8522,0.8522,6423
2000-09-18,0.8521,0.8575,0.8512,0.8546,6628
2000-09-19,0.8547,0.8565,0.8476,0.8514,6611
2000-09-20,0.8515,0.8525,0.8439,0.8491,6908
2000-09-21,0.849,0.8619,0.8459,0.8607,6762
2000-09-22,0.8608,0.9008,0.8573,0.8765,8236
2000-09-25,0.8797,0.8829,0.8712,0.8744,7269
2000-09-26,0.8745,0.8839,0.8727,0.8832,6552
2000-09-27,0.883,0.8886,0.8783,0.8834,6427
2000-09-28,0.8835,0.8865,0.8771,0.8791,6574
2000-09-29,0.8794,0.8849,0.8748,0.8842,6347
2000-10-02,0.8841,0.8858,0.8761,0.8776,5816
2000-10-03,0.8774,0.879,0.8728,0.876,5875
2000-10-04,0.8754,0.878,0.8717,0.8744,5159
2000-10-05,0.8744,0.8789,0.8678,0.8693,5960
2000-10-06,0.8695,0.8742,0.8665,0.8682,5875
2000-10-09,0.8685,0.8712,0.8666,0.8684,4614
2000-10-10,0.8684,0.8746,0.8659,0.8715,6098
2000-10-11,0.8715,0.8768,0.864,0.8649,6446
2000-10-12,0.865,0.8682,0.8612,0.8626,6364
2000-10-13,0.8627,0.866,0.8528,0.8564,6466
2000-10-16,0.8557,0.8561,0.8459,0.8503,6547
2000-10-17,0.8505,0.8565,0.8475,0.8542,6560
2000-10-18,0.8545,0.8573,0.8326,0.8387,6997
2000-10-19,0.839,0.8446,0.8383,0.8427,7275
2000-10-20,0.8426,0.8483,0.8351,0.842,6876
2000-10-23,0.8415,0.8424,0.8346,0.8357,6467
2000-10-24,0.8358,0.8399,0.8344,0.8359,6912
2000-10-25,0.8359,0.8387,0.8247,0.8267,7458
2000-10-26,0.8272,0.8326,0.8227,0.8308,7263
2000-10-27,0.8309,0.8443,0.8285,0.8387,7757
2000-10-30,0.8411,0.853,0.8389,0.8404,9096
2000-10-31,0.8406,0.85,0.8383,0.8484,7812
2000-11-01,0.8488,0.862,0.847,0.8606,6951
2000-11-02,0.8608,0.8667,0.8554,0.8581,7524
2000-11-03,0.858,0.8796,0.8576,0.8674,8484
2000-11-06,0.8662,0.8732,0.8557,0.8634,7920
2000-11-07,0.8632,0.8666,0.8576,0.8606,7721
2000-11-08,0.8607,0.8693,0.8516,0.8549,8572
2000-11-09,0.8551,0.8676,0.8517,0.8666,7717
2000-11-10,0.8664,0.8706,0.8589,0.8606,8298
2000-11-13,0.8621,0.8665,0.8556,0.8575,7186
2000-11-14,0.8574,0.8618,0.8549,0.8573,7057
2000-11-15,0.8576,0.8631,0.8553,0.8572,7349
2000-11-16,0.8575,0.8599,0.851,0.8535,6626
2000-11-17,0.8536,0.8578,0.8472,0.8478,7227
2000-11-20,0.8488,0.8523,0.8463,0.8506,6839
2000-11-21,0.8506,0.8536,0.8416,0.8439,7043
2000-11-22,0.8437,0.8486,0.8411,0.8451,7198
2000-11-23,0.8448,0.846,0.8372,0.8395,6441
2000-11-24,0.8396,0.8459,0.8374,0.8381,7195
2000-11-27,0.8394,0.8542,0.8387,0.853,6743
2000-11-28,0.8524,0.8582,0.8502,0.8559,6982
2000-11-29,0.8561,0.8661,0.8555,0.8583,7275
2000-11-30,0.8583,0.8738,0.8567,0.8724,8194
2000-12-01,0.8727,0.8798,0.8701,0.8792,7850
2000-12-04,0.8787,0.8932,0.8754,0.8845,8733
2000-12-05,0.8844,0.8908,0.8783,0.8799,7585
2000-12-06,0.8799,0.8927,0.877,0.8915,8007
2000-12-07,0.8914,0.8976,0.8852,0.8889,8521
2000-12-08,0.8888,0.8916,0.8809,0.8878,8243
2000-12-11,0.8813,0.8864,0.8749,0.8784,6951
2000-12-12,0.8784,0.884,0.8752,0.88,7667
2000-12-13,0.8802,0.8828,0.8715,0.8773,8646
2000-12-14,0.8775,0.8933,0.8752,0.8927,8430
2000-12-15,0.8927,0.9002,0.8902,0.8957,8791
2000-12-18,0.8946,0.9017,0.8921,0.8959,8247
2000-12-19,0.8958,0.8969,0.8879,0.8956,8330
2000-12-20,0.8952,0.91,0.8947,0.9094,8345
2000-12-21,0.9094,0.9171,0.9059,0.9165,8706
2000-12-22,0.9164,0.9262,0.9143,0.9232,8181
2000-12-25,0.923,0.928,0.9197,0.926,2356
2000-12-26,0.9255,0.9327,0.9234,0.9306,6139
2000-12-27,0.9308,0.934,0.9273,0.9313,8440
2000-12-28,0.9314,0.932,0.9247,0.9298,7338
2000-12-29,0.9299,0.943,0.928,0.9424,7297
2001-01-01,0.9421,0.9429,0.939,0.9412,247
2001-01-02,0.941,0.9519,0.9367,0.9507,7985
2001-01-03,0.9508,0.9573,0.9262,0.9276,8465
2001-01-04,0.9276,0.952,0.9269,0.951,9556
2001-01-05,0.951,0.9596,0.9463,0.9575,9625
2001-01-08,0.9584,0.9592,0.9462,0.9474,8211
2001-01-09,0.9476,0.948,0.9383,0.9443,8239
2001-01-10,0.9443,0.9467,0.9362,0.9371,8253
2001-01-11,0.9373,0.9553,0.9366,0.9525,7942
2001-01-12,0.9525,0.958,0.9468,0.9519,8363
2001-01-15,0.9524,0.9527,0.9409,0.9432,7500
2001-01-16,0.9434,0.9443,0.9372,0.9423,7880
2001-01-17,0.9424,0.9448,0.9288,0.9363,7939
2001-01-18,0.9359,0.9464,0.9352,0.9426,8367
2001-01-19,0.9427,0.9504,0.9332,0.9342,8008
2001-01-22,0.9347,0.9405,0.9268,0.9385,8033
2001-01-23,0.9388,0.9452,0.9343,0.9347,8180
2001-01-24,0.9347,0.9373,0.9209,0.9241,7839
2001-01-25,0.9241,0.9252,0.9115,0.9247,8558
2001-01-26,0.9248,0.9317,0.9198,0.9246,7480
2001-01-29,0.9239,0.9262,0.9161,0.9172,7446
2001-01-30,0.9173,0.9282,0.9143,0.9263,7622
2001-01-31,0.9264,0.9379,0.9252,0.9377,7819
2001-02-01,0.9376,0.9445,0.9365,0.9371,8397
2001-02-02,0.9369,0.942,0.9317,0.9362,7491
2001-02-05,0.9353,0.9441,0.9353,0.9381,7937
2001-02-06,0.9381,0.9387,0.9281,0.9313,7543
2001-02-07,0.9314,0.935,0.9258,0.9289,8062
2001-02-08,0.9287,0.9301,0.915,0.9181,8298
2001-02-09,0.9182,0.9275,0.9132,0.9243,7978
2001-02-12,0.9255,0.933,0.9247,0.9323,7017
2001-02-13,0.9325,0.9331,0.9171,0.9206,7495
2001-02-14,0.9208,0.922,0.9165,0.9181,8038
2001-02-15,0.9182,0.9196,0.9026,0.9056,6549
2001-02-16,0.9056,0.9178,0.9048,0.9148,8025
2001-02-19,0.9131,0.9236,0.9121,0.9213,7431
2001-02-20,0.9213,0.9241,0.9049,0.9107,7689
2001-02-21,0.9106,0.9184,0.9057,0.9098,8456
2001-02-22,0.9097,0.9131,0.9014,0.9036,8634
2001-02-23,0.9033,0.9208,0.9027,0.9193,8076
2001-02-26,0.9174,0.9187,0.9077,0.9106,8217
2001-02-27,0.91,0.9211,0.9082,0.9185,7800
2001-02-28,0.9186,0.9259,0.916,0.9235,8356
2001-03-01,0.9234,0.9322,0.9224,0.9308,8122
2001-03-02,0.9309,0.9382,0.9287,0.9363,7929
2001-03-05,0.9364,0.9367,0.9266,0.9267,7426
2001-03-06,0.9267,0.9349,0.9252,0.9339,6781
2001-03-07,0.9341,0.9373,0.9264,0.9294,7975
2001-03-08,0.9294,0.9341,0.9272,0.9323,7669
2001-03-09,0.9322,0.9375,0.9294,0.9331,7446
2001-03-12,0.9321,0.9344,0.9257,0.9296,9699
2001-03-13,0.9292,0.9304,0.9126,0.914,8645
2001-03-14,0.9139,0.9214,0.9079,0.9107,9532
2001-03-15,0.911,0.9132,0.8952,0.8986,10543
2001-03-16,0.8991,0.9005,0.8915,0.897,9776
2001-03-19,0.897,0.9021,0.8932,0.8992,9348
2001-03-20,0.8991,0.9127,0.8987,0.9115,8454
2001-03-21,0.9116,0.9126,0.893,0.8957,9269
2001-03-22,0.8958,0.8968,0.8834,0.8876,8249
2001-03-23,0.8876,0.8969,0.8853,0.889,7714
2001-03-26,0.8897,0.8975,0.8884,0.8971,8777
2001-03-27,0.8969,0.8993,0.8897,0.8932,8180
2001-03-28,0.8932,0.895,0.8845,0.8869,8326
2001-03-29,0.8868,0.8887,0.8797,0.8824,8785
2001-03-30,0.8824,0.8873,0.8749,0.8755,9444
2001-04-02,0.8743,0.8837,0.8732,0.8795,8573
2001-04-03,0.8796,0.8991,0.8796,0.8975,8531
2001-04-04,0.8975,0.9052,0.8934,0.9016,9026
2001-04-05,0.9014,0.9093,0.8941,0.8971,9310
2001-04-06,0.8969,0.9051,0.8923,0.904,9217
2001-04-09,0.9042,0.905,0.896,0.8966,8770
2001-04-10,0.8967,0.8994,0.8865,0.889,9078
2001-04-11,0.889,0.8917,0.8809,0.8881,9026
2001-04-12,0.8882,0.8945,0.8836,0.8928,8794
2001-04-13,0.8922,0.8937,0.8879,0.8882,5368
2001-04-16,0.8886,0.8904,0.8828,0.8888,6280
2001-04-17,0.8889,0.8912,0.8775,0.8836,8615
2001-04-18,0.8835,0.8899,0.8706,0.8841,9457
2001-04-19,0.8841,0.8988,0.8807,0.8977,9518
2001-04-20,0.8978,0.9048,0.8952,0.9029,8869
2001-04-23,0.9015,0.9083,0.8946,0.8971,9014
2001-04-24,0.8973,0.9021,0.893,0.8945,8769
2001-04-25,0.8944,0.9004,0.8908,0.8979,8538
2001-04-26,0.8975,0.9045,0.8946,0.9033,8753
2001-04-27,0.9032,0.9055,0.8887,0.8922,8766
2001-04-30,0.8914,0.8928,0.885,0.8892,8026
2001-05-01,0.8893,0.8942,0.8855,0.8934,7763
2001-05-02,0.8933,0.8953,0.8884,0.894,8395
2001-05-03,0.8938,0.8979,0.8881,0.8898,8944
2001-05-04,0.8896,0.9009,0.8891,0.8926,8600
2001-05-07,0.8926,0.8937,0.8896,0.8905,7883
2001-05-08,0.8906,0.8916,0.8823,0.8852,8466
2001-05-09,0.8854,0.8869,0.881,0.8864,8365
2001-05-10,0.8864,0.8924,0.8782,0.8816,8451
2001-05-11,0.8817,0.8821,0.8736,0.8752,8447
2001-05-14,0.876,0.8761,0.8725,0.874,7504
2001-05-15,0.8742,0.8799,0.8731,0.8785,8058
2001-05-16,0.878,0.8868,0.8743,0.8832,8741
2001-05-17,0.8832,0.8881,0.8791,0.8826,8680
2001-05-18,0.8827,0.8832,0.8754,0.8817,8105
2001-05-21,0.8799,0.882,0.874,0.8766,7738
2001-05-22,0.8764,0.8776,0.8626,0.8654,8422
2001-05-23,0.8654,0.8665,0.8547,0.8551,8773
2001-05-24,0.8556,0.8613,0.8494,0.8573,8917
2001-05-25,0.8572,0.8629,0.8536,0.8614,8111
2001-05-28,0.8602,0.8609,0.8576,0.8602,6988
2001-05-29,0.8603,0.8614,0.8527,0.8561,8001
2001-05-30,0.8558,0.8592,0.8535,0.8551,8135
2001-05-31,0.8551,0.857,0.8439,0.8446,8323
2001-06-01,0.8455,0.8497,0.8431,0.8481,8097
2001-06-04,0.8468,0.854,0.844,0.8461,7572
2001-06-05,0.8462,0.8549,0.8424,0.8544,7855
2001-06-06,0.8545,0.8569,0.8445,0.8468,7721
2001-06-07,0.8469,0.852,0.8456,0.8514,7540
2001-06-08,0.8515,0.852,0.8457,0.8508,7527
2001-06-11,0.85,0.8542,0.841,0.8446,7416
2001-06-12,0.8442,0.854,0.8414,0.8533,7830
2001-06-13,0.8532,0.8568,0.851,0.8552,7649
2001-06-14,0.8554,0.8635,0.8486,0.8624,7708
2001-06-15,0.8628,0.8674,0.8599,0.8615,8066
2001-06-18,0.8629,0.8644,0.8575,0.8605,7590
2001-06-19,0.8605,0.8608,0.8525,0.8539,7595
2001-06-20,0.8535,0.8558,0.8495,0.8554,7854
2001-06-21,0.8554,0.8586,0.8512,0.8547,7980
2001-06-22,0.8548,0.8579,0.851,0.8576,7423
2001-06-25,0.8568,0.8628,0.8564,0.8589,7915
2001-06-26,0.859,0.8653,0.8583,0.8637,8192
2001-06-27,0.8638,0.8661,0.8581,0.8595,8223
2001-06-28,0.8595,0.8616,0.843,0.844,9594
2001-06-29,0.8443,0.8508,0.8435,0.8497,9030
2001-07-02,0.8503,0.8506,0.8439,0.8473,9082
2001-07-03,0.8478,0.8509,0.8454,0.8477,9782
2001-07-04,0.8477,0.8502,0.8429,0.8464,9655
2001-07-05,0.8463,0.8481,0.8354,0.8387,9869
2001-07-06,0.8393,0.848,0.8346,0.848,9197
2001-07-09,0.8469,0.8524,0.8444,0.8496,9323
2001-07-10,0.8501,0.8575,0.8487,0.8555,9234
2001-07-11,0.8557,0.8644,0.8532,0.8582,8884
2001-07-12,0.858,0.8585,0.8504,0.8538,8469
2001-07-13,0.8538,0.8562,0.8507,0.8545,7541
2001-07-16,0.854,0.8593,0.8521,0.8523,7414
2001-07-17,0.8527,0.861,0.8488,0.8594,8302
2001-07-18,0.8593,0.8744,0.8568,0.8737,9413
2001-07-19,0.8738,0.8782,0.868,0.8721,9835
2001-07-20,0.872,0.8788,0.8702,0.8714,9169
2001-07-23,0.8705,0.8722,0.8649,0.869,8986
2001-07-24,0.8693,0.8772,0.8685,0.8733,9078
2001-07-25,0.8734,0.8815,0.8714,0.8802,9503
2001-07-26,0.8803,0.8825,0.8746,0.8779,8809
2001-07-27,0.8779,0.8808,0.8721,0.8776,8306
2001-07-30,0.8777,0.8778,0.8721,0.8741,8155
2001-07-31,0.8742,0.878,0.8722,0.8763,8461
2001-08-01,0.8762,0.8833,0.8754,0.8808,9465
2001-08-02,0.8812,0.8843,0.8784,0.8833,8745
2001-08-03,0.8836,0.8878,0.8776,0.8843,8493
2001-08-06,0.883,0.8834,0.8784,0.8812,7299
2001-08-07,0.8813,0.8816,0.8749,0.8782,8855
2001-08-08,0.8782,0.8809,0.8737,0.8804,8886
2001-08-09,0.8804,0.8943,0.8799,0.8921,8202
2001-08-10,0.8921,0.8962,0.8909,0.893,8983
2001-08-13,0.8937,0.9008,0.892,0.8971,9124
2001-08-14,0.897,0.9038,0.8935,0.9027,8878
2001-08-15,0.9026,0.9152,0.9018,0.9138,9856
2001-08-16,0.9138,0.9202,0.9092,0.9115,9893
2001-08-17,0.9116,0.9184,0.91,0.9181,9078
2001-08-20,0.9176,0.9204,0.9109,0.9137,9175
2001-08-21,0.9139,0.9185,0.9077,0.9178,9454
2001-08-22,0.9178,0.9241,0.9121,0.9131,9453
2001-08-23,0.9132,0.9169,0.9098,0.9147,8693
2001-08-24,0.9144,0.9167,0.9076,0.9148,8928
2001-08-27,0.9145,0.9146,0.9083,0.9118,9158
2001-08-28,0.9117,0.9138,0.9026,0.9134,9358
2001-08-29,0.9127,0.9152,0.9081,0.9082,8552
2001-08-30,0.9084,0.9187,0.9055,0.9163,9131
2001-08-31,0.9163,0.92,0.9066,0.9125,9515
2001-09-03,0.9094,0.9105,0.9055,0.9078,7638
2001-09-04,0.9076,0.9079,0.8847,0.8883,9475
2001-09-05,0.8885,0.8914,0.8843,0.8868,9294
2001-09-06,0.8865,0.8969,0.8824,0.8952,10076
2001-09-07,0.8957,0.9077,0.8928,0.9076,9636
2001-09-10,0.906,0.9082,0.8971,0.8984,9048
2001-09-11,0.8982,0.9171,0.8954,0.9109,10890
2001-09-12,0.9108,0.9151,0.9007,0.907,10113
2001-09-13,0.9071,0.9127,0.9046,0.9109,9576
2001-09-14,0.9108,0.9251,0.908,0.9205,9492
2001-09-17,0.9236,0.9335,0.9172,0.9244,10296
2001-09-18,0.9249,0.9284,0.9186,0.9268,9954
2001-09-19,0.9266,0.9326,0.9228,0.9263,9000
2001-09-20,0.9264,0.9296,0.9228,0.9273,9001
2001-09-21,0.9275,0.9275,0.9084,0.9144,9345
2001-09-24,0.9134,0.9204,0.9103,0.9165,8124
2001-09-25,0.9164,0.925,0.9145,0.9232,8801
2001-09-26,0.9231,0.9247,0.9195,0.923,9525
2001-09-27,0.9228,0.9234,0.9159,0.9178,9406
2001-09-28,0.918,0.9185,0.9078,0.9114,9633
2001-10-01,0.9103,0.9179,0.9059,0.9169,9105
2001-10-02,0.917,0.9197,0.9132,0.9182,9265
2001-10-03,0.9181,0.9235,0.9125,0.9142,9896
2001-10-04,0.9141,0.9187,0.911,0.9181,9129
2001-10-05,0.9182,0.921,0.9156,0.9187,9041
2001-10-08,0.9191,0.9246,0.9165,0.9204,8258
2001-10-09,0.9202,0.9228,0.9123,0.9132,8943
2001-10-10,0.9133,0.916,0.9099,0.9102,8553
2001-10-11,0.9106,0.9127,0.8989,0.9025,8912
2001-10-12,0.9028,0.9126,0.901,0.9113,8790
2001-10-15,0.9117,0.9141,0.9059,0.9078,8864
2001-10-16,0.9079,0.9114,0.9038,0.9079,8632
2001-10-17,0.9079,0.9093,0.9009,0.9029,9234
2001-10-18,0.9033,0.9057,0.8996,0.9035,9148
2001-10-19,0.9034,0.9036,0.8965,0.899,7939
2001-10-22,0.8985,0.9004,0.8896,0.8911,8611
2001-10-23,0.8911,0.893,0.8867,0.8907,8873
2001-10-24,0.8904,0.8946,0.8898,0.8937,8191
2001-10-25,0.8938,0.8981,0.8878,0.8923,8243
2001-10-26,0.8924,0.8953,0.8903,0.8923,8355
2001-10-29,0.8922,0.9061,0.8921,0.9051,8770
2001-10-30,0.9053,0.9104,0.9033,0.9045,9138
2001-10-31,0.9047,0.908,0.8985,0.9002,8913
2001-11-01,0.9003,0.9121,0.8992,0.9022,9266
2001-11-02,0.9023,0.9075,0.9006,0.904,8902
2001-11-05,0.9015,0.9021,0.8942,0.8972,9206
2001-11-06,0.8973,0.8997,0.894,0.8944,8565
2001-11-07,0.8944,0.9049,0.8937,0.8979,9490
2001-11-08,0.8978,0.8997,0.8906,0.8926,8743
2001-11-09,0.8924,0.8953,0.8888,0.8934,8706
2001-11-12,0.8944,0.9016,0.8911,0.8938,6199
2001-11-13,0.8939,0.8944,0.879,0.8812,9886
2001-11-14,0.8812,0.8846,0.877,0.8827,9180
2001-11-15,0.8827,0.8855,0.88,0.8817,8694
2001-11-16,0.8819,0.8867,0.8808,0.8843,8813
2001-11-19,0.8843,0.8855,0.8764,0.8781,8939
2001-11-20,0.8782,0.8845,0.8778,0.8831,8521
2001-11-21,0.8832,0.884,0.8753,0.878,8769
2001-11-22,0.8783,0.8796,0.8761,0.8779,8134
2001-11-23,0.8783,0.8814,0.8735,0.8782,8026
2001-11-26,0.8778,0.8835,0.8775,0.8805,8207
2001-11-27,0.8804,0.8839,0.8769,0.8832,8727
2001-11-28,0.8831,0.8886,0.8816,0.8877,9238
2001-11-29,0.8879,0.8921,0.8855,0.8877,8958
2001-11-30,0.8873,0.8983,0.8847,0.8956,9836
2001-12-03,0.8956,0.897,0.8889,0.8913,9340
2001-12-04,0.8912,0.8923,0.8885,0.8907,9543
2001-12-05,0.8906,0.8943,0.8846,0.888,9822
2001-12-06,0.8879,0.8954,0.8864,0.8945,8664
2001-12-07,0.8948,0.895,0.8884,0.8918,9019
2001-12-10,0.8894,0.892,0.884,0.8908,8715
2001-12-11,0.8909,0.8936,0.8881,0.8926,8642
2001-12-12,0.8925,0.8988,0.892,0.8978,9347
2001-12-13,0.8977,0.8993,0.8919,0.8925,8892
2001-12-14,0.8927,0.9055,0.8921,0.9026,9620
2001-12-17,0.9035,0.9083,0.9017,0.9019,10426
2001-12-18,0.9019,0.9045,0.8993,0.9033,9279
2001-12-19,0.9033,0.9035,0.8951,0.9008,9800
2001-12-20,0.901,0.9012,0.896,0.8991,10137
2001-12-21,0.8991,0.9019,0.8854,0.8889,10527
2001-12-24,0.8888,0.891,0.8741,0.879,8892
2001-12-25,0.8791,0.8826,0.8767,0.8791,2818
2001-12-26,0.8791,0.8823,0.8765,0.8804,8177
2001-12-27,0.8803,0.8873,0.8774,0.8836,9975
2001-12-28,0.8836,0.8861,0.8788,0.8853,9302
2001-12-31,0.8841,0.8924,0.8824,0.8896,8816
2002-01-01,0.8897,0.8913,0.8863,0.8895,566
2002-01-02,0.8896,0.9069,0.8883,0.9033,9726
2002-01-03,0.9032,0.9061,0.8974,0.8993,10100
2002-01-04,0.8992,0.9003,0.8938,0.8948,9387
2002-01-07,0.895,0.8998,0.8881,0.8934,9600
2002-01-08,0.8934,0.8939,0.8882,0.8933,9875
2002-01-09,0.8933,0.8954,0.8864,0.8912,9451
2002-01-10,0.8912,0.8941,0.89,0.8914,9056
2002-01-11,0.8914,0.8934,0.8895,0.8922,8679
2002-01-14,0.8945,0.8956,0.8914,0.8942,9560
2002-01-15,0.8942,0.8947,0.882,0.8836,9784
2002-01-16,0.8835,0.8847,0.8802,0.8836,9686
2002-01-17,0.8836,0.8854,0.8793,0.8812,9475
2002-01-18,0.8814,0.8853,0.8795,0.8845,8688
2002-01-21,0.884,0.8869,0.8824,0.8833,8420
2002-01-22,0.8834,0.8877,0.8811,0.8867,9779
2002-01-23,0.8864,0.8892,0.8765,0.8774,9736
2002-01-24,0.8774,0.8796,0.8752,0.8777,9454
2002-01-25,0.8777,0.8788,0.8631,0.8644,9663
2002-01-28,0.8645,0.8666,0.857,0.8619,10320
2002-01-29,0.8618,0.8661,0.8592,0.8652,9262
2002-01-30,0.8652,0.8677,0.8599,0.8623,9309
2002-01-31,0.8621,0.8647,0.8576,0.8592,9119
2002-02-01,0.8593,0.8644,0.8562,0.8622,8789
2002-02-04,0.8615,0.8713,0.8605,0.8698,8505
2002-02-05,0.8698,0.8734,0.8651,0.8673,8673
2002-02-06,0.8672,0.8708,0.8633,0.8673,8695
2002-02-07,0.867,0.8719,0.8645,0.8704,8574
2002-02-08,0.8703,0.8756,0.8699,0.8722,8198
2002-02-11,0.8708,0.8803,0.8705,0.8764,8441
2002-02-12,0.8767,0.8802,0.874,0.8765,8164
2002-02-13,0.8767,0.8772,0.8703,0.8716,8433
2002-02-14,0.8715,0.8749,0.868,0.8737,9269
2002-02-15,0.8741,0.8746,0.8694,0.873,8488
2002-02-18,0.8732,0.8744,0.8699,0.8708,7018
2002-02-19,0.8706,0.8784,0.8663,0.8763,8274
2002-02-20,0.8763,0.8785,0.8687,0.8698,8804
2002-02-21,0.8695,0.8722,0.8679,0.8704,8512
2002-02-22,0.8704,0.8779,0.868,0.8752,8655
2002-02-25,0.8753,0.8759,0.8687,0.869,8066
2002-02-26,0.8691,0.8724,0.8615,0.8637,8845
2002-02-27,0.8638,0.8669,0.8625,0.866,8801
2002-02-28,0.8661,0.8699,0.8623,0.8695,9183
2002-03-01,0.8693,0.8697,0.8629,0.8658,8907
2002-03-04,0.8647,0.8717,0.8631,0.8698,8653
2002-03-05,0.8699,0.8731,0.8648,0.8719,9111
2002-03-06,0.8717,0.8777,0.8693,0.8765,8851
2002-03-07,0.8764,0.8843,0.8739,0.8815,9974
2002-03-08,0.8815,0.8819,0.872,0.8734,9161
2002-03-11,0.8737,0.8774,0.8732,0.8752,7926
2002-03-12,0.8755,0.8768,0.8703,0.8757,8379
2002-03-13,0.8757,0.8786,0.8724,0.8756,8493
2002-03-14,0.8757,0.8845,0.8753,0.8826,9307
2002-03-15,0.8827,0.887,0.8807,0.883,8915
2002-03-18,0.8812,0.8833,0.8782,0.8824,8377
2002-03-19,0.8822,0.8847,0.8795,0.8819,8725
2002-03-20,0.882,0.8862,0.8787,0.8857,8622
2002-03-21,0.8856,0.8862,0.8805,0.8825,8579
2002-03-22,0.8828,0.883,0.8749,0.878,8364
2002-03-25,0.8773,0.8785,0.8752,0.8766,8498
2002-03-26,0.8768,0.8798,0.8731,0.8766,9340
2002-03-27,0.8767,0.8773,0.8719,0.8725,8799
2002-03-28,0.8724,0.8746,0.8698,0.8712,8949
2002-03-29,0.8714,0.8731,0.8704,0.8719,5372
2002-04-01,0.8716,0.8824,0.8714,0.8804,7661
2002-04-02,0.8806,0.8817,0.8772,0.8795,8819
2002-04-03,0.8794,0.8831,0.8774,0.8812,8538
2002-04-04,0.8809,0.8859,0.8764,0.8776,9317
2002-04-05,0.8776,0.8818,0.8772,0.8785,7746
2002-04-08,0.8791,0.8795,0.8735,0.8748,8109
2002-04-09,0.8749,0.8818,0.8733,0.8808,8970
2002-04-10,0.8811,0.8827,0.8786,0.8805,8811
2002-04-11,0.8806,0.885,0.8788,0.882,8642
2002-04-12,0.882,0.8829,0.8774,0.8809,8410
2002-04-15,0.8797,0.8826,0.8788,0.8795,7784
2002-04-16,0.8795,0.8842,0.8789,0.8824,8239
2002-04-17,0.8823,0.8913,0.8817,0.8904,9116
2002-04-18,0.8905,0.8922,0.8856,0.8908,9333
2002-04-19,0.8907,0.8929,0.8878,0.8922,8133
2002-04-22,0.8894,0.8909,0.8867,0.8896,8041
2002-04-23,0.8895,0.8906,0.8858,0.8887,7457
2002-04-24,0.8886,0.8934,0.8873,0.8927,8157
2002-04-25,0.8925,0.8994,0.8915,0.8977,8741
2002-04-26,0.8976,0.9026,0.896,0.9015,8403
2002-04-29,0.9013,0.9049,0.9007,0.9032,7971
2002-04-30,0.9032,0.9045,0.8988,0.9005,8079
2002-05-01,0.9005,0.9089,0.899,0.9063,7840
2002-05-02,0.9063,0.9083,0.901,0.903,8282
2002-05-03,0.9031,0.9178,0.9024,0.9173,8721
2002-05-06,0.9164,0.9188,0.9133,0.9179,7816
2002-05-07,0.9181,0.9193,0.9114,0.9143,9154
2002-05-08,0.9144,0.9147,0.9036,0.9049,8743
2002-05-09,0.9049,0.9116,0.9037,0.9097,8544
2002-05-10,0.9097,0.9153,0.9084,0.914,8917
2002-05-13,0.9129,0.9171,0.9094,0.9121,8426
2002-05-14,0.912,0.9123,0.901,0.903,8727
2002-05-15,0.9028,0.913,0.8994,0.9122,9334
2002-05-16,0.9121,0.9144,0.9085,0.9118,8359
2002-05-17,0.9117,0.9224,0.9112,0.9211,9437
2002-05-20,0.9206,0.9232,0.918,0.9208,8414
2002-05-21,0.9207,0.9223,0.9161,0.9194,9574
2002-05-22,0.9193,0.928,0.9179,0.9259,10163
2002-05-23,0.9258,0.9273,0.918,0.9214,9443
2002-05-24,0.9215,0.9233,0.9161,0.9203,8750
2002-05-27,0.9205,0.9226,0.9182,0.9209,7755
2002-05-28,0.9211,0.9311,0.9197,0.9286,9025
2002-05-29,0.9285,0.9372,0.9271,0.9354,9628
2002-05-30,0.9354,0.9416,0.9347,0.9366,9733
2002-05-31,0.9366,0.9402,0.9283,0.9337,9048
2002-06-03,0.933,0.9423,0.9302,0.9405,8787
2002-06-04,0.9406,0.9455,0.9387,0.9392,9416
2002-06-05,0.9392,0.942,0.9351,0.9393,9144
2002-06-06,0.9392,0.9482,0.9336,0.9472,9261
2002-06-07,0.9474,0.949,0.9426,0.9426,9574
2002-06-10,0.9431,0.9484,0.9387,0.9441,8381
2002-06-11,0.9441,0.9497,0.9403,0.9481,8949
2002-06-12,0.9482,0.9508,0.9425,0.9433,9241
2002-06-13,0.9435,0.9477,0.9395,0.943,9036
2002-06-14,0.9431,0.9524,0.9413,0.9454,9295
2002-06-17,0.9451,0.9469,0.9411,0.9446,8368
2002-06-18,0.9447,0.9528,0.9435,0.9526,9627
2002-06-19,0.9528,0.9582,0.9515,0.9573,9230
2002-06-20,0.9577,0.9669,0.9556,0.9644,9045
2002-06-21,0.9645,0.9722,0.963,0.9705,8922
2002-06-24,0.9699,0.9817,0.9678,0.9705,9413
2002-06-25,0.9705,0.9803,0.9661,0.9793,10109
2002-06-26,0.9794,0.9947,0.9786,0.9824,11389
2002-06-27,0.9824,0.9902,0.9808,0.9882,10186
2002-06-28,0.9878,0.9992,0.9837,0.9911,10367
2002-07-01,0.9914,0.9973,0.9861,0.9913,9002
2002-07-02,0.9912,0.9922,0.9797,0.9864,9648
2002-07-03,0.9863,0.9864,0.9767,0.9805,9228
2002-07-04,0.9803,0.982,0.9749,0.9788,9039
2002-07-05,0.9786,0.9788,0.9714,0.973,8972
2002-07-08,0.9745,0.9917,0.9741,0.9911,9978
2002-07-09,0.9906,0.9956,0.9871,0.993,9925
2002-07-10,0.993,0.9971,0.9858,0.989,10078
2002-07-11,0.9891,0.9941,0.9832,0.9879,9898
2002-07-12,0.9879,0.9926,0.985,0.9906,9545
2002-07-15,0.9916,1.0091,0.9913,1.0033,9650
2002-07-16,1.0036,1.015,1.0031,1.0124,10783
2002-07-17,1.0124,1.0164,1.0032,1.0068,10904
2002-07-18,1.0069,1.0122,1.0039,1.0121,10073
2002-07-19,1.0119,1.021,1.0102,1.0117,10716
2002-07-22,1.0112,1.0135,1.0054,1.0079,10635
2002-07-23,1.0077,1.0081,0.9844,0.9891,10701
2002-07-24,0.9895,0.9983,0.9873,0.9952,10230
2002-07-25,0.9953,1.0064,0.9939,1.0037,9117
2002-07-26,1.0035,1.007,0.9852,0.9859,10547
2002-07-29,0.9873,0.9891,0.977,0.9811,10098
2002-07-30,0.9812,0.9894,0.9778,0.9832,9530
2002-07-31,0.9832,0.9857,0.9759,0.9774,9837
2002-08-01,0.9772,0.9859,0.9726,0.9844,9706
2002-08-02,0.9846,0.9919,0.9835,0.9859,10502
2002-08-05,0.9865,0.9876,0.9795,0.9801,9723
2002-08-06,0.9805,0.9808,0.9621,0.9661,10720
2002-08-07,0.9664,0.9765,0.9642,0.9746,10036
2002-08-08,0.9746,0.9774,0.964,0.967,10306
2002-08-09,0.9668,0.9742,0.9653,0.9698,9709
2002-08-12,0.9702,0.9801,0.9689,0.9786,10094
2002-08-13,0.9786,0.9849,0.9752,0.9846,9632
2002-08-14,0.9846,0.9894,0.9763,0.9773,10092
2002-08-15,0.9772,0.985,0.9746,0.9825,9358
2002-08-16,0.9824,0.9871,0.9783,0.987,8795
2002-08-19,0.9844,0.9873,0.975,0.9773,8714
2002-08-20,0.9775,0.9809,0.973,0.9777,9202
2002-08-21,0.9783,0.9851,0.9751,0.9799,9104
2002-08-22,0.98,0.9808,0.9671,0.9692,9026
2002-08-23,0.9691,0.9735,0.9664,0.9724,8813
2002-08-26,0.9732,0.9742,0.9684,0.9717,8413
2002-08-27,0.9714,0.9842,0.9702,0.9829,7550
2002-08-28,0.9829,0.9837,0.978,0.9787,8894
2002-08-29,0.9787,0.9888,0.9773,0.9837,8943
2002-08-30,0.9836,0.9866,0.9793,0.9815,8530
2002-09-02,0.9824,0.9857,0.9796,0.9847,8329
2002-09-03,0.9833,0.9977,0.983,0.9967,8721
2002-09-04,0.9966,0.9975,0.9903,0.9923,8977
2002-09-05,0.9923,0.9993,0.9886,0.9916,9406
2002-09-06,0.9915,0.9957,0.9804,0.9808,9936
2002-09-09,0.9817,0.9831,0.978,0.9797,8828
2002-09-10,0.9797,0.9844,0.9721,0.9751,9107
2002-09-11,0.975,0.9771,0.9698,0.9759,9180
2002-09-12,0.9761,0.9825,0.9739,0.9814,10341
2002-09-13,0.9811,0.9841,0.9702,0.9713,10240
2002-09-16,0.9708,0.973,0.9664,0.9687,9991
2002-09-17,0.9688,0.9751,0.9608,0.9736,10600
2002-09-18,0.9737,0.9798,0.9685,0.9772,9958
2002-09-19,0.9768,0.9876,0.9762,0.9874,10676
2002-09-20,0.9872,0.9878,0.9783,0.9826,9211
2002-09-23,0.9808,0.9859,0.9751,0.978,9047
2002-09-24,0.978,0.984,0.9759,0.9824,9619
2002-09-25,0.9826,0.9856,0.9755,0.9767,10031
2002-09-26,0.9764,0.9812,0.9727,0.9769,9411
2002-09-27,0.977,0.9813,0.9748,0.9792,8801
2002-09-30,0.9811,0.9901,0.9805,0.9865,9001
2002-10-01,0.9866,0.9895,0.9821,0.9826,8705
2002-10-02,0.9823,0.9873,0.9809,0.9862,8891
2002-10-03,0.9864,0.9912,0.9857,0.9874,9007
2002-10-04,0.9875,0.9884,0.9781,0.9794,8356
2002-10-07,0.9788,0.9841,0.9777,0.9825,8501
2002-10-08,0.9825,0.9846,0.9765,0.9795,8721
2002-10-09,0.9792,0.9915,0.9778,0.9901,9953
2002-10-10,0.9901,0.9931,0.9847,0.9863,9951
2002-10-11,0.9866,0.9882,0.9833,0.9875,7614
2002-10-14,0.9874,0.9895,0.9854,0.9875,7636
2002-10-15,0.9875,0.9889,0.9791,0.9816,9793
2002-10-16,0.9819,0.9838,0.9798,0.9811,9895
2002-10-17,0.9811,0.9811,0.9697,0.9709,9784
2002-10-18,0.9708,0.9745,0.9697,0.9725,8717
2002-10-21,0.9722,0.9765,0.9687,0.9733,8649
2002-10-22,0.9734,0.9803,0.972,0.9774,8760
2002-10-23,0.9777,0.9801,0.9747,0.9754,8501
2002-10-24,0.9754,0.9788,0.9724,0.9773,8842
2002-10-25,0.9775,0.9798,0.9755,0.9763,8516
2002-10-28,0.9762,0.9851,0.9725,0.9844,8725
2002-10-29,0.9844,0.9868,0.9805,0.9828,9283
2002-10-30,0.9828,0.9854,0.9815,0.9847,8433
2002-10-31,0.9844,0.9912,0.9835,0.9906,9331
2002-11-01,0.9904,1.0006,0.9888,0.9966,9550
2002-11-04,0.9964,0.9988,0.9931,0.9986,8110
2002-11-05,0.9984,1.0043,0.9969,0.9991,9139
2002-11-06,0.9989,1.0052,0.994,1.0047,9345
2002-11-07,1.0049,1.0101,0.9989,1.0088,10262
2002-11-08,1.0088,1.0154,1.0073,1.0134,8635
2002-11-11,1.0127,1.0173,1.0092,1.0101,8569
2002-11-12,1.0101,1.0138,1.0065,1.0122,9982
2002-11-13,1.0122,1.013,1.0045,1.0086,9712
2002-11-14,1.0084,1.0102,1.0029,1.0041,9719
2002-11-15,1.0039,1.0102,1.001,1.0098,9400
2002-11-18,1.0102,1.0123,1.0061,1.0093,9725
2002-11-19,1.0093,1.0143,1.0007,1.0032,9276
2002-11-20,1.0032,1.0049,0.999,1.0011,9614
2002-11-21,1.0012,1.0044,0.9976,1.0025,9090
2002-11-22,1.0026,1.0038,0.9961,0.9969,8738
2002-11-25,0.9968,0.9971,0.9893,0.9917,8957
2002-11-26,0.9915,0.9941,0.9895,0.9937,9083
2002-11-27,0.9937,0.9945,0.9877,0.9907,8909
2002-11-28,0.9906,0.9962,0.9893,0.9937,8149
2002-11-29,0.9937,0.9959,0.9917,0.9938,7557
2002-12-02,0.9928,0.9985,0.986,0.9969,9000
2002-12-03,0.9968,1.0002,0.9951,0.9965,9362
2002-12-04,0.9968,1.0034,0.9962,1.0014,9288
2002-12-05,1.0018,1.0026,0.997,1.0003,8914
2002-12-06,1.0004,1.0129,0.9998,1.0091,9588
2002-12-09,1.0101,1.0121,1.0067,1.0109,9288
2002-12-10,1.011,1.0141,1.0071,1.0076,8670
2002-12-11,1.0076,1.0103,1.0059,1.0086,8899
2002-12-12,1.0084,1.0196,1.0074,1.0183,9447
2002-12-13,1.0186,1.0262,1.0166,1.0242,9335
2002-12-16,1.023,1.0251,1.0194,1.0223,9381
2002-12-17,1.0226,1.0335,1.0209,1.0272,10125
2002-12-18,1.0271,1.029,1.0225,1.0284,9756
2002-12-19,1.0284,1.0291,1.0207,1.0271,10025
2002-12-20,1.0268,1.0278,1.024,1.0274,9317
2002-12-23,1.0264,1.032,1.0218,1.0266,8705
2002-12-24,1.0265,1.0328,1.0253,1.0303,7938
2002-12-25,1.0303,1.0329,1.0281,1.0321,3201
2002-12-26,1.0325,1.0383,1.0316,1.0368,6884
2002-12-27,1.0366,1.0447,1.0359,1.0443,9201
2002-12-30,1.0419,1.0495,1.0406,1.0476,8911
2002-12-31,1.0476,1.0507,1.0454,1.0489,7821
2003-01-01,1.0492,1.0503,1.0467,1.048,601
2003-01-02,1.0479,1.05,1.0335,1.0366,8880
2003-01-03,1.0362,1.044,1.034,1.0428,9109
2003-01-06,1.042,1.0497,1.0416,1.0447,9405
2003-01-07,1.0444,1.0457,1.0395,1.0405,9297
2003-01-08,1.0409,1.0536,1.0359,1.0501,9379
2003-01-09,1.0499,1.0543,1.0453,1.0488,9769
2003-01-10,1.0488,1.0588,1.0473,1.0573,9570
2003-01-13,1.0579,1.0586,1.0526,1.054,9403
2003-01-14,1.054,1.06,1.0535,1.0556,9788
2003-01-15,1.0555,1.0594999999999999,1.0502,1.0553,9565
2003-01-16,1.0553,1.0629,1.0542,1.0613,9453
2003-01-17,1.0613,1.0682,1.0604,1.0673,10047
2003-01-20,1.0658,1.0692,1.0632,1.0691,9768
2003-01-21,1.0684,1.0735999999999999,1.0631,1.0725,11317
2003-01-22,1.0723,1.0745,1.0683,1.0728,11757
2003-01-23,1.0727,1.078,1.0705,1.0746,9913
2003-01-24,1.0745,1.0857,1.074,1.0831,10759
2003-01-27,1.0839,1.091,1.0782,1.0847,10076
2003-01-28,1.0846,1.085,1.0782,1.0821,9967
2003-01-29,1.0825,1.0901,1.0808,1.0826,10919
2003-01-30,1.0827,1.0841,1.0728,1.0822,10338
2003-01-31,1.0823,1.0834,1.0722,1.0771,9527
2003-02-03,1.0789,1.0802,1.0691,1.0788,10672
2003-02-04,1.0788,1.0908,1.0765,1.089,10813
2003-02-05,1.0887,1.0937999999999999,1.0735999999999999,1.0788,10272
2003-02-06,1.0786,1.0865,1.0762,1.0834,9719
2003-02-07,1.0834,1.0841,1.0729,1.0821,9053
2003-02-10,1.0817,1.0831,1.0707,1.0718,9409
2003-02-11,1.0716,1.0762,1.0664,1.0737,10221
2003-02-12,1.0737,1.0772,1.0703,1.0709,9674
2003-02-13,1.0711,1.0861,1.0703,1.0841,10781
2003-02-14,1.0841,1.0853,1.076,1.0793,10042
2003-02-17,1.0773,1.0779,1.0672,1.0722,9128
2003-02-18,1.0722,1.0759,1.0676,1.0688,9975
2003-02-19,1.0685,1.0768,1.0664,1.0749,9849
2003-02-20,1.0747,1.0836999999999999,1.0738,1.082,10107
2003-02-21,1.0821,1.085,1.075,1.0767,9570
2003-02-24,1.0723,1.081,1.0706,1.079,9519
2003-02-25,1.0786,1.0824,1.0742,1.0757,10090
2003-02-26,1.0757,1.0814,1.073,1.0789,9349
2003-02-27,1.0789,1.0839,1.0735,1.0748,9879
2003-02-28,1.0747,1.081,1.0734,1.0806,9318
2003-03-03,1.0779,1.0903,1.0768,1.0894,9642
2003-03-04,1.0894,1.0969,1.0874,1.0955,9858
2003-03-05,1.0958,1.1005,1.0946,1.0967,10246
2003-03-06,1.0967,1.1011,1.0924,1.0969,10209
2003-03-07,1.0966,1.1069,1.0966,1.1007,9991
2003-03-10,1.1006,1.1069,1.1004,1.1052,9274
2003-03-11,1.1051,1.1087,1.1003,1.1043,9400
2003-03-12,1.1041,1.106,1.0982,1.0991,10172
2003-03-13,1.0992,1.0995,1.0766,1.0795,10655
2003-03-14,1.0793,1.0823,1.0691,1.0748,9680
2003-03-17,1.0783,1.0845,1.0589,1.0618,10726
2003-03-18,1.0615,1.0656,1.0543,1.0647,11007
2003-03-19,1.0644,1.0657,1.0546,1.0573,10435
2003-03-20,1.0575,1.0674,1.053,1.0618,10925
2003-03-21,1.0617,1.0618,1.0502,1.0529,10511
2003-03-24,1.0586,1.0676,1.0566,1.0652,9788
2003-03-25,1.0651,1.0723,1.0632,1.0658,10480
2003-03-26,1.0659,1.0704,1.0622,1.0698,9817
2003-03-27,1.0701,1.0747,1.0674,1.069,10267
2003-03-28,1.0691,1.0805,1.0668,1.0781,9663
2003-03-31,1.0796999999999999,1.0934,1.078,1.0922,10419
2003-04-01,1.0916,1.0926,1.0868,1.0918,9127
2003-04-02,1.092,1.0961,1.075,1.0769,10926
2003-04-03,1.0769,1.0794,1.0686,1.0759,10656
2003-04-04,1.0759,1.0772,1.0684,1.0734,10575
2003-04-07,1.0672,1.0704,1.0559,1.0688,10362
2003-04-08,1.0689,1.0726,1.0642,1.0724,10120
2003-04-09,1.0723,1.0785,1.0675,1.0773,10133
2003-04-10,1.0774,1.0832,1.0758,1.0787,10105
2003-04-11,1.0787,1.0792,1.0693,1.0756000000000001,9568
2003-04-14,1.0745,1.0814,1.0717,1.0772,9873
2003-04-15,1.0772,1.0824,1.0734,1.0804,10010
2003-04-16,1.0803,1.0923,1.0783,1.091,9773
2003-04-17,1.091,1.0977,1.0867,1.0882,10162
2003-04-18,1.0882,1.09,1.0868,1.0879,6126
2003-04-21,1.0898,1.0909,1.0821,1.086,7535
2003-04-22,1.0859,1.1004,1.0848,1.0975,9227
2003-04-23,1.0973,1.0984,1.092,1.0954,9271
2003-04-24,1.0948,1.1049,1.0944,1.1034,9527
2003-04-25,1.1034,1.1051,1.096,1.1037,9580
2003-04-28,1.1037,1.1078000000000001,1.0975,1.0987,9246
2003-04-29,1.0986,1.1087,1.093,1.1076,9327
2003-04-30,1.1077,1.1191,1.1063,1.1183,10332
2003-05-01,1.1182,1.1288,1.1154,1.1238,9221
2003-05-02,1.1237,1.1275,1.1188,1.123,9419
2003-05-05,1.1227,1.1305,1.1204,1.1289,11875
2003-05-06,1.1295,1.1456,1.1275,1.1443,13569
2003-05-07,1.1438,1.1444,1.1329,1.1352,13404
2003-05-08,1.1352,1.1513,1.131,1.1486,13744
2003-05-09,1.148,1.1541,1.1437,1.1489,13577
2003-05-12,1.1531,1.1629,1.1522999999999999,1.1566,12713
2003-05-13,1.1566,1.1572,1.1463,1.1537,12862
2003-05-14,1.1537,1.1541,1.1467,1.1473,11043
2003-05-15,1.1474,1.1491,1.1371,1.138,10184
2003-05-16,1.1381999999999999,1.1597,1.1371,1.1597,9720
2003-05-19,1.1673,1.1741,1.1622,1.1648,10975
2003-05-20,1.1649,1.1721,1.1602000000000001,1.1714,11442
2003-05-21,1.1717,1.1749,1.1625,1.1641,11426
2003-05-22,1.1641,1.1732,1.162,1.1693,10811
2003-05-23,1.1694,1.1846,1.1665,1.1842,10421
2003-05-26,1.1832,1.1878,1.1799,1.1862,8578
2003-05-27,1.1858,1.1931,1.181,1.1815,10743
2003-05-28,1.1814,1.1851,1.1706,1.1755,10866
2003-05-29,1.1754,1.1918,1.1691,1.1909,11621
2003-05-30,1.1905999999999999,1.1919,1.1741,1.1785,11374
2003-06-02,1.172,1.1772,1.1652,1.1771,11579
2003-06-03,1.1767,1.1783,1.1686,1.174,11317
2003-06-04,1.1741,1.1751,1.1632,1.164,10935
2003-06-05,1.1639,1.189,1.1631,1.1843,11770
2003-06-06,1.1844000000000001,1.1881,1.1684,1.1701,11132
2003-06-09,1.1708,1.1791,1.1659,1.1716,11364
2003-06-10,1.1716,1.1746,1.1666,1.1671,10563
2003-06-11,1.167,1.1785,1.1659,1.1756,11016
2003-06-12,1.1756,1.181,1.1705,1.1764999999999999,10864
2003-06-13,1.1763,1.1882,1.1736,1.1874,10577
2003-06-16,1.1876,1.1932,1.1818,1.1822,10596
2003-06-17,1.1822,1.1869,1.1769,1.1781,10043
2003-06-18,1.1783,1.1807,1.1663000000000001,1.1682,9946
2003-06-19,1.1684,1.1743000000000001,1.1583,1.1723,11401
2003-06-20,1.1723,1.1738,1.1552,1.1605,10953
2003-06-23,1.1579,1.1608,1.1509,1.1551,11339
2003-06-24,1.155,1.1584,1.1477,1.1516,10231
2003-06-25,1.1515,1.1625,1.1494,1.1533,11089
2003-06-26,1.1534,1.1546,1.1414,1.1418,10675
2003-06-27,1.1419,1.147,1.1399,1.1425,10052
2003-06-30,1.143,1.1537,1.1400000000000001,1.1524,9587
2003-07-01,1.1522999999999999,1.1613,1.1507,1.1567,9568
2003-07-02,1.1568,1.1572,1.1506,1.1532,9870
2003-07-03,1.1531,1.1543,1.1432,1.1498,9806
2003-07-04,1.1498,1.15,1.1446,1.1494,8639
2003-07-07,1.148,1.1484,1.1309,1.1316,10506
2003-07-08,1.1317,1.1356,1.1258,1.1317,12139
2003-07-09,1.1318,1.137,1.1305,1.1351,11305
2003-07-10,1.1351,1.1396,1.131,1.1383,11447
2003-07-11,1.138,1.1381000000000001,1.1275,1.1280999999999999,11256
2003-07-14,1.1289,1.1312,1.1242,1.1284,10681
2003-07-15,1.1282,1.1341,1.1155,1.1179000000000001,11501
2003-07-16,1.1176,1.1236,1.1112,1.1223,11557
2003-07-17,1.1221,1.1253,1.1155,1.1216,11496
2003-07-18,1.1216,1.1309,1.1172,1.1272,11123
2003-07-21,1.125,1.1360000000000001,1.1242,1.1348,10754
2003-07-22,1.1349,1.1377,1.1307,1.133,11087
2003-07-23,1.133,1.1495,1.1316,1.1485,11007
2003-07-24,1.1485,1.1514,1.1423,1.1473,10559
2003-07-25,1.1474,1.1553,1.1444,1.1513,10683
2003-07-28,1.1497,1.1522999999999999,1.1452,1.1489,10444
2003-07-29,1.1487,1.1543,1.143,1.144,11188
2003-07-30,1.1441,1.1456,1.1336,1.1358,11013
2003-07-31,1.1357,1.1367,1.1225,1.1233,11114
2003-08-01,1.1234,1.1285,1.1134,1.1276,10795
2003-08-04,1.1284,1.1378,1.1261,1.1355,10462
2003-08-05,1.1356,1.1403,1.1307,1.1389,10296
2003-08-06,1.1389,1.143,1.1327,1.1336,10124
2003-08-07,1.1337,1.1419,1.1319,1.1376,10305
2003-08-08,1.1376,1.1384,1.1286,1.1307,9789
2003-08-11,1.1306,1.1383,1.1264,1.1362,9049
2003-08-12,1.1362,1.1377,1.1273,1.1278,9674
2003-08-13,1.1279,1.1334,1.1218,1.1317,10613
2003-08-14,1.1317,1.1342,1.1226,1.1276,10418
2003-08-15,1.1275,1.1291,1.1241,1.1264,10498
2003-08-18,1.1267,1.1272,1.1126,1.1149,9223
2003-08-19,1.1149,1.1155,1.1053,1.1145,9923
2003-08-20,1.1143,1.115,1.1081,1.1122,9686
2003-08-21,1.112,1.1125,1.0884,1.0928,10109
2003-08-22,1.0929,1.0948,1.0835,1.0887,10043
2003-08-25,1.0869,1.0923,1.0844,1.0848,9679
2003-08-26,1.0851,1.0911,1.0788,1.0862,10296
2003-08-27,1.0862,1.0935,1.0831,1.0873,10606
2003-08-28,1.0872,1.0917,1.0809,1.0883,10189
2003-08-29,1.0884,1.1,1.0871,1.0985,10087
2003-09-01,1.099,1.1019,1.0953,1.0963,9051
2003-09-02,1.0961,1.0968,1.0799,1.0808,10654
2003-09-03,1.0808,1.0875,1.0762,1.0842,11335
2003-09-04,1.0841,1.0953,1.0809,1.094,10566
2003-09-05,1.0941,1.1114,1.0914,1.1112,10484
2003-09-08,1.1098,1.1132,1.1047,1.1071,10333
2003-09-09,1.1071,1.1243,1.1055,1.1228,10297
2003-09-10,1.1228,1.1239,1.1162,1.1205,10142
2003-09-11,1.1206,1.1275,1.1154,1.1203,10459
2003-09-12,1.1203,1.1327,1.1135,1.1292,9954
2003-09-15,1.1262,1.1313,1.1244,1.1285,9742
2003-09-16,1.1285,1.1322,1.1154,1.1172,9278
2003-09-17,1.1171,1.1303,1.1138,1.1284,9835
2003-09-18,1.1283,1.1346,1.1226,1.1249,10483
2003-09-19,1.1248,1.1394,1.1238,1.1384,9756
2003-09-22,1.1452,1.1508,1.1414,1.1461999999999999,11354
2003-09-23,1.1463,1.1529,1.1433,1.1435,9963
2003-09-24,1.1436,1.1507,1.1427,1.1488,10106
2003-09-25,1.1489,1.1537,1.1458,1.1473,10521
2003-09-26,1.147,1.1502,1.1439,1.1478,9738
2003-09-29,1.1459,1.1641,1.1394,1.162,10569
2003-09-30,1.1616,1.1739,1.1572,1.1658,12003
2003-10-01,1.1653,1.1739,1.1643,1.1731,10442
2003-10-02,1.1731,1.1771,1.1662,1.1685,11330
2003-10-03,1.1686,1.1724,1.1551,1.1582,10473
2003-10-06,1.1574,1.1726,1.1531,1.1714,10230
2003-10-07,1.1713,1.1815,1.1697,1.1773,10618
2003-10-08,1.1773,1.1843,1.1764999999999999,1.1821,10571
2003-10-09,1.1821,1.1865,1.1685,1.1745,10780
2003-10-10,1.1745,1.1851,1.1703000000000001,1.1799,10077
2003-10-13,1.1809,1.1819,1.1652,1.1714,9594
2003-10-14,1.1713,1.1767,1.1582,1.1733,11410
2003-10-15,1.1732,1.1748,1.1588,1.1616,11206
2003-10-16,1.1616,1.1698,1.1569,1.1599,10916
2003-10-17,1.1599,1.1687,1.1544,1.1679,10255
2003-10-20,1.1703999999999999,1.1718,1.1602000000000001,1.1627,10855
2003-10-21,1.1626,1.1703999999999999,1.1617,1.1671,10219
2003-10-22,1.1668,1.183,1.165,1.1807,10453
2003-10-23,1.1809,1.1847,1.1755,1.1798,10645
2003-10-24,1.1797,1.186,1.1762,1.1786,10405
2003-10-27,1.1773,1.1787,1.1719,1.1739,10408
2003-10-28,1.1739,1.1746,1.1657,1.1676,10970
2003-10-29,1.1677,1.1723,1.1658,1.1667,10255
2003-10-30,1.1667,1.1759,1.1611,1.1627,10607
2003-10-31,1.1626,1.166,1.1562999999999999,1.1586,10093
2003-11-03,1.1582,1.1623,1.1428,1.1466,9551
2003-11-04,1.1466,1.1515,1.1427,1.1494,9197
2003-11-05,1.1493,1.1501000000000001,1.1413,1.1438,9210
2003-11-06,1.1439,1.1468,1.1389,1.1414,10069
2003-11-07,1.1411,1.1545,1.1376,1.152,10355
2003-11-10,1.1503,1.1538,1.1461000000000001,1.147,9762
2003-11-11,1.147,1.1533,1.1444,1.1519,9485
2003-11-12,1.1514,1.1663000000000001,1.1506,1.163,10333
2003-11-13,1.1629,1.1749,1.1629,1.1735,10653
2003-11-14,1.1735,1.1806,1.1728,1.1784,10807
2003-11-17,1.1814,1.1852,1.1724,1.1748,10728
2003-11-18,1.1747,1.1978,1.1735,1.1965,11013
2003-11-19,1.1968,1.1981,1.1873,1.1892,11454
2003-11-20,1.1893,1.1968,1.1881,1.1911,10647
2003-11-21,1.1911,1.1941,1.1856,1.1925,10279
2003-11-24,1.1912,1.1921,1.1759,1.1773,9705
2003-11-25,1.1773,1.1823,1.1754,1.18,10498
2003-11-26,1.18,1.195,1.1772,1.1932,10731
2003-11-27,1.1928,1.1944,1.1886,1.1916,8817
2003-11-28,1.1916,1.2019,1.1899,1.1998,9677
2003-12-01,1.1988,1.2044,1.1935,1.1971,10994
2003-12-02,1.1968,1.2116,1.1943,1.2106,10826
2003-12-03,1.2106,1.2131,1.2064,1.2118,11116
2003-12-04,1.2117,1.2159,1.2028,1.2083,11001
2003-12-05,1.2085,1.2187999999999999,1.2062,1.2187999999999999,10865
2003-12-08,1.2167,1.2242,1.2151,1.223,10487
2003-12-09,1.2227999999999999,1.2278,1.2186,1.2248999999999999,10480
2003-12-10,1.2248999999999999,1.2268,1.2151,1.2213,11277
2003-12-11,1.2212,1.2237,1.2114,1.2226,11133
2003-12-12,1.2227000000000001,1.2309,1.2208,1.2276,10328
2003-12-15,1.2133,1.2327,1.2132,1.2315,11397
2003-12-16,1.2314,1.2365,1.2302,1.2333,11095
2003-12-17,1.2334,1.2424,1.2296,1.2404,10930
2003-12-18,1.24,1.2443,1.2359,1.2423,11001
2003-12-19,1.2421,1.2435,1.2344,1.2382,9880
2003-12-22,1.2382,1.2449,1.2349999999999999,1.2408,10095
2003-12-23,1.2404,1.2429999999999999,1.2384,1.2405,9442
2003-12-24,1.2407,1.2473,1.2395,1.2448,8770
2003-12-25,1.2449,1.2464,1.2437,1.2449,3671
2003-12-26,1.245,1.2472,1.2421,1.2422,6712
2003-12-29,1.2433,1.2511999999999999,1.2426,1.2492,9377
2003-12-30,1.2492,1.2565,1.2478,1.2549000000000001,9395
2003-12-31,1.255,1.2649,1.2511999999999999,1.2588,9089
2004-01-01,1.2591999999999999,1.2606,1.2533,1.2565,1124
2004-01-02,1.2570000000000001,1.2631000000000001,1.2523,1.2596,9752
2004-01-05,1.2609,1.2698,1.2608,1.2677,11043
2004-01-06,1.2677,1.2814,1.2667,1.2728,10817
2004-01-07,1.2727,1.2747,1.2621,1.2628,10996
2004-01-08,1.2631999999999999,1.2786,1.256,1.2776,11462
2004-01-09,1.2778,1.287,1.2703,1.282,11115
2004-01-12,1.2842,1.2901,1.2735,1.2738,10988
2004-01-13,1.274,1.28,1.2711999999999999,1.2771,11663
2004-01-14,1.2766,1.2791000000000001,1.2628,1.2647,11698
2004-01-15,1.2647,1.2674,1.256,1.2591,11548
2004-01-16,1.2591,1.2610999999999999,1.2351,1.2395,11397
2004-01-19,1.2383,1.2427,1.2333,1.236,10596
2004-01-20,1.2356,1.2601,1.2345,1.2599,11405
2004-01-21,1.2601,1.2675,1.2548,1.2639,11671
2004-01-22,1.2643,1.2752,1.2633,1.2730000000000001,11207
2004-01-23,1.2731,1.2779,1.2562,1.2586,10895
2004-01-26,1.258,1.2617,1.2456,1.2469999999999999,11662
2004-01-27,1.2469000000000001,1.2665,1.2437,1.2643,11714
2004-01-28,1.2643,1.2648,1.241,1.2429999999999999,12759
2004-01-29,1.2422,1.2532,1.2362,1.2407,12111
2004-01-30,1.2408,1.2495,1.2349999999999999,1.2467,11891
2004-02-02,1.2481,1.2490999999999999,1.2391,1.2441,10340
2004-02-03,1.2442,1.2601,1.2416,1.2546,11802
2004-02-04,1.2548,1.2565,1.249,1.2538,12184
2004-02-05,1.2538,1.264,1.252,1.2557,11999
2004-02-06,1.2556,1.2727,1.2511999999999999,1.2705,11789
2004-02-09,1.2619,1.2764,1.2606,1.2695,12458
2004-02-10,1.27,1.2791000000000001,1.2667,1.2684,13030
2004-02-11,1.2685,1.2849,1.2647,1.2844,12719
2004-02-12,1.2844,1.2848,1.2786,1.2817,12373
2004-02-13,1.2819,1.2894,1.2715,1.2732999999999999,11656
2004-02-16,1.2728,1.2793,1.2718,1.2765,9962
2004-02-17,1.2771,1.2878,1.2755,1.2854,10143
2004-02-18,1.2854999999999999,1.293,1.266,1.2708,11030
2004-02-19,1.27,1.2747,1.2647,1.2736,10650
2004-02-20,1.2739,1.2769,1.2493,1.2541,10884
2004-02-23,1.2517,1.2596,1.245,1.2577,10380
2004-02-24,1.2576,1.2716,1.2522,1.2686,10491
2004-02-25,1.2683,1.2709,1.2476,1.2493,10495
2004-02-26,1.2489,1.2517,1.2382,1.2439,10620
2004-02-27,1.244,1.251,1.2371,1.2495,10339
2004-03-01,1.2481,1.2544,1.2426,1.2461,10045
2004-03-02,1.2463,1.2463,1.2195,1.2213,10209
2004-03-03,1.2214,1.222,1.2056,1.2193,11388
2004-03-04,1.2194,1.2243,1.2134,1.2191,10858
2004-03-05,1.2186,1.2433,1.2174,1.2361,10499
2004-03-08,1.2366,1.2418,1.2337,1.2398,9784
2004-03-09,1.2399,1.2463,1.2274,1.2311,10683
2004-03-10,1.2311,1.2342,1.2198,1.2223,10926
2004-03-11,1.2225,1.2389000000000001,1.2162,1.2345,11572
2004-03-12,1.2345,1.2361,1.2173,1.2221,10671
2004-03-15,1.221,1.2319,1.22,1.2264,10542
2004-03-16,1.2265,1.2375,1.223,1.2272,10688
2004-03-17,1.2269,1.2292,1.2177,1.2232,10282
2004-03-18,1.223,1.2438,1.2221,1.2388,11372
2004-03-19,1.2389999999999999,1.241,1.2256,1.2283,10325
2004-03-22,1.2274,1.2403,1.2222,1.2346,10059
2004-03-23,1.2345,1.2372,1.2264,1.2351,9985
2004-03-24,1.2353,1.237,1.2109,1.2122,10630
2004-03-25,1.2121,1.2203,1.2096,1.2119,11069
2004-03-26,1.212,1.2215,1.207,1.2123,10371
2004-03-29,1.2118,1.2171,1.2046000000000001,1.216,10079
2004-03-30,1.216,1.2229,1.2151,1.217,10193
2004-03-31,1.2173,1.2325,1.2169,1.2316,10538
2004-04-01,1.2314,1.2391,1.2253,1.2365,10193
2004-04-02,1.2364,1.2374,1.2102,1.2133,10165
2004-04-05,1.2112,1.2131,1.1983,1.2003,10662
2004-04-06,1.2002,1.2145,1.1979,1.2141,11547
2004-04-07,1.214,1.22,1.205,1.2172,10209
2004-04-08,1.2171,1.2221,1.2059,1.2083,9720
2004-04-09,1.2084,1.2116,1.2065,1.2091,6764
2004-04-12,1.2086000000000001,1.21,1.2054,1.2079,8554
2004-04-13,1.2081,1.2084,1.1904,1.1936,12321
2004-04-14,1.1936,1.1977,1.1868,1.1955,12609
2004-04-15,1.1954,1.1996,1.1892,1.1977,13025
2004-04-16,1.1978,1.2049,1.1922,1.1999,12372
2004-04-19,1.2016,1.2081,1.2001,1.2006000000000001,9527
2004-04-20,1.2006000000000001,1.2013,1.1841,1.185,9979
2004-04-21,1.1846,1.1917,1.1815,1.1835,10011
2004-04-22,1.1834,1.1917,1.1778,1.1909,10077
2004-04-23,1.1909,1.1945000000000001,1.1796,1.1843,9810
2004-04-26,1.1801,1.1886,1.1759,1.1862,9188
2004-04-27,1.186,1.1949,1.1832,1.1926,9335
2004-04-28,1.1926,1.1948,1.1822,1.1848,10483
2004-04-29,1.1851,1.1987,1.1803,1.1963,12956
2004-04-30,1.1963,1.2016,1.1917,1.1985999999999999,11929
2004-05-03,1.1996,1.2005,1.192,1.1941,11439
2004-05-04,1.1941,1.2123,1.1926,1.2105,12013
2004-05-05,1.211,1.2182,1.2096,1.2159,12801
2004-05-06,1.216,1.2177,1.2062,1.2071,13247
2004-05-07,1.2069,1.2147999999999999,1.1875,1.1893,12652
2004-05-10,1.1881,1.1898,1.1811,1.1827,12852
2004-05-11,1.1832,1.1893,1.1787,1.1865,12223
2004-05-12,1.1865,1.1945000000000001,1.1834,1.1907,12863
2004-05-13,1.1905999999999999,1.1933,1.177,1.1809,13347
2004-05-14,1.1806,1.1905000000000001,1.178,1.189,12103
2004-05-17,1.1891,1.2063,1.1878,1.2022,13255
2004-05-18,1.2019,1.2042,1.1928,1.1952,12835
2004-05-19,1.1951,1.2046999999999999,1.1936,1.2021,12966
2004-05-20,1.202,1.202,1.1894,1.1965,12948
2004-05-21,1.1962,1.2074,1.1952,1.1996,12097
2004-05-24,1.1993,1.2027,1.1932,1.201,12106
2004-05-25,1.2005,1.213,1.1985000000000001,1.2102,12741
2004-05-26,1.2102,1.2147000000000001,1.2077,1.2116,12837
2004-05-27,1.2115,1.2293,1.2086999999999999,1.2268,13031
2004-05-28,1.227,1.23,1.2201,1.2215,12467
2004-05-31,1.224,1.2248,1.2177,1.2192,11815
2004-06-01,1.2197,1.2269,1.2155,1.2244,13310
2004-06-02,1.2241,1.231,1.2205,1.2209,12305
2004-06-03,1.2212,1.2255,1.2169,1.2218,12880
2004-06-04,1.2219,1.2333,1.2136,1.2286,12604
2004-06-07,1.23,1.2342,1.2291,1.2321,11942
2004-06-08,1.2319,1.2356,1.2245,1.2259,12465
2004-06-09,1.2258,1.2278,1.2027,1.2028,13154
2004-06-10,1.2026,1.2121,1.2022,1.2114,12165
2004-06-11,1.2117,1.2117,1.1965,1.2009,12319
2004-06-14,1.1974,1.2091,1.1953,1.2056,12795
2004-06-15,1.2054,1.2174,1.2027,1.2162,12397
2004-06-16,1.2164,1.2173,1.198,1.2006999999999999,11939
2004-06-17,1.2011,1.2081,1.1992,1.2046000000000001,12020
2004-06-18,1.2046000000000001,1.2151,1.1972,1.2142,11884
2004-06-21,1.2144,1.2151,1.2076,1.2112,12201
2004-06-22,1.2112,1.2136,1.2065,1.212,11981
2004-06-23,1.2114,1.2196,1.2063,1.209,12389
2004-06-24,1.2093,1.2193,1.204,1.2185,12332
2004-06-25,1.2183,1.2193,1.2105,1.2181,12048
2004-06-28,1.2178,1.2232,1.2122,1.2184,11372
2004-06-29,1.2187000000000001,1.2195,1.2068,1.2081,11503
2004-06-30,1.2081,1.2208,1.2066,1.2186,11958
2004-07-01,1.2187999999999999,1.2213,1.213,1.2159,11694
2004-07-02,1.2156,1.2331,1.2141,1.2321,11772
2004-07-05,1.2328000000000001,1.2339,1.2269,1.2285,11085
2004-07-06,1.2284,1.2333,1.2263,1.2292,11883
2004-07-07,1.2288000000000001,1.2393,1.2273,1.2368999999999999,12215
2004-07-08,1.2366,1.2409,1.2339,1.2395,10953
2004-07-09,1.2392,1.2426,1.2368999999999999,1.2418,11055
2004-07-12,1.2411,1.244,1.2383,1.241,11315
2004-07-13,1.241,1.2415,1.2299,1.2336,11463
2004-07-14,1.2337,1.2425,1.2317,1.2387,11195
2004-07-15,1.2385,1.2393,1.2326,1.2356,11157
2004-07-16,1.2356,1.2462,1.2327,1.2454,11079
2004-07-19,1.2451,1.2464,1.2398,1.2446,10378
2004-07-20,1.2442,1.2457,1.2299,1.2331,11091
2004-07-21,1.2328000000000001,1.2353,1.221,1.2279,11571
2004-07-22,1.2278,1.2296,1.2232,1.2256,11555
2004-07-23,1.2259,1.2269,1.2088,1.2095,10827
2004-07-26,1.2103,1.2174,1.2089,1.2149,11630
2004-07-27,1.2149,1.2193,1.2035,1.2058,11759
2004-07-28,1.2058,1.2083,1.1999,1.2058,12287
2004-07-29,1.2055,1.2099,1.199,1.2043,12632
2004-07-30,1.204,1.2122,1.2001,1.2019,12215
2004-08-02,1.2069,1.2096,1.2019,1.2025000000000001,11448
2004-08-03,1.2025000000000001,1.2079,1.1994,1.2051,10854
2004-08-04,1.2048,1.2071,1.1968,1.205,11037
2004-08-05,1.2053,1.2076,1.2019,1.2059,10445
2004-08-06,1.2058,1.2294,1.2042,1.2283,11900
2004-08-09,1.2287,1.2293,1.2245,1.2266,11389
2004-08-10,1.2267000000000001,1.2323,1.2221,1.2227999999999999,11031
2004-08-11,1.2229,1.2252,1.2195,1.2225,10858
2004-08-12,1.2227000000000001,1.2296,1.2215,1.2248999999999999,11356
2004-08-13,1.225,1.2381,1.2175,1.2377,11763
2004-08-16,1.2379,1.2385,1.2314,1.2359,10501
2004-08-17,1.236,1.2391,1.231,1.2348,10484
2004-08-18,1.2349999999999999,1.2368000000000001,1.2284,1.2338,10460
2004-08-19,1.2335,1.2382,1.2332,1.2368000000000001,10820
2004-08-20,1.2368999999999999,1.2385,1.2278,1.2319,10504
2004-08-23,1.2313,1.2322,1.2131,1.2139,10723
2004-08-24,1.214,1.217,1.2058,1.2082,11081
2004-08-25,1.2079,1.2119,1.2052,1.2085,11293
2004-08-26,1.2084,1.2119,1.2049,1.2105,10833
2004-08-27,1.2102,1.2138,1.2004,1.2015,10764
2004-08-30,1.2012,1.2071,1.1985999999999999,1.2053,8409
2004-08-31,1.2052,1.2196,1.2043,1.2182,8997
2004-09-01,1.2181,1.2224,1.2144,1.2191,9260
2004-09-02,1.2191,1.2202,1.214,1.2169,10286
2004-09-03,1.2166,1.2197,1.2041,1.2061,10736
2004-09-06,1.2062,1.2082,1.2046000000000001,1.2065,7881
2004-09-07,1.2066,1.2114,1.2054,1.2104,8741
2004-09-08,1.2107,1.2195,1.2026,1.2184,9503
2004-09-09,1.2175,1.2239,1.2158,1.2233,9187
2004-09-10,1.2233,1.2311,1.2196,1.2269,9766
2004-09-13,1.2268,1.2288999999999999,1.2223,1.226,8435
2004-09-14,1.2262,1.2297,1.2224,1.2247,9362
2004-09-15,1.2248,1.2264,1.2134,1.2152,9293
2004-09-16,1.215,1.2205,1.212,1.2185,8873
2004-09-17,1.2186,1.2225,1.2156,1.217,8557
2004-09-20,1.2174,1.2183,1.2125,1.2172,8284
2004-09-21,1.2174,1.2348,1.2167,1.233,8862
2004-09-22,1.233,1.2334,1.2224,1.2263,9193
2004-09-23,1.2263,1.2335,1.2253,1.2267000000000001,9358
2004-09-24,1.2265,1.2364,1.2237,1.2276,8791
2004-09-27,1.2283,1.2319,1.2246,1.2299,8491
2004-09-28,1.2293,1.2349,1.228,1.2325,9011
2004-09-29,1.2326,1.2344,1.2288000000000001,1.2332,8576
2004-09-30,1.2332,1.2446,1.2313,1.2428,9267
2004-10-01,1.2429000000000001,1.244,1.2383,1.2402,8607
2004-10-04,1.2401,1.2402,1.2256,1.2285,8818
2004-10-05,1.2286,1.2332,1.2263,1.2309,9101
2004-10-06,1.2311,1.2325,1.2246,1.2282,9021
2004-10-07,1.2282,1.2316,1.2271,1.2286,8559
2004-10-08,1.2285,1.2435,1.2282,1.2408,9058
2004-10-11,1.2417,1.2424,1.2368000000000001,1.2385,7781
2004-10-12,1.2385,1.2393,1.2287,1.2328000000000001,8543
2004-10-13,1.2327,1.2358,1.2224,1.234,8499
2004-10-14,1.2338,1.2421,1.2321,1.2383,9655
2004-10-15,1.2383,1.2507,1.2353,1.2477,9591
2004-10-18,1.2477,1.2536,1.2461,1.2490999999999999,8501
2004-10-19,1.2492,1.2529,1.2451,1.2517,9063
2004-10-20,1.2517,1.2631000000000001,1.2494,1.2583,9312
2004-10-21,1.2581,1.2652999999999999,1.2570999999999999,1.2612999999999999,9720
2004-10-22,1.2612,1.2692,1.2596,1.2686,8940
2004-10-25,1.272,1.2831000000000001,1.2709,1.2803,10261
2004-10-26,1.2805,1.2844,1.2726,1.2747,9770
2004-10-27,1.275,1.2816,1.2692,1.2702,9903
2004-10-28,1.2701,1.2768,1.2631000000000001,1.2742,9856
2004-10-29,1.2744,1.28,1.2705,1.2787,9191
2004-11-01,1.2818,1.2833,1.2716,1.2753,8969
2004-11-02,1.2753,1.2758,1.2663,1.2744,9186
2004-11-03,1.2743,1.2832,1.2655,1.2826,10437
2004-11-04,1.2827,1.2899,1.2789,1.2871000000000001,9382
2004-11-05,1.287,1.298,1.2759,1.2974,10005
2004-11-08,1.2969,1.2988,1.2905,1.2912,9229
2004-11-09,1.2913000000000001,1.2941,1.2881,1.2897,9279
2004-11-10,1.2898,1.3006,1.2848,1.289,9917
2004-11-11,1.2887,1.292,1.2857,1.2908,8403
2004-11-12,1.2908,1.299,1.2879,1.297,9040
2004-11-15,1.297,1.3,1.2916,1.2948,9012
2004-11-16,1.2948,1.2997,1.2919,1.2959,9267
2004-11-17,1.2957,1.305,1.2951,1.3037,9105
2004-11-18,1.3043,1.3075999999999999,1.2939,1.2944,8946
2004-11-19,1.2942,1.307,1.2937,1.3054000000000001,8979
2004-11-22,1.3039,1.3053,1.3011,1.3041,8259
2004-11-23,1.3041,1.3107,1.2974999999999999,1.3085,9153
2004-11-24,1.3087,1.3192,1.308,1.3187,8788
2004-11-25,1.3187,1.3286,1.3162,1.3275000000000001,8446
2004-11-26,1.3274,1.3331,1.3182,1.3296999999999999,9248
2004-11-29,1.328,1.3306,1.3229,1.327,8811
2004-11-30,1.327,1.3336000000000001,1.323,1.3289,9274
2004-12-01,1.3289,1.3363,1.3274,1.334,9055
2004-12-02,1.334,1.3386,1.3235999999999999,1.3267,9802
2004-12-03,1.3268,1.3464,1.3254000000000001,1.3455,9273
2004-12-06,1.3442,1.3457,1.339,1.3403,8652
2004-12-07,1.34,1.3471,1.339,1.3425,8650
2004-12-08,1.3428,1.3434,1.3191,1.3355000000000001,10187
2004-12-09,1.3352,1.3362,1.325,1.3309,10209
2004-12-10,1.3308,1.3319,1.3139,1.3212,9798
2004-12-13,1.3195999999999999,1.3331,1.3195000000000001,1.3315000000000001,9476
2004-12-14,1.3313,1.3338,1.326,1.329,9294
2004-12-15,1.3291,1.3444,1.3261,1.3399,9090
2004-12-16,1.3397000000000001,1.3431,1.3202,1.3253,10380
2004-12-17,1.3255,1.3321,1.3226,1.3316,9932
2004-12-20,1.3333,1.341,1.3296999999999999,1.3397000000000001,8763
2004-12-21,1.3395000000000001,1.3412,1.3352,1.3364,8274
2004-12-22,1.3364,1.3407,1.3343,1.339,8677
2004-12-23,1.3389,1.3518,1.338,1.3504,8807
2004-12-24,1.3505,1.3553,1.3484,1.3528,7077
2004-12-27,1.3527,1.3642,1.3514,1.362,7689
2004-12-28,1.362,1.3646,1.3588,1.3615,8259
2004-12-29,1.3612,1.3648,1.3556,1.3611,9343
2004-12-30,1.3613,1.367,1.3573,1.3632,9290
2004-12-31,1.3632,1.3664,1.3512,1.3562,8605
2005-01-03,1.3562,1.3580999999999999,1.3385,1.3468,9658
2005-01-04,1.3465,1.3497,1.3248,1.327,10002
2005-01-05,1.3272,1.3304,1.3213,1.3272,9867
2005-01-06,1.3275000000000001,1.3283,1.3154,1.3181,9845
2005-01-07,1.3179,1.3252,1.3024,1.3072,9865
2005-01-10,1.3058,1.3126,1.3052000000000001,1.31,8992
2005-01-11,1.3105,1.3172,1.31,1.3118,9289
2005-01-12,1.3118,1.3294000000000001,1.3082,1.325,9282
2005-01-13,1.325,1.3269,1.3193,1.3213,9104
2005-01-14,1.3213,1.3216999999999999,1.3054999999999999,1.3094999999999999,10097
2005-01-17,1.3109,1.3129,1.304,1.3046,7732
2005-01-18,1.3046,1.3077,1.2993000000000001,1.3017,9292
2005-01-19,1.3018,1.312,1.2963,1.3008,9293
2005-01-20,1.3008,1.3026,1.2922,1.2957,9698
2005-01-21,1.2959,1.3069,1.2932000000000001,1.3008,9624
2005-01-24,1.3046,1.3102,1.3029,1.3045,9073
2005-01-25,1.3045,1.3078,1.2945,1.2974,9283
2005-01-26,1.2977,1.3111,1.2965,1.3074,9429
2005-01-27,1.3075999999999999,1.3126,1.301,1.3041,9550
2005-01-28,1.3041,1.3083,1.2985,1.3056,9336
2005-01-31,1.3012000000000001,1.3061,1.2974,1.3045,9200
2005-02-01,1.3046,1.3069,1.2999,1.3044,9672
2005-02-02,1.3043,1.3098,1.3008,1.3033000000000001,9775
2005-02-03,1.3035,1.3039,1.2939,1.2976,9250
2005-02-04,1.2974,1.3044,1.2864,1.2864,9309
2005-02-07,1.2854999999999999,1.2866,1.2732,1.2752,9264
2005-02-08,1.2753,1.2799,1.2732,1.2763,9362
2005-02-09,1.2763,1.2814999999999999,1.2738,1.2811,9151
2005-02-10,1.2810000000000001,1.2909,1.2738,1.2876,9690
2005-02-11,1.2875,1.2898,1.2844,1.2865,8644
2005-02-14,1.2881,1.2992,1.2877,1.2972000000000001,8694
2005-02-15,1.2972000000000001,1.3054000000000001,1.2952,1.3018,9318
2005-02-16,1.3019,1.3066,1.2959,1.3025,9605
2005-02-17,1.3026,1.3091,1.3014000000000001,1.3074,8722
2005-02-18,1.3075,1.3085,1.3014000000000001,1.3064,8512
2005-02-21,1.3052000000000001,1.3081,1.3031,1.306,7718
2005-02-22,1.3059,1.3271,1.3054000000000001,1.3255,9658
2005-02-23,1.3255,1.3276,1.3185,1.3207,9590
2005-02-24,1.3208,1.3272,1.3176,1.3194,9423
2005-02-25,1.3195000000000001,1.3252,1.3145,1.3243,9204
2005-02-28,1.3237999999999999,1.328,1.3213,1.3215,9106
2005-03-01,1.3216,1.3228,1.3167,1.3185,9119
2005-03-02,1.3187,1.3189,1.3087,1.3136,9242
2005-03-03,1.3136999999999999,1.3167,1.3096999999999999,1.3108,8901
2005-03-04,1.3107,1.3256000000000001,1.3094999999999999,1.3241,8971
2005-03-07,1.3235999999999999,1.3249,1.3176999999999999,1.3216,8440
2005-03-08,1.3216999999999999,1.3364,1.3208,1.3354,8811
2005-03-09,1.3352,1.3426,1.3329,1.339,9711
2005-03-10,1.339,1.3457,1.337,1.3409,9961
2005-03-11,1.3405,1.3483,1.3391,1.3458,9911
2005-03-14,1.3463,1.3479,1.3335,1.3366,9015
2005-03-15,1.3364,1.3412,1.3296000000000001,1.331,9653
2005-03-16,1.3309,1.3442,1.329,1.3417,9489
2005-03-17,1.342,1.3423,1.3341,1.3378999999999999,9400
2005-03-18,1.338,1.3389,1.3265,1.3321,8849
2005-03-21,1.331,1.3317999999999999,1.314,1.3167,9231
2005-03-22,1.3168,1.3221,1.3054000000000001,1.3085,9675
2005-03-23,1.3085,1.3089,1.296,1.2989,9543
2005-03-24,1.2989,1.3035,1.2932000000000001,1.2943,9221
2005-03-25,1.294,1.2972000000000001,1.2928,1.2955999999999999,6510
2005-03-28,1.2962,1.2964,1.2856,1.2894999999999999,8512
2005-03-29,1.2894999999999999,1.2957,1.2877,1.2925,9296
2005-03-30,1.2922,1.2987,1.2911000000000001,1.2916,9785
2005-03-31,1.2913999999999999,1.3021,1.291,1.2965,9619
2005-04-01,1.2962,1.306,1.287,1.2908,9662
2005-04-04,1.2885,1.2907,1.2819,1.2852999999999999,9133
2005-04-05,1.2852999999999999,1.2878,1.28,1.2852999999999999,9288
2005-04-06,1.2852999999999999,1.2912,1.2839,1.2872,9161
2005-04-07,1.2872,1.2942,1.2845,1.2851,9484
2005-04-08,1.2854,1.2942,1.2811,1.2918,8882
2005-04-11,1.2926,1.3005,1.2907,1.2974,9021
2005-04-12,1.2976,1.3017,1.2863,1.2918,9702
2005-04-13,1.2919,1.2955999999999999,1.2849,1.2919,9437
2005-04-14,1.292,1.2923,1.2767,1.2799,9708
2005-04-15,1.28,1.2942,1.2778,1.29,9602
2005-04-18,1.2918,1.3046,1.2876,1.3028,9340
2005-04-19,1.3024,1.3081,1.2981,1.3057,11996
2005-04-20,1.3057,1.3106,1.2991,1.3087,11858
2005-04-21,1.3087,1.3127,1.3024,1.305,11908
2005-04-22,1.3052000000000001,1.3096,1.3021,1.3062,11057
2005-04-25,1.3057,1.3063,1.2953999999999999,1.2989,11919
2005-04-26,1.2988,1.3017,1.2944,1.2992,11588
2005-04-27,1.2991,1.2995999999999999,1.2903,1.2926,12024
2005-04-28,1.2923,1.2945,1.2881,1.2902,12128
2005-04-29,1.2904,1.2982,1.2852999999999999,1.2873999999999999,11421
2005-05-02,1.2862,1.2878,1.2836,1.2852000000000001,10096
2005-05-03,1.2851,1.2915,1.2827,1.2873999999999999,11270
2005-05-04,1.2873999999999999,1.2977,1.287,1.2955,12220
2005-05-05,1.2952,1.2993000000000001,1.2925,1.2958,11572
2005-05-06,1.2957,1.2969,1.2810000000000001,1.2838,11408
2005-05-09,1.2816,1.2879,1.2789,1.2863,11809
2005-05-10,1.2861,1.2893,1.2814999999999999,1.2879,11620
2005-05-11,1.2877,1.2916,1.2777,1.2806,12364
2005-05-12,1.2806,1.2819,1.2665,1.2679,12494
2005-05-13,1.2679,1.2691,1.2604,1.2614,11467
2005-05-16,1.2625,1.2654,1.258,1.2634,11668
2005-05-17,1.2635,1.2667,1.2593,1.2612,11907
2005-05-18,1.2609,1.2692,1.2585,1.2679,11688
2005-05-19,1.2678,1.2694,1.2604,1.2641,11600
2005-05-20,1.2638,1.2658,1.2535,1.2551,11151
2005-05-23,1.2543,1.26,1.2534,1.2570000000000001,11116
2005-05-24,1.2569,1.2631999999999999,1.2556,1.2582,11635
2005-05-25,1.2576,1.2622,1.2551,1.2603,11512
2005-05-26,1.2603,1.2618,1.2493,1.2511999999999999,11741
2005-05-27,1.2511,1.2593,1.2505,1.258,10507
2005-05-30,1.2538,1.2549000000000001,1.2462,1.2474,10301
2005-05-31,1.2479,1.249,1.2294,1.2308,12687
2005-06-01,1.2308,1.2345,1.2158,1.2207,12636
2005-06-02,1.2206,1.2299,1.2181,1.2277,12365
2005-06-03,1.2271,1.2344,1.2203,1.2232,12353
2005-06-06,1.2227000000000001,1.2296,1.2218,1.226,11357
2005-06-07,1.2264,1.2317,1.2236,1.2286,11328
2005-06-08,1.2284,1.2356,1.2206,1.2235,13428
2005-06-09,1.2233,1.226,1.2176,1.2229,13096
2005-06-10,1.2229,1.2252,1.2106,1.2122,12950
2005-06-13,1.2109,1.2124,1.2028,1.2112,13299
2005-06-14,1.2116,1.2154,1.2021,1.2033,12807
2005-06-15,1.2033,1.2135,1.2016,1.2124,13872
2005-06-16,1.2125,1.2171,1.2057,1.2105,13441
2005-06-17,1.2105,1.2292,1.2091,1.2283,13070
2005-06-20,1.2187999999999999,1.2244,1.2124,1.2155,12219
2005-06-21,1.2155,1.219,1.2068,1.2173,13824
2005-06-22,1.2175,1.2209,1.2098,1.2133,13403
2005-06-23,1.2131,1.2146,1.2016,1.2034,13182
2005-06-24,1.2031,1.2111,1.1982,1.2095,12217
2005-06-27,1.2099,1.2187999999999999,1.2093,1.2171,12152
2005-06-28,1.2171,1.2179,1.2049,1.2067,13084
2005-06-29,1.2067,1.2114,1.2015,1.207,13049
2005-06-30,1.2069,1.2124,1.2042,1.2094,13350
2005-07-01,1.2091,1.2109,1.1933,1.1937,12018
2005-07-04,1.1932,1.1952,1.1885,1.19,10007
2005-07-05,1.1896,1.1942,1.1865,1.1918,12323
2005-07-06,1.1918,1.1956,1.1892,1.1936,11608
2005-07-07,1.1935,1.2042,1.1908,1.1952,13245
2005-07-08,1.1951,1.1989,1.1872,1.1975,12132
2005-07-11,1.1967,1.2091,1.1955,1.2075,12654
2005-07-12,1.2075,1.2259,1.2052,1.2241,14371
2005-07-13,1.2238,1.2242,1.2073,1.2083,12991
2005-07-14,1.2084,1.2129,1.2056,1.2083,13223
2005-07-15,1.208,1.2141,1.202,1.2043,12604
2005-07-18,1.2024,1.2091,1.2023,1.2051,11568
2005-07-19,1.2052,1.2069,1.1952,1.2032,12347
2005-07-20,1.203,1.219,1.1996,1.215,14040
2005-07-21,1.2151,1.2257,1.2098,1.2163,14355
2005-07-22,1.2163,1.2193,1.2055,1.2058,13446
2005-07-25,1.2053,1.2091,1.2027,1.2069,11387
2005-07-26,1.2066,1.2072,1.198,1.2024,13144
2005-07-27,1.2023,1.2088,1.1963,1.2062,12953
2005-07-28,1.2063,1.2152,1.2036,1.2127,12063
2005-07-29,1.2126000000000001,1.2163,1.2074,1.2123,13112
2005-08-01,1.2123,1.2246,1.2117,1.2176,11785
2005-08-02,1.2176,1.2256,1.2172,1.2196,12894
2005-08-03,1.2196,1.2347,1.2147999999999999,1.2332,12177
2005-08-04,1.2333,1.2405,1.2299,1.2386,12424
2005-08-05,1.2385,1.2398,1.2311,1.2376,13012
2005-08-08,1.2337,1.2393,1.2314,1.2347,12401
2005-08-09,1.2347,1.2417,1.2328999999999999,1.2379,13031
2005-08-10,1.2378,1.2428,1.2335,1.2388,13380
2005-08-11,1.2391,1.248,1.2376,1.2468,13389
2005-08-12,1.2469000000000001,1.2489,1.2382,1.2438,12360
2005-08-15,1.2454,1.246,1.2344,1.2368000000000001,11879
2005-08-16,1.2368999999999999,1.2376,1.2295,1.2359,12863
2005-08-17,1.2355,1.2373,1.226,1.2277,13013
2005-08-18,1.2278,1.2298,1.2158,1.2175,11564
2005-08-19,1.218,1.2197,1.2125,1.2153,10920
2005-08-22,1.2168,1.2246,1.2155,1.2225,11540
2005-08-23,1.2227000000000001,1.2257,1.219,1.2229,11866
2005-08-24,1.223,1.2282,1.2161,1.2271,11940
2005-08-25,1.227,1.2328999999999999,1.2256,1.23,12134
2005-08-26,1.23,1.2344,1.227,1.2281,11809
2005-08-29,1.2284,1.2348,1.2215,1.2224,11857
2005-08-30,1.2224,1.2242,1.217,1.2218,12382
2005-08-31,1.2219,1.236,1.2187000000000001,1.2342,12717
2005-09-01,1.2341,1.2528000000000001,1.2324,1.2493,12787
2005-09-02,1.2493,1.2591,1.2466,1.2515,12479
2005-09-05,1.2534,1.2589000000000001,1.2511,1.2543,11455
2005-09-06,1.2546,1.2546,1.2442,1.2466,13074
2005-09-07,1.2465,1.254,1.2405,1.2412,12480
2005-09-08,1.2413,1.2456,1.2383,1.2397,12002
2005-09-09,1.24,1.2462,1.2374,1.2418,11407
2005-09-12,1.2402,1.2417,1.227,1.2277,11380
2005-09-13,1.2279,1.232,1.2245,1.2268,12439
2005-09-14,1.2268,1.2331,1.2256,1.2284,12393
2005-09-15,1.2283,1.2288999999999999,1.2193,1.2224,12213
2005-09-16,1.2224,1.2312,1.2199,1.2239,11331
2005-09-19,1.2163,1.2177,1.2099,1.2136,10834
2005-09-20,1.2137,1.2192,1.211,1.2119,11559
2005-09-21,1.2121,1.2243,1.211,1.2226,12360
2005-09-22,1.2225,1.2274,1.2131,1.2147999999999999,12719
2005-09-23,1.2151,1.2172,1.2033,1.2034,10283
2005-09-26,1.2025000000000001,1.2083,1.2009,1.2068,11713
2005-09-27,1.207,1.2084,1.1978,1.2017,11780
2005-09-28,1.2018,1.2053,1.1991,1.2044,12084
2005-09-29,1.2044,1.2079,1.2005,1.2035,12187
2005-09-30,1.2033,1.2093,1.1995,1.2064,11871
2005-10-03,1.202,1.2036,1.1901,1.1918,11618
2005-10-04,1.1918,1.1951,1.19,1.1919,12009
2005-10-05,1.1922,1.2018,1.1914,1.201,11895
2005-10-06,1.2013,1.2209,1.1992,1.2183,13212
2005-10-07,1.2185,1.2186,1.2091,1.2128,11472
2005-10-10,1.2117,1.2156,1.2039,1.2068,9326
2005-10-11,1.2064,1.2069,1.1975,1.1988,9203
2005-10-12,1.199,1.2056,1.1952,1.2027,9210
2005-10-13,1.2028,1.2041,1.1913,1.2027,9770
2005-10-14,1.2025000000000001,1.2111,1.1979,1.2074,10213
2005-10-17,1.2078,1.2124,1.201,1.2018,13035
2005-10-18,1.2018,1.2023,1.1915,1.1965,9755
2005-10-19,1.1963,1.2005,1.1875,1.1994,10358
2005-10-20,1.1996,1.2026,1.1948,1.2019,9920
2005-10-21,1.2016,1.2079,1.1927,1.1956,9907
2005-10-24,1.1944,1.2022,1.1922,1.198,8451
2005-10-25,1.1981,1.2119,1.1936,1.2111,9797
2005-10-26,1.211,1.2138,1.2046999999999999,1.2059,9708
2005-10-27,1.2059,1.2174,1.2042,1.2138,9935
2005-10-28,1.2139,1.2173,1.2048,1.2066,9333
2005-10-31,1.2063,1.2092,1.1967,1.1984,9303
2005-11-01,1.1983,1.2043,1.1972,1.2037,9879
2005-11-02,1.2034,1.2085,1.1985999999999999,1.2073,9690
2005-11-03,1.2074,1.2083,1.1934,1.1942,9466
2005-11-04,1.1941,1.1997,1.18,1.181,9416
2005-11-07,1.1804000000000001,1.1834,1.1775,1.1788,9333
2005-11-08,1.179,1.18,1.1709,1.1779,9564
2005-11-09,1.178,1.1792,1.1717,1.1768,9345
2005-11-10,1.1767,1.1799,1.1675,1.1691,9785
2005-11-11,1.1691,1.174,1.1671,1.1738,8363
2005-11-14,1.1718,1.1775,1.1659,1.1695,9212
2005-11-15,1.1692,1.1731,1.1638,1.1719,9626
2005-11-16,1.1718,1.174,1.1645,1.1672,9537
2005-11-17,1.1673,1.1764999999999999,1.1643,1.1743999999999999,10052
2005-11-18,1.1743000000000001,1.1796,1.1663999999999999,1.1771,9757
2005-11-21,1.178,1.1839,1.1717,1.1728,9710
2005-11-22,1.1724,1.1828,1.1685,1.182,9961
2005-11-23,1.1823,1.1869,1.1763,1.1811,10278
2005-11-24,1.1812,1.1827,1.177,1.1779,8481
2005-11-25,1.1782,1.1785,1.1708,1.1719,8387
2005-11-28,1.1707,1.1904,1.168,1.1848,9733
2005-11-29,1.1847,1.1865,1.1737,1.1764999999999999,10010
2005-11-30,1.1766,1.1804999999999999,1.1753,1.179,9437
2005-12-01,1.179,1.1806,1.1689,1.1739,9619
2005-12-02,1.1739,1.1754,1.166,1.171,9342
2005-12-05,1.17,1.1821,1.1687,1.1792,9435
2005-12-06,1.1792,1.1808,1.1753,1.178,9098
2005-12-07,1.178,1.1804000000000001,1.1703000000000001,1.1713,8788
2005-12-08,1.1713,1.1853,1.1702,1.1818,9651
2005-12-09,1.1817,1.1839,1.1766,1.1815,9224
2005-12-12,1.1788,1.1984,1.1784,1.1954,9610
2005-12-13,1.1954,1.1989,1.1905000000000001,1.1934,9619
2005-12-14,1.1936,1.2064,1.1933,1.1994,10200
2005-12-15,1.1991,1.2041,1.1935,1.197,9859
2005-12-16,1.197,1.2029,1.1936,1.2015,9302
2005-12-19,1.2025000000000001,1.204,1.1975,1.2002,8977
2005-12-20,1.2001,1.2015,1.1839,1.1862,9141
2005-12-21,1.1862,1.1914,1.1801,1.1834,9580
2005-12-22,1.1832,1.19,1.1809,1.1873,9091
2005-12-23,1.1874,1.1887,1.1829,1.1862,8168
2005-12-26,1.186,1.1898,1.1832,1.1848,5718
2005-12-27,1.1847,1.1878,1.1825,1.1833,7494
2005-12-28,1.183,1.1934,1.181,1.1838,8933
2005-12-29,1.1838,1.1883,1.1818,1.1841,8669
2005-12-30,1.1842,1.189,1.1778,1.1839,8253
2006-01-02,1.1849,1.1869,1.1801,1.1821,5870
2006-01-03,1.1822,1.2033,1.181,1.2015,9455
2006-01-04,1.2014,1.2146,1.2012,1.2107999999999999,10123
2006-01-05,1.2107,1.2123,1.2065,1.2097,9584
2006-01-06,1.2101,1.2182,1.2078,1.2143,9219
2006-01-09,1.2143,1.2155,1.2051,1.2081,9512
2006-01-10,1.208,1.2112,1.2036,1.2061,9977
2006-01-11,1.2061,1.2146,1.2043,1.2141,9534
2006-01-12,1.2139,1.2165,1.2006999999999999,1.2033,9787
2006-01-13,1.2032,1.215,1.2028,1.2115,9358
2006-01-16,1.2153,1.2176,1.2104,1.2116,8758
2006-01-17,1.2115,1.2145,1.205,1.2117,9573
2006-01-18,1.2114,1.2161,1.2069,1.2119,9745
2006-01-19,1.2116,1.2127,1.2053,1.2091,9413
2006-01-20,1.2091,1.2143,1.204,1.2136,9066
2006-01-23,1.2143,1.2314,1.2141,1.2297,10429
2006-01-24,1.2296,1.2323,1.2256,1.2269,9694
2006-01-25,1.227,1.2324,1.2234,1.2242,10122
2006-01-26,1.2243,1.2273,1.2198,1.2202,9953
2006-01-27,1.2206,1.2238,1.2086000000000001,1.2097,9711
2006-01-30,1.2104,1.2116,1.2063,1.2094,8999
2006-01-31,1.209,1.2191,1.2078,1.2147999999999999,9516
2006-02-01,1.2141,1.2167,1.2046999999999999,1.2059,9176
2006-02-02,1.2057,1.2109,1.2031,1.2088,9380
2006-02-03,1.2088,1.2113,1.1967,1.2025000000000001,9111
2006-02-06,1.2033,1.205,1.1944,1.197,9166
2006-02-07,1.1976,1.2017,1.1942,1.1984,9006
2006-02-08,1.1985000000000001,1.1996,1.1923,1.1958,9167
2006-02-09,1.1958,1.1996,1.1944,1.1987,8802
2006-02-10,1.1984,1.2028,1.1892,1.1908,9287
2006-02-13,1.1895,1.1922,1.1877,1.1902,9046
2006-02-14,1.19,1.1927,1.1859,1.1913,8978
2006-02-15,1.1914,1.1955,1.187,1.1892,9056
2006-02-16,1.1894,1.1911,1.1848,1.1902,8903
2006-02-17,1.1905000000000001,1.1945000000000001,1.1857,1.1932,9185
2006-02-20,1.1925,1.1977,1.1923,1.1937,8067
2006-02-21,1.1937,1.194,1.189,1.1909,8404
2006-02-22,1.1908,1.1932,1.1864,1.1912,8722
2006-02-23,1.1909,1.1974,1.1893,1.1918,9283
2006-02-24,1.1919,1.1935,1.1863,1.1872,8699
2006-02-27,1.1865999999999999,1.188,1.1825,1.1847,9010
2006-02-28,1.1847,1.1943,1.1833,1.1931,8937
2006-03-01,1.1929,1.1977,1.189,1.1924,9235
2006-03-02,1.1923,1.2048,1.1912,1.2033,9619
2006-03-03,1.2033,1.2055,1.1995,1.2037,8641
2006-03-06,1.205,1.2095,1.1989,1.2009,9210
2006-03-07,1.2006999999999999,1.2023,1.1868,1.1887,10142
2006-03-08,1.1887,1.1943,1.1872,1.1928,9449
2006-03-09,1.1927,1.1954,1.1898,1.1907,9564
2006-03-10,1.1905999999999999,1.1931,1.1859,1.1916,9095
2006-03-13,1.1913,1.1971,1.1911,1.1961,9376
2006-03-14,1.1961,1.2034,1.1939,1.2016,10373
2006-03-15,1.2016,1.2076,1.2005,1.2069,9996
2006-03-16,1.207,1.2192,1.2034,1.2172,10398
2006-03-17,1.217,1.2209,1.214,1.219,9551
2006-03-20,1.2176,1.2199,1.2145,1.216,9791
2006-03-21,1.2162,1.217,1.2075,1.2107999999999999,10394
2006-03-22,1.2113,1.2116,1.2064,1.208,9710
2006-03-23,1.2078,1.2084,1.1954,1.1968,9821
2006-03-24,1.1969,1.2049,1.1951,1.204,9062
2006-03-27,1.2039,1.2064,1.2003,1.2014,9746
2006-03-28,1.2019,1.211,1.1991,1.2,10222
2006-03-29,1.1998,1.2051,1.198,1.2025000000000001,9309
2006-03-30,1.2023,1.2175,1.202,1.2162,10663
2006-03-31,1.2165,1.2178,1.2082,1.2116,10699
2006-04-03,1.2119,1.2151,1.2031,1.2133,10207
2006-04-04,1.2132,1.2279,1.2119,1.2261,9977
2006-04-05,1.2259,1.2308,1.2242,1.2292,10757
2006-04-06,1.229,1.2335,1.2196,1.2219,10882
2006-04-07,1.2218,1.2227000000000001,1.2088,1.2093,10548
2006-04-10,1.2106,1.2132,1.2075,1.2114,9662
2006-04-11,1.2117,1.2156,1.209,1.2139,9832
2006-04-12,1.2141,1.217,1.2065,1.2105,9208
2006-04-13,1.2104,1.2135,1.2069,1.2107,9647
2006-04-14,1.2107999999999999,1.212,1.2093,1.2111,6963
2006-04-17,1.2122,1.2288999999999999,1.2119,1.2256,8994
2006-04-18,1.2253,1.2372,1.2223,1.2367,10158
2006-04-19,1.2364,1.2396,1.2284,1.2379,10746
2006-04-20,1.2377,1.2381,1.2286,1.2314,9984
2006-04-21,1.2315,1.2363,1.2268,1.234,9818
2006-04-24,1.2371,1.2418,1.2333,1.2384,10346
2006-04-25,1.2383,1.2442,1.2366,1.2428,10449
2006-04-26,1.2429000000000001,1.2473,1.2385,1.2447,10645
2006-04-27,1.2447,1.255,1.2403,1.2528000000000001,9974
2006-04-28,1.2527,1.2643,1.252,1.2635,9991
2006-05-01,1.2629000000000001,1.2692999999999999,1.2555,1.2568,9102
2006-05-02,1.2567,1.2669000000000001,1.2557,1.2612,10471
2006-05-03,1.2607,1.2671999999999999,1.259,1.2629000000000001,10398
2006-05-04,1.2631000000000001,1.2726,1.2570999999999999,1.2696,10362
2006-05-05,1.2697,1.2766,1.2671999999999999,1.2727,10090
2006-05-08,1.2744,1.279,1.2692,1.2701,10248
2006-05-09,1.2704,1.2785,1.266,1.2763,9675
2006-05-10,1.2762,1.2836,1.275,1.2782,10135
2006-05-11,1.2783,1.2876,1.2684,1.2836,10095
2006-05-12,1.2838,1.296,1.283,1.2926,10474
2006-05-15,1.2947,1.2973,1.2778,1.28,10040
2006-05-16,1.28,1.287,1.2769,1.286,10150
2006-05-17,1.2859,1.2921,1.2701,1.2725,10642
2006-05-18,1.2729,1.2876,1.2724,1.2854999999999999,10072
2006-05-19,1.2854999999999999,1.2866,1.2692,1.2771,10082
2006-05-22,1.2763,1.2888,1.2694,1.286,9779
2006-05-23,1.2859,1.288,1.2783,1.2788,10078
2006-05-24,1.2785,1.2894999999999999,1.2728,1.2758,11002
2006-05-25,1.2757,1.2828,1.2748,1.2824,9881
2006-05-26,1.2826,1.2836,1.27,1.2737,9858
2006-05-29,1.2732,1.2771,1.2718,1.2749,8909
2006-05-30,1.275,1.2911000000000001,1.2741,1.2875,10538
2006-05-31,1.2875,1.2905,1.2803,1.2817,10710
2006-06-01,1.2817,1.2826,1.2722,1.2816,10571
2006-06-02,1.2814,1.2941,1.2793999999999999,1.2922,9917
2006-06-05,1.2927,1.2981,1.2898,1.2905,10340
2006-06-06,1.2902,1.2937,1.2807,1.2824,10243
2006-06-07,1.2827,1.2839,1.2759,1.2802,9775
2006-06-08,1.2803,1.2810000000000001,1.2625,1.2649,11059
2006-06-09,1.2652999999999999,1.2686,1.2597,1.2642,10103
2006-06-12,1.2615,1.2654,1.2565,1.2581,8890
2006-06-13,1.258,1.2621,1.2530000000000001,1.2543,9994
2006-06-14,1.2545,1.2650000000000001,1.2533,1.2607,10465
2006-06-15,1.2607,1.2661,1.2579,1.2631000000000001,10271
2006-06-16,1.2631999999999999,1.2676,1.2617,1.2647,9306
2006-06-19,1.2649,1.2654,1.2551999999999999,1.2575,9582
2006-06-20,1.2575,1.262,1.2538,1.2583,9495
2006-06-21,1.2587,1.2682,1.2579,1.2667,9214
2006-06-22,1.267,1.2682,1.255,1.2570000000000001,9608
2006-06-23,1.2570999999999999,1.259,1.2478,1.251,9202
2006-06-26,1.2506,1.2606,1.2501,1.259,9950
2006-06-27,1.2589000000000001,1.262,1.2561,1.2576,10011
2006-06-28,1.2576,1.2587,1.2514,1.2548,8919
2006-06-29,1.2549000000000001,1.2673,1.2519,1.2668,9900
2006-06-30,1.2664,1.2799,1.2656,1.279,9958
2006-07-03,1.2788,1.2824,1.276,1.2793,9290
2006-07-04,1.2793999999999999,1.2826,1.2786,1.279,9242
2006-07-05,1.2793999999999999,1.2841,1.2705,1.2724,10344
2006-07-06,1.2722,1.2785,1.2719,1.2779,9823
2006-07-07,1.2778,1.2864,1.2765,1.2810000000000001,9535
2006-07-10,1.2812999999999999,1.282,1.2718,1.274,9591
2006-07-11,1.2739,1.2781,1.2705,1.2768,10120
2006-07-12,1.2767,1.2781,1.2674,1.2701,9831
2006-07-13,1.2702,1.2732999999999999,1.2662,1.2694,9384
2006-07-14,1.2692,1.27,1.2626,1.2650000000000001,9209
2006-07-17,1.2638,1.2647,1.2509000000000001,1.2522,9123
2006-07-18,1.2521,1.2561,1.2473,1.2508,9684
2006-07-19,1.2509000000000001,1.2612,1.2457,1.2593,10103
2006-07-20,1.2594,1.2656,1.2588,1.2628,10095
2006-07-21,1.2629000000000001,1.2708,1.2626,1.27,9607
2006-07-24,1.2704,1.2708,1.2610000000000001,1.2634,9166
2006-07-25,1.2633,1.2677,1.2562,1.2581,9687
2006-07-26,1.2583,1.2727,1.2559,1.2713,9905
2006-07-27,1.2715,1.2775,1.268,1.2698,9609
2006-07-28,1.2698,1.2774,1.2659,1.2762,9329
2006-07-31,1.2765,1.2786,1.2739,1.2767,9222
2006-08-01,1.2769,1.2833,1.272,1.2822,9522
2006-08-02,1.2826,1.2838,1.2775,1.279,9481
2006-08-03,1.2789,1.2836,1.2741,1.2803,9574
2006-08-04,1.2804,1.2912,1.2776,1.2873999999999999,9557
2006-08-07,1.2884,1.2894999999999999,1.2814,1.2818,9372
2006-08-08,1.2818,1.2894,1.2806,1.2822,9946
2006-08-09,1.2823,1.2905,1.2764,1.2864,9658
2006-08-10,1.2863,1.2915,1.2746,1.2793,10190
2006-08-11,1.2795,1.2802,1.2715,1.2721,9586
2006-08-14,1.2711999999999999,1.2764,1.2707,1.2724,8908
2006-08-15,1.2722,1.2807,1.2694,1.2786,9410
2006-08-16,1.2785,1.2867,1.2768,1.2844,9251
2006-08-17,1.2843,1.289,1.2812999999999999,1.2826,9334
2006-08-18,1.2827,1.2848,1.2781,1.2825,8769
2006-08-21,1.2827,1.2942,1.2825,1.2886,9400
2006-08-22,1.2888,1.2889,1.2782,1.2808,9586
2006-08-23,1.2811,1.2854,1.2774,1.2787,9581
2006-08-24,1.2789,1.2841,1.2752,1.2765,9665
2006-08-25,1.2765,1.2785,1.2723,1.2753999999999999,9385
2006-08-28,1.2761,1.2823,1.2753999999999999,1.2786,8803
2006-08-29,1.2789,1.2841,1.2749,1.283,9599
2006-08-30,1.283,1.2854999999999999,1.2812000000000001,1.2837,9837
2006-08-31,1.2841,1.2881,1.2785,1.2806,10064
2006-09-01,1.2809,1.285,1.2755,1.2836,9421
2006-09-04,1.2846,1.2877,1.2838,1.286,8215
2006-09-05,1.2859,1.2867,1.2795,1.2816,8980
2006-09-06,1.2814999999999999,1.2836,1.2769,1.2805,9138
2006-09-07,1.2804,1.2835,1.2706,1.2734,10064
2006-09-08,1.2736,1.2746,1.2650000000000001,1.2674,9977
2006-09-11,1.2666,1.2745,1.2648,1.2702,8858
2006-09-12,1.2699,1.2735,1.2671000000000001,1.2689,9330
2006-09-13,1.2684,1.2719,1.2664,1.27,9207
2006-09-14,1.2699,1.2756,1.2675,1.2723,9193
2006-09-15,1.2726,1.274,1.263,1.2659,9257
2006-09-18,1.2637,1.2711999999999999,1.2629000000000001,1.2702,8734
2006-09-19,1.2704,1.2726,1.2650000000000001,1.2671000000000001,11104
2006-09-20,1.2671999999999999,1.2727,1.2665,1.2688,10514
2006-09-21,1.2690000000000001,1.2798,1.2682,1.278,11358
2006-09-22,1.2781,1.283,1.2776,1.2783,10839
2006-09-25,1.2789,1.2819,1.2731,1.2745,9935
2006-09-26,1.2747,1.2761,1.2662,1.2682,10657
2006-09-27,1.2684,1.2717,1.267,1.2701,10637
2006-09-28,1.2699,1.2732,1.2678,1.2694,10981
2006-09-29,1.2695,1.2713999999999999,1.2639,1.2673,10469
2006-10-02,1.2683,1.2761,1.2662,1.2736,9716
2006-10-03,1.2737,1.2764,1.2719,1.2729,9030
2006-10-04,1.2730000000000001,1.2738,1.2668,1.2711000000000001,9964
2006-10-05,1.2711999999999999,1.2725,1.2671000000000001,1.2692,8208
2006-10-06,1.2689,1.2713999999999999,1.2574,1.2599,6393
2006-10-09,1.2588,1.2612,1.2584,1.2593,4765
2006-10-10,1.2594,1.2612,1.2517,1.2533,6436
2006-10-11,1.2530999999999999,1.2556,1.2502,1.2523,6557
2006-10-12,1.2522,1.2563,1.2516,1.2558,6172
2006-10-13,1.2557,1.2577,1.2483,1.2511999999999999,5931
2006-10-16,1.2501,1.2536,1.2488,1.2532,5278
2006-10-17,1.2533,1.2564,1.2508,1.2536,6857
2006-10-18,1.2537,1.2557,1.2502,1.2533,5990
2006-10-19,1.2530999999999999,1.2641,1.2530000000000001,1.2621,6287
2006-10-20,1.2623,1.264,1.2596,1.2616,5851
2006-10-23,1.2615,1.2621,1.2535,1.2549000000000001,5825
2006-10-24,1.2553,1.2575,1.2524,1.2553,5634
2006-10-25,1.2554,1.2621,1.2551,1.2608,6238
2006-10-26,1.2607,1.2701,1.2605,1.2687,7003
2006-10-27,1.2689,1.2749,1.2662,1.274,7243
2006-10-30,1.2730000000000001,1.2734,1.2698,1.2715,5958
2006-10-31,1.2716,1.2782,1.2677,1.2765,7336
2006-11-01,1.2764,1.2797,1.2742,1.2753999999999999,5827
2006-11-02,1.2755,1.2784,1.2736,1.2778,6531
2006-11-03,1.2777,1.2781,1.2681,1.2716,6638
2006-11-06,1.2717,1.2732,1.2689,1.2732,5229
2006-11-07,1.2732999999999999,1.2817,1.2719,1.2783,6692
2006-11-08,1.2782,1.2806,1.2745,1.2757,6547
2006-11-09,1.2755,1.2847,1.2749,1.2837,7340
2006-11-10,1.2835,1.2899,1.2829,1.284,7379
2006-11-13,1.2851,1.2878,1.2795,1.2806,10060
2006-11-14,1.2808,1.2869,1.2789,1.2810000000000001,8023
2006-11-15,1.2809,1.2833,1.2772000000000001,1.283,6822
2006-11-16,1.2831000000000001,1.2839,1.2783,1.2797,7042
2006-11-17,1.2796,1.2844,1.2761,1.2828,6774
2006-11-20,1.2825,1.285,1.2804,1.2819,5832
2006-11-21,1.2818,1.2852999999999999,1.2797,1.2847,6009
2006-11-22,1.2846,1.2955999999999999,1.2836,1.2942,7654
2006-11-23,1.2941,1.2974,1.2927,1.2948,6260
2006-11-24,1.2952,1.3109,1.2946,1.3093,8160
2006-11-27,1.3155999999999999,1.3161,1.3086,1.3132,8985
2006-11-28,1.3126,1.3208,1.3118,1.3192,10195
2006-11-29,1.3193,1.3216999999999999,1.3131,1.3152,8798
2006-11-30,1.3151,1.3273,1.314,1.3237999999999999,8760
2006-12-01,1.3237999999999999,1.3347,1.3219,1.3336000000000001,8919
2006-12-04,1.3362,1.3363,1.3281,1.334,8392
2006-12-05,1.3338999999999999,1.3361,1.3286,1.3315000000000001,9367
2006-12-06,1.3314,1.334,1.3254000000000001,1.3279,8674
2006-12-07,1.328,1.3323,1.3275000000000001,1.3283,7903
2006-12-08,1.3282,1.3364,1.3189,1.3202,9646
2006-12-11,1.3182,1.3261,1.313,1.325,8847
2006-12-12,1.3248,1.3291,1.3212,1.3282,9093
2006-12-13,1.3283,1.3287,1.319,1.3207,8318
2006-12-14,1.3209,1.3252,1.314,1.3152,9069
2006-12-15,1.3151,1.3186,1.3059,1.3079,9810
2006-12-18,1.3082,1.3117,1.3051,1.3096,7279
2006-12-19,1.3094999999999999,1.3214000000000001,1.3082,1.3195999999999999,9280
2006-12-20,1.3197999999999999,1.3244,1.3159,1.3175,8121
2006-12-21,1.3176,1.3212,1.314,1.318,7819
2006-12-22,1.3179,1.3211,1.3107,1.3128,6838
2006-12-26,1.3138,1.314,1.3087,1.3101,15423
2006-12-27,1.3099,1.3176999999999999,1.3094000000000001,1.3125,7880
2006-12-28,1.3127,1.3201,1.3103,1.3145,8644
2006-12-29,1.3146,1.3205,1.3134000000000001,1.3197999999999999,8230
2007-01-01,1.3189,1.3189,1.3189,1.3189,1
2007-01-02,1.3205,1.3296000000000001,1.3201,1.3277,9354
2007-01-03,1.3277999999999999,1.3289,1.3146,1.3163,9214
2007-01-04,1.3164,1.3179,1.3075,1.309,9175
2007-01-05,1.3091,1.3104,1.298,1.3001,9030
2007-01-08,1.301,1.3035,1.2971,1.3029,7711
2007-01-09,1.3028,1.3051,1.2985,1.2992,7960
2007-01-10,1.2993000000000001,1.3,1.2929,1.2939,8870
2007-01-11,1.2938,1.3014000000000001,1.2881,1.2893,9111
2007-01-12,1.2892000000000001,1.2944,1.2865,1.2922,8717
2007-01-15,1.2927,1.2955,1.2913999999999999,1.2934,6149
2007-01-16,1.2933,1.2988,1.2907,1.2916,8565
2007-01-17,1.292,1.2949,1.2896,1.2938,8070
2007-01-18,1.2939,1.2974999999999999,1.2894999999999999,1.2958,8989
2007-01-19,1.2959,1.2999,1.2912,1.296,7338
2007-01-22,1.2955999999999999,1.2978,1.2921,1.2941,6568
2007-01-23,1.2944,1.3042,1.2927,1.3019,8450
2007-01-24,1.302,1.3035999999999999,1.2946,1.2962,9112
2007-01-25,1.2963,1.3,1.2913000000000001,1.2925,9114
2007-01-26,1.2926,1.2943,1.2876,1.2913999999999999,8534
2007-01-29,1.2921,1.2965,1.2896,1.2957,5286
2007-01-30,1.2958,1.298,1.2942,1.2964,6230
2007-01-31,1.2963,1.3035999999999999,1.2923,1.3021,7948
2007-02-01,1.3022,1.3054999999999999,1.3001,1.3021,6969
2007-02-02,1.3023,1.3062,1.2949,1.2959,6131
2007-02-05,1.2955,1.2964,1.2912,1.2928,5905
2007-02-06,1.293,1.299,1.2911000000000001,1.2983,5492
2007-02-07,1.2982,1.3022,1.2971,1.3014000000000001,5159
2007-02-08,1.3014999999999999,1.3044,1.2973,1.3035999999999999,6226
2007-02-09,1.3037,1.3045,1.2982,1.3006,5680
2007-02-12,1.3014999999999999,1.3034,1.2939,1.296,4857
2007-02-13,1.2962,1.3042,1.2953000000000001,1.3034,5801
2007-02-14,1.3037,1.3149,1.3022,1.3131,7057
2007-02-15,1.3132,1.3171,1.3117,1.3135,7715
2007-02-16,1.3136,1.3143,1.3092,1.3136,6104
2007-02-19,1.3154,1.316,1.3121,1.3149,3880
2007-02-20,1.315,1.3187,1.3128,1.3135,5480
2007-02-21,1.3134000000000001,1.3164,1.311,1.3141,6631
2007-02-22,1.314,1.3141,1.3079,1.3125,5737
2007-02-23,1.3128,1.3185,1.3101,1.3167,4874
2007-02-26,1.3189,1.3195999999999999,1.3149,1.3188,4364
2007-02-27,1.3187,1.3258,1.3159,1.3237999999999999,7771
2007-02-28,1.3237,1.3237,1.318,1.3223,8693
2007-03-01,1.3225,1.3237999999999999,1.3153000000000001,1.3173,8538
2007-03-02,1.3178,1.3201,1.3141,1.319,7124
2007-03-05,1.3209,1.321,1.307,1.308,9846
2007-03-06,1.3082,1.3131,1.3081,1.3127,7019
2007-03-07,1.3128,1.3185,1.3109,1.3179,6088
2007-03-08,1.318,1.3181,1.3115999999999999,1.3134000000000001,6696
2007-03-09,1.3133,1.3159,1.3086,1.3115999999999999,5686
2007-03-12,1.3117,1.32,1.3109,1.3189,5638
2007-03-13,1.3188,1.3221,1.3155000000000001,1.3191,6127
2007-03-14,1.3192,1.3244,1.3175,1.3215,6967
2007-03-15,1.3216,1.3251,1.3193,1.3239,6390
2007-03-16,1.3237999999999999,1.3338,1.3237999999999999,1.3316,7869
2007-03-19,1.3317999999999999,1.3324,1.328,1.3306,5416
2007-03-20,1.3307,1.3323,1.3268,1.3317,6527
2007-03-21,1.3316,1.339,1.3288,1.3388,5999
2007-03-22,1.3389,1.341,1.331,1.3325,6849
2007-03-23,1.3324,1.3342,1.3281,1.3282,6338
2007-03-26,1.3288,1.3346,1.3253,1.333,6125
2007-03-27,1.3329,1.3368,1.3323,1.3357999999999999,6077
2007-03-28,1.3357,1.3372,1.3308,1.3313,8152
2007-03-29,1.3314,1.3353,1.3301,1.3331,5302
2007-03-30,1.3333,1.3399,1.3287,1.3354,7776
2007-04-02,1.3372,1.3382,1.3331,1.3366,5132
2007-04-03,1.3369,1.338,1.3317999999999999,1.3328,4484
2007-04-04,1.3329,1.338,1.3319,1.3369,5268
2007-04-05,1.337,1.3439,1.3353,1.3429,4878
2007-04-06,1.3431,1.3432,1.3364,1.3378,3036
2007-04-09,1.3375,1.3381,1.3338999999999999,1.3356,2769
2007-04-10,1.3355000000000001,1.3453,1.3349,1.3432,5198
2007-04-11,1.3431,1.3441,1.3406,1.3434,4712
2007-04-12,1.3433,1.3505,1.343,1.3486,5824
2007-04-13,1.3488,1.3552,1.3481,1.3527,7185
2007-04-16,1.3566,1.3576,1.3526,1.3529,5085
2007-04-17,1.353,1.3594,1.3525,1.3574,6420
2007-04-18,1.3573,1.3615,1.3555,1.3611,5966
2007-04-19,1.3613,1.3618999999999999,1.3559999999999999,1.3618000000000001,7064
2007-04-20,1.3617,1.3636,1.3585,1.359,4847
2007-04-23,1.3604,1.3608,1.3541,1.3577,4686
2007-04-24,1.3578000000000001,1.3643,1.3547,1.3637000000000001,5716
2007-04-25,1.3639000000000001,1.3665,1.3620999999999999,1.3643,7245
2007-04-26,1.3644,1.3653,1.3584,1.3591,6258
2007-04-27,1.3592,1.3681,1.3585,1.3651,5939
2007-04-30,1.3636,1.3678,1.3589,1.3642,5607
2007-05-01,1.3641,1.3671,1.359,1.3605,5751
2007-05-02,1.3606,1.3612,1.3559999999999999,1.3582,6628
2007-05-03,1.3583,1.3622,1.3546,1.3551,4789
2007-05-04,1.3552,1.3609,1.3535,1.3591,5030
2007-05-07,1.3598,1.3627,1.359,1.3597000000000001,3510
2007-05-08,1.3599,1.362,1.3515,1.3543,5207
2007-05-09,1.3544,1.3564,1.3519,1.3526,4334
2007-05-10,1.3527,1.3563,1.3464,1.3476,6595
2007-05-11,1.3477000000000001,1.3531,1.3461,1.3524,5566
2007-05-14,1.3531,1.3557000000000001,1.3523,1.3541,4155
2007-05-15,1.3543,1.3608,1.3526,1.3593,5496
2007-05-16,1.3592,1.3609,1.3504,1.3514,5102
2007-05-17,1.3517000000000001,1.3544,1.3476,1.3498,5028
2007-05-18,1.3497,1.3521,1.3464,1.3507,5275
2007-05-21,1.3517000000000001,1.3525,1.3435000000000001,1.3463,4469
2007-05-22,1.3464,1.3475,1.3437999999999999,1.3451,4090
2007-05-23,1.345,1.35,1.3415,1.3455,5207
2007-05-24,1.3456000000000001,1.3461,1.3414,1.3431,5000
2007-05-25,1.3432,1.3472,1.3411,1.3442,4834
2007-05-28,1.3447,1.3458,1.3445,1.3447,1454
2007-05-29,1.3448,1.3519,1.3418999999999999,1.3446,5566
2007-05-30,1.3447,1.3457,1.3406,1.3429,5432
2007-05-31,1.3428,1.3477000000000001,1.3423,1.3451,4868
2007-06-01,1.3451,1.3461,1.3392,1.3448,4996
2007-06-04,1.3439999999999999,1.3498999999999999,1.3431,1.3493,3964
2007-06-05,1.3494,1.3553,1.3487,1.3517000000000001,4763
2007-06-06,1.3518,1.3538000000000001,1.3485,1.3498,4476
2007-06-07,1.3497,1.3512,1.3422,1.3426,5290
2007-06-08,1.343,1.3431,1.332,1.3372,6239
2007-06-11,1.3362,1.3365,1.3335,1.3357,4134
2007-06-12,1.3357999999999999,1.3368,1.3301,1.3302,4845
2007-06-13,1.3303,1.3315000000000001,1.3262,1.3309,6670
2007-06-14,1.3308,1.3323,1.3279,1.3308,4172
2007-06-15,1.3309,1.3388,1.3305,1.3388,4732
2007-06-18,1.3381,1.3418,1.3377,1.3414,3889
2007-06-19,1.3415,1.3436,1.3383,1.3423,4512
2007-06-20,1.3424,1.3437000000000001,1.3395000000000001,1.34,4166
2007-06-21,1.3399,1.3406,1.3371,1.3386,5101
2007-06-22,1.3389,1.347,1.3381,1.3469,4851
2007-06-25,1.3467,1.3473,1.3437999999999999,1.3462,3774
2007-06-26,1.3463,1.3477999999999999,1.3431,1.3458,4430
2007-06-27,1.3455,1.3458,1.3415,1.3452,5271
2007-06-28,1.3451,1.3479999999999999,1.3422,1.3446,5402
2007-06-29,1.3445,1.3541,1.3428,1.354,5944
2007-07-02,1.3542,1.3637000000000001,1.3527,1.3631,5084
2007-07-03,1.3632,1.3635,1.3583,1.3608,4723
2007-07-04,1.3609,1.363,1.3604,1.3614,2879
2007-07-05,1.3615,1.3659,1.3578000000000001,1.3593,5964
2007-07-06,1.3591,1.3641,1.3567,1.3625,5666
2007-07-09,1.3632,1.3642,1.3611,1.3628,2450
2007-07-10,1.3626,1.3785,1.3594,1.3768,6576
2007-07-11,1.3767,1.3779,1.373,1.3744,7524
2007-07-12,1.3743,1.38,1.3740999999999999,1.3787,6496
2007-07-13,1.3786,1.3812,1.3761999999999999,1.3782,5923
2007-07-16,1.3780000000000001,1.3804,1.3759000000000001,1.3772,3728
2007-07-17,1.3775,1.3798,1.3758,1.3782,5644
2007-07-18,1.3780000000000001,1.3833,1.3752,1.3805,7780
2007-07-19,1.3808,1.383,1.3785,1.3797,5585
2007-07-20,1.3798,1.3841999999999999,1.3779,1.3826,5393
2007-07-23,1.383,1.3843,1.3794,1.3806,4927
2007-07-24,1.3809,1.3851,1.3798,1.3827,6753
2007-07-25,1.3826,1.3829,1.3695,1.3724,7610
2007-07-26,1.3725,1.377,1.3692,1.374,8600
2007-07-27,1.3739,1.3753,1.3626,1.3635,9651
2007-07-30,1.3612,1.3704,1.3609,1.3697,7448
2007-07-31,1.3696,1.3726,1.367,1.3677000000000001,7700
2007-08-01,1.3679000000000001,1.3709,1.3637000000000001,1.3676,10175
2007-08-02,1.3679000000000001,1.3705,1.3651,1.37,7330
2007-08-03,1.3700999999999999,1.3817,1.3684,1.3773,6853
2007-08-06,1.3838,1.3838,1.3780000000000001,1.3794,5624
2007-08-07,1.3793,1.3815,1.3735,1.3743,6713
2007-08-08,1.374,1.3825,1.3721,1.3794,6323
2007-08-09,1.3793,1.3816,1.3654,1.3677000000000001,9011
2007-08-10,1.3679999999999999,1.3704,1.3643,1.3693,9181
2007-08-13,1.3685,1.3708,1.3603,1.3607,6591
2007-08-14,1.3611,1.3625,1.353,1.3535,7667
2007-08-15,1.3536000000000001,1.3537,1.3417,1.3423,9038
2007-08-16,1.3422,1.3446,1.336,1.3427,15160
2007-08-17,1.3426,1.3545,1.337,1.3474,14988
2007-08-20,1.3477000000000001,1.3507,1.3458999999999999,1.3475,7906
2007-08-21,1.3477999999999999,1.3519,1.3457,1.3462,7978
2007-08-22,1.3461,1.355,1.345,1.3549,6539
2007-08-23,1.355,1.3587,1.3536000000000001,1.3567,7556
2007-08-24,1.3565,1.3681,1.3553,1.3675,7065
2007-08-27,1.3672,1.3684,1.3635,1.3639000000000001,4511
2007-08-28,1.3641,1.3679000000000001,1.3599999999999999,1.3599999999999999,6458
2007-08-29,1.3602,1.3679999999999999,1.3562,1.3674,7830
2007-08-30,1.3673,1.3676,1.3592,1.3631,7671
2007-08-31,1.3634,1.3719000000000001,1.362,1.3628,7767
2007-09-03,1.3628,1.3654,1.3605,1.3622,4324
2007-09-04,1.3624,1.3625,1.355,1.3608,6029
2007-09-05,1.3604,1.3671,1.3569,1.3649,5995
2007-09-06,1.3648,1.3709,1.3634,1.3689,6163
2007-09-07,1.3688,1.3797,1.3663,1.3767,5990
2007-09-10,1.3780999999999999,1.3814,1.3766,1.3805,6813
2007-09-11,1.3806,1.3848,1.3778000000000001,1.3838,6653
2007-09-12,1.3839000000000001,1.3913,1.3824,1.3905,7487
2007-09-13,1.3906,1.3926,1.3862999999999999,1.3865,6497
2007-09-14,1.3866,1.3895,1.3844,1.3874,7084
2007-09-17,1.3872,1.3888,1.3848,1.3858,5859
2007-09-18,1.3859,1.3987,1.3828,1.3982,8693
2007-09-19,1.3980000000000001,1.3987,1.3935,1.3966,8095
2007-09-20,1.3963999999999999,1.4098,1.3961999999999999,1.4068,9024
2007-09-21,1.4064999999999999,1.4119,1.4042,1.409,7489
2007-09-24,1.4089,1.4129,1.4067,1.4078,6047
2007-09-25,1.4079,1.4154,1.4060000000000001,1.4147,7009
2007-09-26,1.4144999999999999,1.4161000000000001,1.4111,1.4131,6708
2007-09-27,1.4133,1.4189,1.4122,1.4146,7031
2007-09-28,1.4144999999999999,1.4278,1.4144999999999999,1.4266,8247
2007-10-01,1.428,1.4281,1.421,1.4232,6599
2007-10-02,1.4231,1.4237,1.4138,1.4148,6900
2007-10-03,1.4149,1.4199,1.4083,1.409,6881
2007-10-04,1.4091,1.4148,1.4067,1.4135,6831
2007-10-05,1.4134,1.4156,1.4032,1.4134,6934
2007-10-08,1.415,1.4151,1.4036,1.4054,4448
2007-10-09,1.4055,1.4113,1.4014,1.4104,6642
2007-10-10,1.4102999999999999,1.417,1.4093,1.414,6501
2007-10-11,1.4141,1.424,1.4135,1.4199,7983
2007-10-12,1.42,1.4212,1.4155,1.4177,7094
2007-10-15,1.4176,1.4242,1.4161000000000001,1.4212,6107
2007-10-16,1.4211,1.4224999999999999,1.4143,1.4172,7906
2007-10-17,1.4173,1.4229,1.4156,1.4215,7455
2007-10-18,1.4216,1.4309,1.4196,1.4285,7561
2007-10-19,1.4285999999999999,1.4317,1.4245,1.43,6770
2007-10-22,1.4334,1.4348,1.4125,1.4174,11443
2007-10-23,1.4176,1.4278,1.417,1.4264000000000001,8466
2007-10-24,1.4263,1.4268,1.4187,1.4261,8507
2007-10-25,1.426,1.4342,1.4247,1.433,7991
2007-10-26,1.4328,1.4393,1.4316,1.4392,6992
2007-10-29,1.4412,1.4435,1.4376,1.4419,6540
2007-10-30,1.4417,1.444,1.4373,1.4437,7519
2007-10-31,1.4436,1.4503,1.4418,1.4471,9393
2007-11-01,1.4472,1.4476,1.4403000000000001,1.4425,9541
2007-11-02,1.4426,1.4527,1.4421,1.4504000000000001,9067
2007-11-05,1.4518,1.4518,1.4442,1.4474,7486
2007-11-06,1.4473,1.4569,1.4468,1.4564,7390
2007-11-07,1.4563,1.4727999999999999,1.4553,1.4628,12510
2007-11-08,1.4627,1.4703,1.4619,1.4673,10949
2007-11-09,1.4674,1.4751,1.4631,1.4679,12583
2007-11-12,1.4677,1.4677,1.4525000000000001,1.453,12282
2007-11-13,1.4529,1.4633,1.4519,1.4616,10050
2007-11-14,1.4615,1.4727999999999999,1.4612,1.4649,11378
2007-11-15,1.465,1.4702,1.4604,1.4614,10287
2007-11-16,1.4615,1.4671,1.4581,1.4661,9784
2007-11-19,1.4667,1.4686,1.462,1.4667,8250
2007-11-20,1.4666000000000001,1.4852,1.4635,1.4837,10976
2007-11-21,1.4836,1.4868999999999999,1.4775,1.4847000000000001,9623
2007-11-22,1.4846,1.4872,1.4821,1.4846,6644
2007-11-23,1.4847000000000001,1.4966,1.4783,1.4836,10400
2007-11-26,1.4826,1.4885,1.4804,1.4864,7513
2007-11-27,1.4866,1.4905,1.4808,1.4828000000000001,10973
2007-11-28,1.4828999999999999,1.4857,1.4711,1.4830999999999999,10805
2007-11-29,1.4832,1.4842,1.4722,1.4747,9704
2007-11-30,1.4748,1.4783,1.4627,1.4638,9948
2007-12-03,1.4647999999999999,1.4706000000000001,1.462,1.4667,8723
2007-12-04,1.4668,1.4767000000000001,1.4635,1.4765,9264
2007-12-05,1.4764,1.4769,1.459,1.4616,9617
2007-12-06,1.4614,1.4651,1.4527,1.4639,10531
2007-12-07,1.4638,1.467,1.4598,1.4657,7778
2007-12-10,1.4654,1.4735,1.4639,1.4721,6404
2007-12-11,1.472,1.475,1.4639,1.4656,8843
2007-12-12,1.4657,1.4748,1.465,1.4711,9381
2007-12-13,1.471,1.4736,1.4577,1.4617,9159
2007-12-14,1.4618,1.4654,1.441,1.4429,11385
2007-12-17,1.4405000000000001,1.4453,1.4331,1.4412,10682
2007-12-18,1.441,1.4434,1.4365999999999999,1.4408,8998
2007-12-19,1.4409,1.4422,1.4325,1.4371,8858
2007-12-20,1.4373,1.439,1.4309,1.432,7545
2007-12-21,1.4319,1.4409,1.4319,1.4381,6945
2007-12-24,1.4373,1.4411,1.437,1.4405999999999999,3166
2007-12-26,1.4417,1.4504000000000001,1.4415,1.4482,2654
2007-12-27,1.4484,1.4638,1.4468,1.4609,7198
2007-12-28,1.4611,1.4727999999999999,1.4591,1.4721,7218
2007-12-31,1.4722,1.4747,1.4581,1.4601,3416
2008-01-02,1.4652,1.4748,1.4641,1.4721,6916
2008-01-03,1.4723,1.478,1.4686,1.4742,9910
2008-01-04,1.4743,1.4823,1.4695,1.474,9534
2008-01-07,1.4746000000000001,1.4748999999999999,1.4656,1.4685000000000001,8325
2008-01-08,1.4687000000000001,1.4741,1.4677,1.4708999999999999,9058
2008-01-09,1.4708,1.4741,1.4638,1.4658,9596
2008-01-10,1.4661,1.4812,1.464,1.4806,11062
2008-01-11,1.4805,1.4819,1.476,1.4776,9720
2008-01-14,1.4807000000000001,1.4913,1.4796,1.4864,8199
2008-01-15,1.4863,1.4921,1.4775,1.4776,10606
2008-01-16,1.4775,1.4858,1.4593,1.4652,13988
2008-01-17,1.465,1.4714,1.4588999999999999,1.4642,14046
2008-01-18,1.464,1.4693,1.4602,1.462,12231
2008-01-21,1.4597,1.4601,1.4421,1.4429,12875
2008-01-22,1.443,1.4683,1.4365,1.4668999999999999,24395
2008-01-23,1.467,1.467,1.451,1.4631,16150
2008-01-24,1.463,1.4778,1.4591,1.4756,17723
2008-01-25,1.4757,1.4777,1.466,1.4681,11364
2008-01-28,1.4691,1.4798,1.4661,1.4788000000000001,9662
2008-01-29,1.4784,1.4793,1.4737,1.4767000000000001,9195
2008-01-30,1.4768,1.4906,1.4754,1.4853,12066
2008-01-31,1.4858,1.4913,1.4801,1.4847000000000001,14689
2008-02-01,1.4849999999999999,1.4949,1.4786000000000001,1.4801,13205
2008-02-04,1.4796,1.4847000000000001,1.4792,1.4828000000000001,9469
2008-02-05,1.4823,1.483,1.4621,1.4647000000000001,12538
2008-02-06,1.4646,1.467,1.4591,1.4621,11265
2008-02-07,1.4622,1.4651,1.4438,1.4492,13749
2008-02-08,1.4493,1.4546000000000001,1.4451,1.4504000000000001,10859
2008-02-11,1.4524,1.4576,1.4481,1.4517,9512
2008-02-12,1.4516,1.4614,1.4496,1.4574,11096
2008-02-13,1.4575,1.4596,1.4531,1.4571,10905
2008-02-14,1.457,1.4647999999999999,1.4548,1.4639,10494
2008-02-15,1.4641,1.4707,1.463,1.4681,9774
2008-02-18,1.4672,1.4689999999999999,1.461,1.4652,7358
2008-02-19,1.4651,1.4756,1.4642,1.4727000000000001,11947
2008-02-20,1.4727999999999999,1.4729999999999999,1.4613,1.4712,12120
2008-02-21,1.4714,1.4836,1.4702,1.482,11560
2008-02-22,1.4819,1.4861,1.4788000000000001,1.4828000000000001,9489
2008-02-25,1.4834,1.4843,1.4794,1.4828000000000001,9539
2008-02-26,1.4827,1.5046,1.4778,1.501,11812
2008-02-27,1.5011,1.5142,1.4981,1.5117,15384
2008-02-28,1.5116,1.5228000000000002,1.5072,1.5189,13358
2008-02-29,1.5188000000000001,1.5238,1.5143,1.5178,14444
2008-03-03,1.5211999999999999,1.5272999999999999,1.5159,1.5196,13308
2008-03-04,1.5198,1.5248,1.5173,1.5201,11518
2008-03-05,1.52,1.5301,1.5145,1.5274,11997
2008-03-06,1.5272999999999999,1.5394,1.5267,1.5389,13543
2008-03-07,1.5388,1.5462,1.5312999999999999,1.5354,15316
2008-03-10,1.5399,1.5403,1.5312000000000001,1.5366,10243
2008-03-11,1.5368,1.5492,1.5281,1.5342,13025
2008-03-12,1.5341,1.5571000000000002,1.5335,1.5529,14623
2008-03-13,1.553,1.5644,1.5522,1.5613000000000001,16638
2008-03-14,1.561,1.5687,1.5531000000000001,1.5673,18497
2008-03-17,1.5704,1.5901999999999998,1.5685,1.5716,23205
2008-03-18,1.5715,1.583,1.5613000000000001,1.5638,14836
2008-03-19,1.5636,1.5786,1.5581,1.5641,26964
2008-03-20,1.5642,1.5645,1.5396,1.5445,26699
2008-03-21,1.5443,1.5472000000000001,1.5406,1.5432000000000001,4747
2008-03-24,1.5412,1.5455,1.5343,1.541,8522
2008-03-25,1.5409000000000002,1.5657999999999999,1.5409000000000002,1.563,13284
2008-03-26,1.5628,1.5859,1.5584,1.5832000000000002,14755
2008-03-27,1.5833,1.5845,1.5726,1.5812,16514
2008-03-28,1.5813000000000001,1.5838,1.5742,1.5794000000000001,13473
2008-03-31,1.5804,1.5896,1.5758999999999999,1.5760999999999998,13482
2008-04-01,1.5764,1.5785,1.5563,1.5622,14516
2008-04-02,1.5621,1.5701,1.5532,1.5688,13877
2008-04-03,1.5687,1.5688,1.5510000000000002,1.5682,14890
2008-04-04,1.5681,1.5773000000000001,1.5636999999999999,1.5737,16527
2008-04-07,1.5729,1.5735999999999999,1.5626,1.5704,10667
2008-04-08,1.5703,1.5798,1.5674000000000001,1.5703,13538
2008-04-09,1.5701,1.5864,1.5683,1.5836000000000001,11201
2008-04-10,1.5836999999999999,1.5913,1.5725,1.5743,15779
2008-04-11,1.5742,1.5855000000000001,1.5737999999999999,1.5807,13938
2008-04-14,1.5704,1.5884,1.5671,1.5835,13729
2008-04-15,1.5834000000000001,1.5874000000000001,1.5752000000000002,1.5786,12782
2008-04-16,1.5785,1.5977999999999999,1.576,1.5941999999999998,15387
2008-04-17,1.5941,1.5983,1.5847,1.5892,15787
2008-04-18,1.5893000000000002,1.5956000000000001,1.571,1.5816,14308
2008-04-21,1.5813000000000001,1.5945,1.579,1.5907,12098
2008-04-22,1.591,1.6018,1.5834000000000001,1.5997,16482
2008-04-23,1.5995,1.5998,1.5859,1.5883,14879
2008-04-24,1.5886,1.5889,1.5638,1.568,18306
2008-04-25,1.5681,1.5707,1.5554000000000001,1.5629,17271
2008-04-28,1.5615,1.5693000000000001,1.5594000000000001,1.5653000000000001,12970
2008-04-29,1.5652,1.5659,1.5539,1.5565,12661
2008-04-30,1.5566,1.5643,1.5516,1.5619,15913
2008-05-01,1.5619,1.5643,1.5429,1.5467,14676
2008-05-02,1.5468,1.5497999999999998,1.536,1.5423,15488
2008-05-05,1.5429,1.5518999999999998,1.5423,1.5497999999999998,8787
2008-05-06,1.5499,1.5594000000000001,1.5451000000000001,1.5531000000000001,11275
2008-05-07,1.5532,1.5537999999999998,1.5365,1.5396,12490
2008-05-08,1.5398,1.544,1.5284,1.5403,15636
2008-05-09,1.5404,1.5487,1.5393,1.548,11335
2008-05-12,1.5455999999999999,1.5569,1.5365,1.5539,12221
2008-05-13,1.554,1.5565,1.5430000000000001,1.5468,14131
2008-05-14,1.5465,1.5485,1.5396,1.5476999999999999,12776
2008-05-15,1.5476,1.5546,1.5419,1.5442,13734
2008-05-16,1.5445,1.5601,1.5436999999999999,1.5575999999999999,11806
2008-05-19,1.5594999999999999,1.5632000000000001,1.5487,1.5518,9640
2008-05-20,1.5518999999999998,1.568,1.5503,1.5653000000000001,13357
2008-05-21,1.5652,1.5796999999999999,1.5631,1.5794000000000001,12910
2008-05-22,1.5791,1.5813000000000001,1.5693000000000001,1.5723,10720
2008-05-23,1.5725,1.5794000000000001,1.5695999999999999,1.5760999999999998,9296
2008-05-26,1.5765,1.5791,1.5741,1.5773000000000001,5677
2008-05-27,1.5774,1.5817999999999999,1.5671,1.5678,10527
2008-05-28,1.5678999999999998,1.576,1.5609,1.5646,11527
2008-05-29,1.5647,1.5663,1.5485,1.5511,13099
2008-05-30,1.5512000000000001,1.5567,1.5462,1.5554000000000001,11772
2008-06-02,1.5561,1.5588,1.5486,1.5539,10844
2008-06-03,1.554,1.5628,1.541,1.5432000000000001,14166
2008-06-04,1.5433,1.5483,1.5419,1.5425,13574
2008-06-05,1.5426,1.56,1.5365,1.5581,14161
2008-06-06,1.5582,1.5777,1.5571000000000002,1.5777,14038
2008-06-09,1.5791,1.5843,1.5617999999999999,1.5641,14434
2008-06-10,1.564,1.5653000000000001,1.544,1.5455,16383
2008-06-11,1.5457,1.5584,1.5453000000000001,1.5556,12823
2008-06-12,1.5554999999999999,1.5565,1.5377999999999998,1.545,15492
2008-06-13,1.5452,1.5483,1.5302,1.5379,15527
2008-06-16,1.5404,1.5518,1.5346,1.5467,12974
2008-06-17,1.5468,1.5550000000000002,1.5461,1.5505,13122
2008-06-18,1.5506,1.5537999999999998,1.5462,1.5527,9551
2008-06-19,1.5528,1.5586,1.5466,1.5501,11346
2008-06-20,1.55,1.5651000000000002,1.5491000000000001,1.5606,10760
2008-06-23,1.5627,1.5628,1.5468,1.5514999999999999,11061
2008-06-24,1.5516,1.5622,1.5491000000000001,1.5569,10082
2008-06-25,1.5571000000000002,1.5687,1.5537,1.5665,10860
2008-06-26,1.5664,1.5766,1.5628,1.5749,13339
2008-06-27,1.575,1.5791,1.5718999999999999,1.5791,12964
2008-06-30,1.5776,1.5835,1.5731000000000002,1.5753,11293
2008-07-01,1.5753,1.5826,1.5723,1.5794000000000001,12288
2008-07-02,1.5793,1.589,1.5777,1.5889,13477
2008-07-03,1.589,1.5908,1.5682,1.5695999999999999,12695
2008-07-04,1.5695000000000001,1.5727,1.5655000000000001,1.5706,7776
2008-07-07,1.5691000000000002,1.5753,1.5611000000000002,1.5722,12319
2008-07-08,1.5724,1.5739,1.5634000000000001,1.5665,11860
2008-07-09,1.5664,1.575,1.565,1.5737999999999999,12071
2008-07-10,1.5739,1.5800999999999998,1.5691000000000002,1.5784,11990
2008-07-11,1.5785,1.5941999999999998,1.5764,1.5937999999999999,13905
2008-07-14,1.5960999999999999,1.5963,1.5840999999999998,1.5903,13564
2008-07-15,1.5901999999999998,1.6038000000000001,1.5866,1.5912,16880
2008-07-16,1.5911,1.5948,1.58,1.5819,13490
2008-07-17,1.5817999999999999,1.5893000000000002,1.5783,1.5857999999999999,14668
2008-07-18,1.5857,1.5887,1.5807,1.5847,10826
2008-07-21,1.5843,1.5931,1.5828,1.5925,9947
2008-07-22,1.5924,1.5944,1.5758,1.5787,12401
2008-07-23,1.5786,1.5796999999999999,1.567,1.5684,13943
2008-07-24,1.5685,1.5713,1.5628,1.5678999999999998,13027
2008-07-25,1.5678,1.5753,1.5661,1.5709,12916
2008-07-28,1.5697,1.5768,1.5683,1.5737,9328
2008-07-29,1.5737999999999999,1.5758,1.5553,1.5583,10172
2008-07-30,1.5587,1.5615,1.5521,1.5577,12222
2008-07-31,1.5574,1.5699999999999998,1.557,1.5596999999999999,11178
2008-08-01,1.5596999999999999,1.5596999999999999,1.5514999999999999,1.5564,10831
2008-08-04,1.5574,1.5631,1.5553,1.5571000000000002,9904
2008-08-05,1.557,1.5575,1.5446,1.5449000000000002,12912
2008-08-06,1.545,1.5516,1.5398,1.5413999999999999,10866
2008-08-07,1.5413000000000001,1.5502,1.5310000000000001,1.5323,13250
2008-08-08,1.5324,1.5333999999999999,1.4997,1.5005,18101
2008-08-11,1.4944,1.5083,1.4879,1.4892,16375
2008-08-12,1.4893,1.4964,1.4815,1.4912,16978
2008-08-13,1.4913,1.4977,1.4841,1.4921,17229
2008-08-14,1.4923,1.4949,1.4777,1.4802,16086
2008-08-15,1.4805,1.4806,1.466,1.4689,14299
2008-08-18,1.4684,1.4766,1.4674,1.4678,12550
2008-08-19,1.4677,1.4794,1.463,1.4781,13096
2008-08-20,1.4783,1.4805,1.4672,1.4743,10457
2008-08-21,1.4744,1.4908000000000001,1.4731,1.4896,12489
2008-08-22,1.4895,1.49,1.4759,1.4793,6126
2008-08-25,1.4788999999999999,1.4807000000000001,1.4697,1.4753,9708
2008-08-26,1.4754,1.4759,1.4571,1.4643,14039
2008-08-27,1.4644,1.4775,1.4633,1.4715,14881
2008-08-28,1.4716,1.4811,1.4671,1.4693,15462
2008-08-29,1.4694,1.4767000000000001,1.464,1.4678,13068
2008-09-01,1.4708999999999999,1.4723,1.4581,1.4586000000000001,10212
2008-09-02,1.4586999999999999,1.4599,1.4464000000000001,1.4513,16834
2008-09-03,1.4515,1.4527999999999999,1.4383,1.449,15536
2008-09-04,1.4492,1.4542,1.421,1.424,18875
2008-09-05,1.4239,1.4346999999999999,1.4196,1.4267,21694
2008-09-08,1.4378,1.4428,1.4053,1.4117,21749
2008-09-09,1.4118,1.4226,1.4046,1.4106,21781
2008-09-10,1.411,1.4179,1.3953,1.3963999999999999,21568
2008-09-11,1.397,1.404,1.3881000000000001,1.4018,20967
2008-09-12,1.4009,1.4231,1.3971,1.4223,18762
2008-09-15,1.4289,1.4481,1.4083999999999999,1.4274,32408
2008-09-16,1.4273,1.4282,1.4071,1.4098,34712
2008-09-17,1.4097,1.4384000000000001,1.4094,1.4306,32870
2008-09-18,1.4335,1.4542,1.4278,1.4323000000000001,35512
2008-09-19,1.4324,1.4498,1.415,1.4466999999999999,30019
2008-09-22,1.449,1.4867,1.4437,1.4794,25328
2008-09-23,1.4795,1.4825,1.4622,1.4671,17886
2008-09-24,1.467,1.4746000000000001,1.4603,1.4612,18270
2008-09-25,1.4615,1.4767000000000001,1.4561,1.4617,22199
2008-09-26,1.4615,1.4677,1.4554,1.4613,20849
2008-09-29,1.4518,1.4569,1.4302000000000001,1.4416,24509
2008-09-30,1.4417,1.4426,1.4008,1.4115,25305
2008-10-01,1.4115,1.4174,1.3975,1.4008,25573
2008-10-02,1.4007,1.4022999999999999,1.3747,1.38,30419
2008-10-03,1.3798,1.3906,1.3702,1.377,29011
2008-10-06,1.3637000000000001,1.3678,1.3443,1.3483,37487
2008-10-07,1.3486,1.3743,1.3483,1.3623,35960
2008-10-08,1.3620999999999999,1.3756,1.3544,1.3632,43054
2008-10-09,1.3631,1.3785,1.358,1.3597000000000001,33668
2008-10-10,1.3598,1.3649,1.3258,1.3408,35477
2008-10-13,1.3571,1.3682,1.3457,1.3597000000000001,27085
2008-10-14,1.3596,1.3768,1.359,1.3618000000000001,30727
2008-10-15,1.3618999999999999,1.3687,1.3449,1.346,31155
2008-10-16,1.3458999999999999,1.3538000000000001,1.3345,1.3479999999999999,37901
2008-10-17,1.3477999999999999,1.3517000000000001,1.3386,1.3408,24363
2008-10-20,1.3405,1.353,1.3287,1.333,22500
2008-10-21,1.3331,1.3353,1.3051,1.3054000000000001,24210
2008-10-22,1.3058,1.3077,1.2748,1.2824,32846
2008-10-23,1.2825,1.3003,1.2727,1.2968,35116
2008-10-24,1.2967,1.2973,1.2497,1.2623,45207
2008-10-27,1.2575,1.2685,1.2334,1.2461,37031
2008-10-28,1.2462,1.2833,1.233,1.2812999999999999,35573
2008-10-29,1.2814,1.299,1.2627,1.2951,38989
2008-10-30,1.295,1.3288,1.2805,1.2875,38250
2008-10-31,1.2873999999999999,1.2894,1.2668,1.2727,33859
2008-11-03,1.2766,1.2897,1.2576,1.2584,26495
2008-11-04,1.2586,1.3048,1.2526,1.2993999999999999,34104
2008-11-05,1.2995,1.3114,1.2793,1.2926,37733
2008-11-06,1.2927,1.2955,1.2675,1.2678,39614
2008-11-07,1.2677,1.285,1.2652999999999999,1.2717,27577
2008-11-10,1.2814,1.2927,1.2718,1.275,31226
2008-11-11,1.2747,1.28,1.2506,1.2511,30145
2008-11-12,1.251,1.2631000000000001,1.2437,1.2455,39172
2008-11-13,1.2454,1.2854,1.2389000000000001,1.2785,42259
2008-11-14,1.2787,1.2828,1.2572999999999999,1.2604,33990
2008-11-17,1.2536,1.2742,1.2511999999999999,1.2633,32988
2008-11-18,1.2634,1.27,1.2566,1.2637,30294
2008-11-19,1.2636,1.2812999999999999,1.2473,1.2497,28041
2008-11-20,1.2492,1.2593,1.2434,1.2454,31195
2008-11-21,1.245,1.2637,1.2423,1.2587,30991
2008-11-24,1.2607,1.2959,1.2563,1.2947,30503
2008-11-25,1.2948,1.308,1.2804,1.3056,30821
2008-11-26,1.3057,1.3057,1.2819,1.2878,26157
2008-11-27,1.2877,1.2968,1.286,1.2896,15984
2008-11-28,1.2899,1.2957,1.2646,1.2690000000000001,16824
2008-12-01,1.2694,1.2711999999999999,1.2585,1.2616,14444
2008-12-02,1.2617,1.2765,1.2563,1.272,15651
2008-12-03,1.2726,1.274,1.26,1.2713,14945
2008-12-04,1.2711999999999999,1.2847,1.2551999999999999,1.2771,15127
2008-12-05,1.2772999999999999,1.2797,1.2627,1.2718,15266
2008-12-08,1.272,1.2966,1.2713999999999999,1.2937,13243
2008-12-09,1.2936,1.3,1.2799,1.2924,13112
2008-12-10,1.2925,1.3069,1.2903,1.3021,12455
2008-12-11,1.302,1.3403,1.3001,1.3346,14617
2008-12-12,1.3345,1.3414,1.325,1.3369,17084
2008-12-15,1.339,1.3726,1.339,1.3702,19972
2008-12-16,1.3700999999999999,1.4147,1.363,1.4048,17179
2008-12-17,1.4047,1.4437,1.4008,1.4402,20821
2008-12-18,1.4403000000000001,1.4719,1.4186,1.4266,39200
2008-12-19,1.4267,1.4309,1.3826,1.3907,32570
2008-12-22,1.392,1.4123999999999999,1.3902999999999999,1.3940000000000001,26041
2008-12-23,1.3944,1.4021,1.3914,1.3926,20042
2008-12-24,1.3927,1.4019,1.392,1.3993,12261
2008-12-26,1.4049,1.4116,1.4021,1.4027,4366
2008-12-29,1.4071,1.4362,1.3917,1.3959,15340
2008-12-30,1.396,1.422,1.3941,1.411,14351
2008-12-31,1.4109,1.4146,1.3851,1.3936,10989
2009-01-02,1.3868,1.3986,1.3838,1.3923,12370
2009-01-05,1.3883,1.3961999999999999,1.3546,1.3629,19464
2009-01-06,1.3628,1.3658000000000001,1.3313,1.3498,21303
2009-01-07,1.3502,1.3746,1.3432,1.3655,20287
2009-01-08,1.3656,1.3795,1.3533,1.3703,21817
2009-01-09,1.3704,1.375,1.3414,1.3472,29587
2009-01-12,1.3458999999999999,1.3462,1.3289,1.3362,28866
2009-01-13,1.3363,1.337,1.3141,1.318,33834
2009-01-14,1.3178,1.3336000000000001,1.3093,1.316,30179
2009-01-15,1.3164,1.3239,1.3026,1.3136999999999999,32745
2009-01-16,1.3136,1.3343,1.3136,1.3266,30700
2009-01-19,1.3349,1.3385,1.3058,1.3061,24010
2009-01-20,1.3063,1.3105,1.2854999999999999,1.2859,33077
2009-01-21,1.2858,1.3085,1.2824,1.3066,34575
2009-01-22,1.3065,1.3082,1.2906,1.3017,31628
2009-01-23,1.3016,1.3033000000000001,1.2764,1.2973,31085
2009-01-26,1.2916,1.3234,1.2861,1.3206,156747
2009-01-27,1.3207,1.3327,1.3118,1.3183,168195
2009-01-28,1.3183,1.3325,1.3101,1.3151,178752
2009-01-29,1.315,1.3176999999999999,1.2933,1.2936,121407
2009-01-30,1.2937,1.294,1.2763,1.2812000000000001,166411
2009-02-02,1.2752,1.2897,1.2706,1.2814,137283
2009-02-03,1.2814,1.3054999999999999,1.2801,1.3014999999999999,145493
2009-02-04,1.3016,1.3069,1.2812000000000001,1.2833,147770
2009-02-05,1.2833999999999999,1.2904,1.276,1.2785,127221
2009-02-06,1.2787,1.299,1.2746,1.2939,100184
2009-02-09,1.2971,1.3093,1.2873,1.2999,44849
2009-02-10,1.3,1.3074,1.2809,1.2907,40686
2009-02-11,1.2908,1.2995999999999999,1.2832,1.2885,30687
2009-02-12,1.2889,1.2942,1.272,1.2894999999999999,31580
2009-02-13,1.2894,1.2941,1.282,1.2862,26291
2009-02-16,1.279,1.2825,1.2726,1.2796,18795
2009-02-17,1.2793,1.28,1.2562,1.2578,27131
2009-02-18,1.2579,1.264,1.2511999999999999,1.2554,24163
2009-02-19,1.2555,1.2759,1.254,1.2688,21678
2009-02-20,1.2687,1.2884,1.2557,1.2826,26108
2009-02-23,1.2819,1.2991,1.2691,1.2709,22961
2009-02-24,1.271,1.2876,1.2662,1.2869,30300
2009-02-25,1.2868,1.2898,1.2690000000000001,1.272,19143
2009-02-26,1.2721,1.2810000000000001,1.2682,1.2732999999999999,18852
2009-02-27,1.2734,1.275,1.2604,1.2666,22430
2009-03-02,1.2617,1.2631000000000001,1.2545,1.2556,20733
2009-03-03,1.2557,1.2677,1.2521,1.2542,20090
2009-03-04,1.2541,1.2663,1.2456,1.2648,20146
2009-03-05,1.2650000000000001,1.2652999999999999,1.248,1.2541,21534
2009-03-06,1.254,1.2753999999999999,1.2536,1.2652999999999999,23161
2009-03-09,1.2671000000000001,1.2726,1.2555,1.2591,19739
2009-03-10,1.259,1.2822,1.259,1.2704,22969
2009-03-11,1.2705,1.2864,1.2616,1.2822,22175
2009-03-12,1.2823,1.2945,1.2731,1.2887,25314
2009-03-13,1.2888,1.2957,1.2862,1.2929,20462
2009-03-16,1.2846,1.3071,1.2846,1.2971,21782
2009-03-17,1.297,1.3041,1.2931,1.3035999999999999,23322
2009-03-18,1.3035,1.3534,1.2986,1.3491,23060
2009-03-19,1.349,1.3737,1.3416000000000001,1.3655,24543
2009-03-20,1.3654,1.3726,1.35169,1.35811,34850
2009-03-23,1.36564,1.3735,1.34846,1.36216,41122
2009-03-24,1.36211,1.36775,1.34314,1.3492,50409
2009-03-25,1.34934,1.36287,1.34175,1.35792,45346
2009-03-26,1.35796,1.3639299999999999,1.34931,1.3532600000000001,48730
2009-03-27,1.35328,1.35906,1.3256299999999999,1.32866,51706
2009-03-30,1.32211,1.32852,1.31121,1.32016,46201
2009-03-31,1.32012,1.3342100000000001,1.31731,1.32426,53065
2009-04-01,1.32416,1.32855,1.31661,1.32331,49120
2009-04-02,1.32336,1.35167,1.32336,1.34644,47840
2009-04-03,1.34641,1.3494,1.33646,1.34849,39608
2009-04-06,1.35142,1.35806,1.33571,1.33996,44326
2009-04-07,1.33997,1.34076,1.32261,1.32671,45051
2009-04-08,1.32674,1.33076,1.31478,1.3265799999999999,44977
2009-04-09,1.32657,1.33349,1.31258,1.31571,46820
2009-04-10,1.31576,1.31875,1.30894,1.31866,15465
2009-04-13,1.31898,1.33915,1.31258,1.33677,24614
2009-04-14,1.33676,1.33798,1.32253,1.32621,41456
2009-04-15,1.32611,1.32953,1.31461,1.32123,40446
2009-04-16,1.32122,1.32676,1.3126,1.31793,46445
2009-04-17,1.31796,1.31966,1.30167,1.30426,43609
2009-04-20,1.30406,1.30481,1.2888899999999999,1.29241,42049
2009-04-21,1.29247,1.29934,1.28967,1.29454,45420
2009-04-22,1.29455,1.3036400000000001,1.28844,1.30022,54197
2009-04-23,1.3002099999999999,1.31602,1.29792,1.31336,56347
2009-04-24,1.31335,1.33002,1.31125,1.32413,55419
2009-04-27,1.32401,1.32416,1.2999,1.30173,60339
2009-04-28,1.30171,1.3165499999999999,1.29649,1.31351,58331
2009-04-29,1.31354,1.33402,1.31199,1.32521,57956
2009-04-30,1.32553,1.3384800000000001,1.3191,1.32236,44100
2009-05-01,1.3223500000000001,1.33274,1.32181,1.32636,37907
2009-05-04,1.3281800000000001,1.34223,1.32123,1.3416299999999999,48959
2009-05-05,1.3416000000000001,1.34363,1.32821,1.33106,60430
2009-05-06,1.33111,1.33738,1.32457,1.3311600000000001,98764
2009-05-07,1.3311899999999999,1.34681,1.32515,1.33862,109001
2009-05-08,1.33857,1.36497,1.33416,1.36347,99281
2009-05-11,1.36545,1.3666800000000001,1.3557299999999999,1.35767,80618
2009-05-12,1.35775,1.37066,1.35628,1.36447,105236
2009-05-13,1.36442,1.37214,1.3565800000000001,1.359,101027
2009-05-14,1.35903,1.3664100000000001,1.35255,1.36342,81703
2009-05-15,1.36333,1.3649,1.3461400000000001,1.34947,60219
2009-05-18,1.34836,1.35626,1.34234,1.35555,59010
2009-05-19,1.35552,1.3667500000000001,1.35304,1.36273,70691
2009-05-20,1.36272,1.3829500000000001,1.35831,1.3764,70573
2009-05-21,1.3763,1.39228,1.37282,1.3902999999999999,69014
2009-05-22,1.3902700000000001,1.4049800000000001,1.38987,1.39974,85952
2009-05-25,1.4028100000000001,1.4035199999999999,1.39575,1.40144,42770
2009-05-26,1.40133,1.40217,1.38598,1.3989099999999999,92581
2009-05-27,1.39894,1.40002,1.38229,1.38352,89247
2009-05-28,1.38353,1.39826,1.37931,1.3932,93328
2009-05-29,1.39325,1.41678,1.39246,1.41597,91318
2009-06-01,1.41322,1.42453,1.40987,1.41512,86647
2009-06-02,1.4151500000000001,1.43308,1.41012,1.43068,96071
2009-06-03,1.43066,1.43378,1.41094,1.4144700000000001,105409
2009-06-04,1.41448,1.424,1.407,1.4175499999999999,101968
2009-06-05,1.41758,1.42665,1.39327,1.39673,100059
2009-06-08,1.3943400000000001,1.4001700000000001,1.38039,1.39019,81854
2009-06-09,1.39032,1.4101,1.38519,1.4074900000000001,88004
2009-06-10,1.40746,1.41432,1.39146,1.39656,92325
2009-06-11,1.39661,1.4171,1.39428,1.4096199999999999,98086
2009-06-12,1.40954,1.41281,1.39351,1.40153,89020
2009-06-15,1.39876,1.40008,1.37554,1.3786,90407
2009-06-16,1.37866,1.39321,1.37477,1.38345,98211
2009-06-17,1.38349,1.39839,1.38062,1.39424,94771
2009-06-18,1.39423,1.40005,1.38711,1.39052,77742
2009-06-19,1.39049,1.40112,1.38822,1.39372,74354
2009-06-22,1.39487,1.3949099999999999,1.3826399999999999,1.38562,83975
2009-06-23,1.38561,1.41074,1.38284,1.4074499999999999,98727
2009-06-24,1.40743,1.41375,1.38888,1.39293,97924
2009-06-25,1.39292,1.40127,1.38891,1.3995199999999999,76694
2009-06-26,1.39944,1.41173,1.39824,1.40551,80338
2009-06-29,1.40616,1.41024,1.39825,1.4072200000000001,74198
2009-06-30,1.40724,1.41513,1.40009,1.4035199999999999,86102
2009-07-01,1.4036,1.41965,1.40009,1.41529,77079
2009-07-02,1.41475,1.4153,1.39273,1.3949500000000001,90383
2009-07-03,1.39494,1.40274,1.3943699999999999,1.39797,47357
2009-07-06,1.39551,1.39977,1.3876,1.3973200000000001,71323
2009-07-07,1.39736,1.4049800000000001,1.39032,1.39197,82433
2009-07-08,1.39198,1.3937599999999999,1.38323,1.38741,82596
2009-07-09,1.3873,1.4071500000000001,1.38583,1.40236,81302
2009-07-10,1.40224,1.40294,1.38778,1.39353,76980
2009-07-13,1.3946100000000001,1.40004,1.3896600000000001,1.39871,83148
2009-07-14,1.39872,1.40141,1.39109,1.39716,63485
2009-07-15,1.39725,1.41338,1.39626,1.41011,73548
2009-07-16,1.41009,1.41652,1.40557,1.41392,84544
2009-07-17,1.41397,1.41467,1.40629,1.41008,77675
2009-07-20,1.41162,1.42479,1.4109,1.4227,79243
2009-07-21,1.42272,1.42767,1.41634,1.42133,79712
2009-07-22,1.42137,1.42568,1.41556,1.42055,77761
2009-07-23,1.42059,1.42907,1.4119,1.4151500000000001,85809
2009-07-24,1.41513,1.42527,1.41348,1.42016,71947
2009-07-27,1.42297,1.42969,1.41712,1.42421,64500
2009-07-28,1.4242,1.43036,1.41303,1.41714,74055
2009-07-29,1.41711,1.4194,1.40072,1.40334,81546
2009-07-30,1.40341,1.40946,1.40085,1.40652,74851
2009-07-31,1.40658,1.4278,1.40639,1.42561,73924
2009-08-03,1.42703,1.44435,1.4206400000000001,1.44192,78119
2009-08-04,1.44191,1.44308,1.4367,1.43973,75298
2009-08-05,1.43977,1.44465,1.43559,1.44131,69259
2009-08-06,1.44126,1.44309,1.4329100000000001,1.43539,66828
2009-08-07,1.43541,1.4411800000000001,1.41537,1.41825,55979
2009-08-10,1.4181,1.42184,1.41041,1.41455,47315
2009-08-11,1.4145400000000001,1.4184999999999999,1.41097,1.41482,63805
2009-08-12,1.41477,1.42463,1.40861,1.42022,79856
2009-08-13,1.42031,1.4326699999999999,1.42011,1.4278,73810
2009-08-14,1.42771,1.4306,1.41599,1.42022,68702
2009-08-17,1.41879,1.4194200000000001,1.40454,1.40703,74901
2009-08-18,1.40698,1.41483,1.40666,1.41309,72442
2009-08-19,1.41308,1.42661,1.40841,1.42343,76284
2009-08-20,1.42344,1.4273799999999999,1.42005,1.42452,64132
2009-08-21,1.42451,1.43751,1.42081,1.43249,59290
2009-08-24,1.43437,1.43585,1.4280599999999999,1.42975,52342
2009-08-25,1.42975,1.43616,1.42526,1.4298600000000001,57623
2009-08-26,1.42983,1.435,1.42065,1.42411,57362
2009-08-27,1.42407,1.44049,1.42192,1.43478,58245
2009-08-28,1.43481,1.4388,1.42811,1.43022,53899
2009-08-31,1.43076,1.43668,1.4255900000000001,1.43311,43535
2009-09-01,1.4331,1.4376,1.4177,1.4218,52192
2009-09-02,1.4219,1.4293,1.4189,1.426,51763
2009-09-03,1.426,1.4346999999999999,1.4236,1.4257,47093
2009-09-04,1.4257,1.4325999999999999,1.4191,1.4295,43605
2009-09-07,1.4304999999999999,1.4358,1.4302000000000001,1.4338,32920
2009-09-08,1.4337,1.4533,1.4328,1.4493,52458
2009-09-09,1.4493,1.4599,1.4466,1.4564,31585
2009-09-10,1.4563,1.4612,1.4502,1.4579,10279
2009-09-11,1.458,1.4633,1.4553,1.457,9977
2009-09-14,1.4597,1.4651100000000001,1.45154,1.46276,51828
2009-09-15,1.46278,1.46847,1.45611,1.4661,51185
2009-09-16,1.466,1.4736099999999999,1.4641199999999999,1.47078,53036
2009-09-17,1.47069,1.47652,1.46879,1.47437,50362
2009-09-18,1.47431,1.47437,1.46471,1.47106,47308
2009-09-21,1.46953,1.47125,1.4611,1.46763,44429
2009-09-22,1.46793,1.48203,1.4674800000000001,1.47893,46231
2009-09-23,1.47889,1.48427,1.46899,1.46899,53415
2009-09-24,1.46886,1.48016,1.46282,1.46606,57633
2009-09-25,1.46608,1.4723899999999999,1.46142,1.46881,56801
2009-09-28,1.47011,1.47193,1.4564,1.46128,56277
2009-09-29,1.46132,1.46452,1.45274,1.45832,56987
2009-09-30,1.45838,1.4673,1.45752,1.46368,57238
2009-10-01,1.46367,1.46676,1.4517,1.45423,54665
2009-10-02,1.45416,1.46457,1.44835,1.4574,50781
2009-10-05,1.45883,1.46676,1.45791,1.46474,47918
2009-10-06,1.46476,1.4760900000000001,1.46445,1.47207,52419
2009-10-07,1.47208,1.47355,1.46489,1.46862,49690
2009-10-08,1.46863,1.4815,1.4681600000000001,1.47905,52747
2009-10-09,1.47903,1.47933,1.46723,1.4729999999999999,51998
2009-10-12,1.47167,1.48115,1.46752,1.47754,41921
2009-10-13,1.47767,1.48737,1.47608,1.4851,52752
2009-10-14,1.48509,1.49443,1.4837500000000001,1.49323,55297
2009-10-15,1.49329,1.4965600000000001,1.48415,1.49352,55062
2009-10-16,1.49356,1.49651,1.4847299999999999,1.49035,54796
2009-10-19,1.48932,1.4979,1.48267,1.49647,52288
2009-10-20,1.49645,1.49931,1.48823,1.49396,53650
2009-10-21,1.49395,1.50453,1.48879,1.50072,57461
2009-10-22,1.50155,1.5037500000000001,1.49435,1.50261,53701
2009-10-23,1.50258,1.50595,1.49855,1.50072,54238
2009-10-26,1.5009000000000001,1.50617,1.48448,1.48652,49290
2009-10-27,1.48651,1.49262,1.47701,1.48062,59771
2009-10-28,1.4806300000000001,1.48403,1.4693100000000001,1.47153,60586
2009-10-29,1.47154,1.4858500000000001,1.46829,1.48396,54266
2009-10-30,1.48395,1.48575,1.4703,1.4718499999999999,56052
2009-11-02,1.47346,1.4844300000000001,1.47032,1.47722,58977
2009-11-03,1.47723,1.48102,1.46262,1.47156,59228
2009-11-04,1.47157,1.49079,1.47016,1.48772,54844
2009-11-05,1.48773,1.4916,1.48109,1.48712,54234
2009-11-06,1.48711,1.49135,1.4813399999999999,1.48462,46232
2009-11-09,1.48716,1.50195,1.48526,1.49959,48882
2009-11-10,1.49962,1.50194,1.49383,1.4984,51000
2009-11-11,1.49839,1.50475,1.49527,1.49845,54479
2009-11-12,1.4984600000000001,1.50156,1.4821,1.48435,59578
2009-11-13,1.48437,1.49372,1.48243,1.4901900000000001,50069
2009-11-16,1.49194,1.5014699999999999,1.48847,1.49701,54601
2009-11-17,1.4969299999999999,1.49985,1.48076,1.48633,62593
2009-11-18,1.48635,1.49899,1.48623,1.49609,56508
2009-11-19,1.49608,1.4963,1.48431,1.4917099999999999,60605
2009-11-20,1.49169,1.49342,1.48011,1.48614,56918
2009-11-23,1.48501,1.49985,1.48482,1.4960200000000001,51676
2009-11-24,1.4959500000000001,1.49882,1.48881,1.4963199999999999,56335
2009-11-25,1.49644,1.51437,1.49549,1.5134400000000001,48935
2009-11-26,1.51342,1.51411,1.49588,1.5005899999999999,46732
2009-11-27,1.50061,1.5009299999999999,1.48281,1.49869,59191
2009-11-30,1.50084,1.5083,1.49633,1.50075,58855
2009-12-01,1.50074,1.5116399999999999,1.49712,1.5076100000000001,49804
2009-12-02,1.5076,1.5108899999999998,1.5032,1.5047000000000001,45286
2009-12-03,1.50473,1.51399,1.5037099999999999,1.5051700000000001,47930
2009-12-04,1.50523,1.5089000000000001,1.48198,1.4856,49457
2009-12-07,1.48678,1.49028,1.47545,1.48266,65128
2009-12-08,1.48271,1.48662,1.46808,1.4703300000000001,72235
2009-12-09,1.47035,1.47811,1.46681,1.47393,63321
2009-12-10,1.47397,1.47598,1.46845,1.47321,50140
2009-12-11,1.47311,1.47754,1.45859,1.4613800000000001,46486
2009-12-14,1.46146,1.4685000000000001,1.46045,1.46508,46226
2009-12-15,1.46509,1.46582,1.45037,1.45367,41430
2009-12-16,1.45369,1.45892,1.45053,1.453,43095
2009-12-17,1.45299,1.45326,1.43041,1.43497,48862
2009-12-18,1.43493,1.44108,1.42611,1.4335200000000001,45251
2009-12-21,1.43118,1.43724,1.42651,1.4274,38522
2009-12-22,1.42737,1.43311,1.42175,1.42531,39630
2009-12-23,1.4253,1.43659,1.42336,1.43282,32236
2009-12-24,1.43278,1.44173,1.43277,1.4353799999999999,20804
2009-12-28,1.43712,1.44127,1.43534,1.43716,25620
2009-12-29,1.43717,1.44573,1.4331,1.43486,35058
2009-12-30,1.43485,1.436,1.42725,1.4336,35183
2009-12-31,1.43365,1.44398,1.43059,1.43306,29564
2010-01-04,1.43259,1.44543,1.42569,1.4411100000000001,45505
2010-01-05,1.44107,1.4483,1.4346700000000001,1.43624,46686
2010-01-06,1.43632,1.4433799999999999,1.42831,1.43998,45435
2010-01-07,1.44001,1.44456,1.42994,1.43041,44298
2010-01-08,1.43039,1.44263,1.42634,1.44085,34425
2010-01-11,1.44125,1.45545,1.4412099999999999,1.4512,45827
2010-01-12,1.4512800000000001,1.45448,1.44537,1.4492,46203
2010-01-13,1.4491800000000001,1.45785,1.44561,1.45052,46521
2010-01-14,1.45105,1.45547,1.44478,1.44978,44172
2010-01-15,1.44978,1.45108,1.43365,1.43857,47001
2010-01-18,1.4348,1.43995,1.4334799999999999,1.43872,32948
2010-01-19,1.43881,1.44131,1.42527,1.42869,49145
2010-01-20,1.42869,1.4289,1.40818,1.41062,56564
2010-01-21,1.41062,1.41415,1.40285,1.4083700000000001,57999
2010-01-22,1.40833,1.41807,1.40662,1.41363,53667
2010-01-25,1.41523,1.4193799999999999,1.41278,1.4148100000000001,42566
2010-01-26,1.41476,1.41784,1.40422,1.4077,51832
2010-01-27,1.40773,1.40963,1.39935,1.40327,54404
2010-01-28,1.40332,1.40518,1.3946399999999999,1.39609,52813
2010-01-29,1.39616,1.3987,1.3860999999999999,1.38611,50938
2010-02-01,1.3862700000000001,1.3937599999999999,1.38521,1.39325,46608
2010-02-02,1.39329,1.39738,1.38858,1.3967100000000001,43884
2010-02-03,1.39675,1.40255,1.38855,1.3891200000000001,42636
2010-02-04,1.38894,1.39023,1.37149,1.37273,46903
2010-02-05,1.37277,1.37448,1.35854,1.36776,57504
2010-02-08,1.36561,1.37128,1.3620999999999999,1.36552,47960
2010-02-09,1.3655,1.3838,1.3648799999999999,1.37938,54293
2010-02-10,1.37942,1.38119,1.36767,1.37337,50134
2010-02-11,1.37336,1.38,1.35955,1.3688500000000001,47992
2010-02-12,1.3688500000000001,1.36943,1.35311,1.3630900000000001,49239
2010-02-15,1.36158,1.36322,1.35785,1.3597299999999999,28014
2010-02-16,1.35981,1.37785,1.35879,1.37587,46771
2010-02-17,1.37595,1.37881,1.35859,1.35993,47572
2010-02-18,1.35992,1.36537,1.34835,1.34923,51940
2010-02-19,1.34952,1.36174,1.34433,1.36116,50902
2010-02-22,1.36133,1.36531,1.35745,1.35996,38772
2010-02-23,1.35993,1.36913,1.34961,1.3513600000000001,48684
2010-02-24,1.35141,1.3625,1.3502,1.35372,45827
2010-02-25,1.35372,1.35702,1.34504,1.3538299999999999,49405
2010-02-26,1.35388,1.36826,1.353,1.3631,48710
2010-03-01,1.36222,1.36541,1.34601,1.35677,47959
2010-03-02,1.35671,1.36213,1.34349,1.36087,48935
2010-03-03,1.3609200000000001,1.37351,1.35921,1.3694,49643
2010-03-04,1.3695,1.37117,1.35511,1.35793,45572
2010-03-05,1.35793,1.36297,1.353,1.36198,36121
2010-03-08,1.36307,1.37038,1.36056,1.36267,31425
2010-03-09,1.36266,1.36347,1.3537,1.36013,34288
2010-03-10,1.36013,1.3679299999999999,1.3544,1.36548,31699
2010-03-11,1.36548,1.36864,1.36206,1.36765,30264
2010-03-12,1.3677000000000001,1.37954,1.36693,1.3767800000000001,34667
2010-03-15,1.37612,1.3774600000000001,1.36423,1.36724,34317
2010-03-16,1.36731,1.37825,1.36566,1.3762699999999999,38136
2010-03-17,1.37642,1.38171,1.3726099999999999,1.37353,37087
2010-03-18,1.3734199999999999,1.37402,1.35862,1.36072,39796
2010-03-19,1.36075,1.36263,1.35029,1.35301,35368
2010-03-22,1.35174,1.35676,1.34629,1.35578,34603
2010-03-23,1.35574,1.35687,1.34755,1.3492,40942
2010-03-24,1.34916,1.34946,1.3305,1.33281,46203
2010-03-25,1.33276,1.33861,1.32671,1.32735,40724
2010-03-26,1.32732,1.34231,1.32725,1.3407499999999999,43288
2010-03-29,1.3471899999999999,1.35056,1.34172,1.34755,37315
2010-03-30,1.34756,1.35367,1.33951,1.3419400000000001,36027
2010-03-31,1.3418999999999999,1.35477,1.33841,1.35062,43433
2010-04-01,1.35065,1.35904,1.346,1.35837,38590
2010-04-02,1.3584,1.3590200000000001,1.34748,1.3503,20748
2010-04-05,1.349,1.35378,1.34599,1.34818,21957
2010-04-06,1.34823,1.34959,1.33551,1.33932,37560
2010-04-07,1.3393,1.34078,1.3326,1.33388,36007
2010-04-08,1.3339400000000001,1.33657,1.32821,1.33572,37820
2010-04-09,1.3357,1.34985,1.33414,1.34984,37363
2010-04-12,1.36107,1.36913,1.35656,1.35858,42221
2010-04-13,1.35862,1.36267,1.35463,1.36147,39476
2010-04-14,1.36147,1.3678,1.35959,1.36508,43278
2010-04-15,1.36516,1.36665,1.35215,1.3578999999999999,41184
2010-04-16,1.35789,1.35806,1.34726,1.3501699999999999,42714
2010-04-19,1.34769,1.34972,1.3416000000000001,1.34888,37823
2010-04-20,1.34887,1.35222,1.34283,1.34403,36069
2010-04-21,1.34409,1.34467,1.33579,1.3388200000000001,37810
2010-04-22,1.33878,1.34208,1.32651,1.32866,42655
2010-04-23,1.3287499999999999,1.3399,1.32016,1.33811,45949
2010-04-26,1.3346,1.34147,1.32916,1.3391899999999999,42180
2010-04-27,1.33923,1.3413,1.31445,1.31619,51600
2010-04-28,1.31644,1.32654,1.31141,1.3205200000000001,59113
2010-04-29,1.32061,1.3277700000000001,1.3183799999999999,1.32428,47335
2010-04-30,1.32408,1.33417,1.32248,1.3293599999999999,43675
2010-05-03,1.33296,1.3332600000000001,1.3154,1.31888,36212
2010-05-04,1.31884,1.32131,1.29629,1.29718,48690
2010-05-05,1.29702,1.29956,1.27891,1.28182,57402
2010-05-06,1.2819099999999999,1.2855699999999999,1.2527,1.26296,73442
2010-05-07,1.26296,1.27973,1.2586,1.27518,83142
2010-05-10,1.29299,1.30934,1.27588,1.27864,78501
2010-05-11,1.27867,1.28022,1.26266,1.26328,67118
2010-05-12,1.26329,1.27383,1.26051,1.26334,60776
2010-05-13,1.263,1.26834,1.25159,1.25223,49365
2010-05-14,1.25223,1.25753,1.23529,1.23566,58712
2010-05-17,1.23485,1.24138,1.22332,1.23968,149146
2010-05-18,1.23971,1.24437,1.21581,1.2171,72967
2010-05-19,1.21709,1.2429999999999999,1.21435,1.2422,46987
2010-05-20,1.2421,1.25969,1.22957,1.24683,43592
2010-05-21,1.2471,1.26711,1.24628,1.25712,61466
2010-05-24,1.25461,1.25622,1.23316,1.2344,51026
2010-05-25,1.23491,1.23877,1.21776,1.23704,51934
2010-05-26,1.23709,1.23709,1.21537,1.21609,49658
2010-05-27,1.21615,1.23937,1.21534,1.23563,58782
2010-05-28,1.23565,1.24518,1.22651,1.2272,54622
2010-05-31,1.22807,1.2334100000000001,1.22665,1.2308,34834
2010-06-01,1.23061,1.23487,1.21107,1.22115,66264
2010-06-02,1.22113,1.22726,1.21749,1.22492,61439
2010-06-03,1.22494,1.23252,1.2152,1.21614,55593
2010-06-04,1.21616,1.2215,1.19551,1.19671,54110
2010-06-07,1.1945999999999999,1.19907,1.18758,1.19166,63132
2010-06-08,1.19165,1.2008,1.19022,1.1964,63108
2010-06-09,1.19636,1.20724,1.19236,1.1984,55570
2010-06-10,1.19834,1.21411,1.19565,1.21081,63926
2010-06-11,1.21074,1.21521,1.20452,1.21112,70668
2010-06-14,1.21188,1.2297500000000001,1.21155,1.2213,50129
2010-06-15,1.22135,1.2349,1.21679,1.23228,91751
2010-06-16,1.23222,1.23525,1.22552,1.22989,43868
2010-06-17,1.2298499999999999,1.24095,1.22422,1.23794,46359
2010-06-18,1.23794,1.24156,1.23529,1.23875,38601
2010-06-21,1.24291,1.24664,1.23038,1.23232,50850
2010-06-22,1.23239,1.23531,1.22521,1.22674,45172
2010-06-23,1.2267299999999999,1.23431,1.2209,1.23102,33229
2010-06-24,1.231,1.23869,1.22614,1.23276,48903
2010-06-25,1.23276,1.23942,1.22538,1.23681,39618
2010-06-28,1.23781,1.23966,1.22651,1.22803,41553
2010-06-29,1.22805,1.22902,1.21495,1.21886,40938
2010-06-30,1.21898,1.23038,1.21662,1.22302,50649
2010-07-01,1.223,1.25328,1.2193,1.25163,54000
2010-07-02,1.25163,1.26106,1.24824,1.25655,47050
2010-07-05,1.25558,1.25619,1.251,1.2538,23183
2010-07-06,1.2538,1.26623,1.24796,1.26261,46452
2010-07-07,1.26261,1.2663,1.25531,1.26316,43825
2010-07-08,1.26312,1.27105,1.26199,1.26931,41556
2010-07-09,1.26924,1.27218,1.26085,1.26404,34626
2010-07-12,1.26413,1.26463,1.25506,1.25887,33112
2010-07-13,1.25889,1.27381,1.2521900000000001,1.27265,111442
2010-07-14,1.27271,1.27768,1.26822,1.27414,39982
2010-07-15,1.27411,1.2953999999999999,1.27092,1.2931,77992
2010-07-16,1.29321,1.30063,1.28894,1.2929599999999999,46349
2010-07-19,1.2904,1.29908,1.28711,1.2947199999999999,37159
2010-07-20,1.29465,1.30275,1.28389,1.28911,42661
2010-07-21,1.2891,1.29123,1.27318,1.27528,43357
2010-07-22,1.27529,1.29302,1.27368,1.28865,44411
2010-07-23,1.28868,1.29642,1.27932,1.29086,45808
2010-07-26,1.2894,1.30046,1.28761,1.29865,40074
2010-07-27,1.2986900000000001,1.30453,1.29516,1.3000099999999999,42808
2010-07-28,1.29995,1.30412,1.2966199999999999,1.29868,42164
2010-07-29,1.2988,1.3106,1.2977400000000001,1.30795,40083
2010-07-30,1.30798,1.3093,1.29802,1.30504,41809
2010-08-02,1.30596,1.31945,1.30533,1.31753,35275
2010-08-03,1.31741,1.3261,1.31464,1.3226,35605
2010-08-04,1.3225799999999999,1.32382,1.31308,1.31538,34858
2010-08-05,1.31542,1.32344,1.31186,1.31841,35801
2010-08-06,1.31844,1.33327,1.31573,1.32781,34237
2010-08-09,1.3288,1.3307,1.32163,1.32242,26966
2010-08-10,1.32242,1.32306,1.30742,1.31745,40183
2010-08-11,1.31745,1.3186,1.28299,1.28447,47859
2010-08-12,1.28442,1.2932000000000001,1.27805,1.28269,44967
2010-08-13,1.28263,1.29052,1.27494,1.27531,41520
2010-08-16,1.2765,1.28705,1.27336,1.28219,38714
2010-08-17,1.28211,1.29152,1.28038,1.28787,41361
2010-08-18,1.28787,1.29214,1.28233,1.28518,38743
2010-08-19,1.28522,1.29021,1.27721,1.28152,46086
2010-08-20,1.28171,1.28315,1.26634,1.27105,41117
2010-08-23,1.2705,1.27287,1.26458,1.26461,36582
2010-08-24,1.26484,1.27157,1.25874,1.26307,45831
2010-08-25,1.2631700000000001,1.27254,1.2609,1.2663,44508
2010-08-26,1.26632,1.27634,1.26501,1.27161,44506
2010-08-27,1.27159,1.27778,1.2681,1.27617,39015
2010-08-30,1.27641,1.27647,1.26585,1.26631,30703
2010-08-31,1.2663,1.2742200000000001,1.2625,1.26889,42040
2010-09-01,1.26892,1.28546,1.2663,1.28026,34286
2010-09-02,1.2801,1.28474,1.2776399999999999,1.28251,29145
2010-09-03,1.28246,1.28969,1.28082,1.28951,26054
2010-09-06,1.28934,1.2916699999999999,1.28666,1.2875,17840
2010-09-07,1.28747,1.28757,1.26767,1.26821,34184
2010-09-08,1.26831,1.27624,1.2658800000000001,1.27234,40664
2010-09-09,1.27227,1.27654,1.26645,1.2697,37912
2010-09-10,1.2697,1.27461,1.26434,1.26784,36297
2010-09-13,1.2705,1.2892299999999999,1.2704,1.2877100000000001,39125
2010-09-14,1.28751,1.30324,1.2829,1.29866,44081
2010-09-15,1.29865,1.3035999999999999,1.29528,1.30118,46761
2010-09-16,1.3012000000000001,1.3115999999999999,1.2975400000000001,1.30731,42779
2010-09-17,1.30741,1.3158400000000001,1.30189,1.30487,40971
2010-09-20,1.3046,1.3121,1.30288,1.30621,30580
2010-09-21,1.30621,1.3281399999999999,1.30571,1.32498,41868
2010-09-22,1.325,1.34388,1.3247499999999999,1.33991,42092
2010-09-23,1.33992,1.3413,1.33069,1.33133,45025
2010-09-24,1.33135,1.34945,1.32863,1.3491900000000001,22781
2010-09-27,1.3482,1.35054,1.34252,1.34408,39867
2010-09-28,1.34399,1.35945,1.3381,1.35843,48942
2010-09-29,1.35833,1.3646099999999999,1.3566,1.36212,40449
2010-09-30,1.36219,1.36825,1.35592,1.36283,55816
2010-10-01,1.36295,1.37915,1.3618299999999999,1.379,47829
2010-10-04,1.37877,1.37888,1.36662,1.36741,45684
2010-10-05,1.36741,1.38582,1.36367,1.38338,53076
2010-10-06,1.38333,1.39469,1.38003,1.3925100000000001,50757
2010-10-07,1.39246,1.40285,1.38568,1.39136,52036
2010-10-08,1.39144,1.39831,1.38341,1.3928,48079
2010-10-11,1.4002,1.4007,1.38659,1.38812,30329
2010-10-12,1.38812,1.39344,1.37752,1.3915,51452
2010-10-13,1.39151,1.40009,1.39116,1.39593,43711
2010-10-14,1.39594,1.41215,1.39543,1.40799,48006
2010-10-15,1.40788,1.41505,1.39368,1.3976199999999999,50460
2010-10-18,1.39727,1.39975,1.38305,1.39483,51262
2010-10-19,1.39482,1.40022,1.3712900000000001,1.37411,61362
2010-10-20,1.37409,1.39887,1.36975,1.3957899999999999,56283
2010-10-21,1.39568,1.40495,1.38712,1.39248,57683
2010-10-22,1.3925100000000001,1.397,1.38604,1.39528,51109
2010-10-25,1.39516,1.40795,1.3934,1.39535,56400
2010-10-26,1.39539,1.3981,1.38251,1.38621,62677
2010-10-27,1.38618,1.38763,1.37338,1.3773900000000001,66421
2010-10-28,1.3773900000000001,1.39448,1.37671,1.39282,60331
2010-10-29,1.39284,1.39502,1.38068,1.39459,60308
2010-11-01,1.39703,1.40106,1.38636,1.38977,61085
2010-11-02,1.38975,1.40573,1.38812,1.40312,65719
2010-11-03,1.4031,1.41797,1.39916,1.41248,75787
2010-11-04,1.41238,1.42813,1.4102000000000001,1.4212500000000001,79852
2010-11-05,1.42124,1.42478,1.40238,1.40314,66258
2010-11-08,1.40538,1.40846,1.3887399999999999,1.39123,72639
2010-11-09,1.39131,1.3973,1.37483,1.37633,82240
2010-11-10,1.37637,1.38248,1.36711,1.37791,81616
2010-11-11,1.37792,1.3820000000000001,1.36369,1.36611,74193
2010-11-12,1.36619,1.37758,1.35735,1.369,85876
2010-11-15,1.36829,1.37497,1.3563399999999999,1.35789,72600
2010-11-16,1.35789,1.36547,1.34475,1.34821,91507
2010-11-17,1.34817,1.35646,1.34602,1.35294,80347
2010-11-18,1.3529,1.36666,1.35289,1.3642699999999999,79455
2010-11-19,1.3643,1.37308,1.36081,1.36718,68624
2010-11-22,1.37355,1.37853,1.35765,1.36236,78858
2010-11-23,1.36236,1.3628,1.3361,1.33802,92697
2010-11-24,1.338,1.34202,1.3284500000000001,1.33364,91782
2010-11-25,1.33362,1.3386,1.32862,1.33443,65811
2010-11-26,1.33453,1.33569,1.32003,1.32402,77723
2010-11-29,1.3275000000000001,1.33009,1.30639,1.31061,85839
2010-11-30,1.31063,1.31491,1.29694,1.2981099999999999,99389
2010-12-01,1.29809,1.31806,1.29707,1.31254,96783
2010-12-02,1.3125200000000001,1.32462,1.30603,1.32149,92703
2010-12-03,1.3213599999999999,1.3437299999999999,1.31929,1.3413599999999999,84074
2010-12-06,1.34078,1.34216,1.32463,1.33088,86720
2010-12-07,1.33088,1.33997,1.3253599999999999,1.32652,93134
2010-12-08,1.32652,1.32797,1.31796,1.32627,92647
2010-12-09,1.3262800000000001,1.3322,1.3164500000000001,1.32365,82497
2010-12-10,1.32365,1.32817,1.31786,1.3226200000000001,69405
2010-12-13,1.3205200000000001,1.34325,1.31823,1.33864,75222
2010-12-14,1.3385799999999999,1.34966,1.33637,1.33789,79216
2010-12-15,1.3378700000000001,1.33802,1.3208199999999999,1.32203,83075
2010-12-16,1.32217,1.32648,1.31812,1.32396,73545
2010-12-17,1.32401,1.33581,1.31328,1.31873,74778
2010-12-20,1.31661,1.31823,1.3094700000000001,1.31197,71399
2010-12-21,1.31201,1.32006,1.30732,1.30993,74937
2010-12-22,1.30991,1.31798,1.30777,1.3103099999999999,69688
2010-12-23,1.31026,1.31506,1.30549,1.3109899999999999,57887
2010-12-24,1.31094,1.31474,1.30948,1.31209,25556
2010-12-27,1.31129,1.31692,1.30718,1.3162099999999999,46182
2010-12-28,1.31622,1.32737,1.30932,1.31091,61634
2010-12-29,1.31077,1.3237999999999999,1.30832,1.32173,56088
2010-12-30,1.32171,1.33137,1.32171,1.32901,59251
2010-12-31,1.32901,1.34223,1.32863,1.33827,46339
2011-01-03,1.33443,1.33945,1.32501,1.33499,63214
2011-01-04,1.33507,1.3433,1.32919,1.33104,80673
2011-01-05,1.33099,1.33247,1.3125499999999999,1.31485,83725
2011-01-06,1.31495,1.31699,1.29834,1.30022,73723
2011-01-07,1.3001800000000001,1.30206,1.29044,1.29055,82379
2011-01-10,1.28939,1.29639,1.28736,1.29451,73379
2011-01-11,1.29457,1.2992,1.29047,1.29731,81690
2011-01-12,1.29736,1.31442,1.29616,1.3128,85250
2011-01-13,1.31283,1.3382800000000001,1.30888,1.33477,83518
2011-01-14,1.33477,1.34562,1.33144,1.33875,81796
2011-01-17,1.33704,1.3382,1.3244799999999999,1.32758,69216
2011-01-18,1.32795,1.34644,1.32532,1.3385099999999999,87506
2011-01-19,1.3385099999999999,1.35372,1.33683,1.34557,90324
2011-01-20,1.34559,1.35223,1.33959,1.34638,91805
2011-01-21,1.34641,1.36238,1.34484,1.36196,87401
2011-01-24,1.36097,1.3685100000000001,1.35399,1.36401,83078
2011-01-25,1.36392,1.37023,1.35728,1.36801,93956
2011-01-26,1.36801,1.3721,1.36421,1.3697599999999999,89591
2011-01-27,1.36971,1.37573,1.3637000000000001,1.3727800000000001,92594
2011-01-28,1.3727800000000001,1.37454,1.35833,1.36102,88142
2011-01-31,1.358,1.37385,1.35702,1.36908,90313
2011-02-01,1.36908,1.38419,1.36898,1.38238,92318
2011-02-02,1.3824,1.3860700000000001,1.37672,1.38045,83748
2011-02-03,1.38046,1.38248,1.3609200000000001,1.3625099999999999,82362
2011-02-04,1.36257,1.36748,1.35436,1.358,53718
2011-02-07,1.35686,1.36256,1.3508,1.35774,56235
2011-02-08,1.35802,1.36871,1.3572,1.36277,52629
2011-02-09,1.36235,1.37424,1.36106,1.37237,51816
2011-02-10,1.37239,1.37272,1.35773,1.3593600000000001,68144
2011-02-11,1.35928,1.36204,1.34972,1.35513,49758
2011-02-14,1.3524,1.35579,1.34279,1.34885,68464
2011-02-15,1.34889,1.35498,1.34609,1.34851,64536
2011-02-16,1.3487,1.35873,1.3462,1.35601,68841
2011-02-17,1.35596,1.36174,1.35367,1.36051,57795
2011-02-18,1.36053,1.37138,1.35453,1.36923,62537
2011-02-21,1.36886,1.3715,1.3647,1.36746,53603
2011-02-22,1.36738,1.37026,1.35278,1.3654,83175
2011-02-23,1.36542,1.3786,1.3654,1.37491,74692
2011-02-24,1.37494,1.3818,1.3704,1.3801700000000001,75173
2011-02-25,1.38013,1.38372,1.37239,1.37523,68016
2011-02-28,1.3747,1.3854600000000001,1.3711,1.3808799999999999,72482
2011-03-01,1.3808799999999999,1.38532,1.37628,1.3775,79752
2011-03-02,1.37755,1.38897,1.37447,1.38633,73548
2011-03-03,1.38633,1.39728,1.3832900000000001,1.39596,74667
2011-03-04,1.39596,1.40052,1.39418,1.39863,59009
2011-03-07,1.39921,1.40354,1.3955,1.39682,74128
2011-03-08,1.39682,1.39881,1.38622,1.39023,70216
2011-03-09,1.39021,1.39411,1.38553,1.39045,70488
2011-03-10,1.39046,1.39236,1.37748,1.37999,74343
2011-03-11,1.37994,1.39147,1.37519,1.39016,70765
2011-03-14,1.39507,1.40026,1.39043,1.39935,73056
2011-03-15,1.39941,1.40123,1.3855,1.39714,88130
2011-03-16,1.3971,1.40003,1.38665,1.39121,88893
2011-03-17,1.39126,1.40518,1.3869099999999999,1.40152,90125
2011-03-18,1.40156,1.41831,1.39801,1.4179300000000001,76710
2011-03-21,1.41808,1.42395,1.41411,1.42138,61146
2011-03-22,1.4214,1.42479,1.41788,1.4188399999999999,62172
2011-03-23,1.4188100000000001,1.4214,1.40767,1.40988,73682
2011-03-24,1.40991,1.4218899999999999,1.40534,1.41802,69038
2011-03-25,1.41798,1.4193,1.40548,1.40868,64533
2011-03-28,1.40463,1.4114900000000001,1.40204,1.40819,59764
2011-03-29,1.40825,1.4148399999999999,1.40469,1.4108399999999999,61395
2011-03-30,1.41082,1.41464,1.40516,1.41253,68572
2011-03-31,1.41253,1.42319,1.41157,1.41736,70342
2011-04-01,1.41733,1.42448,1.40614,1.42344,66888
2011-04-04,1.42312,1.4267699999999999,1.41925,1.42177,60730
2011-04-05,1.42177,1.42445,1.4151099999999999,1.42183,60321
2011-04-06,1.42184,1.43483,1.4217,1.43299,65951
2011-04-07,1.43298,1.4335499999999999,1.42424,1.43037,69292
2011-04-08,1.43037,1.44869,1.42908,1.4482300000000001,68944
2011-04-11,1.4453,1.44825,1.44205,1.44313,60639
2011-04-12,1.44316,1.45183,1.4377,1.44774,76607
2011-04-13,1.44782,1.45193,1.4413,1.44404,71254
2011-04-14,1.44404,1.45141,1.43647,1.4485999999999999,73134
2011-04-15,1.44858,1.45029,1.43905,1.44285,66841
2011-04-18,1.44162,1.44199,1.41574,1.42273,76174
2011-04-19,1.42273,1.4352,1.42051,1.43307,70718
2011-04-20,1.4331,1.45437,1.43278,1.45211,75032
2011-04-21,1.45213,1.46478,1.4505,1.4550100000000001,70127
2011-04-22,1.45499,1.45873,1.45339,1.45597,33966
2011-04-25,1.45604,1.46259,1.45251,1.45784,55412
2011-04-26,1.45785,1.46559,1.44929,1.46467,64063
2011-04-27,1.46468,1.47946,1.4632100000000001,1.47711,71297
2011-04-28,1.4771,1.4880900000000001,1.47705,1.48232,71480
2011-04-29,1.48231,1.48772,1.48034,1.48062,49280
2011-05-02,1.4824899999999999,1.4901200000000001,1.47632,1.48218,65803
2011-05-03,1.48225,1.48885,1.47542,1.48205,67531
2011-05-04,1.48205,1.4938500000000001,1.47748,1.48285,73499
2011-05-05,1.4828000000000001,1.48989,1.45096,1.4540899999999999,79035
2011-05-06,1.45411,1.45873,1.43117,1.43149,89714
2011-05-09,1.43656,1.44407,1.42548,1.43567,87290
2011-05-10,1.43566,1.4411800000000001,1.427,1.44101,88979
2011-05-11,1.44102,1.44224,1.4172,1.41997,76054
2011-05-12,1.41993,1.4276,1.41229,1.42402,68235
2011-05-13,1.42405,1.43388,1.40672,1.4117,56326
2011-05-16,1.40753,1.4243700000000001,1.40478,1.41604,66876
2011-05-17,1.41605,1.42379,1.41202,1.42354,61456
2011-05-18,1.42351,1.42862,1.41946,1.42504,35193
2011-05-19,1.42499,1.43246,1.42058,1.4308,36135
2011-05-20,1.4307699999999999,1.43451,1.41321,1.41573,35440
2011-05-23,1.41318,1.41429,1.39692,1.40465,40286
2011-05-24,1.40476,1.41327,1.4002,1.41022,38134
2011-05-25,1.4102299999999999,1.41177,1.4013,1.40814,52747
2011-05-26,1.40815,1.42062,1.40674,1.41347,121309
2011-05-27,1.41346,1.43216,1.41242,1.43173,93816
2011-05-30,1.43099,1.43099,1.42567,1.4285700000000001,56185
2011-05-31,1.42854,1.4423599999999999,1.42844,1.43945,76025
2011-06-01,1.43947,1.4457900000000001,1.43075,1.4329399999999999,80961
2011-06-02,1.4329100000000001,1.45121,1.43239,1.44906,72620
2011-06-03,1.44907,1.4642,1.44524,1.46327,56239
2011-06-06,1.46269,1.46571,1.4557,1.45777,69705
2011-06-07,1.45773,1.46955,1.45634,1.46871,60283
2011-06-08,1.46872,1.46932,1.4564,1.4577499999999999,57299
2011-06-09,1.45776,1.46455,1.44775,1.45118,47895
2011-06-10,1.45127,1.4550100000000001,1.4322300000000001,1.43458,48621
2011-06-13,1.4327,1.44295,1.43208,1.44157,81129
2011-06-14,1.4416,1.44971,1.43785,1.44425,74697
2011-06-15,1.44427,1.44506,1.4156,1.41622,75794
2011-06-16,1.41628,1.42184,1.40731,1.42149,98789
2011-06-17,1.42147,1.4338199999999999,1.4127399999999999,1.42858,83098
2011-06-20,1.42747,1.43265,1.4191,1.43078,80630
2011-06-21,1.4307699999999999,1.44315,1.43067,1.43977,80988
2011-06-22,1.43978,1.44407,1.4332,1.4335,83539
2011-06-23,1.43358,1.43372,1.41265,1.42634,82159
2011-06-24,1.42637,1.43055,1.4141599999999999,1.41865,78903
2011-06-27,1.41875,1.42924,1.4102299999999999,1.42872,82561
2011-06-28,1.4287,1.43959,1.42366,1.43672,79870
2011-06-29,1.43668,1.44466,1.4338,1.44342,70381
2011-06-30,1.44342,1.45364,1.44268,1.44906,73936
2011-07-01,1.44908,1.4550100000000001,1.44359,1.4524599999999999,67242
2011-07-04,1.45366,1.45769,1.44953,1.45388,61750
2011-07-05,1.45391,1.4553,1.44025,1.44231,76518
2011-07-06,1.4423,1.44657,1.42858,1.43158,76199
2011-07-07,1.43157,1.43733,1.42214,1.43577,73025
2011-07-08,1.43578,1.43679,1.42059,1.42632,79165
2011-07-11,1.42236,1.42266,1.39858,1.40469,91629
2011-07-12,1.40465,1.40607,1.38371,1.3971,108622
2011-07-13,1.39712,1.4238,1.39512,1.4238,99713
2011-07-14,1.42382,1.42808,1.41156,1.4145400000000001,96044
2011-07-15,1.4145400000000001,1.4197899999999999,1.40919,1.41566,78557
2011-07-18,1.41208,1.41339,1.40138,1.41035,155099
2011-07-19,1.41035,1.4216,1.40687,1.41537,110672
2011-07-20,1.41533,1.42391,1.41331,1.42208,72833
2011-07-21,1.42202,1.44375,1.41388,1.44193,88744
2011-07-22,1.44193,1.44369,1.43241,1.4358,73399
2011-07-25,1.43997,1.4405999999999999,1.43247,1.43772,74980
2011-07-26,1.43768,1.45244,1.43571,1.45137,78968
2011-07-27,1.45134,1.4535,1.4339,1.43674,76808
2011-07-28,1.43674,1.4399899999999999,1.42544,1.43273,88495
2011-07-29,1.43273,1.44128,1.42293,1.43945,82935
2011-08-01,1.43607,1.44526,1.41843,1.42533,86600
2011-08-02,1.42535,1.42822,1.4151,1.41919,86356
2011-08-03,1.41903,1.4365999999999999,1.41425,1.4363000000000001,88352
2011-08-04,1.43631,1.43671,1.40862,1.4092,106316
2011-08-05,1.40921,1.42972,1.40553,1.42804,108678
2011-08-08,1.43705,1.44006,1.41303,1.41628,119420
2011-08-09,1.4163000000000001,1.43967,1.41521,1.4391,129294
2011-08-10,1.4391,1.44006,1.41608,1.41615,107593
2011-08-11,1.41614,1.42912,1.41039,1.42353,118172
2011-08-12,1.42357,1.42899,1.41495,1.42479,93555
2011-08-15,1.42639,1.44748,1.42635,1.44482,88724
2011-08-16,1.44483,1.44709,1.4353799999999999,1.43988,95147
2011-08-17,1.4399,1.45167,1.4325,1.4425,92149
2011-08-18,1.44244,1.44508,1.4271099999999999,1.4322300000000001,93938
2011-08-19,1.43221,1.44507,1.42585,1.4395,97672
2011-08-22,1.43735,1.44339,1.4346999999999999,1.43571,85245
2011-08-23,1.4357,1.44987,1.43527,1.44346,85962
2011-08-24,1.44347,1.44806,1.43798,1.44081,84902
2011-08-25,1.4408,1.4473799999999999,1.43283,1.43709,79829
2011-08-26,1.4371,1.45008,1.4329100000000001,1.44984,82280
2011-08-29,1.44916,1.45482,1.44657,1.45228,75191
2011-08-30,1.45228,1.45328,1.43841,1.44308,96072
2011-08-31,1.44308,1.44688,1.43584,1.4372500000000001,93216
2011-09-01,1.4372500000000001,1.43767,1.42262,1.42615,83686
2011-09-02,1.42614,1.4287,1.41839,1.4203700000000001,80132
2011-09-05,1.41571,1.41726,1.40584,1.40636,82639
2011-09-06,1.40637,1.42544,1.39733,1.4001000000000001,100638
2011-09-07,1.40007,1.41476,1.40001,1.40838,94976
2011-09-08,1.40839,1.40888,1.3872,1.39015,97398
2011-09-09,1.39015,1.3936,1.36272,1.36532,104141
2011-09-12,1.3578299999999999,1.3692,1.34989,1.36604,117773
2011-09-13,1.36603,1.37385,1.35582,1.36782,111128
2011-09-14,1.36782,1.37826,1.3590900000000001,1.37406,113708
2011-09-15,1.37401,1.39359,1.37031,1.3881000000000001,105969
2011-09-16,1.38809,1.38835,1.3753600000000001,1.37941,95834
2011-09-19,1.36761,1.37196,1.35868,1.36742,101440
2011-09-20,1.36745,1.37432,1.35927,1.3700700000000001,112022
2011-09-21,1.37004,1.37953,1.35578,1.3587099999999999,112465
2011-09-22,1.35865,1.36001,1.33856,1.34549,124341
2011-09-23,1.34549,1.35663,1.34188,1.34974,119062
2011-09-26,1.3507799999999999,1.35492,1.33624,1.3526799999999999,124551
2011-09-27,1.3526799999999999,1.3666800000000001,1.34793,1.35849,112088
2011-09-28,1.35849,1.3689200000000001,1.35228,1.35245,109597
2011-09-29,1.35247,1.36774,1.35194,1.35824,114179
2011-09-30,1.35831,1.36001,1.33837,1.33846,104660
2011-10-03,1.33447,1.33808,1.31635,1.3189899999999999,112427
2011-10-04,1.31901,1.33681,1.31458,1.33365,122484
2011-10-05,1.3336299999999999,1.33826,1.32599,1.33472,113635
2011-10-06,1.33466,1.345,1.32417,1.34274,107650
2011-10-07,1.34275,1.35241,1.3360699999999999,1.33755,119619
2011-10-10,1.33863,1.36975,1.33774,1.36349,94215
2011-10-11,1.36353,1.36828,1.35654,1.36489,100139
2011-10-12,1.36493,1.3832499999999999,1.35824,1.37759,102879
2011-10-13,1.37759,1.38251,1.36852,1.37716,103352
2011-10-14,1.37716,1.38936,1.37231,1.3878,97421
2011-10-17,1.38782,1.39137,1.37241,1.3734600000000001,97300
2011-10-18,1.3734899999999999,1.38163,1.36526,1.37331,106548
2011-10-19,1.37336,1.38681,1.37247,1.37579,104641
2011-10-20,1.37578,1.38412,1.36565,1.37759,109672
2011-10-21,1.37759,1.39004,1.37043,1.38917,101192
2011-10-24,1.38686,1.39557,1.38222,1.39314,102017
2011-10-25,1.39316,1.39588,1.38492,1.39079,104531
2011-10-26,1.39081,1.3974,1.37997,1.38941,105800
2011-10-27,1.38943,1.4245999999999999,1.38641,1.41844,113922
2011-10-28,1.41843,1.42001,1.41331,1.41453,96320
2011-10-31,1.41501,1.41695,1.38287,1.38594,107043
2011-11-01,1.38592,1.38702,1.3608500000000001,1.3696,114733
2011-11-02,1.36963,1.38265,1.36362,1.37473,111203
2011-11-03,1.37473,1.38541,1.36563,1.38128,111165
2011-11-04,1.38128,1.38655,1.37111,1.3789799999999999,99631
2011-11-07,1.3816,1.38166,1.36814,1.37643,98464
2011-11-08,1.37647,1.38464,1.37242,1.38287,94554
2011-11-09,1.38283,1.3858,1.35218,1.35227,109069
2011-11-10,1.3523800000000001,1.36518,1.34837,1.36082,107189
2011-11-11,1.36086,1.37944,1.35778,1.37672,85393
2011-11-14,1.37759,1.37919,1.35914,1.3620999999999999,98914
2011-11-15,1.3620999999999999,1.36402,1.34961,1.35252,101149
2011-11-16,1.35249,1.3556,1.34286,1.34547,108063
2011-11-17,1.34552,1.35392,1.34213,1.34688,112227
2011-11-18,1.34683,1.36136,1.3447,1.35222,101063
2011-11-21,1.35214,1.35398,1.343,1.34855,100507
2011-11-22,1.34854,1.35678,1.34687,1.35157,96054
2011-11-23,1.3516,1.35304,1.33201,1.33464,98239
2011-11-24,1.33459,1.34109,1.3316,1.334,79708
2011-11-25,1.33401,1.33441,1.32119,1.32375,85351
2011-11-28,1.33095,1.33981,1.32725,1.33121,94847
2011-11-29,1.33121,1.34412,1.3285,1.33321,94820
2011-11-30,1.33318,1.35302,1.32587,1.34392,92600
2011-12-01,1.34392,1.3519999999999999,1.34177,1.34599,89678
2011-12-02,1.34601,1.35449,1.33625,1.33898,72990
2011-12-05,1.34094,1.34851,1.33748,1.3394300000000001,82004
2011-12-06,1.33939,1.34271,1.3333300000000001,1.34021,86817
2011-12-07,1.34018,1.3453,1.33508,1.34158,82663
2011-12-08,1.34155,1.34569,1.32882,1.33433,84746
2011-12-09,1.3343,1.34327,1.3281,1.33842,82663
2011-12-12,1.33636,1.33759,1.31623,1.31665,81427
2011-12-13,1.31665,1.32356,1.3008600000000001,1.30335,86806
2011-12-14,1.30334,1.3063500000000001,1.29462,1.29829,92199
2011-12-15,1.29829,1.3048899999999999,1.29566,1.30197,82393
2011-12-16,1.30195,1.30834,1.2995,1.30419,75805
2011-12-19,1.30328,1.3043,1.29828,1.29961,66031
2011-12-20,1.29951,1.31314,1.2995,1.30805,64887
2011-12-21,1.30811,1.31956,1.30254,1.30438,83421
2011-12-22,1.30438,1.31183,1.30171,1.30507,73989
2011-12-23,1.30503,1.30946,1.30259,1.30451,61183
2011-12-26,1.30487,1.30813,1.30487,1.3054000000000001,21539
2011-12-27,1.30537,1.30824,1.30422,1.30676,51089
2011-12-28,1.30677,1.3079100000000001,1.29116,1.29362,66973
2011-12-29,1.29362,1.29641,1.28577,1.29505,75936
2011-12-30,1.29501,1.29981,1.29039,1.29565,71042
2012-01-02,1.29443,1.29681,1.29168,1.29338,40489
2012-01-03,1.29337,1.30762,1.2931599999999999,1.3050899999999999,82261
2012-01-04,1.3050899999999999,1.30719,1.28974,1.29361,80553
2012-01-05,1.29359,1.29434,1.27702,1.27904,92272
2012-01-06,1.27907,1.28121,1.26972,1.27188,78126
2012-01-09,1.26923,1.27848,1.26661,1.27686,81621
2012-01-10,1.27682,1.28174,1.27424,1.27708,76875
2012-01-11,1.27708,1.27893,1.26619,1.27075,83512
2012-01-12,1.2708,1.28442,1.26994,1.28136,84400
2012-01-13,1.28135,1.28778,1.26241,1.26754,90371
2012-01-16,1.26383,1.2687300000000001,1.26254,1.2650000000000001,71891
2012-01-17,1.26501,1.2808,1.26488,1.27401,88013
2012-01-18,1.27402,1.28673,1.27337,1.2852999999999999,90963
2012-01-19,1.28529,1.2971300000000001,1.2839,1.29666,86901
2012-01-20,1.29664,1.29854,1.28873,1.29298,76943
2012-01-23,1.28808,1.30521,1.28807,1.3013,80895
2012-01-24,1.30131,1.30618,1.29534,1.3030300000000001,76125
2012-01-25,1.30302,1.31199,1.29307,1.30987,82577
2012-01-26,1.3099,1.31832,1.30896,1.31045,76345
2012-01-27,1.31044,1.3233,1.3077,1.32189,83190
2012-01-30,1.32148,1.32206,1.3076699999999999,1.31403,80908
2012-01-31,1.3140399999999999,1.32126,1.30427,1.3087900000000001,85860
2012-02-01,1.30881,1.32168,1.30257,1.31698,87590
2012-02-02,1.31697,1.31959,1.30854,1.31446,83784
2012-02-03,1.31445,1.31989,1.30657,1.31561,80714
2012-02-06,1.31211,1.31409,1.30278,1.3123,83160
2012-02-07,1.31229,1.3269199999999999,1.30891,1.32613,88933
2012-02-08,1.32612,1.32878,1.32207,1.32508,83107
2012-02-09,1.32507,1.33199,1.32148,1.32847,87966
2012-02-10,1.32846,1.32901,1.31551,1.3195700000000001,83812
2012-02-13,1.3237999999999999,1.32833,1.31685,1.31731,80614
2012-02-14,1.3173,1.32154,1.308,1.31278,88156
2012-02-15,1.31277,1.31902,1.30442,1.30592,92272
2012-02-16,1.30592,1.31572,1.29745,1.31303,91906
2012-02-17,1.31303,1.31964,1.31148,1.31418,74619
2012-02-20,1.32026,1.32762,1.31821,1.32332,68034
2012-02-21,1.3233,1.32922,1.3186499999999999,1.3232,89333
2012-02-22,1.32318,1.32652,1.3211,1.32476,81678
2012-02-23,1.32476,1.33776,1.32309,1.33738,76951
2012-02-24,1.3373599999999999,1.34856,1.33569,1.34478,72768
2012-02-27,1.34595,1.34707,1.33662,1.33939,81655
2012-02-28,1.33938,1.34703,1.33896,1.34583,84016
2012-02-29,1.34584,1.34851,1.33145,1.33232,87549
2012-03-01,1.33227,1.33559,1.32825,1.33161,81634
2012-03-02,1.3316,1.3332,1.31876,1.31979,76894
2012-03-05,1.3195299999999999,1.32394,1.316,1.32158,77212
2012-03-06,1.32157,1.32252,1.3103,1.31134,81954
2012-03-07,1.31135,1.31636,1.30961,1.31503,76652
2012-03-08,1.31503,1.32904,1.31349,1.3276,78295
2012-03-09,1.32759,1.32766,1.30966,1.3122099999999999,74656
2012-03-12,1.3115999999999999,1.31581,1.30786,1.31547,70958
2012-03-13,1.31547,1.31905,1.3051599999999999,1.30816,74602
2012-03-14,1.30816,1.30901,1.30106,1.3029899999999999,71912
2012-03-15,1.303,1.3118400000000001,1.30032,1.30715,75314
2012-03-16,1.30715,1.3186200000000001,1.30484,1.31735,66309
2012-03-19,1.3179699999999999,1.32642,1.31415,1.32345,61597
2012-03-20,1.32345,1.32512,1.3172,1.3229,66865
2012-03-21,1.3228900000000001,1.3284,1.3178,1.32121,69814
2012-03-22,1.3212,1.3254000000000001,1.3134299999999999,1.3197999999999999,74565
2012-03-23,1.31981,1.32916,1.31906,1.3269,68511
2012-03-26,1.3268,1.33667,1.3191899999999999,1.33561,70754
2012-03-27,1.3356,1.3384800000000001,1.3312599999999999,1.33181,66203
2012-03-28,1.3317999999999999,1.3372,1.3277,1.3314599999999999,71717
2012-03-29,1.33147,1.33449,1.32518,1.32987,71149
2012-03-30,1.32988,1.33755,1.32975,1.33408,68332
2012-04-02,1.33562,1.33801,1.32781,1.33167,67768
2012-04-03,1.33166,1.3367,1.32128,1.32347,75163
2012-04-04,1.32346,1.32372,1.3106900000000001,1.31393,79404
2012-04-05,1.31396,1.31636,1.30346,1.3063500000000001,70589
2012-04-06,1.30634,1.31115,1.30506,1.30911,40496
2012-04-09,1.30961,1.3133,1.3033000000000001,1.31088,48962
2012-04-10,1.31086,1.31436,1.30538,1.30815,79254
2012-04-11,1.30815,1.31564,1.30659,1.3109600000000001,75140
2012-04-12,1.31095,1.32122,1.31018,1.31864,76970
2012-04-13,1.31863,1.32001,1.30691,1.3076400000000001,72950
2012-04-16,1.3069,1.31466,1.29945,1.3131300000000001,82170
2012-04-17,1.31314,1.31717,1.30899,1.31271,74122
2012-04-18,1.31271,1.31402,1.3057699999999999,1.31181,75476
2012-04-19,1.31182,1.3164799999999999,1.30697,1.3134299999999999,78863
2012-04-20,1.3134299999999999,1.3226200000000001,1.31284,1.3216999999999999,70194
2012-04-23,1.3192,1.32098,1.31042,1.31554,68704
2012-04-24,1.3155299999999999,1.3217400000000001,1.31445,1.31944,68753
2012-04-25,1.31945,1.32356,1.3173,1.32224,72000
2012-04-26,1.32222,1.32623,1.31806,1.3191899999999999,70652
2012-04-27,1.31918,1.32695,1.31572,1.32514,73480
2012-04-30,1.32408,1.3266,1.32078,1.32417,63196
2012-05-01,1.32416,1.32828,1.32039,1.32378,50158
2012-05-02,1.32376,1.32408,1.3123,1.31538,68200
2012-05-03,1.31539,1.31795,1.30963,1.31513,62752
2012-05-04,1.31513,1.31775,1.30799,1.30832,62146
2012-05-07,1.3024499999999999,1.3064,1.29546,1.30573,76110
2012-05-08,1.3057400000000001,1.30645,1.29821,1.29985,78330
2012-05-09,1.29987,1.30053,1.2911000000000001,1.2934,85681
2012-05-10,1.29341,1.29783,1.29244,1.29314,76964
2012-05-11,1.2931300000000001,1.29569,1.29044,1.29162,74604
2012-05-14,1.28872,1.29038,1.28207,1.28256,71904
2012-05-15,1.28257,1.28689,1.27215,1.27337,74081
2012-05-16,1.27336,1.27579,1.26807,1.27158,81600
2012-05-17,1.27161,1.27488,1.2664900000000001,1.2681200000000001,78698
2012-05-18,1.26813,1.27933,1.26417,1.27783,84062
2012-05-21,1.27767,1.2823,1.27248,1.2806899999999999,82078
2012-05-22,1.28073,1.28168,1.26575,1.26798,81623
2012-05-23,1.26799,1.26864,1.25449,1.2586300000000001,95304
2012-05-24,1.25864,1.2618800000000001,1.25156,1.2536,92714
2012-05-25,1.25359,1.2601499999999999,1.24964,1.25153,80013
2012-05-28,1.2570700000000001,1.26235,1.25244,1.25394,65679
2012-05-29,1.25393,1.2574,1.24609,1.24864,86677
2012-05-30,1.24865,1.24932,1.23608,1.23675,91346
2012-05-31,1.23676,1.24278,1.23362,1.23597,90493
2012-06-01,1.23594,1.24537,1.22882,1.24325,95563
2012-06-04,1.24371,1.25087,1.23854,1.24943,81685
2012-06-05,1.24943,1.25411,1.24099,1.2450700000000001,83091
2012-06-06,1.2450700000000001,1.25848,1.24404,1.2577,91707
2012-06-07,1.2577,1.26243,1.25397,1.25631,89930
2012-06-08,1.2563,1.25742,1.24352,1.2516,90408
2012-06-11,1.26478,1.26677,1.24637,1.24653,89699
2012-06-12,1.24652,1.2528000000000001,1.24423,1.25045,89863
2012-06-13,1.25045,1.26094,1.24733,1.25659,89681
2012-06-14,1.25657,1.2635399999999999,1.25419,1.26281,87456
2012-06-15,1.2628,1.26643,1.25919,1.26361,80996
2012-06-18,1.27371,1.27468,1.25569,1.25767,93228
2012-06-19,1.25766,1.27297,1.25682,1.26877,88455
2012-06-20,1.26878,1.2741799999999999,1.2638099999999999,1.26974,88858
2012-06-21,1.26975,1.27009,1.25317,1.25474,92236
2012-06-22,1.25475,1.25827,1.25191,1.25677,76329
2012-06-25,1.2554400000000001,1.25575,1.2471,1.25008,72487
2012-06-26,1.25003,1.25298,1.24419,1.2490999999999999,82709
2012-06-27,1.24911,1.25074,1.24454,1.24686,77962
2012-06-28,1.24686,1.25236,1.24071,1.24403,87821
2012-06-29,1.24402,1.26918,1.24331,1.26655,99444
2012-07-02,1.26696,1.26703,1.2568,1.25846,75159
2012-07-03,1.25845,1.26257,1.2558799999999999,1.26058,72204
2012-07-04,1.26057,1.26063,1.2508,1.25261,67460
2012-07-05,1.25262,1.25375,1.23637,1.23901,82763
2012-07-06,1.23899,1.24008,1.22598,1.22875,79040
2012-07-09,1.22659,1.2323,1.22557,1.23135,73736
2012-07-10,1.23135,1.23331,1.22351,1.2251,76793
2012-07-11,1.22512,1.22957,1.2212399999999999,1.22422,76041
2012-07-12,1.22422,1.22475,1.2167,1.21989,79116
2012-07-13,1.21988,1.22554,1.21622,1.22485,73513
2012-07-16,1.22498,1.22889,1.21753,1.22695,66899
2012-07-17,1.22693,1.23156,1.2189,1.22887,77830
2012-07-18,1.2288999999999999,1.23052,1.22166,1.22802,77059
2012-07-19,1.22804,1.23214,1.2229,1.22742,81345
2012-07-20,1.22741,1.22823,1.2144,1.21551,76812
2012-07-23,1.21217,1.21438,1.20669,1.21153,86146
2012-07-24,1.21152,1.21368,1.20418,1.20602,85876
2012-07-25,1.20604,1.21681,1.20529,1.21479,86998
2012-07-26,1.2147999999999999,1.23276,1.21172,1.22788,86590
2012-07-27,1.22787,1.23889,1.22417,1.23211,88386
2012-07-30,1.2301199999999999,1.23099,1.22251,1.2254800000000001,71863
2012-07-31,1.2254800000000001,1.23289,1.22487,1.22989,79110
2012-08-01,1.22989,1.23357,1.2217500000000001,1.22287,75656
2012-08-02,1.22286,1.24011,1.21337,1.21822,89237
2012-08-03,1.2182,1.23918,1.21662,1.23848,81209
2012-08-06,1.23945,1.2442199999999999,1.23413,1.2398,76390
2012-08-07,1.23978,1.24414,1.23756,1.23972,74947
2012-08-08,1.23972,1.24016,1.23264,1.23645,74782
2012-08-09,1.2364600000000001,1.2386,1.22667,1.23037,77253
2012-08-10,1.23037,1.23156,1.22409,1.22884,70941
2012-08-13,1.22864,1.23729,1.22604,1.23322,69134
2012-08-14,1.23321,1.23849,1.23166,1.23183,70319
2012-08-15,1.23184,1.23429,1.2263600000000001,1.22861,62313
2012-08-16,1.22861,1.23718,1.22561,1.2355800000000001,68593
2012-08-17,1.2355800000000001,1.23814,1.22886,1.23327,65877
2012-08-20,1.2338,1.23683,1.22948,1.23459,64261
2012-08-21,1.23459,1.24868,1.23457,1.24701,70294
2012-08-22,1.24702,1.25367,1.2431,1.25297,74426
2012-08-23,1.25298,1.25885,1.25232,1.2564,74036
2012-08-24,1.2563900000000001,1.25675,1.2482199999999999,1.25109,62139
2012-08-27,1.25118,1.25349,1.24894,1.2497099999999999,44369
2012-08-28,1.2497,1.25753,1.24647,1.25635,55731
2012-08-29,1.25633,1.25723,1.25184,1.25305,51813
2012-08-30,1.25305,1.25632,1.24875,1.2505600000000001,53033
2012-08-31,1.25057,1.2636,1.24929,1.25783,66431
2012-09-03,1.25803,1.26098,1.25598,1.2587,49267
2012-09-04,1.25872,1.26267,1.2555,1.25668,61072
2012-09-05,1.25667,1.26234,1.25012,1.26021,69681
2012-09-06,1.2602,1.26501,1.25619,1.2631999999999999,69896
2012-09-07,1.26321,1.28165,1.26262,1.2815400000000001,68179
2012-09-10,1.28064,1.2808,1.27543,1.27579,58405
2012-09-11,1.2757800000000001,1.28705,1.27565,1.28507,66823
2012-09-12,1.28506,1.29358,1.28148,1.2898399999999999,72911
2012-09-13,1.28982,1.30008,1.28564,1.29862,73091
2012-09-14,1.29862,1.31676,1.29795,1.3128600000000001,78937
2012-09-17,1.31239,1.3170600000000001,1.30831,1.31134,68341
2012-09-18,1.3113299999999999,1.31182,1.30288,1.30434,71566
2012-09-19,1.30433,1.30844,1.29929,1.3045499999999999,72340
2012-09-20,1.30453,1.30584,1.2920099999999999,1.29649,77052
2012-09-21,1.2965,1.30471,1.29553,1.29788,72607
2012-09-24,1.29789,1.29798,1.28905,1.29304,61715
2012-09-25,1.29304,1.297,1.28863,1.29036,69256
2012-09-26,1.29034,1.29122,1.28349,1.28734,67119
2012-09-27,1.28735,1.29272,1.28293,1.29139,69776
2012-09-28,1.29139,1.2959100000000001,1.28382,1.28595,69494
2012-10-01,1.28488,1.29382,1.28031,1.2886,64697
2012-10-02,1.2885900000000001,1.29669,1.28797,1.29163,59037
2012-10-03,1.2916,1.29362,1.28769,1.29085,60407
2012-10-04,1.29084,1.3031,1.29075,1.30164,65442
2012-10-05,1.30163,1.30708,1.29934,1.3039100000000001,58605
2012-10-08,1.30231,1.30246,1.29373,1.29665,54357
2012-10-09,1.29675,1.29902,1.28585,1.28837,60200
2012-10-10,1.2883499999999999,1.29124,1.28352,1.2851,59630
2012-10-11,1.28511,1.29504,1.28253,1.29298,56964
2012-10-12,1.29297,1.2991,1.29219,1.2950300000000001,54130
2012-10-15,1.29545,1.2978399999999999,1.28908,1.29456,54667
2012-10-16,1.29459,1.30983,1.29424,1.3097699999999999,57973
2012-10-17,1.30975,1.31384,1.3082799999999999,1.31149,60653
2012-10-18,1.31149,1.3128,1.30553,1.30682,60847
2012-10-19,1.30679,1.3076400000000001,1.30128,1.3023,55508
2012-10-22,1.30231,1.30824,1.30154,1.30649,55092
2012-10-23,1.30649,1.30748,1.29515,1.2983799999999999,57374
2012-10-24,1.2984,1.29962,1.2920099999999999,1.29698,57655
2012-10-25,1.297,1.30224,1.29265,1.29416,55774
2012-10-26,1.2941500000000001,1.29556,1.28819,1.29385,51177
2012-10-29,1.29244,1.29356,1.28846,1.29032,33401
2012-10-30,1.29031,1.29828,1.28853,1.2966199999999999,36521
2012-10-31,1.2966,1.30199,1.29458,1.29582,50680
2012-11-01,1.29581,1.2982,1.29243,1.29467,50951
2012-11-02,1.29466,1.2947600000000001,1.28207,1.28333,54714
2012-11-05,1.28198,1.28418,1.2766899999999999,1.2796699999999999,55087
2012-11-06,1.27965,1.2826,1.2763200000000001,1.2809,58710
2012-11-07,1.28091,1.28757,1.27358,1.27705,75756
2012-11-08,1.27705,1.2775400000000001,1.2717100000000001,1.27435,63599
2012-11-09,1.27438,1.27895,1.26895,1.27106,63401
2012-11-12,1.27154,1.27385,1.2697,1.27069,47907
2012-11-13,1.27069,1.27261,1.26612,1.27017,61567
2012-11-14,1.2701799999999999,1.27758,1.2701500000000001,1.27324,64072
2012-11-15,1.27326,1.2801,1.27169,1.27801,59959
2012-11-16,1.27801,1.27837,1.26905,1.2741799999999999,58031
2012-11-19,1.27411,1.2818800000000001,1.27396,1.27808,56293
2012-11-20,1.27806,1.2827600000000001,1.27646,1.28134,58819
2012-11-21,1.28134,1.28324,1.27359,1.28268,60952
2012-11-22,1.28269,1.28983,1.28269,1.288,52556
2012-11-23,1.28799,1.2989600000000001,1.28677,1.29729,51348
2012-11-26,1.29731,1.30053,1.2943500000000001,1.29934,53834
2012-11-27,1.29931,1.30077,1.2915,1.29369,61254
2012-11-28,1.29369,1.29606,1.28796,1.29496,59525
2012-11-29,1.2949899999999999,1.30125,1.29385,1.29765,53842
2012-11-30,1.29763,1.30267,1.29679,1.29848,58301
2012-12-03,1.29934,1.30751,1.29882,1.30587,53932
2012-12-04,1.30584,1.31073,1.30453,1.30935,55870
2012-12-05,1.30934,1.31253,1.30596,1.30701,54075
2012-12-06,1.30702,1.30857,1.295,1.29571,57791
2012-12-07,1.29573,1.29718,1.28769,1.29261,53249
2012-12-10,1.28992,1.29458,1.2885499999999999,1.294,49425
2012-12-11,1.294,1.3014000000000001,1.29283,1.30078,51764
2012-12-12,1.3008,1.3096,1.29951,1.30698,52652
2012-12-13,1.307,1.30998,1.30405,1.30745,51960
2012-12-14,1.30748,1.31727,1.30657,1.31622,52693
2012-12-17,1.31821,1.31863,1.31437,1.31593,47536
2012-12-18,1.3159399999999999,1.32376,1.31558,1.3223500000000001,46294
2012-12-19,1.32237,1.33076,1.3188900000000001,1.31986,56575
2012-12-20,1.31988,1.32942,1.31988,1.32454,54315
2012-12-21,1.32461,1.32464,1.3157,1.31867,61536
2012-12-24,1.3179,1.3232599999999999,1.3170600000000001,1.3187,32298
2012-12-26,1.31867,1.32534,1.31826,1.32203,27835
2012-12-27,1.3220399999999999,1.32833,1.3201399999999999,1.32342,48243
2012-12-28,1.32344,1.32562,1.31654,1.32146,45173
2012-12-31,1.32157,1.32338,1.3171599999999999,1.31964,36556
2013-01-01,1.32036,1.32192,1.31977,1.32053,1377
2013-01-02,1.32049,1.32992,1.31567,1.31888,83431
2013-01-03,1.3188900000000001,1.3188900000000001,1.30246,1.30366,50519
2013-01-04,1.3036400000000001,1.30884,1.29975,1.30677,49254
2013-01-07,1.30779,1.31276,1.30165,1.3125200000000001,48815
2013-01-08,1.31253,1.31388,1.30569,1.30802,50086
2013-01-09,1.30804,1.30953,1.3036400000000001,1.3054000000000001,48758
2013-01-10,1.30538,1.32789,1.30383,1.32668,53915
2013-01-11,1.32669,1.33644,1.32481,1.33416,54809
2013-01-14,1.33621,1.3403100000000001,1.33357,1.33765,50048
2013-01-15,1.33762,1.3393,1.32664,1.32972,57596
2013-01-16,1.32972,1.33242,1.32564,1.32901,53389
2013-01-17,1.32905,1.33871,1.32696,1.33743,54847
2013-01-18,1.33741,1.33979,1.32798,1.33195,53787
2013-01-21,1.33107,1.33315,1.32991,1.3315299999999999,37620
2013-01-22,1.33149,1.33711,1.32667,1.33213,55080
2013-01-23,1.3321,1.33538,1.32642,1.33094,47766
2013-01-24,1.33095,1.33922,1.32859,1.3378999999999999,55147
2013-01-25,1.3378999999999999,1.34785,1.335,1.34629,57450
2013-01-28,1.34598,1.34765,1.34244,1.34447,50182
2013-01-29,1.34446,1.3496299999999999,1.3414,1.34867,53730
2013-01-30,1.34866,1.35857,1.34816,1.35677,57285
2013-01-31,1.35676,1.35931,1.35409,1.35869,53999
2013-02-01,1.35864,1.37106,1.35828,1.36391,63059
2013-02-04,1.3648799999999999,1.36532,1.34985,1.35026,57532
2013-02-05,1.3502399999999999,1.35969,1.34578,1.35816,64106
2013-02-06,1.35815,1.35953,1.34939,1.35175,58827
2013-02-07,1.35174,1.35765,1.33705,1.3394300000000001,63280
2013-02-08,1.33945,1.3428200000000001,1.33532,1.3361399999999999,56801
2013-02-11,1.33682,1.34265,1.33562,1.34016,50788
2013-02-12,1.34015,1.34751,1.3364,1.34518,55790
2013-02-13,1.34519,1.35193,1.3426,1.34484,52950
2013-02-14,1.34483,1.34546,1.33147,1.3357299999999999,57620
2013-02-15,1.33572,1.33929,1.3306200000000001,1.33585,44266
2013-02-18,1.33484,1.33782,1.33215,1.33515,30013
2013-02-19,1.33518,1.33954,1.33294,1.33847,34759
2013-02-20,1.33846,1.3431600000000001,1.32709,1.32874,40208
2013-02-21,1.3287200000000001,1.32888,1.31612,1.31916,41856
2013-02-22,1.31915,1.32443,1.31451,1.31907,36020
2013-02-25,1.31904,1.33183,1.30487,1.3057400000000001,51066
2013-02-26,1.30575,1.31209,1.3018,1.30645,54147
2013-02-27,1.30646,1.3146499999999999,1.30415,1.31352,47288
2013-02-28,1.31352,1.31605,1.30527,1.3066499999999999,40009
2013-03-01,1.30664,1.31006,1.29664,1.3018,40350
2013-03-04,1.30136,1.30304,1.29822,1.30241,15805
2013-03-05,1.30252,1.30742,1.30122,1.30439,14700
2013-03-06,1.30438,1.30698,1.29646,1.29765,24486
2013-03-07,1.29769,1.31181,1.29731,1.31042,47153
2013-03-08,1.31043,1.31341,1.2955,1.30042,36352
2013-03-11,1.29892,1.30535,1.29793,1.30344,36137
2013-03-12,1.30341,1.30742,1.29909,1.30277,47365
2013-03-13,1.30277,1.30646,1.2922799999999999,1.29568,47362
2013-03-14,1.29568,1.30311,1.2911000000000001,1.30124,53321
2013-03-15,1.30124,1.3106900000000001,1.30023,1.30754,49765
2013-03-18,1.29071,1.29954,1.28817,1.29425,59157
2013-03-19,1.29423,1.29694,1.28438,1.28578,60018
2013-03-20,1.28578,1.29776,1.28566,1.2933,52707
2013-03-21,1.29331,1.29551,1.28799,1.2898,54341
2013-03-22,1.2898100000000001,1.30095,1.2888,1.29867,46525
2013-03-25,1.29724,1.3047900000000001,1.28296,1.28593,56987
2013-03-26,1.28596,1.28895,1.28286,1.28633,48150
2013-03-27,1.28632,1.28668,1.27509,1.27785,47403
2013-03-28,1.27786,1.28443,1.2755,1.28144,44316
2013-03-29,1.28144,1.28368,1.2793,1.28148,20433
2013-04-01,1.28112,1.28677,1.2771,1.2843499999999999,27167
2013-04-02,1.28431,1.28775,1.28086,1.28223,41697
2013-04-03,1.28221,1.28639,1.27898,1.28427,39340
2013-04-04,1.28427,1.29487,1.27454,1.2933,51336
2013-04-05,1.2933,1.30397,1.29005,1.29915,48511
2013-04-08,1.2993700000000001,1.30376,1.29683,1.3018399999999999,42375
2013-04-09,1.3018399999999999,1.31029,1.30045,1.30812,46645
2013-04-10,1.30811,1.3121399999999999,1.30521,1.30667,41753
2013-04-11,1.30668,1.3138,1.30431,1.3106499999999999,45086
2013-04-12,1.3106499999999999,1.31262,1.30366,1.31082,45206
2013-04-15,1.31025,1.31094,1.3021,1.30466,55627
2013-04-16,1.30466,1.32015,1.30275,1.3179,59273
2013-04-17,1.3179,1.31995,1.30011,1.30355,57946
2013-04-18,1.30355,1.30961,1.3020800000000001,1.30483,55587
2013-04-19,1.30485,1.3128199999999999,1.3047,1.3051,45677
2013-04-22,1.30691,1.3084,1.3014999999999999,1.30615,40961
2013-04-23,1.30615,1.30831,1.2973,1.30006,49025
2013-04-24,1.3001,1.3034,1.29547,1.30111,44259
2013-04-25,1.30111,1.30933,1.29887,1.30088,44918
2013-04-26,1.3009,1.30475,1.29905,1.30267,49241
2013-04-29,1.30585,1.31163,1.30318,1.30929,39215
2013-04-30,1.30929,1.3185799999999999,1.3054000000000001,1.31664,42841
2013-05-01,1.31667,1.32427,1.31605,1.31836,38963
2013-05-02,1.31842,1.32176,1.30376,1.30618,47452
2013-05-03,1.3062,1.31582,1.30323,1.31131,41727
2013-05-06,1.3117,1.31406,1.30534,1.30727,29352
2013-05-07,1.30728,1.31315,1.30677,1.3078699999999999,35949
2013-05-08,1.3078699999999999,1.31944,1.30715,1.316,39917
2013-05-09,1.31592,1.31769,1.30098,1.30441,42819
2013-05-10,1.30446,1.30506,1.2934999999999999,1.29853,52419
2013-05-13,1.29756,1.29982,1.2941500000000001,1.2982,42328
2013-05-14,1.29817,1.30293,1.29129,1.2931300000000001,48751
2013-05-15,1.2931300000000001,1.29424,1.2843,1.28802,47559
2013-05-16,1.28808,1.29297,1.28463,1.28829,45602
2013-05-17,1.2883499999999999,1.28897,1.27962,1.28363,42052
2013-05-20,1.28446,1.29006,1.28192,1.28839,37774
2013-05-21,1.2884,1.29333,1.28413,1.29061,44374
2013-05-22,1.29055,1.2998,1.28335,1.28529,58662
2013-05-23,1.2852700000000001,1.2956400000000001,1.28214,1.29321,71861
2013-05-24,1.29322,1.2993299999999999,1.29043,1.29278,60141
2013-05-27,1.29363,1.29485,1.29152,1.29335,28779
2013-05-28,1.29332,1.29496,1.2849300000000001,1.28522,57184
2013-05-29,1.28522,1.29775,1.28378,1.29401,64374
2013-05-30,1.29398,1.30614,1.29334,1.3044,64449
2013-05-31,1.30458,1.30593,1.2944200000000001,1.29956,63023
2013-06-03,1.29922,1.31074,1.29555,1.307,57303
2013-06-04,1.3069899999999999,1.31012,1.30426,1.30823,56611
2013-06-05,1.3082099999999999,1.3115700000000001,1.30532,1.30923,62140
2013-06-06,1.30923,1.33045,1.30749,1.32453,65838
2013-06-07,1.32452,1.32844,1.31915,1.32168,70848
2013-06-10,1.31917,1.32687,1.31772,1.32566,55336
2013-06-11,1.3256700000000001,1.33171,1.32322,1.33137,67927
2013-06-12,1.33135,1.33589,1.32656,1.3336999999999999,60716
2013-06-13,1.33369,1.33898,1.32786,1.33756,65269
2013-06-14,1.33734,1.33734,1.32947,1.33445,56672
2013-06-17,1.33487,1.33803,1.3318400000000001,1.3362,45015
2013-06-18,1.33623,1.3415599999999999,1.33258,1.3394,54620
2013-06-19,1.33941,1.34158,1.32621,1.32959,53778
2013-06-20,1.32959,1.33015,1.31612,1.3227,80023
2013-06-21,1.32268,1.32541,1.30988,1.31209,65213
2013-06-24,1.31042,1.3143799999999999,1.30592,1.31232,66324
2013-06-25,1.31232,1.31508,1.30651,1.3082099999999999,62448
2013-06-26,1.30822,1.3087,1.29848,1.30067,62392
2013-06-27,1.3011599999999999,1.30545,1.29999,1.30377,48582
2013-06-28,1.30378,1.31022,1.29911,1.30078,50885
2013-07-01,1.30144,1.307,1.3005200000000001,1.30614,46839
2013-07-02,1.30614,1.3078,1.29636,1.29816,53009
2013-07-03,1.2981500000000001,1.30314,1.2923,1.30084,56369
2013-07-04,1.30084,1.30232,1.28831,1.2912,49935
2013-07-05,1.29114,1.2916699999999999,1.28061,1.28291,55458
2013-07-08,1.28204,1.28819,1.28117,1.2867899999999999,46248
2013-07-09,1.2868,1.2898100000000001,1.27553,1.27863,55562
2013-07-10,1.27862,1.30239,1.27647,1.3023500000000001,64954
2013-07-11,1.30236,1.32066,1.3006,1.30957,86326
2013-07-12,1.30958,1.3100100000000001,1.29992,1.30651,51799
2013-07-15,1.30664,1.30788,1.29934,1.3066,46584
2013-07-16,1.3066,1.31742,1.30524,1.3153299999999999,53612
2013-07-17,1.31541,1.31781,1.30831,1.31228,53103
2013-07-18,1.31228,1.3125499999999999,1.30668,1.31113,46144
2013-07-19,1.31115,1.31539,1.30891,1.3140800000000001,43742
2013-07-22,1.31366,1.32179,1.31358,1.31842,40714
2013-07-23,1.31839,1.32386,1.31634,1.32232,43294
2013-07-24,1.32233,1.3256000000000001,1.31772,1.31972,48714
2013-07-25,1.31969,1.32956,1.3165499999999999,1.32759,50029
2013-07-26,1.32758,1.32968,1.32526,1.32765,43962
2013-07-29,1.32792,1.32949,1.32393,1.3262,41825
2013-07-30,1.32622,1.33009,1.32346,1.32626,42652
2013-07-31,1.32625,1.33446,1.3214000000000001,1.3296299999999999,55008
2013-08-01,1.33022,1.33108,1.31943,1.32096,48557
2013-08-02,1.32097,1.32937,1.31877,1.32798,46485
2013-08-05,1.32813,1.33003,1.32327,1.32611,40112
2013-08-06,1.32612,1.33229,1.3246,1.33073,41828
2013-08-07,1.3308,1.33452,1.3265500000000001,1.33365,48724
2013-08-08,1.33365,1.34002,1.33282,1.33814,44968
2013-08-09,1.33809,1.33903,1.3332600000000001,1.3338700000000001,35344
2013-08-12,1.33366,1.33439,1.32772,1.3299,36997
2013-08-13,1.32991,1.33171,1.32335,1.3260100000000001,46684
2013-08-14,1.32605,1.32795,1.32388,1.32577,41683
2013-08-15,1.32575,1.33623,1.32058,1.33504,44459
2013-08-16,1.33503,1.33798,1.33109,1.33279,41037
2013-08-19,1.33354,1.33744,1.33152,1.33357,40700
2013-08-20,1.33357,1.34518,1.33233,1.34176,48602
2013-08-21,1.34178,1.34267,1.33355,1.33579,49026
2013-08-22,1.3357700000000001,1.3373,1.3298,1.33559,46181
2013-08-23,1.33557,1.34097,1.33334,1.33788,40212
2013-08-26,1.33819,1.33942,1.33566,1.3370199999999999,27937
2013-08-27,1.33701,1.33986,1.33232,1.33905,42804
2013-08-28,1.33906,1.33976,1.3305,1.33404,43352
2013-08-29,1.33404,1.3343099999999999,1.32195,1.32374,45328
2013-08-30,1.32389,1.32546,1.3175,1.32195,40635
2013-09-02,1.32122,1.3227,1.31837,1.3195700000000001,30761
2013-09-03,1.31954,1.31969,1.31386,1.31661,36876
2013-09-04,1.31667,1.32178,1.31571,1.32028,34779
2013-09-05,1.32043,1.32226,1.31104,1.31177,37308
2013-09-06,1.3118,1.3189,1.31047,1.31766,32677
2013-09-09,1.31735,1.32806,1.31651,1.32531,32240
2013-09-10,1.32534,1.32757,1.323,1.3265500000000001,34424
2013-09-11,1.32654,1.33244,1.3243800000000001,1.33108,34891
2013-09-12,1.3311,1.3324099999999999,1.32577,1.32998,34490
2013-09-13,1.3300100000000001,1.3321100000000001,1.3254299999999999,1.32932,32643
2013-09-16,1.33627,1.33854,1.333,1.33349,33097
2013-09-17,1.3335,1.33693,1.33251,1.33578,29536
2013-09-18,1.33578,1.35415,1.3338,1.3508200000000001,37727
2013-09-19,1.35083,1.3568500000000001,1.35009,1.35291,44450
2013-09-20,1.35286,1.35486,1.3498,1.35217,33752
2013-09-23,1.35318,1.3544399999999999,1.34792,1.34927,33629
2013-09-24,1.3493,1.35186,1.34643,1.34702,33948
2013-09-25,1.3470900000000001,1.35372,1.34622,1.35219,31336
2013-09-26,1.35222,1.3526,1.34722,1.3486500000000001,30502
2013-09-27,1.3487,1.35642,1.34741,1.35216,30493
2013-09-30,1.34819,1.35556,1.34775,1.35215,33824
2013-10-01,1.35215,1.35876,1.35168,1.35241,37764
2013-10-02,1.35241,1.36068,1.3506,1.35811,37266
2013-10-03,1.35812,1.36455,1.35774,1.36215,38034
2013-10-04,1.36219,1.36315,1.35384,1.35565,34243
2013-10-07,1.35629,1.3590900000000001,1.35425,1.35766,31485
2013-10-08,1.35767,1.3607,1.3557299999999999,1.35727,31661
2013-10-09,1.3572899999999999,1.36044,1.34857,1.35232,39161
2013-10-10,1.35232,1.35463,1.34877,1.35253,33791
2013-10-11,1.35254,1.35813,1.35193,1.35372,31185
2013-10-14,1.35569,1.35974,1.35453,1.35591,25966
2013-10-15,1.35592,1.35708,1.34794,1.35256,37245
2013-10-16,1.35254,1.35673,1.34734,1.35334,38403
2013-10-17,1.35335,1.36816,1.35154,1.36723,41666
2013-10-18,1.36723,1.37036,1.36594,1.36853,32382
2013-10-21,1.36829,1.36884,1.36509,1.36768,25811
2013-10-22,1.36769,1.37916,1.36622,1.37781,29785
2013-10-23,1.3778000000000001,1.37927,1.37414,1.3775,34224
2013-10-24,1.37751,1.38249,1.37647,1.37989,34862
2013-10-25,1.37988,1.3832,1.3774199999999999,1.3801999999999999,33435
2013-10-28,1.3808,1.38171,1.37748,1.37829,27904
2013-10-29,1.37831,1.38129,1.37364,1.37465,37708
2013-10-30,1.37465,1.3784100000000001,1.36961,1.3721700000000001,35347
2013-10-31,1.37219,1.37384,1.3575,1.3588,41927
2013-11-01,1.3587799999999999,1.35892,1.34799,1.3485800000000001,37370
2013-11-04,1.3491,1.35244,1.34425,1.35121,29553
2013-11-05,1.35121,1.35221,1.34489,1.34717,33544
2013-11-06,1.34717,1.35472,1.3467500000000001,1.35149,30391
2013-11-07,1.35151,1.35286,1.32959,1.34131,43860
2013-11-08,1.34134,1.34376,1.33178,1.33644,38571
2013-11-11,1.33574,1.34158,1.33445,1.3406500000000001,27958
2013-11-12,1.3406500000000001,1.34558,1.33591,1.34345,40522
2013-11-13,1.34344,1.34972,1.339,1.34816,39936
2013-11-14,1.34816,1.3494,1.34182,1.34585,38618
2013-11-15,1.34582,1.35046,1.3431899999999999,1.34943,31271
2013-11-18,1.34917,1.3541699999999999,1.3474300000000001,1.35037,32819
2013-11-19,1.35034,1.35469,1.34876,1.35354,35702
2013-11-20,1.3535300000000001,1.3577,1.34152,1.3439,40871
2013-11-21,1.34387,1.34862,1.33992,1.34753,40801
2013-11-22,1.34753,1.35567,1.3462100000000001,1.35554,32070
2013-11-25,1.3553600000000001,1.3559999999999999,1.3490199999999999,1.3522,29685
2013-11-26,1.35217,1.35747,1.35193,1.35666,31837
2013-11-27,1.35673,1.36128,1.35576,1.35776,34649
2013-11-28,1.35776,1.36179,1.35635,1.36025,27976
2013-11-29,1.36022,1.3621400000000001,1.35798,1.35901,35294
2013-12-02,1.3587799999999999,1.36152,1.35259,1.35385,36341
2013-12-03,1.3538999999999999,1.36134,1.35241,1.35885,37894
2013-12-04,1.35889,1.36052,1.35282,1.35898,41884
2013-12-05,1.35896,1.36771,1.35431,1.36722,45297
2013-12-06,1.3672,1.37061,1.36195,1.37045,37051
2013-12-09,1.37101,1.37452,1.36943,1.37351,30204
2013-12-10,1.37354,1.37947,1.37341,1.37589,33946
2013-12-11,1.37592,1.38105,1.37412,1.3786100000000001,34578
2013-12-12,1.37862,1.3803,1.3737599999999999,1.37501,40054
2013-12-13,1.3749799999999999,1.37689,1.37093,1.3737599999999999,35094
2013-12-16,1.3737,1.37984,1.37361,1.37582,35672
2013-12-17,1.37583,1.3782,1.3723,1.37711,35429
2013-12-18,1.3771200000000001,1.38111,1.36727,1.3675,44318
2013-12-19,1.3675,1.36938,1.3649200000000001,1.3654899999999999,42186
2013-12-20,1.36548,1.3709,1.3625099999999999,1.367,39853
2013-12-23,1.36723,1.37164,1.36714,1.36957,28269
2013-12-24,1.3695300000000001,1.36987,1.36547,1.36794,20420
2013-12-26,1.3685399999999999,1.37018,1.3679700000000001,1.36889,15775
2013-12-27,1.36901,1.3893,1.36866,1.37462,113986
2013-12-30,1.3755899999999999,1.38189,1.37279,1.37937,88241
2013-12-31,1.37974,1.38123,1.37396,1.37876,69227
2014-01-01,1.374,1.37656,1.37372,1.3758,2889
2014-01-02,1.37603,1.3774899999999999,1.3629,1.36643,140360
2014-01-03,1.36708,1.36719,1.3581699999999999,1.35874,107020
2014-01-06,1.35929,1.36528,1.35708,1.36334,114797
2014-01-07,1.36273,1.36562,1.3596,1.36138,109786
2014-01-08,1.36148,1.36349,1.35528,1.3574899999999999,121035
2014-01-09,1.35747,1.36328,1.35476,1.36017,123453
2014-01-10,1.3607,1.36871,1.35679,1.36665,115135
2014-01-13,1.36769,1.36846,1.36368,1.3668,106515
2014-01-14,1.36707,1.36992,1.36486,1.36722,105294
2014-01-15,1.36782,1.36803,1.35808,1.36042,105245
2014-01-16,1.36043,1.3649200000000001,1.35825,1.36162,108617
2014-01-17,1.36188,1.36208,1.35164,1.35405,99264
2014-01-20,1.35349,1.35677,1.35071,1.35557,81192
2014-01-21,1.35507,1.35687,1.35158,1.35591,109477
2014-01-22,1.35599,1.35832,1.35341,1.35447,105396
2014-01-23,1.35465,1.36981,1.35298,1.36931,141921
2014-01-24,1.3694600000000001,1.37393,1.36621,1.36752,140851
2014-01-27,1.36757,1.3716300000000001,1.36525,1.36728,123059
2014-01-28,1.36721,1.36882,1.36285,1.36517,109470
2014-01-29,1.36697,1.36845,1.3602400000000001,1.36608,152879
2014-01-30,1.36599,1.36648,1.35428,1.35565,138988
2014-01-31,1.35542,1.35733,1.34786,1.34849,151290
2014-02-03,1.34836,1.3535300000000001,1.34764,1.3525800000000001,132143
2014-02-04,1.35244,1.35384,1.3492899999999999,1.3514300000000001,116532
2014-02-05,1.35175,1.35552,1.34982,1.35361,114824
2014-02-06,1.35325,1.36188,1.34821,1.35898,121556
2014-02-07,1.35897,1.36425,1.35513,1.36342,106412
2014-02-10,1.36147,1.36513,1.36147,1.36442,66866
2014-02-11,1.36435,1.3682699999999999,1.36288,1.36372,97071
2014-02-12,1.36378,1.36525,1.35616,1.35948,101001
2014-02-13,1.35923,1.36917,1.3585,1.36787,109969
2014-02-14,1.3679000000000001,1.37145,1.36731,1.36918,90910
2014-02-17,1.37094,1.3724,1.3691499999999999,1.37047,64950
2014-02-18,1.37054,1.37699,1.3694,1.37604,91371
2014-02-19,1.37576,1.3773,1.37239,1.37321,80631
2014-02-20,1.3733,1.37623,1.3685100000000001,1.37202,97234
2014-02-21,1.37179,1.37583,1.3701400000000001,1.3738000000000001,79043
2014-02-24,1.3731900000000001,1.3771,1.37077,1.37336,78995
2014-02-25,1.37338,1.37668,1.37148,1.37447,85495
2014-02-26,1.3744399999999999,1.37569,1.3660999999999999,1.3683100000000001,94090
2014-02-27,1.3685399999999999,1.37266,1.36425,1.3708,92435
2014-02-28,1.37092,1.38243,1.36935,1.38016,118213
2014-03-03,1.37587,1.37924,1.37257,1.37361,101586
2014-03-04,1.37339,1.37812,1.37202,1.37395,93090
2014-03-05,1.37424,1.37491,1.3706800000000001,1.37361,88582
2014-03-06,1.3732199999999999,1.38726,1.37206,1.38596,114957
2014-03-07,1.38597,1.39146,1.38514,1.38746,112895
2014-03-10,1.38744,1.3897599999999999,1.3860999999999999,1.38769,94479
2014-03-11,1.38754,1.3878300000000001,1.38331,1.38545,102840
2014-03-12,1.3859,1.39142,1.38427,1.39018,112551
2014-03-13,1.3902,1.39666,1.3845,1.38676,170350
2014-03-14,1.38681,1.39374,1.3847,1.39134,155956
2014-03-17,1.39081,1.39474,1.38785,1.39252,104514
2014-03-18,1.3921000000000001,1.3942700000000001,1.3879299999999999,1.39304,123699
2014-03-19,1.3933499999999999,1.39337,1.38091,1.38223,124666
2014-03-20,1.3832,1.38448,1.37487,1.37782,139686
2014-03-21,1.37775,1.38106,1.3765100000000001,1.37933,101644
2014-03-24,1.3796599999999999,1.38757,1.3759700000000001,1.3838,118230
2014-03-25,1.38382,1.3847,1.37482,1.3825,149105
2014-03-26,1.38251,1.3827,1.37757,1.3783,124496
2014-03-27,1.37781,1.37967,1.37279,1.3743699999999999,140285
2014-03-28,1.37396,1.37729,1.3704100000000001,1.37513,119666
2014-03-31,1.37606,1.3808500000000001,1.37202,1.37735,137517
2014-04-01,1.3771200000000001,1.38152,1.3768500000000001,1.3793199999999999,106946
2014-04-02,1.37914,1.38201,1.37527,1.3765100000000001,102814
2014-04-03,1.37662,1.38066,1.36977,1.37168,144213
2014-04-04,1.37188,1.3731200000000001,1.36721,1.3701400000000001,139715
2014-04-07,1.36977,1.37483,1.3694899999999999,1.37412,84304
2014-04-08,1.37406,1.38116,1.37368,1.37946,129586
2014-04-09,1.37946,1.3862,1.37793,1.38536,133583
2014-04-10,1.3854,1.38988,1.38354,1.38868,102175
2014-04-11,1.3885399999999999,1.3905699999999999,1.38629,1.3884400000000001,86968
2014-04-14,1.38439,1.3862700000000001,1.38076,1.38181,91637
2014-04-15,1.38198,1.3833199999999999,1.37896,1.38133,87118
2014-04-16,1.38137,1.38507,1.38031,1.3816,85987
2014-04-17,1.38147,1.38645,1.38105,1.38131,75262
2014-04-18,1.38125,1.38222,1.38061,1.38068,26078
2014-04-21,1.38121,1.3830200000000001,1.37867,1.37944,37106
2014-04-22,1.37918,1.38247,1.37845,1.38053,67093
2014-04-23,1.38041,1.38545,1.37997,1.3816,84442
2014-04-24,1.38165,1.38432,1.37908,1.38312,82137
2014-04-25,1.38307,1.3848099999999999,1.38263,1.3833,63070
2014-04-28,1.38293,1.38792,1.38141,1.38497,84760
2014-04-29,1.38499,1.38788,1.3805,1.38116,97926
2014-04-30,1.38111,1.38764,1.37733,1.38653,116172
2014-05-01,1.38653,1.38889,1.38622,1.3867,59572
2014-05-02,1.38684,1.38811,1.38117,1.38689,104954
2014-05-05,1.38831,1.38858,1.3864,1.3874,77183
2014-05-06,1.38743,1.39511,1.38714,1.3924699999999999,111676
2014-05-07,1.39282,1.39384,1.3909099999999999,1.39109,135176
2014-05-08,1.39093,1.39932,1.38324,1.38392,182008
2014-05-09,1.38391,1.38441,1.37445,1.37577,138166
2014-05-12,1.37573,1.37747,1.37488,1.37582,87051
2014-05-13,1.37565,1.37713,1.36884,1.3703400000000001,133922
2014-05-14,1.37024,1.37304,1.36974,1.37142,93982
2014-05-15,1.3713899999999999,1.3732199999999999,1.36477,1.37101,120893
2014-05-16,1.3707799999999999,1.37267,1.36848,1.36933,82254
2014-05-19,1.36914,1.37337,1.36903,1.37085,80931
2014-05-20,1.37077,1.37133,1.36773,1.36989,75287
2014-05-21,1.37005,1.37229,1.36337,1.36856,98080
2014-05-22,1.36859,1.36873,1.36447,1.36561,95427
2014-05-23,1.36554,1.36581,1.36151,1.3628,93315
2014-05-26,1.36225,1.3654,1.3606099999999999,1.36438,58594
2014-05-27,1.36441,1.36681,1.3612,1.36334,100998
2014-05-28,1.36338,1.3637299999999999,1.35879,1.35921,97888
2014-05-29,1.35899,1.36253,1.35855,1.36017,95950
2014-05-30,1.36008,1.36498,1.35979,1.3633899999999999,97346
2014-06-02,1.36353,1.36361,1.35873,1.35979,102859
2014-06-03,1.35954,1.36475,1.35849,1.3627099999999999,105385
2014-06-04,1.36267,1.36389,1.35959,1.36001,118579
2014-06-05,1.35975,1.36693,1.35025,1.36628,204538
2014-06-06,1.36593,1.36769,1.36205,1.36423,139972
2014-06-09,1.36425,1.36685,1.35819,1.35923,99044
2014-06-10,1.35931,1.36017,1.3532899999999999,1.35445,118460
2014-06-11,1.35467,1.35569,1.35208,1.35337,114004
2014-06-12,1.35303,1.35714,1.35118,1.35489,126951
2014-06-13,1.3551199999999999,1.3578700000000001,1.3520400000000001,1.35379,110774
2014-06-16,1.35393,1.35792,1.35124,1.3572199999999999,100661
2014-06-17,1.35727,1.35869,1.35357,1.35462,100043
2014-06-18,1.35459,1.35992,1.35411,1.3587500000000001,114373
2014-06-19,1.35947,1.36433,1.35835,1.3606,112426
2014-06-20,1.36068,1.36338,1.35637,1.35995,88091
2014-06-23,1.35882,1.36133,1.35734,1.36035,85091
2014-06-24,1.36028,1.36274,1.35828,1.36028,94295
2014-06-25,1.36055,1.3651,1.35999,1.36306,87069
2014-06-26,1.3628,1.36411,1.35751,1.3612,100217
2014-06-27,1.36103,1.36502,1.3608500000000001,1.3648799999999999,88164
2014-06-30,1.36411,1.36971,1.36398,1.36927,87241
2014-07-01,1.36913,1.37,1.3675,1.36787,76975
2014-07-02,1.36781,1.3682,1.36411,1.36567,77929
2014-07-03,1.36584,1.36639,1.35955,1.3608799999999999,103226
2014-07-04,1.36096,1.3611,1.35849,1.35944,53669
2014-07-07,1.35947,1.36089,1.3575300000000001,1.36056,75546
2014-07-08,1.36039,1.36172,1.35874,1.36117,82373
2014-07-09,1.36115,1.36477,1.36017,1.36404,97855
2014-07-10,1.36406,1.36506,1.35886,1.36063,97863
2014-07-11,1.36078,1.3624399999999999,1.3591199999999999,1.36032,106237
2014-07-14,1.3597299999999999,1.36401,1.35968,1.3620700000000001,117854
2014-07-15,1.3618000000000001,1.36277,1.35613,1.35679,153977
2014-07-16,1.35663,1.35716,1.35202,1.35251,96069
2014-07-17,1.35243,1.35399,1.35159,1.3525800000000001,97507
2014-07-18,1.35252,1.35358,1.34903,1.35203,106703
2014-07-21,1.35276,1.3548499999999999,1.35123,1.35221,77707
2014-07-22,1.35226,1.3529,1.34583,1.34659,120691
2014-07-23,1.34646,1.34737,1.34544,1.34622,95539
2014-07-24,1.3462100000000001,1.34846,1.34374,1.34622,114907
2014-07-25,1.34625,1.34752,1.34207,1.34288,118325
2014-07-28,1.34289,1.34436,1.34263,1.34393,89827
2014-07-29,1.3439,1.3444099999999999,1.34036,1.34087,118591
2014-07-30,1.34077,1.34149,1.33663,1.33945,183433
2014-07-31,1.3396,1.3400400000000001,1.33709,1.33877,112981
2014-08-01,1.33895,1.34446,1.33778,1.34264,132039
2014-08-04,1.3427799999999999,1.34314,1.34088,1.34218,83081
2014-08-05,1.34207,1.34244,1.33575,1.33712,112413
2014-08-06,1.33753,1.33875,1.3332600000000001,1.33838,131206
2014-08-07,1.33822,1.33933,1.33365,1.3361399999999999,135881
2014-08-08,1.33626,1.34323,1.33429,1.34094,137613
2014-08-11,1.34093,1.34109,1.3379699999999999,1.33843,75353
2014-08-12,1.3384,1.33857,1.33354,1.3367,91176
2014-08-13,1.33681,1.34148,1.33417,1.3363,115752
2014-08-14,1.33636,1.34074,1.33479,1.33637,112307
2014-08-15,1.3363800000000001,1.34114,1.33582,1.33975,120470
2014-08-18,1.33903,1.33988,1.33523,1.3361100000000001,77114
2014-08-19,1.33626,1.3363399999999999,1.33127,1.33174,102923
2014-08-20,1.33192,1.3324,1.32547,1.32576,121955
2014-08-21,1.32583,1.32881,1.32413,1.32819,98945
2014-08-22,1.32798,1.3296299999999999,1.3220100000000001,1.32381,117080
2014-08-25,1.31943,1.321,1.3183099999999999,1.31903,84289
2014-08-26,1.31913,1.32144,1.3164,1.3168199999999999,107703
2014-08-27,1.31667,1.32094,1.31521,1.31935,118643
2014-08-28,1.31925,1.3220399999999999,1.3159100000000001,1.3183799999999999,113950
2014-08-29,1.3181,1.3195999999999999,1.3131,1.31323,97546
2014-09-01,1.31265,1.31451,1.3118400000000001,1.31273,65574
2014-09-02,1.31276,1.31365,1.31097,1.31326,105205
2014-09-03,1.31321,1.316,1.31215,1.31487,116245
2014-09-04,1.3149600000000001,1.3154,1.29195,1.2935699999999999,182025
2014-09-05,1.29428,1.29883,1.29214,1.2951,142157
2014-09-08,1.29556,1.2959,1.28811,1.29001,140981
2014-09-09,1.28937,1.29574,1.28587,1.29404,172671
2014-09-10,1.29367,1.2962799999999999,1.28831,1.29157,172151
2014-09-11,1.29161,1.29516,1.28965,1.29233,154567
2014-09-12,1.2923200000000001,1.29791,1.29082,1.29643,157440
2014-09-15,1.29714,1.29721,1.29081,1.29409,124888
2014-09-16,1.29393,1.29951,1.29216,1.29574,151773
2014-09-17,1.29587,1.29814,1.28355,1.28449,175866
2014-09-18,1.28643,1.29305,1.2833700000000001,1.2916,160800
2014-09-19,1.29216,1.2928899999999999,1.28271,1.28284,171952
2014-09-22,1.28263,1.2867899999999999,1.2815699999999999,1.28464,178864
2014-09-23,1.28483,1.29012,1.28419,1.2848600000000001,133562
2014-09-24,1.2846,1.28637,1.27736,1.2778,145674
2014-09-25,1.27794,1.27834,1.26962,1.27515,191479
2014-09-26,1.27494,1.27607,1.26761,1.26825,155087
2014-09-29,1.26804,1.27149,1.2663,1.26887,157517
2014-09-30,1.26846,1.27024,1.25705,1.26307,206648
2014-10-01,1.26296,1.26397,1.25828,1.26185,213274
2014-10-02,1.26217,1.2698800000000001,1.26132,1.26696,260209
2014-10-03,1.26677,1.26741,1.25001,1.25145,200515
2014-10-06,1.25105,1.2675,1.25083,1.2653400000000001,186228
2014-10-07,1.26542,1.2682,1.25831,1.26646,269657
2014-10-08,1.2668,1.27489,1.2622,1.27304,271868
2014-10-09,1.27329,1.27914,1.26631,1.26895,288488
2014-10-10,1.26902,1.27161,1.26047,1.26272,226063
2014-10-13,1.26304,1.27681,1.26197,1.27412,227155
2014-10-14,1.27522,1.27675,1.26392,1.2658,253608
2014-10-15,1.26565,1.28868,1.2624,1.28156,379080
2014-10-16,1.28366,1.2845,1.2705,1.2804,363618
2014-10-17,1.28083,1.28368,1.27435,1.27591,211075
2014-10-20,1.27482,1.28164,1.27306,1.27942,198121
2014-10-21,1.27989,1.2839800000000001,1.27107,1.27112,246743
2014-10-22,1.27146,1.27392,1.26366,1.26441,231660
2014-10-23,1.26472,1.26762,1.2612999999999999,1.26447,212587
2014-10-24,1.26454,1.26953,1.26342,1.26681,192304
2014-10-27,1.26753,1.27231,1.26651,1.26947,198545
2014-10-28,1.26973,1.27644,1.2684,1.27355,205758
2014-10-29,1.27336,1.27701,1.26261,1.26377,220810
2014-10-30,1.26309,1.26388,1.25437,1.26047,285676
2014-10-31,1.26122,1.26165,1.2484899999999999,1.25231,345338
2014-11-03,1.25052,1.25135,1.2438,1.24903,289423
2014-11-04,1.24807,1.25772,1.24807,1.25521,268497
2014-11-05,1.2546,1.25666,1.24566,1.24746,310749
2014-11-06,1.24847,1.25329,1.23636,1.23786,345873
2014-11-07,1.2374100000000001,1.24691,1.23571,1.24535,305396
2014-11-10,1.24709,1.2509000000000001,1.2418,1.24235,215253
2014-11-11,1.24198,1.24989,1.23937,1.24728,221899
2014-11-12,1.24741,1.24974,1.24186,1.24279,282072
2014-11-13,1.24373,1.24917,1.24257,1.24747,233818
2014-11-14,1.24758,1.25462,1.23978,1.2521499999999999,286577
2014-11-17,1.25305,1.2577099999999999,1.2444,1.24491,235612
2014-11-18,1.24491,1.25449,1.24429,1.25311,212511
2014-11-19,1.25352,1.25999,1.25116,1.25446,210097
2014-11-20,1.25529,1.25747,1.2503600000000001,1.25413,267869
2014-11-21,1.25387,1.2567599999999999,1.2374100000000001,1.23892,267376
2014-11-24,1.2364600000000001,1.24444,1.23621,1.2441,183379
2014-11-25,1.24414,1.24866,1.24015,1.24736,198609
2014-11-26,1.24736,1.25311,1.24429,1.25044,209350
2014-11-27,1.25048,1.25233,1.2464,1.24664,115117
2014-11-28,1.24657,1.24897,1.24256,1.24498,170351
2014-12-01,1.24612,1.25062,1.24185,1.24682,211695
2014-12-02,1.2468,1.24757,1.23761,1.23818,176499
2014-12-03,1.2382,1.23904,1.23006,1.23092,196608
2014-12-04,1.23098,1.24561,1.22787,1.23787,239720
2014-12-05,1.2376800000000001,1.23925,1.22702,1.22844,233531
2014-12-08,1.22852,1.23435,1.22468,1.23162,208925
2014-12-09,1.23162,1.24476,1.22915,1.23736,269870
2014-12-10,1.2373,1.24481,1.23614,1.24467,237989
2014-12-11,1.24469,1.24949,1.23695,1.2408,258375
2014-12-12,1.24091,1.2485,1.23837,1.246,218127
2014-12-15,1.2443,1.24785,1.24139,1.24345,207384
2014-12-16,1.24362,1.25696,1.24331,1.25102,289097
2014-12-17,1.2509299999999999,1.2515399999999999,1.23201,1.23406,270712
2014-12-18,1.23409,1.23527,1.22652,1.22856,237738
2014-12-19,1.22854,1.23019,1.22194,1.22224,192438
2014-12-22,1.2221899999999999,1.22723,1.2216,1.22285,249016
2014-12-23,1.22282,1.22454,1.2164,1.21721,241412
2014-12-24,1.21718,1.22199,1.21688,1.21891,170801
2014-12-26,1.22222,1.22255,1.21679,1.21773,109859
2014-12-29,1.2178499999999999,1.2220900000000001,1.21423,1.215,143910
2014-12-30,1.21509,1.21873,1.21232,1.21546,132235
2014-12-31,1.21553,1.21695,1.2096,1.20995,92556
2015-01-02,1.21035,1.21066,1.19996,1.20014,158321
2015-01-05,1.19517,1.1976,1.18495,1.19317,249235
2015-01-06,1.19324,1.19682,1.18836,1.18887,243204
2015-01-07,1.18885,1.18958,1.18014,1.18386,263039
2015-01-08,1.18387,1.1846700000000001,1.17536,1.17899,212062
2015-01-09,1.17909,1.18455,1.17619,1.18402,245754
2015-01-12,1.18445,1.18704,1.17855,1.18325,218103
2015-01-13,1.18316,1.18592,1.17523,1.17718,259948
2015-01-14,1.17715,1.18457,1.17267,1.17881,299554
2015-01-15,1.17882,1.17921,1.15669,1.1629800000000001,429151
2015-01-16,1.16302,1.1648100000000001,1.14593,1.1565,361083
2015-01-19,1.15505,1.16383,1.15505,1.1606,175016
2015-01-20,1.16013,1.16146,1.15397,1.15479,170241
2015-01-21,1.1547399999999999,1.16797,1.15405,1.16087,223020
2015-01-22,1.16088,1.16505,1.13156,1.13642,276037
2015-01-23,1.13643,1.13733,1.11136,1.12032,321580
2015-01-26,1.11515,1.12947,1.10966,1.1237300000000001,232496
2015-01-27,1.12377,1.14221,1.1223,1.13803,257447
2015-01-28,1.13797,1.13828,1.12753,1.12865,254025
2015-01-29,1.12852,1.13673,1.12612,1.13185,222405
2015-01-30,1.1318,1.1363,1.1277,1.1284399999999999,215166
2015-02-02,1.13098,1.13616,1.12916,1.13413,216035
2015-02-03,1.13398,1.15332,1.13116,1.14781,284935
2015-02-04,1.1476899999999999,1.14842,1.1314899999999999,1.13433,259559
2015-02-05,1.1344400000000001,1.14983,1.13032,1.14763,270423
2015-02-06,1.14756,1.1485,1.1309,1.13102,248861
2015-02-09,1.12942,1.13587,1.12696,1.1323400000000001,205623
2015-02-10,1.13221,1.13448,1.12723,1.13197,222023
2015-02-11,1.13194,1.13466,1.12792,1.13351,198533
2015-02-12,1.13347,1.14224,1.13013,1.14022,241885
2015-02-13,1.14016,1.14424,1.1379,1.13919,189154
2015-02-16,1.1397599999999999,1.14285,1.13189,1.13528,152045
2015-02-17,1.13545,1.14485,1.13211,1.141,236038
2015-02-18,1.14099,1.14153,1.1333,1.13962,214449
2015-02-19,1.13953,1.14496,1.13545,1.13674,201707
2015-02-20,1.13673,1.14287,1.1278299999999999,1.13785,274675
2015-02-23,1.1390500000000001,1.13954,1.12945,1.1334,177810
2015-02-24,1.13338,1.13577,1.12876,1.13397,219790
2015-02-25,1.13381,1.13883,1.1335,1.13606,195136
2015-02-26,1.13603,1.13791,1.11829,1.11975,225083
2015-02-27,1.11966,1.12447,1.11755,1.11957,231534
2015-03-02,1.11798,1.12402,1.11594,1.11824,179211
2015-03-03,1.11822,1.12171,1.1154,1.11752,186406
2015-03-04,1.11747,1.11852,1.10609,1.10767,212796
2015-03-05,1.10758,1.11139,1.09869,1.10291,246077
2015-03-06,1.10285,1.10322,1.0838,1.08433,244035
2015-03-09,1.08301,1.09061,1.0822,1.08518,188058
2015-03-10,1.08501,1.08554,1.06676,1.06785,298068
2015-03-11,1.06964,1.07163,1.05106,1.05444,327843
2015-03-12,1.05455,1.06834,1.04932,1.06241,330667
2015-03-13,1.06332,1.06343,1.04616,1.0491,289882
2015-03-16,1.04692,1.06193,1.04686,1.05669,259936
2015-03-17,1.05662,1.06505,1.05507,1.05972,236670
2015-03-18,1.05958,1.10415,1.05793,1.08284,332813
2015-03-19,1.0861,1.09191,1.06123,1.06561,411748
2015-03-20,1.0658,1.08818,1.06484,1.08189,301166
2015-03-23,1.08396,1.09708,1.07667,1.0944099999999999,356127
2015-03-24,1.09443,1.10291,1.08897,1.09176,328056
2015-03-25,1.09227,1.10139,1.09,1.09708,278493
2015-03-26,1.09687,1.1052,1.08555,1.0874,328325
2015-03-27,1.08827,1.0948,1.08004,1.08841,308684
2015-03-30,1.08849,1.08943,1.08091,1.0832,254046
2015-03-31,1.08317,1.08447,1.07123,1.07308,265010
2015-04-01,1.073,1.07992,1.07179,1.07624,284240
2015-04-02,1.07613,1.09048,1.07496,1.08792,254392
2015-04-03,1.08779,1.10263,1.08632,1.09679,150977
2015-04-06,1.10015,1.10349,1.0909,1.09213,147230
2015-04-07,1.09205,1.09541,1.08025,1.08137,252636
2015-04-08,1.08134,1.0887,1.07625,1.07795,272559
2015-04-09,1.07794,1.07884,1.06371,1.06584,253927
2015-04-10,1.06578,1.06833,1.05671,1.0603,243118
2015-04-13,1.0584500000000001,1.0619,1.05197,1.05659,260148
2015-04-14,1.05654,1.07068,1.05309,1.06539,277143
2015-04-15,1.0653299999999999,1.07015,1.05702,1.06869,300323
2015-04-16,1.06823,1.08173,1.06235,1.07592,362926
2015-04-17,1.07595,1.08481,1.07328,1.08089,320747
2015-04-20,1.08167,1.08209,1.07117,1.07379,243385
2015-04-21,1.07359,1.07808,1.06592,1.07333,259080
2015-04-22,1.07343,1.08004,1.07079,1.07253,269814
2015-04-23,1.07236,1.08458,1.06653,1.08245,309686
2015-04-24,1.0822,1.08997,1.0784,1.087,307877
2015-04-27,1.08626,1.09263,1.0818699999999999,1.08869,250307
2015-04-28,1.08894,1.09905,1.08592,1.09788,289408
2015-04-29,1.0979,1.11875,1.09589,1.11265,364028
2015-04-30,1.11272,1.12659,1.10706,1.12222,407291
2015-05-01,1.12225,1.12896,1.1174,1.11967,269791
2015-05-04,1.11911,1.12238,1.11219,1.11469,215341
2015-05-05,1.11449,1.12225,1.10657,1.11849,215052
2015-05-06,1.11839,1.13696,1.11742,1.13447,285051
2015-05-07,1.13451,1.13918,1.12365,1.12657,261898
2015-05-08,1.12652,1.12894,1.11787,1.12085,271383
2015-05-11,1.11979,1.12057,1.11302,1.11542,233340
2015-05-12,1.11535,1.12782,1.11336,1.12127,294467
2015-05-13,1.12113,1.13821,1.12016,1.13542,286637
2015-05-14,1.1352,1.14442,1.13399,1.14095,306998
2015-05-15,1.14076,1.14661,1.13231,1.14466,277184
2015-05-18,1.14461,1.14492,1.12979,1.1314,224442
2015-05-19,1.13133,1.13257,1.11179,1.1149,324419
2015-05-20,1.11478,1.11514,1.10615,1.10932,351774
2015-05-21,1.10908,1.11807,1.1078999999999999,1.11113,307204
2015-05-22,1.11099,1.12076,1.10015,1.10141,293062
2015-05-25,1.1001,1.10089,1.09582,1.09769,149918
2015-05-26,1.09754,1.09806,1.08626,1.08723,338355
2015-05-27,1.08713,1.09285,1.08184,1.09034,310832
2015-05-28,1.09025,1.09585,1.08666,1.09473,348226
2015-05-29,1.09466,1.10057,1.09251,1.09895,303690
2015-06-01,1.09791,1.09882,1.08865,1.0925799999999999,309192
2015-06-02,1.0925,1.11929,1.09151,1.11501,446283
2015-06-03,1.11493,1.12848,1.10787,1.12737,352944
2015-06-04,1.12723,1.1379299999999999,1.12219,1.12372,303869
2015-06-05,1.12369,1.12797,1.10486,1.11163,430737
2015-06-08,1.10957,1.13063,1.10835,1.12908,307888
2015-06-09,1.12897,1.13448,1.12134,1.12817,357971
2015-06-10,1.12816,1.13859,1.12592,1.1323,394317
2015-06-11,1.13217,1.13306,1.11813,1.1256599999999999,330431
2015-06-12,1.12561,1.12961,1.11504,1.12621,332256
2015-06-15,1.12101,1.12938,1.11886,1.1282,265619
2015-06-16,1.12805,1.13292,1.12042,1.12467,268424
2015-06-17,1.12462,1.13574,1.12055,1.13365,308664
2015-06-18,1.13352,1.1436,1.13296,1.13595,336239
2015-06-19,1.13569,1.13962,1.12913,1.13483,251607
2015-06-22,1.13764,1.14097,1.13111,1.13396,305606
2015-06-23,1.1339299999999999,1.13469,1.11344,1.11674,351463
2015-06-24,1.11655,1.12344,1.11537,1.12033,326818
2015-06-25,1.12023,1.12273,1.1153,1.12035,274638
2015-06-26,1.12023,1.12194,1.11292,1.11713,252510
2015-06-29,1.09983,1.12777,1.09536,1.1235,438594
2015-06-30,1.12327,1.12439,1.11114,1.11453,348338
2015-07-01,1.1144,1.11708,1.10421,1.10518,290888
2015-07-02,1.1052,1.11209,1.10316,1.10826,296944
2015-07-03,1.10822,1.11175,1.10643,1.11038,235690
2015-07-06,1.09857,1.1095,1.09684,1.10551,344150
2015-07-07,1.10543,1.10584,1.09158,1.10103,364996
2015-07-08,1.10098,1.10925,1.09733,1.10756,346120
2015-07-09,1.10738,1.11245,1.09908,1.10353,310265
2015-07-10,1.10346,1.12153,1.10296,1.11541,321731
2015-07-13,1.10919,1.11963,1.09948,1.10001,318526
2015-07-14,1.09998,1.10826,1.09649,1.10082,298609
2015-07-15,1.10058,1.1035,1.09292,1.09477,292203
2015-07-16,1.09454,1.0962,1.08547,1.0873,342316
2015-07-17,1.08728,1.09063,1.08271,1.08299,314493
2015-07-20,1.08284,1.08696,1.08077,1.08245,322558
2015-07-21,1.08232,1.0969,1.08109,1.09324,382329
2015-07-22,1.09339,1.09662,1.08686,1.09278,362510
2015-07-23,1.09278,1.1018,1.09211,1.09826,322599
2015-07-24,1.09826,1.09955,1.09247,1.09762,248939
2015-07-27,1.09804,1.11292,1.09682,1.10866,300230
2015-07-28,1.10864,1.10995,1.10215,1.10592,260416
2015-07-29,1.10588,1.10837,1.0966,1.09821,285056
2015-07-30,1.09808,1.0989,1.08925,1.09313,290876
2015-07-31,1.093,1.11139,1.09204,1.09831,330651
2015-08-03,1.09698,1.09957,1.09406,1.09503,268094
2015-08-04,1.09485,1.09873,1.08783,1.08809,377574
2015-08-05,1.08801,1.09373,1.08474,1.09052,360207
2015-08-06,1.0905,1.09433,1.0873,1.09235,338394
2015-08-07,1.09237,1.0977999999999999,1.08547,1.0964,343741
2015-08-10,1.09628,1.10411,1.09247,1.10154,304716
2015-08-11,1.10186,1.1088,1.09599,1.1037,408090
2015-08-12,1.10412,1.12137,1.10237,1.11553,405172
2015-08-13,1.11559,1.11886,1.10794,1.11476,336950
2015-08-14,1.11485,1.11885,1.1097299999999999,1.111,317350
2015-08-17,1.1114600000000001,1.11245,1.10582,1.10728,322057
2015-08-18,1.10773,1.10935,1.10167,1.10228,310959
2015-08-19,1.10195,1.11342,1.10172,1.1116,391905
2015-08-20,1.11188,1.1244399999999999,1.11065,1.12375,412436
2015-08-21,1.12408,1.13884,1.12286,1.13865,495131
2015-08-24,1.13741,1.17138,1.13679,1.16129,725599
2015-08-25,1.1616900000000001,1.16214,1.13959,1.15127,608047
2015-08-26,1.15145,1.15612,1.12909,1.1311499999999999,596860
2015-08-27,1.13111,1.13642,1.12026,1.12393,464914
2015-08-28,1.12447,1.13094,1.11554,1.11803,417256
2015-08-31,1.11709,1.1262,1.11676,1.1209,295079
2015-09-01,1.12093,1.13318,1.12074,1.13133,496206
2015-09-02,1.13141,1.13193,1.12159,1.12258,474425
2015-09-03,1.12249,1.1243,1.10867,1.11222,423683
2015-09-04,1.1122,1.11903,1.10893,1.11469,407134
2015-09-07,1.11614,1.11774,1.11209,1.11684,302295
2015-09-08,1.11687,1.12292,1.1152,1.12012,304804
2015-09-09,1.12014,1.1216,1.1131199999999999,1.1206,319977
2015-09-10,1.12059,1.1295,1.11711,1.12776,359085
2015-09-11,1.12786,1.13493,1.12536,1.13395,310516
2015-09-14,1.13303,1.13729,1.1283,1.1315,253424
2015-09-15,1.13147,1.13284,1.1258,1.12687,283420
2015-09-16,1.12673,1.13204,1.12136,1.1289,276417
2015-09-17,1.12887,1.14408,1.12839,1.14336,320383
2015-09-18,1.1433200000000001,1.146,1.1268799999999999,1.12985,340428
2015-09-21,1.12809,1.1329799999999999,1.11806,1.11888,285359
2015-09-22,1.11875,1.12072,1.11127,1.11236,289983
2015-09-23,1.1118,1.1213,1.11046,1.11844,304801
2015-09-24,1.1185,1.1295600000000001,1.11638,1.12321,346083
2015-09-25,1.1227,1.12316,1.11156,1.11994,340679
2015-09-28,1.11842,1.12474,1.11459,1.12436,303488
2015-09-29,1.12428,1.1280999999999999,1.11934,1.12478,321696
2015-09-30,1.12468,1.1261,1.11568,1.11763,300167
2015-10-01,1.11745,1.1209,1.11345,1.11939,282340
2015-10-02,1.11928,1.13182,1.11494,1.1209500000000001,342199
2015-10-05,1.12165,1.1289,1.1172900000000001,1.11871,319912
2015-10-06,1.11872,1.12792,1.11714,1.12704,275837
2015-10-07,1.1272,1.1284,1.12109,1.12368,308443
2015-10-08,1.12367,1.13267,1.1234,1.12756,298424
2015-10-09,1.12754,1.13869,1.12664,1.13569,311520
2015-10-12,1.13606,1.1396600000000001,1.13532,1.13578,189683
2015-10-13,1.13572,1.14108,1.13435,1.13782,255459
2015-10-14,1.13781,1.14889,1.13768,1.1473,289506
2015-10-15,1.14725,1.1494900000000001,1.13626,1.13803,310251
2015-10-16,1.13789,1.13945,1.13338,1.13474,253693
2015-10-19,1.13559,1.13788,1.13052,1.13269,250257
2015-10-20,1.13259,1.13868,1.1323400000000001,1.13453,220267
2015-10-21,1.13453,1.13772,1.13336,1.13382,219167
2015-10-22,1.13384,1.13507,1.10997,1.11087,328364
2015-10-23,1.11077,1.11394,1.09961,1.10169,339186
2015-10-26,1.09982,1.10682,1.09982,1.10529,243645
2015-10-27,1.1056300000000001,1.10781,1.10297,1.10462,244320
2015-10-28,1.10484,1.10955,1.08964,1.09267,291262
2015-10-29,1.09208,1.09862,1.09017,1.0985800000000001,280826
2015-10-30,1.09757,1.10723,1.0965,1.1005,324179
2015-11-02,1.10339,1.10527,1.09996,1.1015,236647
2015-11-03,1.1014,1.10298,1.09354,1.09627,247949
2015-11-04,1.09611,1.0967500000000001,1.08436,1.08653,291220
2015-11-05,1.08627,1.08972,1.08331,1.08828,281285
2015-11-06,1.0882,1.08935,1.07064,1.0739,289077
2015-11-09,1.07276,1.07896,1.07188,1.0749900000000001,289349
2015-11-10,1.07505,1.07637,1.06738,1.07227,285688
2015-11-11,1.07223,1.07733,1.07051,1.07417,255958
2015-11-12,1.07399,1.08301,1.06904,1.0812,366212
2015-11-13,1.0812,1.08167,1.07135,1.07668,327455
2015-11-16,1.0739,1.07578,1.06741,1.06847,303881
2015-11-17,1.06843,1.06904,1.06299,1.0643,299997
2015-11-18,1.06397,1.06922,1.06163,1.06583,275506
2015-11-19,1.06565,1.07628,1.06547,1.07338,321995
2015-11-20,1.07322,1.07382,1.06393,1.06451,290454
2015-11-23,1.06365,1.06565,1.05918,1.06354,297250
2015-11-24,1.06349,1.0673300000000001,1.0619,1.06426,310905
2015-11-25,1.06417,1.0689,1.05653,1.06238,341511
2015-11-26,1.06226,1.0627,1.05994,1.06102,195231
2015-11-27,1.06088,1.06376,1.05679,1.05938,237353
2015-11-30,1.05881,1.05947,1.05573,1.05643,255236
2015-12-01,1.05624,1.06369,1.05617,1.06324,292654
2015-12-02,1.06303,1.06355,1.05502,1.06135,306841
2015-12-03,1.06125,1.09807,1.05219,1.09385,432255
2015-12-04,1.09407,1.09559,1.08355,1.08779,425908
2015-12-07,1.08696,1.08872,1.07955,1.08366,268796
2015-12-08,1.08358,1.09021,1.08296,1.0892,293267
2015-12-09,1.08904,1.10427,1.08786,1.10244,356034
2015-12-10,1.1023,1.10242,1.09244,1.09401,307605
2015-12-11,1.09381,1.10305,1.09261,1.09894,341036
2015-12-14,1.0983,1.10483,1.0945,1.09922,357423
2015-12-15,1.09903,1.10593,1.09042,1.09285,325851
2015-12-16,1.09275,1.10116,1.08871,1.09104,363584
2015-12-17,1.091,1.09138,1.0802,1.08245,312017
2015-12-18,1.08244,1.08742,1.08043,1.08613,337412
2015-12-21,1.08512,1.09387,1.08455,1.09139,265874
2015-12-22,1.09127,1.09839,1.09018,1.09568,243362
2015-12-23,1.09549,1.09568,1.08692,1.09099,217377
2015-12-24,1.09089,1.09673,1.09023,1.09542,130250
2015-12-28,1.0944,1.09922,1.09403,1.09681,164097
2015-12-29,1.09657,1.09914,1.08985,1.0918,193010
2015-12-30,1.09165,1.09434,1.09012,1.09312,199047
2015-12-31,1.09303,1.09368,1.08523,1.08609,153787
2016-01-04,1.08711,1.09462,1.07805,1.08319,326945
2016-01-05,1.08277,1.08386,1.07101,1.07463,272703
2016-01-06,1.07453,1.07992,1.07127,1.07796,313544
2016-01-07,1.0778699999999999,1.09399,1.07704,1.09287,377359
2016-01-08,1.09262,1.09331,1.08026,1.09245,382119
2016-01-11,1.09175,1.09697,1.08472,1.08581,331924
2016-01-12,1.08572,1.08999,1.08192,1.0857,341229
2016-01-13,1.08554,1.08872,1.08043,1.08757,344784
2016-01-14,1.08749,1.09429,1.0834,1.08634,392153
2016-01-15,1.08621,1.09844,1.08538,1.09132,406750
2016-01-18,1.09179,1.09273,1.08684,1.08941,253452
2016-01-19,1.089,1.09389,1.08588,1.09065,323461
2016-01-20,1.09056,1.09757,1.08766,1.08883,393393
2016-01-21,1.08883,1.0921,1.0777,1.0872600000000001,449820
2016-01-22,1.08728,1.08763,1.0787,1.07965,334008
2016-01-25,1.07906,1.08566,1.07886,1.08475,286381
2016-01-26,1.08469,1.0874,1.08183,1.08683,278411
2016-01-27,1.08683,1.09163,1.08501,1.0892,341228
2016-01-28,1.08926,1.09674,1.08691,1.0939,330968
2016-01-29,1.09378,1.09483,1.08093,1.083,416007
2016-02-01,1.08308,1.09125,1.08139,1.08873,278190
2016-02-02,1.08863,1.09397,1.0882,1.09177,282725
2016-02-03,1.09159,1.11452,1.0903100000000001,1.11017,405291
2016-02-04,1.11008,1.12387,1.10691,1.12067,462552
2016-02-05,1.12055,1.12477,1.11082,1.11578,390477
2016-02-08,1.11415,1.12155,1.1086,1.1191200000000001,397787
2016-02-09,1.1191,1.13378,1.11618,1.1294,511132
2016-02-10,1.12904,1.13111,1.116,1.12889,509586
2016-02-11,1.12879,1.13761,1.12733,1.13218,566470
2016-02-12,1.13219,1.13337,1.12134,1.12503,434319
2016-02-15,1.12332,1.12496,1.11274,1.11531,319243
2016-02-16,1.11515,1.11928,1.11229,1.11423,360386
2016-02-17,1.11421,1.11788,1.11055,1.11267,356901
2016-02-18,1.11246,1.11493,1.10704,1.11058,354549
2016-02-19,1.11046,1.1139000000000001,1.10663,1.11279,341277
2016-02-22,1.11104,1.11244,1.1002399999999999,1.10281,308749
2016-02-23,1.10279,1.10524,1.09895,1.1018,331872
2016-02-24,1.10172,1.10459,1.09566,1.10116,370601
2016-02-25,1.10117,1.10496,1.09862,1.10168,329956
2016-02-26,1.10167,1.10679,1.09111,1.09289,323378
2016-02-29,1.09125,1.09625,1.08588,1.08718,315218
2016-03-01,1.087,1.08932,1.08337,1.08656,316998
2016-03-02,1.08646,1.08807,1.0825,1.08672,299159
2016-03-03,1.08651,1.09725,1.0853,1.09556,291162
2016-03-04,1.09532,1.1043,1.09026,1.10064,331699
2016-03-07,1.09863,1.10255,1.09396,1.10121,244385
2016-03-08,1.10113,1.10575,1.0993,1.10096,278704
2016-03-09,1.10087,1.10345,1.09455,1.09981,265252
2016-03-10,1.09972,1.12177,1.08216,1.11759,408536
2016-03-11,1.11765,1.12093,1.10798,1.11462,327546
2016-03-14,1.11355,1.11759,1.10774,1.11012,253988
2016-03-15,1.10997,1.11248,1.10713,1.11048,250732
2016-03-16,1.11071,1.1242,1.10573,1.1212,286208
2016-03-17,1.12207,1.13422,1.12047,1.13151,323705
2016-03-18,1.13153,1.13365,1.12555,1.1268799999999999,258770
2016-03-21,1.1256599999999999,1.1284399999999999,1.12339,1.12386,213056
2016-03-22,1.12393,1.12596,1.11879,1.1215,237105
2016-03-23,1.12155,1.12231,1.11589,1.11796,190211
2016-03-24,1.11774,1.11874,1.11435,1.11786,202184
2016-03-25,1.11711,1.11805,1.11525,1.11613,101350
2016-03-28,1.11595,1.12197,1.11525,1.11952,110752
2016-03-29,1.11928,1.13032,1.11684,1.12893,266778
2016-03-30,1.12868,1.13652,1.12827,1.13387,289121
2016-03-31,1.1335899999999999,1.14115,1.13096,1.13788,276448
2016-04-01,1.13778,1.14377,1.13343,1.13897,307290
2016-04-04,1.13997,1.14123,1.13568,1.13888,241035
2016-04-05,1.13875,1.14049,1.13353,1.13826,278123
2016-04-06,1.13819,1.14317,1.13262,1.13979,283447
2016-04-07,1.13965,1.14538,1.1337,1.13767,321100
2016-04-08,1.13752,1.1419,1.13485,1.13949,263008
2016-04-11,1.14158,1.1447,1.13717,1.14097,240363
2016-04-12,1.14028,1.14645,1.1345,1.13835,274358
2016-04-13,1.13832,1.13909,1.12676,1.12723,289752
2016-04-14,1.1272,1.12945,1.12333,1.12663,256428
2016-04-15,1.12649,1.13167,1.12452,1.12827,223366
2016-04-18,1.12996,1.13318,1.12733,1.13119,227794
2016-04-19,1.13097,1.13842,1.13029,1.13575,232246
2016-04-20,1.13569,1.13876,1.12898,1.12952,245998
2016-04-21,1.12945,1.13985,1.1268799999999999,1.1286,292271
2016-04-22,1.1286100000000001,1.13084,1.12154,1.12154,269377
2016-04-25,1.12157,1.12779,1.12145,1.1266,251123
2016-04-26,1.1262,1.13394,1.12557,1.1295,266007
2016-04-27,1.12947,1.13611,1.12709,1.13191,286533
2016-04-28,1.13199,1.13676,1.12954,1.13509,339998
2016-04-29,1.13465,1.1459,1.13461,1.14504,339573
2016-05-02,1.14589,1.15358,1.14455,1.15331,262481
2016-05-03,1.15302,1.1616,1.14947,1.1494900000000001,324800
2016-05-04,1.1494900000000001,1.15292,1.14658,1.14855,327193
2016-05-05,1.14832,1.14934,1.1385399999999999,1.14048,256507
2016-05-06,1.1403699999999999,1.14796,1.13861,1.14009,284174
2016-05-09,1.13939,1.14194,1.13746,1.13806,233435
2016-05-10,1.13817,1.14096,1.13582,1.13717,234268
2016-05-11,1.13691,1.14462,1.13683,1.14251,215552
2016-05-12,1.14245,1.14288,1.137,1.13766,230163
2016-05-13,1.13731,1.13795,1.12823,1.1308799999999999,271127
2016-05-16,1.13097,1.1342,1.13015,1.13193,195723
2016-05-17,1.13194,1.13482,1.12981,1.13118,232538
2016-05-18,1.13112,1.13159,1.12137,1.12158,281959
2016-05-19,1.12144,1.12297,1.11795,1.12019,276533
2016-05-20,1.11994,1.1237,1.11958,1.1221700000000001,196886
2016-05-23,1.12036,1.12426,1.11871,1.1219,205084
2016-05-24,1.12188,1.12267,1.11319,1.11393,241568
2016-05-25,1.11378,1.11666,1.11283,1.11539,229376
2016-05-26,1.11535,1.12164,1.1149,1.11927,233033
2016-05-27,1.11919,1.12004,1.11103,1.1113,233791
2016-05-30,1.11126,1.11443,1.10975,1.1138,138818
2016-05-31,1.1136,1.11731,1.11216,1.11303,269106
2016-06-01,1.11285,1.11937,1.11136,1.11869,284285
2016-06-02,1.11866,1.12198,1.11448,1.1151,266672
2016-06-03,1.11501,1.1373199999999999,1.10707,1.13662,319583
2016-06-06,1.13532,1.13923,1.13258,1.13528,290487
2016-06-07,1.13523,1.13801,1.13382,1.13555,242115
2016-06-08,1.13548,1.14103,1.13538,1.13938,234751
2016-06-09,1.13933,1.14151,1.13051,1.13129,256265
2016-06-10,1.13132,1.1320999999999999,1.12427,1.12533,270699
2016-06-13,1.12475,1.1302699999999999,1.12315,1.12893,304240
2016-06-14,1.1289,1.1298300000000001,1.11884,1.12056,287968
2016-06-15,1.12039,1.1298300000000001,1.11892,1.12602,283691
2016-06-16,1.12562,1.12946,1.11304,1.1223,374801
2016-06-17,1.12232,1.12961,1.12223,1.12752,284014
2016-06-20,1.1328,1.13821,1.13015,1.13121,300022
2016-06-21,1.13097,1.13492,1.12407,1.12439,265496
2016-06-22,1.12393,1.13372,1.1236,1.12947,256999
2016-06-23,1.12944,1.14208,1.12929,1.13791,311563
2016-06-24,1.13771,1.14278,1.09094,1.1091199999999999,720681
2016-06-27,1.10053,1.10833,1.097,1.10237,488385
2016-06-28,1.1021,1.11112,1.10094,1.10647,336159
2016-06-29,1.10663,1.113,1.10484,1.11235,329987
2016-06-30,1.11217,1.11541,1.10233,1.11048,386567
2016-07-01,1.11023,1.11689,1.10713,1.11361,285949
2016-07-04,1.11246,1.11591,1.10971,1.11532,180993
2016-07-05,1.11517,1.11862,1.10617,1.1075,265400
2016-07-06,1.10748,1.11112,1.10282,1.10989,338424
2016-07-07,1.10983,1.11069,1.10518,1.10601,267540
2016-07-08,1.10596,1.11199,1.10011,1.10497,270714
2016-07-11,1.10443,1.10743,1.1015,1.10568,250680
2016-07-12,1.10557,1.1126,1.10513,1.10604,292378
2016-07-13,1.10565,1.11195,1.10414,1.10883,273683
2016-07-14,1.10867,1.11644,1.1085,1.11191,311035
2016-07-15,1.11157,1.11486,1.10234,1.10244,294231
2016-07-18,1.10476,1.10839,1.10368,1.10748,226563
2016-07-19,1.10735,1.10801,1.09991,1.10189,223164
2016-07-20,1.10174,1.10298,1.09806,1.10129,220983
2016-07-21,1.10122,1.106,1.09788,1.10237,279904
2016-07-22,1.10225,1.10406,1.09547,1.09747,235274
2016-07-25,1.09725,1.09986,1.09513,1.09942,190688
2016-07-26,1.09927,1.10294,1.09776,1.09855,206302
2016-07-27,1.09821,1.10647,1.09314,1.10583,252428
2016-07-28,1.1056300000000001,1.11191,1.10512,1.10757,237325
2016-07-29,1.10735,1.11972,1.10719,1.11743,293606
2016-08-01,1.11718,1.11831,1.11545,1.11614,194253
2016-08-02,1.11596,1.12334,1.11573,1.12209,221949
2016-08-03,1.12198,1.12265,1.114,1.11474,191414
2016-08-04,1.11477,1.11561,1.11131,1.11282,216039
2016-08-05,1.1125099999999999,1.11608,1.1045,1.10867,204320
2016-08-08,1.10791,1.11046,1.10714,1.10878,164918
2016-08-09,1.10866,1.11221,1.10697,1.11169,178164
2016-08-10,1.11118,1.11898,1.11112,1.11744,207700
2016-08-11,1.11744,1.11911,1.11345,1.11354,201505
2016-08-12,1.11356,1.12209,1.11306,1.11634,213260
2016-08-15,1.11663,1.12032,1.11527,1.11825,165935
2016-08-16,1.11814,1.13221,1.11767,1.12772,265713
2016-08-17,1.12766,1.13155,1.12397,1.12874,240488
2016-08-18,1.12837,1.1366100000000001,1.12837,1.13536,258429
2016-08-19,1.13506,1.13591,1.13034,1.1323699999999999,227955
2016-08-22,1.13057,1.13302,1.12703,1.1319,221318
2016-08-23,1.1318,1.13548,1.13024,1.13041,206723
2016-08-24,1.13042,1.13111,1.12445,1.12628,223367
2016-08-25,1.12622,1.1297,1.12585,1.12833,167719
2016-08-26,1.12748,1.13406,1.11798,1.11856,280954
2016-08-29,1.11767,1.12074,1.11573,1.11889,203627
2016-08-30,1.11871,1.1192,1.11314,1.11418,203016
2016-08-31,1.11398,1.1165,1.11225,1.11571,224686
2016-09-01,1.11563,1.12048,1.11269,1.11957,230957
2016-09-02,1.11927,1.1252,1.11449,1.11449,271892
2016-09-05,1.1156,1.11819,1.11383,1.11458,161714
2016-09-06,1.11458,1.1262699999999999,1.11401,1.12555,237723
2016-09-07,1.12528,1.1271,1.12281,1.12385,228030
2016-09-08,1.12353,1.13266,1.12337,1.12607,281465
2016-09-09,1.1258,1.12849,1.11977,1.12235,248931
2016-09-12,1.12337,1.1268,1.12096,1.12349,275231
2016-09-13,1.12328,1.12601,1.12032,1.12182,262389
2016-09-14,1.12183,1.12737,1.1209500000000001,1.1249500000000001,236066
2016-09-15,1.12451,1.1284,1.12184,1.12435,263654
2016-09-16,1.12408,1.12497,1.11489,1.11535,257950
2016-09-19,1.11516,1.11975,1.1149499999999999,1.11731,190462
2016-09-20,1.11727,1.12131,1.11487,1.11501,227108
2016-09-21,1.11486,1.11962,1.11223,1.11878,296751
2016-09-22,1.1186099999999999,1.12569,1.11841,1.12068,229903
2016-09-23,1.12068,1.12403,1.11931,1.12149,210441
2016-09-26,1.12289,1.12788,1.12203,1.12524,205079
2016-09-27,1.12525,1.12586,1.11903,1.12137,232001
2016-09-28,1.12073,1.12365,1.11811,1.12163,230917
2016-09-29,1.12155,1.12496,1.11961,1.1221,249789
2016-09-30,1.12196,1.12503,1.11527,1.12399,322221
2016-10-03,1.12276,1.12439,1.12045,1.12096,195110
2016-10-04,1.1209,1.12384,1.1137299999999999,1.12042,291707
2016-10-05,1.12016,1.1233,1.1189,1.12031,241121
2016-10-06,1.1204,1.12121,1.11391,1.11493,240478
2016-10-07,1.11481,1.12048,1.11037,1.11931,376397
2016-10-10,1.11788,1.12028,1.11304,1.1139000000000001,215373
2016-10-11,1.11358,1.11419,1.10482,1.1053,288252
2016-10-12,1.10513,1.10673,1.10037,1.10046,295279
2016-10-13,1.10053,1.10573,1.09847,1.10547,257769
2016-10-14,1.10537,1.10582,1.09698,1.09711,255211
2016-10-17,1.09671,1.10076,1.09631,1.09985,192659
2016-10-18,1.09988,1.10263,1.09697,1.09794,195648
2016-10-19,1.09804,1.10044,1.09542,1.09735,199324
2016-10-20,1.0972,1.10388,1.09152,1.09285,227254
2016-10-21,1.09276,1.09293,1.08586,1.0873599999999999,197944
2016-10-24,1.08813,1.08993,1.08589,1.08812,174273
2016-10-25,1.08806,1.09045,1.08504,1.0888,215894
2016-10-26,1.08862,1.09462,1.0873599999999999,1.09069,200438
2016-10-27,1.09061,1.09418,1.08818,1.08945,214495
2016-10-28,1.08947,1.09915,1.08911,1.09745,236229
2016-10-31,1.09898,1.09907,1.09352,1.09762,187384
2016-11-01,1.09785,1.10686,1.09592,1.10564,212900
2016-11-02,1.1053,1.11228,1.1049,1.10946,252211
2016-11-03,1.10931,1.11255,1.10589,1.1105,244781
2016-11-04,1.1103,1.11405,1.1078999999999999,1.11375,167364
2016-11-07,1.10552,1.11099,1.10266,1.10395,223638
2016-11-08,1.10397,1.10667,1.1008,1.10257,193677
2016-11-09,1.10238,1.12991,1.09063,1.09077,625761
2016-11-10,1.09069,1.09533,1.08642,1.08907,267642
2016-11-11,1.08905,1.09229,1.08296,1.08503,323074
2016-11-14,1.083,1.08403,1.07085,1.07358,379925
2016-11-15,1.07344,1.08161,1.07134,1.07215,308998
2016-11-16,1.0719,1.07592,1.06654,1.06898,280465
2016-11-17,1.06891,1.07453,1.06192,1.06241,303550
2016-11-18,1.06215,1.06425,1.05685,1.05826,347891
2016-11-21,1.05904,1.06488,1.0578,1.06264,324375
2016-11-22,1.06261,1.06575,1.05829,1.06243,303209
2016-11-23,1.0623,1.06433,1.05254,1.05516,290007
2016-11-24,1.05488,1.05849,1.05173,1.05517,251893
2016-11-25,1.05463,1.0627,1.05291,1.05772,296399
2016-11-28,1.06052,1.06854,1.05629,1.06122,336204
2016-11-29,1.06127,1.06542,1.05642,1.06487,302336
2016-11-30,1.0646,1.06662,1.05518,1.0587,372969
2016-12-01,1.05867,1.06683,1.05839,1.06596,328019
2016-12-02,1.06572,1.06896,1.06245,1.06538,290882
2016-12-05,1.06599,1.07959,1.0504,1.07631,421120
2016-12-06,1.07616,1.0785,1.06976,1.07177,249272
2016-12-07,1.07154,1.07679,1.07091,1.07513,202257
2016-12-08,1.07512,1.08734,1.05965,1.06121,338973
2016-12-09,1.06118,1.06293,1.05302,1.05515,245632
2016-12-12,1.053,1.06513,1.05246,1.06336,254391
2016-12-13,1.06338,1.06667,1.0603,1.06244,242363
2016-12-14,1.06228,1.06698,1.04953,1.0534,301946
2016-12-15,1.05317,1.05389,1.03657,1.04126,405098
2016-12-16,1.04111,1.04738,1.04001,1.04401,288367
2016-12-19,1.04377,1.04791,1.03917,1.0401,257433
2016-12-20,1.04008,1.04175,1.03515,1.03867,233889
2016-12-21,1.03851,1.04509,1.03815,1.04228,210718
2016-12-22,1.04214,1.04989,1.04214,1.04355,225502
2016-12-23,1.04355,1.047,1.04258,1.047,144789
2016-12-26,1.04343,1.0467,1.03249,1.04491,232289
2016-12-27,1.04494,1.0463,1.04315,1.04566,142307
2016-12-28,1.04533,1.04795,1.03714,1.04102,188712
2016-12-29,1.04162,1.04936,1.04073,1.04892,230331
2016-12-30,1.0486,1.06522,1.04825,1.05068,314185
2017-01-02,1.05117,1.05275,1.0448,1.04519,222577
2017-01-03,1.04491,1.04898,1.03395,1.04044,282288
2017-01-04,1.04031,1.04996,1.03891,1.04871,279327
2017-01-05,1.04861,1.06149,1.04799,1.06055,362631
2017-01-06,1.0603,1.06213,1.05235,1.05235,294849
2017-01-09,1.05277,1.05826,1.05101,1.0572300000000001,245263
2017-01-10,1.05726,1.06268,1.05502,1.05534,296100
2017-01-11,1.05526,1.06226,1.04529,1.05818,376568
2017-01-12,1.05802,1.06844,1.05707,1.06109,377882
2017-01-13,1.06093,1.06742,1.05956,1.0642,294298
2017-01-16,1.06038,1.06355,1.0578400000000001,1.05946,256752
2017-01-17,1.05943,1.0719,1.0592,1.0712,392404
2017-01-18,1.07094,1.0715,1.06259,1.06286,300775
2017-01-19,1.06279,1.06763,1.05885,1.06627,360637
2017-01-20,1.0661100000000001,1.0709,1.06244,1.06982,341985
2017-01-23,1.06992,1.07688,1.0693,1.07631,315023
2017-01-24,1.07619,1.07745,1.07196,1.0731,275372
2017-01-25,1.07277,1.07694,1.07107,1.07465,272506
2017-01-26,1.07458,1.07653,1.06569,1.0681,287962
2017-01-27,1.06797,1.07247,1.06576,1.06968,254756
2017-01-30,1.07183,1.07399,1.06195,1.0692,266094
2017-01-31,1.06909,1.0812,1.0684,1.07968,351200
2017-02-01,1.07955,1.0807,1.07297,1.07675,302720
2017-02-02,1.07657,1.08284,1.07552,1.07569,323979
2017-02-03,1.07566,1.07973,1.07105,1.07789,293808
2017-02-06,1.07825,1.07906,1.07049,1.07488,285147
2017-02-07,1.07483,1.07492,1.06554,1.0682,278902
2017-02-08,1.06796,1.07138,1.06399,1.06969,289304
2017-02-09,1.06966,1.07092,1.06502,1.06541,273633
2017-02-10,1.06535,1.06674,1.0607,1.0637699999999999,275957
2017-02-13,1.06321,1.06581,1.05912,1.05972,239501
2017-02-14,1.05949,1.06331,1.05601,1.05764,276553
2017-02-15,1.05739,1.0609,1.05206,1.05991,286319
2017-02-16,1.0598,1.0679,1.05903,1.06727,286651
2017-02-17,1.0671,1.06762,1.06046,1.06056,249506
2017-02-20,1.06026,1.06326,1.06008,1.06103,185445
2017-02-21,1.061,1.06149,1.0525,1.05349,245843
2017-02-22,1.05343,1.05737,1.04929,1.05573,286896
2017-02-23,1.05553,1.05949,1.05369,1.05804,242104
2017-02-24,1.05776,1.06176,1.05513,1.05513,240328
2017-02-27,1.05591,1.06304,1.0551,1.05851,240015
2017-02-28,1.05843,1.06298,1.05665,1.05757,265175
2017-03-01,1.05755,1.0589,1.05134,1.05459,325796
2017-03-02,1.0544,1.05512,1.04942,1.05059,246602
2017-03-03,1.0506,1.06236,1.05015,1.06166,286078
2017-03-06,1.06083,1.06397,1.05739,1.05803,228249
2017-03-07,1.0581,1.06022,1.05575,1.05655,218365
2017-03-08,1.05648,1.05738,1.05341,1.05392,252829
2017-03-09,1.0539,1.06151,1.05243,1.05756,316305
2017-03-10,1.05737,1.06988,1.05717,1.06712,307471
2017-03-13,1.06713,1.07141,1.06514,1.06535,284154
2017-03-14,1.06511,1.06624,1.05993,1.06077,252784
2017-03-15,1.0602800000000001,1.07397,1.06018,1.0735999999999999,296248
2017-03-16,1.07306,1.07738,1.0705,1.07715,321407
2017-03-17,1.0764,1.07821,1.07269,1.07362,262460
2017-03-20,1.07326,1.0777,1.07244,1.07363,204872
2017-03-21,1.07384,1.0819,1.07184,1.0806,288232
2017-03-22,1.0809,1.08245,1.07753,1.07919,279317
2017-03-23,1.07961,1.08047,1.07674,1.07822,261785
2017-03-24,1.07816,1.08178,1.07595,1.07957,240002
2017-03-27,1.08359,1.09057,1.08264,1.08638,241003
2017-03-28,1.0863,1.08723,1.07982,1.08123,217005
2017-03-29,1.08115,1.08263,1.07392,1.0764,238052
2017-03-30,1.07644,1.07695,1.06712,1.0674,229582
2017-03-31,1.0673300000000001,1.07017,1.06462,1.06462,237013
2017-04-03,1.06559,1.06807,1.06417,1.06683,198660
2017-04-04,1.06683,1.0677,1.06349,1.0672,185800
2017-04-05,1.06712,1.06887,1.06343,1.06624,212740
2017-04-06,1.06614,1.0683799999999999,1.06283,1.06434,214263
2017-04-07,1.06432,1.06664,1.058,1.05884,259643
2017-04-10,1.05865,1.06063,1.05692,1.05947,171092
2017-04-11,1.05943,1.06299,1.05779,1.06037,186122
2017-04-12,1.06032,1.06749,1.05882,1.06633,201913
2017-04-13,1.0663,1.06773,1.06084,1.06122,192323
2017-04-14,1.06118,1.06294,1.06051,1.06096,113682
2017-04-17,1.06102,1.06701,1.06022,1.06411,126554
2017-04-18,1.06411,1.07357,1.06365,1.07302,217165
2017-04-19,1.07291,1.07366,1.06992,1.07094,173930
2017-04-20,1.07098,1.07773,1.07075,1.07161,180864
2017-04-21,1.07158,1.07378,1.06816,1.07266,179808
2017-04-24,1.09183,1.09183,1.08201,1.08667,285001
2017-04-25,1.08654,1.09497,1.08507,1.09245,210777
2017-04-26,1.09244,1.09506,1.08551,1.09033,253540
2017-04-27,1.09025,1.09325,1.08509,1.0872,237930
2017-04-28,1.08702,1.09471,1.08562,1.08921,226671
2017-05-01,1.09091,1.09234,1.08833,1.08985,119924
2017-05-02,1.08975,1.09328,1.08874,1.09317,178425
2017-05-03,1.09285,1.09365,1.08821,1.08839,207260
2017-05-04,1.08838,1.09869,1.08742,1.09837,260247
2017-05-05,1.09834,1.09989,1.09476,1.09863,238336
2017-05-08,1.10186,1.10211,1.09155,1.09236,248115
2017-05-09,1.09224,1.09331,1.08627,1.08729,236756
2017-05-10,1.08729,1.08979,1.08525,1.08672,220440
2017-05-11,1.0866,1.08927,1.08384,1.08611,204294
2017-05-12,1.086,1.09341,1.08549,1.09268,203303
2017-05-15,1.09278,1.09892,1.09219,1.09748,188432
2017-05-16,1.0971899999999999,1.1097,1.0971899999999999,1.10825,245001
2017-05-17,1.10818,1.11618,1.10789,1.11583,293005
2017-05-18,1.11584,1.11716,1.1075,1.11027,350739
2017-05-19,1.11009,1.12115,1.10957,1.1174,238530
2017-05-22,1.11934,1.12631,1.1160700000000001,1.12371,234698
2017-05-23,1.12347,1.1268,1.11743,1.11825,293653
2017-05-24,1.11813,1.12198,1.1167799999999999,1.12184,267717
2017-05-25,1.12169,1.12502,1.11928,1.12101,217187
2017-05-26,1.12091,1.12342,1.11598,1.11733,222211
2017-05-29,1.11682,1.11896,1.11611,1.11627,124991
2017-05-30,1.11616,1.12051,1.11086,1.11855,241384
2017-05-31,1.11853,1.1252,1.11638,1.1243,248110
2017-06-01,1.12425,1.12564,1.12015,1.12121,206206
2017-06-02,1.12111,1.12848,1.12044,1.12784,224303
2017-06-05,1.12697,1.12835,1.12336,1.12536,167578
2017-06-06,1.12534,1.12837,1.12397,1.12764,201874
2017-06-07,1.12758,1.12824,1.1203400000000001,1.12563,227328
2017-06-08,1.12531,1.12691,1.1194,1.12122,292619
2017-06-09,1.12118,1.12365,1.11657,1.11935,330126
2017-06-12,1.12056,1.12318,1.1191200000000001,1.12039,223700
2017-06-13,1.12015,1.12247,1.11845,1.121,204616
2017-06-14,1.12093,1.12954,1.11924,1.12173,319809
2017-06-15,1.12155,1.12283,1.11314,1.11449,252340
2017-06-16,1.11443,1.12014,1.11379,1.11961,189235
2017-06-19,1.12044,1.12125,1.11424,1.11476,173472
2017-06-20,1.11479,1.11647,1.11182,1.11337,204430
2017-06-21,1.11335,1.11687,1.11267,1.11682,173483
2017-06-22,1.11673,1.11777,1.11387,1.11509,162706
2017-06-23,1.11513,1.12087,1.11446,1.11928,145421
2017-06-26,1.11962,1.12195,1.11709,1.1181,171842
2017-06-27,1.11803,1.1349,1.11782,1.13379,270434
2017-06-28,1.13377,1.13901,1.12909,1.13762,285622
2017-06-29,1.13765,1.14451,1.1372200000000001,1.14396,266102
2017-06-30,1.14397,1.14449,1.1391499999999999,1.14254,254584
2017-07-03,1.14162,1.14264,1.13543,1.13641,187573
2017-07-04,1.13634,1.13766,1.13353,1.13438,167726
2017-07-05,1.13432,1.13682,1.13118,1.13495,222537
2017-07-06,1.13504,1.14243,1.13269,1.14216,225992
2017-07-07,1.14221,1.14395,1.13789,1.13954,231896
2017-07-10,1.1396,1.14177,1.13809,1.13985,159276
2017-07-11,1.13972,1.1479300000000001,1.1381999999999999,1.14659,200982
2017-07-12,1.14643,1.1489099999999999,1.13908,1.14127,267382
2017-07-13,1.14103,1.14556,1.13696,1.1396600000000001,246416
2017-07-14,1.13957,1.14718,1.13908,1.14666,222799
2017-07-17,1.14726,1.14866,1.14341,1.14777,192147
2017-07-18,1.1476899999999999,1.1583,1.1470799999999999,1.15538,295368
2017-07-19,1.15523,1.1555900000000001,1.15092,1.15152,201925
2017-07-20,1.15133,1.1657899999999999,1.14786,1.16303,322782
2017-07-21,1.16283,1.16825,1.16183,1.16623,234757
2017-07-24,1.16586,1.1684,1.16248,1.16417,215093
2017-07-25,1.16428,1.17122,1.1630099999999999,1.16464,246712
2017-07-26,1.16476,1.17394,1.16119,1.17262,276722
2017-07-27,1.17324,1.17765,1.16493,1.16757,298724
2017-07-28,1.16761,1.17638,1.16704,1.17494,268674
2017-07-31,1.17468,1.18449,1.17224,1.18397,245788
2017-08-01,1.184,1.18435,1.17843,1.18021,251618
2017-08-02,1.17993,1.191,1.1792799999999999,1.18545,247256
2017-08-03,1.1853799999999999,1.18926,1.18299,1.18706,233989
2017-08-04,1.1868400000000001,1.18889,1.17276,1.17719,236570
2017-08-07,1.17705,1.18139,1.17679,1.17949,173441
2017-08-08,1.17934,1.18235,1.17145,1.17527,211578
2017-08-09,1.17485,1.17635,1.16882,1.17578,263135
2017-08-10,1.1756,1.1785,1.17034,1.17725,246355
2017-08-11,1.17702,1.18468,1.17479,1.18189,236976
2017-08-14,1.18211,1.1838,1.17691,1.17811,198880
2017-08-15,1.17776,1.17923,1.16863,1.17341,247115
2017-08-16,1.17331,1.17783,1.16809,1.17667,260279
2017-08-17,1.17644,1.17897,1.1661299999999999,1.17228,286154
2017-08-18,1.17198,1.17741,1.17077,1.17578,254513
2017-08-21,1.17553,1.18277,1.17303,1.18151,172041
2017-08-22,1.1814,1.18239,1.17444,1.17611,186699
2017-08-23,1.17598,1.1823,1.17395,1.18086,193212
2017-08-24,1.18056,1.18175,1.17834,1.17993,186051
2017-08-25,1.18,1.19411,1.17723,1.19209,255210
2017-08-28,1.19404,1.19834,1.19162,1.19775,187959
2017-08-29,1.19769,1.20699,1.19456,1.19786,338831
2017-08-30,1.19698,1.19839,1.18799,1.18819,264844
2017-08-31,1.18824,1.19123,1.1822300000000001,1.19039,267847
2017-09-01,1.19061,1.19795,1.18481,1.18627,281886
2017-09-04,1.18817,1.19217,1.18729,1.18934,195184
2017-09-05,1.18936,1.19404,1.18675,1.19165,267756
2017-09-06,1.19114,1.195,1.19021,1.19187,271948
2017-09-07,1.19157,1.20593,1.19134,1.20233,330987
2017-09-08,1.20202,1.2092100000000001,1.20139,1.20337,323879
2017-09-11,1.2014,1.20292,1.1947,1.19524,223562
2017-09-12,1.19516,1.19781,1.19254,1.19662,228486
2017-09-13,1.19652,1.19949,1.18722,1.18848,263387
2017-09-14,1.18809,1.19223,1.18373,1.19187,276883
2017-09-15,1.1917,1.19867,1.19001,1.19447,271445
2017-09-18,1.19201,1.19693,1.19143,1.1952099999999999,201824
2017-09-19,1.19515,1.20065,1.19481,1.19935,249707
2017-09-20,1.1992,1.2033,1.18607,1.18926,293982
2017-09-21,1.18909,1.19535,1.1865,1.19407,269560
2017-09-22,1.1938900000000001,1.20045,1.19351,1.19465,244401
2017-09-25,1.18974,1.19366,1.18312,1.18472,253589
2017-09-26,1.18461,1.18615,1.17565,1.17925,270669
2017-09-27,1.17907,1.1795200000000001,1.17165,1.17444,265685
2017-09-28,1.17437,1.1804000000000001,1.17204,1.17858,251091
2017-09-29,1.1785,1.18324,1.17719,1.18131,229913
2017-10-02,1.17893,1.18151,1.17294,1.17326,211269
2017-10-03,1.1730800000000001,1.1773500000000001,1.16954,1.17434,200143
2017-10-04,1.17423,1.17876,1.17344,1.1758899999999999,197265
2017-10-05,1.17586,1.17788,1.16984,1.17106,191597
2017-10-06,1.17095,1.17387,1.16686,1.1729,233477
2017-10-09,1.17271,1.17561,1.17188,1.17402,106111
2017-10-10,1.17382,1.18253,1.17382,1.1807699999999999,204533
2017-10-11,1.18064,1.1869,1.17945,1.18581,205627
2017-10-12,1.1858,1.18797,1.18262,1.1829399999999999,179023
2017-10-13,1.1827,1.18749,1.18047,1.18195,201173
2017-10-16,1.18105,1.18194,1.17799,1.1795200000000001,159774
2017-10-17,1.17954,1.18,1.17355,1.17659,167117
2017-10-18,1.17656,1.18053,1.17294,1.17872,180378
2017-10-19,1.17864,1.18578,1.17672,1.18508,221602
2017-10-20,1.18512,1.18579,1.17619,1.17811,222759
2017-10-23,1.1764000000000001,1.17774,1.17244,1.17487,162404
2017-10-24,1.17476,1.17929,1.17421,1.17606,174350
2017-10-25,1.17597,1.18176,1.17524,1.18126,226586
2017-10-26,1.1811099999999999,1.18367,1.16397,1.16503,250455
2017-10-27,1.16504,1.16568,1.15735,1.16075,243121
2017-10-30,1.16045,1.16578,1.15932,1.16505,163981
2017-10-31,1.16493,1.16612,1.16244,1.1645699999999999,158459
2017-11-01,1.16442,1.16573,1.1605699999999999,1.16184,186233
2017-11-02,1.16165,1.16867,1.16123,1.16559,226370
2017-11-03,1.1656900000000001,1.16906,1.15984,1.16066,183334
2017-11-06,1.1612,1.16241,1.15796,1.16089,170394
2017-11-07,1.1609,1.16157,1.15534,1.15854,184043
2017-11-08,1.15852,1.1611,1.15784,1.15943,151002
2017-11-09,1.15937,1.16548,1.1585,1.16411,204096
2017-11-10,1.16372,1.16779,1.16221,1.16637,152010
2017-11-13,1.16571,1.1675200000000001,1.16368,1.16667,148994
2017-11-14,1.16658,1.18048,1.16609,1.17974,210867
2017-11-15,1.1795200000000001,1.18603,1.17841,1.17903,250105
2017-11-16,1.17904,1.18008,1.1756199999999999,1.17695,217642
2017-11-17,1.1770100000000001,1.18217,1.17647,1.17884,232456
2017-11-20,1.1783,1.18085,1.17215,1.1733,244592
2017-11-21,1.17326,1.17577,1.17122,1.17378,187973
2017-11-22,1.17374,1.18269,1.17315,1.18218,195335
2017-11-23,1.18175,1.1856,1.18126,1.18486,139388
2017-11-24,1.18462,1.19443,1.18361,1.19287,185302
2017-11-27,1.19249,1.19611,1.1895,1.18978,208054
2017-11-28,1.18936,1.19199,1.18264,1.18372,264821
2017-11-29,1.18358,1.18827,1.18161,1.18468,240222
2017-11-30,1.18456,1.19315,1.18083,1.19035,261509
2017-12-01,1.1902,1.19403,1.18502,1.18919,353571
2017-12-04,1.18615,1.18786,1.18286,1.18656,220633
2017-12-05,1.1864,1.18766,1.18001,1.18261,230148
2017-12-06,1.18255,1.1848,1.178,1.17948,216277
2017-12-07,1.17935,1.18147,1.1771099999999999,1.17719,192161
2017-12-08,1.17718,1.17765,1.17295,1.17731,230474
2017-12-11,1.17632,1.18118,1.17631,1.17685,182508
2017-12-12,1.17694,1.17927,1.17169,1.1741,197029
2017-12-13,1.17408,1.18315,1.17287,1.1825700000000001,237658
2017-12-14,1.1825,1.18625,1.1770100000000001,1.17773,292156
2017-12-15,1.17769,1.18124,1.17482,1.17505,243836
2017-12-18,1.17412,1.18344,1.17368,1.17812,239449
2017-12-19,1.17804,1.18486,1.17759,1.18385,274366
2017-12-20,1.1839,1.19017,1.1828400000000001,1.18702,267163
2017-12-21,1.18709,1.18896,1.18488,1.18724,244237
2017-12-22,1.18722,1.18754,1.1816200000000001,1.1863,264564
2017-12-26,1.18647,1.18785,1.1846,1.18579,99319
2017-12-27,1.18573,1.19103,1.18545,1.18865,215847
2017-12-28,1.18947,1.19589,1.18944,1.19422,205468
2017-12-29,1.19419,1.20255,1.19356,1.20045,217836
2018-01-02,1.20092,1.20812,1.20006,1.20579,243359
2018-01-03,1.20577,1.20661,1.20006,1.20142,252041
2018-01-04,1.20137,1.20889,1.20037,1.20678,281516
2018-01-05,1.20665,1.20828,1.20201,1.20298,243651
2018-01-08,1.20263,1.20523,1.19552,1.19669,207142
2018-01-09,1.19677,1.19756,1.19152,1.19364,237145
2018-01-10,1.19356,1.20181,1.19226,1.19474,339591
2018-01-11,1.19467,1.20588,1.19288,1.2031399999999999,344391
2018-01-12,1.20328,1.2218499999999999,1.20303,1.22,408310
2018-01-15,1.21943,1.22965,1.2187000000000001,1.22626,333127
2018-01-16,1.22628,1.22834,1.21945,1.22595,361851
2018-01-17,1.22598,1.23231,1.21765,1.2184300000000001,434761
2018-01-18,1.21857,1.22648,1.21646,1.22369,370987
2018-01-19,1.22356,1.22954,1.22145,1.22224,362724
2018-01-22,1.2269,1.22708,1.22133,1.22615,291652
2018-01-23,1.22605,1.23062,1.22226,1.22983,338941
2018-01-24,1.2298,1.24149,1.22912,1.2407,413387
2018-01-25,1.2408299999999999,1.25378,1.23634,1.23926,643270
2018-01-26,1.23915,1.24938,1.23695,1.24264,508076
2018-01-29,1.24223,1.24321,1.23363,1.23813,420430
2018-01-30,1.23805,1.2454,1.23345,1.24021,426288
2018-01-31,1.24021,1.24748,1.23865,1.24132,496789
2018-02-01,1.241,1.2522,1.23848,1.25078,435512
2018-02-02,1.2511700000000001,1.2518099999999999,1.24089,1.2456,467390
2018-02-05,1.24352,1.24749,1.2361900000000001,1.23665,489201
2018-02-06,1.23659,1.24346,1.23133,1.2376800000000001,691969
2018-02-07,1.23748,1.2406,1.22452,1.22627,443467
2018-02-08,1.22598,1.22948,1.22115,1.22467,565247
2018-02-09,1.22446,1.22873,1.22051,1.22498,532129
2018-02-12,1.22443,1.22973,1.22345,1.22906,340514
2018-02-13,1.22885,1.2371,1.22839,1.23501,357104
2018-02-14,1.23498,1.24651,1.22752,1.24494,482702
2018-02-15,1.24485,1.25102,1.24474,1.25062,420281
2018-02-16,1.25026,1.2555399999999999,1.23929,1.24105,423503
2018-02-19,1.24007,1.24352,1.23685,1.2407,278741
2018-02-20,1.24035,1.24123,1.23191,1.23367,365850
2018-02-21,1.23353,1.23598,1.22805,1.22822,426376
2018-02-22,1.2282899999999999,1.23521,1.22591,1.23292,372664
2018-02-23,1.23279,1.23369,1.22793,1.22935,297437
2018-02-26,1.22936,1.2355,1.22779,1.23167,296812
2018-02-27,1.2315800000000001,1.23464,1.2221,1.22325,358957
2018-02-28,1.22323,1.22416,1.21873,1.21929,334498
2018-03-01,1.2193,1.22733,1.21545,1.22651,395328
2018-03-02,1.22613,1.23359,1.22509,1.23184,373927
2018-03-05,1.23276,1.23645,1.22684,1.23353,358550
2018-03-06,1.23345,1.24201,1.23275,1.24033,329448
2018-03-07,1.24034,1.24448,1.23842,1.2410700000000001,362552
2018-03-08,1.24098,1.24462,1.2297500000000001,1.23103,365995
2018-03-09,1.2309,1.23342,1.22725,1.23053,315036
2018-03-12,1.2309700000000001,1.23456,1.22898,1.23346,266053
2018-03-13,1.2337500000000001,1.24074,1.2314,1.23911,340620
2018-03-14,1.23898,1.24125,1.23466,1.2368000000000001,327685
2018-03-15,1.23663,1.23836,1.22997,1.23044,334233
2018-03-16,1.2304,1.23362,1.22595,1.22889,284630
2018-03-19,1.22802,1.23588,1.2257500000000001,1.2334100000000001,317849
2018-03-20,1.23343,1.23547,1.22393,1.22435,300563
2018-03-21,1.22409,1.23498,1.2240199999999999,1.23385,350717
2018-03-22,1.2337500000000001,1.23885,1.22848,1.23056,397122
2018-03-23,1.23003,1.23733,1.22992,1.23514,365733
2018-03-26,1.23481,1.24615,1.23477,1.24431,302866
2018-03-27,1.24484,1.24763,1.2371699999999999,1.2402,335478
2018-03-28,1.24015,1.24216,1.22996,1.2307299999999999,348870
2018-03-29,1.2307,1.23358,1.22834,1.23001,308044
2018-03-30,1.22993,1.23304,1.22866,1.23218,99288
2018-04-02,1.23187,1.2345,1.22811,1.23016,180838
2018-04-03,1.23008,1.2336,1.22531,1.22699,291497
2018-04-04,1.22676,1.23147,1.22564,1.22777,254208
2018-04-05,1.22774,1.22903,1.22178,1.22401,237365
2018-04-06,1.22386,1.22908,1.22145,1.22809,336883
2018-04-09,1.22808,1.23309,1.22596,1.23204,276193
2018-04-10,1.23181,1.23776,1.23023,1.23557,275991
2018-04-11,1.23545,1.23964,1.2346300000000001,1.23669,271329
2018-04-12,1.23655,1.23798,1.22988,1.23261,275972
2018-04-13,1.23255,1.23459,1.23064,1.2328999999999999,227069
2018-04-16,1.23245,1.23945,1.23231,1.23792,207206
2018-04-17,1.23791,1.24137,1.23356,1.23692,211270
2018-04-18,1.23702,1.23971,1.23415,1.23734,236282
2018-04-19,1.23731,1.24002,1.23286,1.23453,275176
2018-04-20,1.23442,1.23529,1.22496,1.22873,251041
2018-04-23,1.22721,1.22895,1.2197,1.22083,249725
2018-04-24,1.22075,1.2245,1.21812,1.22318,267562
2018-04-25,1.22309,1.22387,1.216,1.21605,255537
2018-04-26,1.21607,1.22099,1.2095799999999999,1.21031,310940
2018-04-27,1.21027,1.21329,1.20548,1.21293,273018
2018-04-30,1.21245,1.21387,1.20637,1.20774,255139
2018-05-01,1.20746,1.2084,1.1981,1.1992099999999999,231908
2018-05-02,1.19916,1.20316,1.19373,1.19503,314227
2018-05-03,1.19499,1.20088,1.19471,1.19878,288171
2018-05-04,1.19869,1.19954,1.19108,1.1960899999999999,220580
2018-05-07,1.19515,1.1978,1.1897199999999999,1.19218,162494
2018-05-08,1.1922,1.19387,1.18375,1.1864,287066
2018-05-09,1.18621,1.18969,1.18221,1.1850100000000001,271307
2018-05-10,1.18488,1.19465,1.18425,1.19149,340266
2018-05-11,1.19135,1.19679,1.18906,1.19417,247684
2018-05-14,1.1937,1.19961,1.19259,1.19262,232140
2018-05-15,1.19247,1.19385,1.1819600000000001,1.18374,316002
2018-05-16,1.1837900000000001,1.18543,1.1763,1.18069,363169
2018-05-17,1.1806,1.18374,1.1776,1.17931,316166
2018-05-18,1.17935,1.18221,1.17493,1.17705,254796
2018-05-21,1.1766,1.17957,1.17161,1.17911,233071
2018-05-22,1.17878,1.18297,1.17559,1.1778,289116
2018-05-23,1.17788,1.17896,1.16753,1.16951,391697
2018-05-24,1.1694499999999999,1.17503,1.16902,1.17192,341954
2018-05-25,1.17195,1.1733500000000001,1.16451,1.16492,324539
2018-05-28,1.16826,1.1728399999999999,1.16068,1.16238,279938
2018-05-29,1.16235,1.1639599999999999,1.15096,1.15391,509196
2018-05-30,1.15307,1.1676199999999999,1.15181,1.16622,479814
2018-05-31,1.16602,1.17244,1.16406,1.16906,429636
2018-06-01,1.16868,1.17179,1.16164,1.16596,398676
2018-06-04,1.1655,1.17445,1.1655,1.16978,325508
2018-06-05,1.16982,1.17321,1.16521,1.17167,361319
2018-06-06,1.17117,1.17956,1.17112,1.1773500000000001,343017
2018-06-07,1.1774499999999999,1.18398,1.17721,1.1797900000000001,368284
2018-06-08,1.17978,1.18103,1.17265,1.17693,318846
2018-06-11,1.17734,1.18204,1.17705,1.17828,266348
2018-06-12,1.17816,1.1809,1.17329,1.17454,317903
2018-06-13,1.17436,1.18008,1.17248,1.17912,315438
2018-06-14,1.17905,1.18519,1.15628,1.15659,400705
2018-06-15,1.1565699999999999,1.1627,1.15428,1.1607,354347
2018-06-18,1.15875,1.16242,1.15648,1.16222,246845
2018-06-19,1.16219,1.16443,1.15302,1.15877,382119
2018-06-20,1.15877,1.15999,1.15359,1.15704,317687
2018-06-21,1.15694,1.1633499999999999,1.15078,1.16025,402522
2018-06-22,1.15984,1.16749,1.15984,1.16539,365953
2018-06-25,1.16614,1.1713,1.1628,1.17027,343356
2018-06-26,1.17026,1.17205,1.16344,1.1646,376463
2018-06-27,1.16453,1.16721,1.154,1.15524,408287
2018-06-28,1.15515,1.16006,1.15266,1.15679,422009
2018-06-29,1.15665,1.16903,1.15575,1.16831,447960
2018-07-02,1.16841,1.169,1.15907,1.16388,281556
2018-07-03,1.16384,1.16731,1.162,1.1655,279934
2018-07-04,1.16546,1.16817,1.163,1.16555,212626
2018-07-05,1.16548,1.17203,1.16494,1.16895,295394
2018-07-06,1.16888,1.17679,1.16794,1.17435,264884
2018-07-09,1.17351,1.17908,1.17322,1.17496,262109
2018-07-10,1.17507,1.17626,1.16897,1.17438,258115
2018-07-11,1.17443,1.17584,1.16648,1.16714,349212
2018-07-12,1.16723,1.16957,1.16492,1.16705,294560
2018-07-13,1.16694,1.16867,1.16124,1.16856,285758
2018-07-16,1.16897,1.17254,1.16751,1.17108,261936
2018-07-17,1.17095,1.17446,1.1649,1.16602,303280
2018-07-18,1.16589,1.16649,1.16015,1.1638,340633
2018-07-19,1.16374,1.16785,1.15744,1.16409,438027
2018-07-20,1.16408,1.17388,1.16256,1.17209,374895
2018-07-23,1.17262,1.17499,1.16832,1.16915,185371
2018-07-24,1.16916,1.17165,1.1654200000000001,1.16856,201189
2018-07-25,1.16807,1.17383,1.16635,1.1728,208996
2018-07-26,1.1729,1.17433,1.16397,1.1642299999999999,206957
2018-07-27,1.16414,1.1663999999999999,1.16199,1.16565,171956
2018-07-30,1.16562,1.17184,1.16477,1.1705,129474
2018-07-31,1.17028,1.17455,1.16835,1.16906,184791
2018-08-01,1.16912,1.16993,1.16568,1.16594,168927
2018-08-02,1.16586,1.16671,1.1581299999999999,1.1584,160203
2018-08-03,1.1583700000000001,1.16102,1.15598,1.15672,181873
2018-08-06,1.15679,1.15708,1.15296,1.1553200000000001,120901
2018-08-07,1.15526,1.16078,1.155,1.15979,131588
2018-08-08,1.15977,1.16278,1.15728,1.16096,131050
2018-08-09,1.16093,1.1619,1.15253,1.15265,141828
2018-08-10,1.15259,1.1536,1.13877,1.14111,288387
2018-08-13,1.1373199999999999,1.14324,1.13646,1.14096,251854
2018-08-14,1.14095,1.1429,1.13297,1.13436,197560
2018-08-15,1.1345399999999999,1.13546,1.13005,1.1344400000000001,200971
2018-08-16,1.13455,1.1408800000000001,1.13353,1.13758,219837
2018-08-17,1.13751,1.14445,1.1366,1.14381,188640
2018-08-20,1.14367,1.14846,1.1394,1.14807,147958
2018-08-21,1.14796,1.16008,1.1479,1.157,212978
2018-08-22,1.15696,1.16226,1.15528,1.15958,188455
2018-08-23,1.15933,1.15994,1.15292,1.15378,181459
2018-08-24,1.15363,1.16395,1.15344,1.16218,188691
2018-08-27,1.1615199999999999,1.16933,1.15941,1.16777,150566
2018-08-28,1.16773,1.17333,1.16621,1.16939,176480
2018-08-29,1.16948,1.17096,1.16514,1.17063,197787
2018-08-30,1.17057,1.17178,1.16411,1.16697,193447
2018-08-31,1.16654,1.16897,1.15842,1.16021,216036
2018-09-03,1.15947,1.16275,1.15885,1.1618,128053
2018-09-04,1.16167,1.16207,1.15297,1.15804,170244
2018-09-05,1.15807,1.16398,1.15422,1.16289,184780
2018-09-06,1.16292,1.16588,1.1605,1.16226,184210
2018-09-07,1.1621299999999999,1.16491,1.15501,1.15526,194052
2018-09-10,1.15477,1.16158,1.15255,1.1593,133449
2018-09-11,1.15916,1.16438,1.1565,1.16045,140947
2018-09-12,1.1605,1.16493,1.15696,1.16252,154248
2018-09-13,1.16252,1.17007,1.16087,1.16897,150507
2018-09-14,1.16891,1.1721300000000001,1.16202,1.16219,135681
2018-09-17,1.16229,1.16978,1.16175,1.16829,115743
2018-09-18,1.16815,1.17241,1.16517,1.1665,171276
2018-09-19,1.16634,1.17146,1.16496,1.1672,150310
2018-09-20,1.16719,1.17842,1.16685,1.17765,165852
2018-09-21,1.17759,1.18024,1.17323,1.17537,142119
2018-09-24,1.1739600000000001,1.18148,1.17237,1.17472,120379
2018-09-25,1.17476,1.17921,1.17304,1.17658,132306
2018-09-26,1.17647,1.17974,1.17255,1.17379,151317
2018-09-27,1.17363,1.17568,1.16385,1.16407,167484
2018-09-28,1.16399,1.16509,1.15693,1.1602000000000001,151019
2018-10-01,1.1616,1.16243,1.15632,1.15778,126834
2018-10-02,1.1579,1.158,1.15048,1.1546,141857
2018-10-03,1.15457,1.15933,1.14639,1.1476600000000001,169328
2018-10-04,1.14717,1.15424,1.1463,1.15134,160823
2018-10-05,1.15136,1.15494,1.14837,1.15234,204943
2018-10-08,1.1522000000000001,1.15292,1.14596,1.14907,121038
2018-10-09,1.14778,1.15029,1.14318,1.14899,164267
2018-10-10,1.14874,1.1545,1.14794,1.15182,149909
2018-10-11,1.15183,1.1599,1.15175,1.1593,227680
2018-10-12,1.15815,1.16101,1.15339,1.15584,155843
2018-10-15,1.15366,1.16059,1.15363,1.15784,137873
2018-10-16,1.15788,1.16209,1.15656,1.15733,141868
2018-10-17,1.15725,1.15801,1.14954,1.14999,171733
2018-10-18,1.14999,1.15268,1.14487,1.14523,187785
2018-10-19,1.14517,1.1534200000000001,1.14326,1.1514199999999999,188215
2018-10-22,1.15156,1.1549800000000001,1.14553,1.1463700000000001,152222
2018-10-23,1.14632,1.14931,1.14389,1.14697,187542
2018-10-24,1.147,1.14761,1.1378300000000001,1.13911,196654
2018-10-25,1.13907,1.14322,1.13557,1.13746,185315
2018-10-26,1.13729,1.14206,1.13353,1.14021,198035
2018-10-29,1.13909,1.1416,1.13602,1.1372,165881
2018-10-30,1.13719,1.13874,1.13401,1.13431,152879
2018-10-31,1.13422,1.13598,1.1301700000000001,1.13135,164025
2018-11-01,1.13075,1.14238,1.13068,1.14014,177515
2018-11-02,1.14071,1.14555,1.13718,1.1386,186502
2018-11-05,1.13857,1.14236,1.13526,1.14067,138461
2018-11-06,1.14066,1.14375,1.1391,1.1426,139737
2018-11-07,1.14264,1.14994,1.1394199999999999,1.14255,225045
2018-11-08,1.14258,1.14465,1.13512,1.13629,176103
2018-11-09,1.13616,1.13686,1.13157,1.13343,168154
2018-11-12,1.13178,1.13303,1.12151,1.12174,159735
2018-11-13,1.12174,1.12933,1.12158,1.12898,187430
2018-11-14,1.12896,1.13472,1.1262699999999999,1.1308,218071
2018-11-15,1.13059,1.1362,1.12703,1.13255,225387
2018-11-16,1.13252,1.142,1.13211,1.1414,172646
2018-11-19,1.14119,1.14641,1.13935,1.14524,124028
2018-11-20,1.14524,1.1472,1.13583,1.13695,148781
2018-11-21,1.13586,1.14243,1.13586,1.13843,139467
2018-11-22,1.13811,1.14337,1.13799,1.14005,127639
2018-11-23,1.13999,1.14208,1.1327,1.13296,127894
2018-11-26,1.13406,1.13834,1.13246,1.13273,133269
2018-11-27,1.13265,1.13434,1.1277,1.12874,154237
2018-11-28,1.1286,1.13875,1.12667,1.13659,168415
2018-11-29,1.13665,1.14013,1.13483,1.13925,156819
2018-11-30,1.13842,1.14001,1.1305,1.13155,149945
2018-12-03,1.13474,1.1379299999999999,1.13189,1.13534,135488
2018-12-04,1.13519,1.14185,1.13181,1.13423,178290
2018-12-05,1.13403,1.13609,1.13105,1.13445,109811
2018-12-06,1.13432,1.14123,1.13205,1.13746,199965
2018-12-07,1.1369,1.14233,1.1360000000000001,1.13962,177631
2018-12-10,1.13895,1.14423,1.135,1.13552,197290
2018-12-11,1.13544,1.14001,1.13059,1.13163,171138
2018-12-12,1.13152,1.13868,1.13146,1.1368,182408
2018-12-13,1.13685,1.1393,1.13306,1.13583,163069
2018-12-14,1.13571,1.13646,1.12694,1.13053,148687
2018-12-17,1.13012,1.13574,1.12957,1.13471,128810
2018-12-18,1.13471,1.14019,1.13363,1.1360000000000001,138297
2018-12-19,1.1363,1.14389,1.1360000000000001,1.1376,177800
2018-12-20,1.13729,1.14855,1.1369,1.14452,201277
2018-12-21,1.14451,1.14736,1.13556,1.13665,177382
2018-12-24,1.13675,1.14381,1.13599,1.14049,133724
2018-12-26,1.13996,1.14197,1.13422,1.1352,83761
2018-12-27,1.13517,1.14538,1.13512,1.14292,194155
2018-12-28,1.14301,1.14724,1.14255,1.14398,158578
2018-12-31,1.14365,1.14656,1.1421000000000001,1.14558,108113
2019-01-02,1.14599,1.14967,1.13247,1.13437,156391
2019-01-03,1.1346,1.14107,1.13064,1.13929,224774
2019-01-04,1.13922,1.14187,1.13453,1.13955,175882
2019-01-07,1.13929,1.14821,1.13929,1.14739,122457
2019-01-08,1.1473200000000001,1.14841,1.14216,1.14406,130042
2019-01-09,1.14397,1.15573,1.14364,1.15415,169161
2019-01-10,1.15412,1.15698,1.14841,1.14994,154638
2019-01-11,1.14991,1.154,1.1457600000000001,1.14626,146568
2019-01-14,1.14577,1.14816,1.14501,1.14678,124879
2019-01-15,1.14674,1.14893,1.13813,1.14124,165291
2019-01-16,1.14107,1.1424400000000001,1.13773,1.13912,128095
2019-01-17,1.13921,1.14056,1.13697,1.13879,133576
2019-01-18,1.13879,1.14099,1.13528,1.13655,118309
2019-01-21,1.13596,1.13909,1.13563,1.13657,78256
2019-01-22,1.13638,1.13735,1.1335600000000001,1.13594,114252
2019-01-23,1.1359,1.1394,1.13504,1.13807,114761
2019-01-24,1.13794,1.13911,1.12889,1.13031,171097
2019-01-25,1.13015,1.14173,1.12997,1.14051,157680
2019-01-28,1.13997,1.14434,1.13897,1.14262,113321
2019-01-29,1.14257,1.1449799999999999,1.14107,1.1432,145586
2019-01-30,1.14312,1.15013,1.14057,1.14779,154874
2019-01-31,1.14788,1.15139,1.14353,1.14461,153962
2019-02-01,1.14461,1.14882,1.14339,1.14529,131833
2019-02-04,1.14502,1.146,1.14239,1.1435,108864
2019-02-05,1.14356,1.14401,1.14007,1.14043,101667
2019-02-06,1.14023,1.14091,1.13604,1.13607,99634
2019-02-07,1.13607,1.1368,1.13242,1.13385,106848
2019-02-08,1.13375,1.1350500000000001,1.13206,1.13217,88325
2019-02-11,1.13175,1.13296,1.12668,1.12748,91511
2019-02-12,1.12754,1.13392,1.12572,1.13246,91723
2019-02-13,1.13247,1.1341,1.12595,1.12595,103850
2019-02-14,1.12607,1.13095,1.12488,1.12939,136657
2019-02-15,1.12938,1.13058,1.12336,1.1290499999999999,121492
2019-02-18,1.12888,1.13335,1.12886,1.13081,75625
2019-02-19,1.13071,1.13572,1.1275,1.13394,123222
2019-02-20,1.13395,1.13708,1.13243,1.13351,122160
2019-02-21,1.13354,1.1366,1.13197,1.1333,143637
2019-02-22,1.13321,1.13553,1.13157,1.13303,112009
2019-02-25,1.13346,1.1367099999999999,1.1327,1.1356,103438
2019-02-26,1.13563,1.14024,1.13447,1.1388,124097
2019-02-27,1.13888,1.14033,1.13619,1.13685,121578
2019-02-28,1.1368800000000001,1.14193,1.1359,1.13696,140956
2019-03-01,1.137,1.14083,1.13529,1.13626,122472
2019-03-04,1.13808,1.1381000000000001,1.13087,1.13386,113706
2019-03-05,1.13387,1.1341,1.12892,1.13069,109180
2019-03-06,1.13065,1.13243,1.12852,1.13053,99875
2019-03-07,1.13056,1.13199,1.11756,1.11923,142450
2019-03-08,1.11927,1.12457,1.11848,1.12324,133042
2019-03-11,1.12291,1.1258,1.12213,1.12485,103891
2019-03-12,1.12437,1.13046,1.12437,1.12877,142239
2019-03-13,1.12851,1.1338300000000001,1.12771,1.13301,109127
2019-03-14,1.13267,1.13372,1.12938,1.13043,125264
2019-03-15,1.13019,1.1344,1.12959,1.13238,99059
2019-03-18,1.13204,1.13586,1.13186,1.13349,85117
2019-03-19,1.13341,1.13612,1.13329,1.13492,88069
2019-03-20,1.13521,1.14477,1.1335,1.14238,137567
2019-03-21,1.14131,1.14371,1.1342,1.13727,145413
2019-03-22,1.13738,1.13903,1.12728,1.13007,166146
2019-03-25,1.12957,1.1331,1.12866,1.13125,115839
2019-03-26,1.13099,1.13256,1.1262699999999999,1.12699,128010
2019-03-27,1.12644,1.12852,1.12418,1.12508,162158
2019-03-28,1.12441,1.12609,1.12132,1.12259,150774
2019-03-29,1.12192,1.12464,1.12094,1.12167,143258
2019-04-01,1.12299,1.12496,1.12036,1.12117,123992
2019-04-02,1.12121,1.12157,1.11833,1.12033,113913
2019-04-03,1.12038,1.12543,1.11995,1.12312,109113
2019-04-04,1.12325,1.12473,1.12056,1.12191,101118
2019-04-05,1.12188,1.12476,1.12096,1.12152,94315
2019-04-08,1.12157,1.12741,1.12096,1.12609,80741
2019-04-09,1.1261700000000001,1.12839,1.12546,1.12609,97840
2019-04-10,1.12613,1.12872,1.12292,1.12724,109739
2019-04-11,1.12727,1.1287,1.1249500000000001,1.12507,91039
2019-04-12,1.12525,1.13235,1.12504,1.12981,98540
2019-04-15,1.13034,1.13206,1.12971,1.13023,78690
2019-04-16,1.13031,1.13137,1.12791,1.12799,111613
2019-04-17,1.1280999999999999,1.1323400000000001,1.1278299999999999,1.12946,94884
2019-04-18,1.12944,1.13037,1.12258,1.12305,119688
2019-04-19,1.12293,1.12473,1.12268,1.12388,47551
2019-04-22,1.12457,1.1261700000000001,1.12354,1.1256,35713
2019-04-23,1.12567,1.12609,1.11918,1.12262,85522
2019-04-24,1.12257,1.1227,1.11401,1.11524,118425
2019-04-25,1.1151,1.11621,1.11173,1.11313,106801
2019-04-26,1.11296,1.11736,1.111,1.1142,112459
2019-04-29,1.1145100000000001,1.11866,1.11438,1.11852,65578
2019-04-30,1.11847,1.12289,1.11753,1.1214,101870
2019-05-01,1.12145,1.12644,1.11867,1.11941,100265
2019-05-02,1.11966,1.12187,1.11703,1.11709,105951
2019-05-03,1.11712,1.12045,1.11346,1.12021,112214
2019-05-06,1.11673,1.1209,1.1164,1.11978,90991
2019-05-07,1.11968,1.12176,1.11661,1.11906,110399
2019-05-08,1.11898,1.12134,1.11823,1.11904,125936
2019-05-09,1.11903,1.12506,1.1173,1.12128,146374
2019-05-10,1.12128,1.1253199999999999,1.12115,1.12333,124014
2019-05-13,1.12298,1.12632,1.12208,1.12208,103035
2019-05-14,1.12208,1.12436,1.12008,1.12028,90558
2019-05-15,1.12035,1.12244,1.11776,1.12,103686
2019-05-16,1.11999,1.12236,1.11658,1.11734,84258
2019-05-17,1.11718,1.11839,1.11548,1.11565,100947
2019-05-20,1.11594,1.11745,1.11502,1.1165,74973
2019-05-21,1.11648,1.11876,1.11416,1.11598,93836
2019-05-22,1.11568,1.11799,1.11482,1.11494,77177
2019-05-23,1.11499,1.11871,1.11066,1.11807,108318
2019-05-24,1.11803,1.12118,1.11708,1.12044,86865
2019-05-27,1.12094,1.1215,1.11865,1.11908,40437
2019-05-28,1.119,1.12009,1.11586,1.11591,89955
2019-05-29,1.11596,1.11721,1.11239,1.11302,98638
2019-05-30,1.11309,1.1143,1.11156,1.11283,76493
2019-05-31,1.11285,1.11795,1.11248,1.11676,122193
2019-06-03,1.11552,1.12616,1.11552,1.12406,118830
2019-06-04,1.12403,1.12769,1.1226,1.12507,131227
2019-06-05,1.12509,1.13061,1.12193,1.1219999999999999,138974
2019-06-06,1.12209,1.13087,1.12,1.12747,134599
2019-06-07,1.1274899999999999,1.13474,1.12509,1.1332200000000001,126000
2019-06-10,1.13206,1.13303,1.12896,1.1311,81645
2019-06-11,1.13107,1.13371,1.13009,1.13253,107634
2019-06-12,1.13274,1.1343,1.1282,1.12866,107877
2019-06-13,1.12866,1.13034,1.12679,1.12761,92556
2019-06-14,1.12758,1.12888,1.1202,1.12103,115279
2019-06-17,1.12085,1.12467,1.12032,1.12178,70683
2019-06-18,1.12173,1.12425,1.11809,1.11936,138820
2019-06-19,1.11908,1.1254,1.11868,1.12259,122635
2019-06-20,1.12259,1.1317300000000001,1.12252,1.12916,157264
2019-06-21,1.12833,1.13774,1.12827,1.13699,148304
2019-06-24,1.13695,1.1403699999999999,1.13645,1.13978,101777
2019-06-25,1.1397599999999999,1.14117,1.13437,1.13655,154305
2019-06-26,1.13648,1.13909,1.1347,1.13683,128106
2019-06-27,1.13668,1.13812,1.13474,1.13689,110211
2019-06-28,1.13687,1.13931,1.13501,1.13693,106214
2019-07-01,1.13612,1.13707,1.12806,1.12851,115061
2019-07-02,1.1285,1.13212,1.12748,1.12857,90418
2019-07-03,1.12842,1.13123,1.12681,1.12774,88967
2019-07-04,1.12771,1.12947,1.12727,1.12847,37236
2019-07-05,1.12825,1.12874,1.1207,1.12248,88822
2019-07-08,1.12249,1.12343,1.12065,1.12142,57663
2019-07-09,1.12141,1.12187,1.11929,1.1207799999999999,60687
2019-07-10,1.12069,1.12642,1.12015,1.12503,98766
2019-07-11,1.12504,1.12857,1.12448,1.1253199999999999,101775
2019-07-12,1.12538,1.12748,1.12378,1.12699,88203
2019-07-15,1.12699,1.12838,1.1252900000000001,1.12577,66727
2019-07-16,1.12574,1.12631,1.12015,1.12103,41298
2019-07-17,1.12102,1.12331,1.11994,1.12242,31496
2019-07-18,1.12237,1.1280000000000001,1.12048,1.12765,53000
2019-07-19,1.12766,1.12815,1.12031,1.12188,50508
2019-07-22,1.12154,1.12249,1.12058,1.12094,35911
2019-07-23,1.12093,1.12094,1.11455,1.11517,38573
2019-07-24,1.11516,1.11554,1.11267,1.11399,40739
2019-07-25,1.114,1.11873,1.1101,1.11467,66427
2019-07-26,1.11464,1.11505,1.11116,1.11277,40229
2019-07-29,1.11237,1.11505,1.11126,1.11443,31536
2019-07-30,1.11443,1.11606,1.11317,1.11545,46015
2019-07-31,1.11548,1.1161699999999999,1.10598,1.10749,77012
2019-08-01,1.10749,1.10951,1.10265,1.10847,93777
2019-08-02,1.10849,1.1116,1.10694,1.11055,102648
2019-08-05,1.11068,1.12126,1.11033,1.12033,95380
2019-08-06,1.12024,1.12492,1.11671,1.1198,94998
2019-08-07,1.11968,1.12414,1.11789,1.11982,104877
2019-08-08,1.11981,1.12291,1.11766,1.11801,74373
2019-08-09,1.11795,1.12226,1.11779,1.12001,65610
2019-08-12,1.11978,1.12303,1.11616,1.12131,57388
2019-08-13,1.1213,1.12282,1.11697,1.11709,80629
2019-08-14,1.11704,1.11904,1.11303,1.11377,73437
2019-08-15,1.11372,1.1158,1.10911,1.11065,90078
2019-08-16,1.1106,1.11128,1.1066,1.10896,60930
2019-08-19,1.10931,1.11133,1.10758,1.10778,44158
2019-08-20,1.10771,1.11063,1.10652,1.10998,48780
2019-08-21,1.10978,1.11067,1.10797,1.10845,41454
2019-08-22,1.10837,1.11127,1.10632,1.10799,57602
2019-08-23,1.10783,1.11527,1.10513,1.11394,75482
2019-08-26,1.11507,1.11637,1.10937,1.11018,96677
2019-08-27,1.10995,1.11155,1.10853,1.10901,65317
2019-08-28,1.10893,1.10976,1.10728,1.1077,57993
2019-08-29,1.10764,1.10929,1.10417,1.1056300000000001,62654
2019-08-30,1.1056,1.106,1.09627,1.09897,61690
2019-09-02,1.09874,1.0996299999999999,1.09576,1.09696,35424
2019-09-03,1.09657,1.09784,1.09256,1.09733,65031
2019-09-04,1.09728,1.10381,1.09681,1.10348,67311
2019-09-05,1.1035,1.10843,1.10163,1.1034,76208
2019-09-06,1.10337,1.10567,1.10198,1.10256,71854
2019-09-09,1.10228,1.10676,1.10151,1.10477,53581
2019-09-10,1.10454,1.1059,1.10301,1.10432,48347
2019-09-11,1.10428,1.10553,1.09849,1.10102,48437
2019-09-12,1.10096,1.10868,1.09265,1.10643,93133
2019-09-13,1.10647,1.11091,1.10551,1.10699,60928
2019-09-16,1.10733,1.1086,1.09929,1.10003,54083
2019-09-17,1.09977,1.10741,1.09899,1.10725,65132
2019-09-18,1.10706,1.10753,1.10133,1.10299,62511
2019-09-19,1.10293,1.10731,1.10224,1.10408,65457
2019-09-20,1.10402,1.10673,1.09959,1.1019,60361
2019-09-23,1.10155,1.1025,1.09656,1.09925,56622
2019-09-24,1.09924,1.10237,1.09834,1.10193,58884
2019-09-25,1.10186,1.10229,1.0937000000000001,1.09419,57762
2019-09-26,1.09412,1.09669,1.09083,1.09198,57822
2019-09-27,1.09196,1.09583,1.09042,1.09408,52362
2019-09-30,1.09417,1.09475,1.08842,1.08991,48080
2019-10-01,1.08962,1.09424,1.0878700000000001,1.09317,60563
2019-10-02,1.09307,1.09632,1.09036,1.0959,55908
2019-10-03,1.09585,1.09989,1.09405,1.0963,57679
2019-10-04,1.09627,1.09979,1.09567,1.09773,55929
2019-10-07,1.09801,1.10002,1.09615,1.09704,45001
2019-10-08,1.09695,1.09954,1.09407,1.0956,60694
2019-10-09,1.09547,1.09899,1.0948,1.0971,42270
2019-10-10,1.09688,1.10335,1.09687,1.1005,64498
2019-10-11,1.10048,1.10623,1.10004,1.10361,74344
2019-10-14,1.1032,1.10422,1.10122,1.10251,40021
2019-10-15,1.10247,1.10456,1.09909,1.1032,65417
2019-10-16,1.1031900000000001,1.10852,1.10164,1.1071,68061
2019-10-17,1.10709,1.11394,1.10647,1.11234,65096
2019-10-18,1.11236,1.11706,1.11144,1.11693,45294
2019-10-21,1.1160700000000001,1.1179000000000001,1.11382,1.11487,39665
2019-10-22,1.11484,1.11564,1.11173,1.11243,44376
2019-10-23,1.11242,1.11398,1.11057,1.11297,34957
2019-10-24,1.11297,1.11624,1.10927,1.11037,49938
2019-10-25,1.11033,1.11225,1.10726,1.10794,30647
2019-10-28,1.10794,1.11062,1.10757,1.10994,29231
2019-10-29,1.10989,1.11181,1.10731,1.11118,34428
2019-10-30,1.11115,1.11523,1.10796,1.11516,51509
2019-10-31,1.11501,1.11752,1.11311,1.11514,52496
2019-11-01,1.11511,1.11714,1.11278,1.11647,42826
2019-11-04,1.1168,1.1175,1.11244,1.11272,35651
2019-11-05,1.1126800000000001,1.11398,1.10631,1.10742,51658
2019-11-06,1.10736,1.10924,1.10646,1.10658,37990
2019-11-07,1.10654,1.1091199999999999,1.10355,1.10497,56941
2019-11-08,1.1049,1.1055,1.10162,1.10189,38466
2019-11-11,1.10236,1.10426,1.1016,1.10323,26696
2019-11-12,1.10321,1.10382,1.10021,1.10088,36431
2019-11-13,1.10082,1.10199,1.09949,1.10053,38500
2019-11-14,1.10049,1.10271,1.09887,1.10212,35834
2019-11-15,1.10216,1.10565,1.10141,1.10517,29722
2019-11-18,1.10504,1.10895,1.10486,1.10718,31511
2019-11-19,1.10712,1.10835,1.10622,1.1078000000000001,27695
2019-11-20,1.10777,1.10809,1.10526,1.10723,36650
2019-11-21,1.10717,1.10965,1.10518,1.10581,34872
2019-11-22,1.10579,1.10871,1.1014,1.10182,40479
2019-11-25,1.10177,1.10318,1.10031,1.10126,31455
2019-11-26,1.10129,1.10251,1.10067,1.10194,33150
2019-11-27,1.10196,1.10243,1.0991900000000001,1.09989,31702
2019-11-28,1.09983,1.10175,1.09982,1.1007500000000001,22697
2019-11-29,1.10067,1.10279,1.09808,1.10173,28502
2019-12-02,1.10232,1.10892,1.10025,1.10784,34729
2019-12-03,1.10783,1.10931,1.10656,1.10809,34277
2019-12-04,1.10813,1.11158,1.10663,1.10775,39961
2019-12-05,1.1077,1.11076,1.10768,1.11042,28657
2019-12-06,1.11039,1.11094,1.10394,1.10599,31511
2019-12-09,1.10578,1.10776,1.10529,1.10635,26061
2019-12-10,1.1063,1.1097299999999999,1.10623,1.10919,33827
2019-12-11,1.10911,1.11444,1.10698,1.11294,42675
2019-12-12,1.1129,1.11538,1.11026,1.11286,52114
2019-12-13,1.11284,1.11989,1.11019,1.11167,75850
2019-12-16,1.11262,1.11576,1.11223,1.1143399999999999,37758
2019-12-17,1.11428,1.11742,1.11289,1.11487,41557
2019-12-18,1.11485,1.11538,1.111,1.11127,36014
2019-12-19,1.11123,1.11438,1.11068,1.11204,38389
2019-12-20,1.11209,1.11244,1.1066,1.10754,32690
2019-12-23,1.10809,1.10955,1.10696,1.10895,30325
2019-12-24,1.10895,1.10935,1.10687,1.10842,29085
2019-12-26,1.10882,1.1108500000000001,1.10819,1.10974,14799
2019-12-27,1.1095,1.11878,1.10932,1.11758,43612
2019-12-30,1.11726,1.12204,1.11711,1.11985,42141
2019-12-31,1.11985,1.12389,1.1197,1.12171,37861
2020-01-02,1.12118,1.12242,1.11632,1.11722,39810
2020-01-03,1.11716,1.11795,1.11245,1.11579,47941
2020-01-06,1.11641,1.12052,1.11568,1.11968,38636
2020-01-07,1.11961,1.11972,1.11332,1.11526,45686
2020-01-08,1.11521,1.11679,1.11014,1.11053,63200
2020-01-09,1.11047,1.112,1.10921,1.11051,39353
2020-01-10,1.11049,1.11287,1.10846,1.1118999999999999,37280
2020-01-13,1.11137,1.11465,1.11121,1.11338,28897
2020-01-14,1.1133,1.11441,1.1104,1.11274,35661
2020-01-15,1.11281,1.1163,1.11181,1.1149499999999999,31649
2020-01-16,1.11493,1.11722,1.11275,1.11358,35420
2020-01-17,1.11356,1.11421,1.10858,1.10883,32406
2020-01-20,1.1093,1.11019,1.10763,1.10944,20590
2020-01-21,1.10933,1.11175,1.10806,1.10819,32898
2020-01-22,1.1083,1.1098,1.10697,1.1092,32442
2020-01-23,1.10916,1.11083,1.10359,1.10542,43548
2020-01-24,1.10527,1.10614,1.10195,1.10234,36118
2020-01-27,1.10305,1.10371,1.10093,1.10184,36334
2020-01-28,1.10182,1.10248,1.09974,1.1022,30837
2020-01-29,1.10217,1.10273,1.0991900000000001,1.10099,32124
2020-01-30,1.10088,1.10389,1.10029,1.10312,39365
2020-01-31,1.1031,1.10953,1.10165,1.1094,41496
2020-02-03,1.10937,1.10939,1.10351,1.10593,40745
2020-02-04,1.10582,1.10637,1.10324,1.10434,33535
2020-02-05,1.10437,1.10475,1.09933,1.09989,36677
2020-02-06,1.09987,1.1013600000000001,1.09641,1.09827,30404
2020-02-07,1.09821,1.09846,1.09416,1.09444,42358
2020-02-10,1.09454,1.09571,1.09073,1.09105,29217
2020-02-11,1.09102,1.09243,1.0890900000000001,1.09145,32203
2020-02-12,1.09145,1.09251,1.08649,1.08728,32977
2020-02-13,1.08727,1.08883,1.08336,1.08408,36672
2020-02-14,1.08404,1.08608,1.08268,1.08297,30505
2020-02-17,1.08414,1.08506,1.08287,1.08346,20443
2020-02-18,1.08341,1.08373,1.07849,1.07907,37573
2020-02-19,1.07903,1.08113,1.07818,1.08039,34735
2020-02-20,1.08037,1.08207,1.07774,1.0783800000000001,44889
2020-02-21,1.07833,1.08631,1.07833,1.08473,43946
2020-02-24,1.08142,1.08716,1.08046,1.0852,60828
2020-02-25,1.08517,1.08899,1.08297,1.08806,65294
2020-02-26,1.08802,1.09084,1.08546,1.08807,67952
2020-02-27,1.08811,1.10061,1.08769,1.09998,85196
2020-02-28,1.09996,1.10527,1.09506,1.10254,106334
2020-03-02,1.1042,1.11842,1.10359,1.11332,118904
2020-03-03,1.11326,1.1213,1.10949,1.1171,118342
2020-03-04,1.11713,1.11871,1.10951,1.11336,82662
2020-03-05,1.11335,1.12445,1.11192,1.12371,70042
2020-03-06,1.1237300000000001,1.13543,1.12111,1.12896,129702
2020-03-09,1.13471,1.14966,1.13354,1.14358,214144
2020-03-10,1.14462,1.14577,1.12745,1.1290499999999999,197282
2020-03-11,1.12789,1.13663,1.12571,1.12607,144476
2020-03-12,1.1268,1.13331,1.1054599999999999,1.11667,220080
2020-03-13,1.11846,1.12208,1.10547,1.11021,204950
2020-03-16,1.10636,1.12361,1.10636,1.11777,279167
2020-03-17,1.11811,1.11888,1.09547,1.10052,217250
2020-03-18,1.09969,1.10447,1.08015,1.09116,248828
2020-03-19,1.0911,1.09815,1.06547,1.06589,285837
2020-03-20,1.06911,1.08307,1.06373,1.06974,316286
2020-03-23,1.07022,1.08276,1.06355,1.07257,287191
2020-03-24,1.07216,1.08876,1.07195,1.07825,216470
2020-03-25,1.07857,1.08934,1.07598,1.08796,199196
2020-03-26,1.08809,1.10583,1.08695,1.10291,187518
2020-03-27,1.10295,1.11471,1.09529,1.1137,178642
2020-03-30,1.11155,1.11439,1.10097,1.10427,133992
2020-03-31,1.10405,1.1053,1.09263,1.10349,170872
2020-04-01,1.10267,1.10388,1.09023,1.09616,121690
2020-04-02,1.0961,1.0967500000000001,1.08203,1.08568,130333
2020-04-03,1.08555,1.0863,1.07723,1.08037,106077
2020-04-06,1.0808,1.08351,1.07679,1.0792,101707
2020-04-07,1.07918,1.09263,1.07833,1.08904,95735
2020-04-08,1.08901,1.09017,1.08296,1.08565,89898
2020-04-09,1.08557,1.09513,1.08405,1.09285,90161
2020-04-10,1.09277,1.09522,1.09177,1.09326,32371
2020-04-13,1.09478,1.0967500000000001,1.08922,1.0912,58394
2020-04-14,1.09059,1.09868,1.09011,1.09798,73536
2020-04-15,1.09782,1.09907,1.08559,1.09066,74448
2020-04-16,1.09067,1.09109,1.08162,1.08386,86771
2020-04-17,1.08352,1.08923,1.08116,1.08701,95969
2020-04-20,1.08666,1.08963,1.08409,1.08607,66358
2020-04-21,1.08599,1.08798,1.08161,1.08564,79315
2020-04-22,1.08558,1.0884800000000001,1.08028,1.08229,61141
2020-04-23,1.08216,1.08464,1.07555,1.0776,86984
2020-04-24,1.07754,1.08292,1.07267,1.08241,72264
2020-04-27,1.08211,1.08596,1.0811,1.0828,65799
2020-04-28,1.08277,1.0888,1.08093,1.08182,63544
2020-04-29,1.08184,1.08852,1.08176,1.08728,62065
2020-04-30,1.08693,1.09723,1.08325,1.09507,89622
2020-05-01,1.09529,1.10184,1.09341,1.09783,60515
2020-05-04,1.09685,1.0973600000000001,1.08952,1.09065,64538
2020-05-05,1.09057,1.09255,1.08255,1.0839,68638
2020-05-06,1.08375,1.08456,1.07815,1.07929,61863
2020-05-07,1.07921,1.08337,1.07661,1.08319,70674
2020-05-08,1.08324,1.08753,1.08147,1.08381,54730
2020-05-11,1.08289,1.08502,1.08002,1.0806,58727
2020-05-12,1.08046,1.08849,1.0784,1.08469,64102
2020-05-13,1.08466,1.08961,1.08112,1.08173,72278
2020-05-14,1.08173,1.08236,1.07744,1.08042,62832
2020-05-15,1.0804,1.08507,1.07885,1.08179,61356
2020-05-18,1.08102,1.09266,1.07964,1.09139,58049
2020-05-19,1.09145,1.09757,1.09018,1.09217,61301
2020-05-20,1.09216,1.09986,1.09183,1.09767,55678
2020-05-21,1.09787,1.1008,1.09368,1.09476,56721
2020-05-22,1.09478,1.09532,1.08849,1.09027,50369
2020-05-25,1.08954,1.09142,1.087,1.08956,30978
2020-05-26,1.08947,1.09954,1.08911,1.09818,55853
2020-05-27,1.09808,1.10305,1.09335,1.10026,94565
2020-05-28,1.10021,1.10932,1.09913,1.10757,81008
2020-05-29,1.10758,1.11448,1.10674,1.1103,97772
2020-06-01,1.11126,1.11537,1.11001,1.11343,77745
2020-06-02,1.11351,1.1195599999999999,1.11147,1.11685,86959
2020-06-03,1.11682,1.12575,1.11663,1.12333,98069
2020-06-04,1.12324,1.13619,1.11943,1.13365,107821
2020-06-05,1.13365,1.13833,1.12779,1.12909,104741
2020-06-08,1.1293199999999999,1.13194,1.1267800000000001,1.1293199999999999,73850
2020-06-09,1.12916,1.13633,1.12405,1.13389,88694
2020-06-10,1.1339299999999999,1.1421999999999999,1.13212,1.13723,106123
2020-06-11,1.13727,1.14033,1.12884,1.12981,130947
2020-06-12,1.12901,1.13401,1.12122,1.12561,125129
2020-06-15,1.12327,1.13321,1.1226099999999999,1.13222,126747
2020-06-16,1.13235,1.1353,1.12274,1.12633,109797
2020-06-17,1.12632,1.12936,1.12066,1.12426,98543
2020-06-18,1.12426,1.12609,1.11852,1.12049,89253
2020-06-19,1.12052,1.12539,1.11677,1.11764,86289
2020-06-22,1.11821,1.12695,1.11682,1.1259299999999999,70240
2020-06-23,1.12577,1.13482,1.12327,1.13074,97878
2020-06-24,1.1307,1.13255,1.12479,1.12503,85602
2020-06-25,1.125,1.1259299999999999,1.119,1.1217,92563
2020-06-26,1.12145,1.1239,1.11949,1.12177,65790
2020-06-29,1.12197,1.12874,1.12147,1.1241,75559
2020-06-30,1.12408,1.12614,1.11906,1.12336,81746
2020-07-01,1.12327,1.12747,1.11845,1.12507,85645
2020-07-02,1.12499,1.13023,1.1223,1.12388,84720
2020-07-03,1.12291,1.12508,1.12189,1.12402,70892
2020-07-06,1.12437,1.13452,1.12405,1.13085,78717
2020-07-07,1.13081,1.13321,1.12583,1.12727,85125
2020-07-08,1.127,1.13514,1.12619,1.13292,85918
2020-07-09,1.1329,1.13702,1.12798,1.12846,100995
2020-07-10,1.12818,1.13243,1.12543,1.12982,77666
2020-07-13,1.1304400000000001,1.13744,1.12974,1.13435,78305
2020-07-14,1.13432,1.14083,1.13248,1.13993,99437
2020-07-15,1.13965,1.14517,1.13898,1.14114,89768
2020-07-16,1.14109,1.14413,1.13701,1.13834,93037
2020-07-17,1.13829,1.14432,1.13748,1.14246,65586
2020-07-20,1.14102,1.14674,1.1402,1.14472,94411
2020-07-21,1.14443,1.15393,1.14225,1.15265,96123
2020-07-22,1.15263,1.1601,1.15065,1.15695,112425
2020-07-23,1.15701,1.16265,1.15399,1.1595900000000001,103509
2020-07-24,1.15955,1.16577,1.15808,1.16541,106722
2020-07-27,1.16432,1.1781,1.16409,1.1751,113296
2020-07-28,1.17508,1.17732,1.16982,1.1715,116693
2020-07-29,1.17145,1.18059,1.17122,1.17906,111057
2020-07-30,1.17882,1.1848,1.17304,1.1846700000000001,118931
2020-07-31,1.18463,1.19083,1.17611,1.17754,148209
2020-08-03,1.17688,1.17964,1.16954,1.17617,110833
2020-08-04,1.17625,1.18055,1.17209,1.18028,103646
2020-08-05,1.18025,1.19046,1.17925,1.18629,102054
2020-08-06,1.18604,1.19156,1.18175,1.18762,129719
2020-08-07,1.18757,1.18827,1.17548,1.17847,134329
2020-08-10,1.17876,1.18003,1.17356,1.17371,81405
2020-08-11,1.1736900000000001,1.18076,1.17215,1.17395,118477
2020-08-12,1.1739600000000001,1.18166,1.17106,1.17835,118788
2020-08-13,1.17815,1.18638,1.17792,1.18131,101460
2020-08-14,1.1812,1.1850100000000001,1.17813,1.18407,88960
2020-08-17,1.184,1.1880600000000001,1.18283,1.18698,75041
2020-08-18,1.18675,1.19652,1.1863299999999999,1.19306,101466
2020-08-19,1.19284,1.19524,1.18299,1.18385,105338
2020-08-20,1.1835499999999999,1.18683,1.1801599999999999,1.1859899999999999,110502
2020-08-21,1.18584,1.18826,1.17537,1.17951,96157
2020-08-24,1.17903,1.18492,1.17838,1.17873,75499
2020-08-25,1.17871,1.18433,1.17838,1.18343,91401
2020-08-26,1.18336,1.1838899999999999,1.17718,1.18298,84163
2020-08-27,1.18277,1.19013,1.17619,1.18217,142779
2020-08-28,1.18201,1.19194,1.18106,1.19052,124428
2020-08-31,1.18981,1.19657,1.18839,1.19361,99399
2020-09-01,1.19275,1.20111,1.19008,1.19113,119080
2020-09-02,1.19109,1.19284,1.18217,1.18547,103920
2020-09-03,1.18454,1.18642,1.17886,1.18512,116362
2020-09-04,1.18486,1.1865,1.17804,1.18368,121901
2020-09-07,1.18433,1.18483,1.18112,1.18136,57678
2020-09-08,1.18117,1.18271,1.17652,1.17739,115694
2020-09-09,1.17744,1.18337,1.17523,1.18027,104311
2020-09-10,1.18002,1.19171,1.1797900000000001,1.18146,124819
2020-09-11,1.18097,1.18738,1.18097,1.18433,85852
2020-09-14,1.18347,1.18875,1.18314,1.18643,68266
2020-09-15,1.18639,1.19001,1.18391,1.18462,77766
2020-09-16,1.18462,1.18822,1.17871,1.18155,106984
2020-09-17,1.18142,1.1852,1.1736900000000001,1.18476,116871
2020-09-18,1.1846700000000001,1.18701,1.18256,1.18402,84966
2020-09-21,1.18381,1.18713,1.17313,1.17707,103228
2020-09-22,1.1764000000000001,1.1773500000000001,1.16912,1.17077,115442
2020-09-23,1.17073,1.17185,1.16509,1.16595,111316
2020-09-24,1.16589,1.16865,1.16261,1.16708,106533
2020-09-25,1.16709,1.16846,1.1611799999999999,1.16297,85132
2020-09-28,1.16207,1.1679599999999999,1.16147,1.1665,75974
2020-09-29,1.16609,1.1745,1.16567,1.17426,75405
2020-09-30,1.17423,1.17546,1.16842,1.1721,105712
2020-10-01,1.17193,1.17693,1.17168,1.17465,105798
2020-10-02,1.17481,1.17486,1.16953,1.17158,116649
2020-10-05,1.17096,1.17971,1.17045,1.17825,64537
2020-10-06,1.17822,1.1807400000000001,1.17314,1.17334,95512
2020-10-07,1.17333,1.17814,1.17246,1.17628,88876
2020-10-08,1.176,1.17813,1.17323,1.17582,72331
2020-10-09,1.17577,1.18306,1.17476,1.1829399999999999,71094
2020-10-12,1.18108,1.18263,1.17863,1.1812,61948
2020-10-13,1.18098,1.18152,1.17299,1.17446,73625
2020-10-14,1.17432,1.17706,1.17195,1.17452,73751
2020-10-15,1.1745,1.17574,1.16881,1.17073,81693
2020-10-16,1.17068,1.17456,1.1693500000000001,1.17134,70914
2020-10-19,1.17195,1.17934,1.17028,1.17695,69920
2020-10-20,1.17686,1.18404,1.17596,1.18211,70729
2020-10-21,1.18209,1.18804,1.18207,1.18598,86562
2020-10-22,1.18612,1.18664,1.18109,1.18177,76331
2020-10-23,1.1816200000000001,1.18644,1.17863,1.1856,74296
2020-10-26,1.18541,1.18594,1.18029,1.18087,76772
2020-10-27,1.18087,1.18383,1.17856,1.1787,66300
2020-10-28,1.17948,1.17973,1.17174,1.17451,87305
2020-10-29,1.17445,1.17585,1.16498,1.1674,92609
2020-10-30,1.16727,1.17039,1.1639599999999999,1.16443,91260
2020-11-02,1.16463,1.16552,1.16216,1.16404,77801
2020-11-03,1.16399,1.17394,1.16295,1.1715,71237
2020-11-04,1.17106,1.17704,1.16023,1.17244,174637
2020-11-05,1.17242,1.18593,1.17104,1.1826699999999999,122247
2020-11-06,1.18173,1.18905,1.1795,1.18744,119435
2020-11-09,1.18892,1.19196,1.17949,1.18127,148845
2020-11-10,1.18126,1.18429,1.17792,1.18136,126081
2020-11-11,1.18125,1.18323,1.17451,1.17771,77511
2020-11-12,1.17753,1.18228,1.17582,1.18048,81576
2020-11-13,1.18029,1.1837,1.17985,1.18327,64947
2020-11-16,1.18393,1.1868400000000001,1.18137,1.18516,80773
2020-11-17,1.18507,1.18933,1.18421,1.18605,66795
2020-11-18,1.18612,1.18906,1.18489,1.18526,71006
2020-11-19,1.18524,1.1882,1.18159,1.1874500000000001,74542
2020-11-20,1.18743,1.18904,1.18493,1.18561,63555
2020-11-23,1.18535,1.19056,1.17995,1.18399,68816
2020-11-24,1.18396,1.18957,1.18332,1.18904,69337
2020-11-25,1.18895,1.19293,1.18815,1.19157,79720
2020-11-26,1.19149,1.19404,1.18848,1.19127,49168
2020-11-27,1.19122,1.19635,1.19058,1.19635,56646
2020-11-30,1.19612,1.20028,1.1923300000000001,1.19256,79134
2020-12-01,1.19254,1.20762,1.19241,1.20692,81434
2020-12-02,1.20654,1.2118,1.20396,1.21136,88460
2020-12-03,1.21126,1.21742,1.21006,1.21469,83120
2020-12-04,1.21405,1.2177,1.21099,1.21183,89155
2020-12-07,1.213,1.21658,1.20782,1.21091,89787
2020-12-08,1.2107,1.21335,1.2095,1.21022,83195
2020-12-09,1.21017,1.21469,1.20583,1.20802,82072
2020-12-10,1.20793,1.21586,1.20631,1.21398,99752
2020-12-11,1.21354,1.21625,1.2105,1.21066,84894
2020-12-14,1.21353,1.21763,1.21152,1.21432,71461
2020-12-15,1.2143,1.21685,1.21208,1.21505,74445
2020-12-16,1.21493,1.22119,1.21246,1.21984,84600
2020-12-17,1.21979,1.22723,1.21895,1.22684,75720
2020-12-18,1.22657,1.2271,1.2225,1.22544,69881
2020-12-21,1.22208,1.22526,1.21291,1.22424,120613
2020-12-22,1.22397,1.22567,1.21519,1.21616,89381
2020-12-23,1.2160199999999999,1.22207,1.21533,1.2186,89250
2020-12-24,1.21857,1.22154,1.21767,1.21836,51547
2020-12-28,1.21893,1.22499,1.21807,1.2216,75594
2020-12-29,1.22152,1.22746,1.22064,1.22482,72340
2020-12-30,1.22475,1.2309700000000001,1.22452,1.22961,77288
2020-12-31,1.22963,1.23089,1.22088,1.22155,69050
2021-01-04,1.22385,1.23094,1.22274,1.22473,104618
2021-01-05,1.2246,1.23053,1.22417,1.22965,92684
2021-01-06,1.2288999999999999,1.2349,1.22651,1.23252,136203
2021-01-07,1.23232,1.2344,1.22447,1.2271,107481
2021-01-08,1.22703,1.22842,1.21926,1.2212,119582
2021-01-11,1.22174,1.22256,1.21318,1.21497,95757
2021-01-12,1.21491,1.22093,1.21367,1.22062,90166
2021-01-13,1.22057,1.22224,1.21394,1.21568,84562
2021-01-14,1.21566,1.21781,1.21106,1.2154,95987
2021-01-15,1.21511,1.21621,1.20746,1.20756,81589
2021-01-18,1.20828,1.20864,1.2053099999999999,1.20757,62112
2021-01-19,1.20747,1.21445,1.20736,1.21284,72965
2021-01-20,1.21276,1.21579,1.20763,1.21046,79485
2021-01-21,1.21036,1.21726,1.2102,1.2164,85763
2021-01-22,1.21601,1.21891,1.21511,1.21705,76261
2021-01-25,1.21676,1.21829,1.21156,1.21413,79226
2021-01-26,1.21362,1.21754,1.21074,1.2159200000000001,80948
2021-01-27,1.21594,1.21694,1.20579,1.21096,111170
2021-01-28,1.21067,1.2142,1.20804,1.2121,111553
2021-01-29,1.21201,1.21556,1.20941,1.21366,115556
2021-02-01,1.21284,1.21361,1.20556,1.20594,97205
2021-02-02,1.2059199999999999,1.20874,1.20111,1.20428,85937
2021-02-03,1.20421,1.20498,1.20037,1.20351,71538
2021-02-04,1.20341,1.20423,1.19571,1.1962,79495
2021-02-05,1.19619,1.20495,1.19517,1.20479,80203
2021-02-08,1.20373,1.20655,1.20194,1.20493,68204
2021-02-09,1.20442,1.21214,1.20435,1.21174,80181
2021-02-10,1.2117,1.21436,1.21085,1.21172,77924
2021-02-11,1.21166,1.2149,1.21132,1.21303,58799
2021-02-12,1.21257,1.21344,1.2081,1.21177,60913
2021-02-15,1.21242,1.21448,1.21163,1.21274,45584
2021-02-16,1.21267,1.2169,1.20946,1.2105299999999999,77779
2021-02-17,1.21037,1.21087,1.20228,1.20374,85934
2021-02-18,1.20342,1.20942,1.20326,1.20908,74899
2021-02-19,1.20883,1.21441,1.2082,1.2117,72440
2021-02-22,1.21158,1.21689,1.20908,1.21554,85627
2021-02-23,1.21554,1.21797,1.21349,1.21493,83022
2021-02-24,1.21491,1.21742,1.21087,1.21665,103111
2021-02-25,1.21628,1.22425,1.21556,1.21743,130203
2021-02-26,1.21751,1.21828,1.20618,1.20722,155985
2021-03-01,1.20702,1.21007,1.20272,1.20488,76690
2021-03-02,1.20485,1.20939,1.19912,1.20893,94736
2021-03-03,1.20884,1.21128,1.20424,1.20627,98680
2021-03-04,1.20625,1.2066,1.19613,1.1969400000000001,125316
2021-03-05,1.19622,1.1976499999999999,1.1892800000000001,1.19082,136522
2021-03-08,1.19164,1.19318,1.18438,1.1846,107987
2021-03-09,1.18458,1.19154,1.18351,1.19001,99578
2021-03-10,1.1899899999999999,1.19293,1.1868400000000001,1.19284,94090
2021-03-11,1.19273,1.19895,1.19153,1.19851,85763
2021-03-12,1.19836,1.1988,1.19096,1.19524,89195
2021-03-15,1.19429,1.1967,1.19107,1.19271,73324
2021-03-16,1.19232,1.19515,1.18818,1.19009,73963
2021-03-17,1.19007,1.1985000000000001,1.18858,1.19802,77460
2021-03-18,1.19778,1.19884,1.19058,1.19135,98665
2021-03-19,1.19124,1.19367,1.18735,1.1904,77661
2021-03-22,1.18711,1.19465,1.18705,1.19332,67011
2021-03-23,1.1932,1.19403,1.18418,1.1848,67741
2021-03-24,1.18495,1.1852800000000001,1.18092,1.18123,72037
2021-03-25,1.18115,1.18273,1.1761300000000001,1.17677,76012
2021-03-26,1.17635,1.18045,1.17625,1.17927,59252
2021-03-29,1.17914,1.17936,1.17602,1.17642,60415
2021-03-30,1.17638,1.1773500000000001,1.17105,1.17169,57510
2021-03-31,1.1717,1.17594,1.17037,1.17298,65023
2021-04-01,1.17293,1.1779600000000001,1.17123,1.17759,65702
2021-04-02,1.17753,1.17862,1.17487,1.17597,31992
2021-04-05,1.1754,1.18191,1.1736900000000001,1.18125,40120
2021-04-06,1.18122,1.18772,1.17948,1.1874,58149
2021-04-07,1.18722,1.19144,1.18604,1.18668,63547
2021-04-08,1.18613,1.1927,1.18603,1.19124,57497
2021-04-09,1.19097,1.19198,1.18666,1.19014,63730
2021-04-12,1.1890100000000001,1.19186,1.18707,1.19099,54103
2021-04-13,1.1909,1.19554,1.1878,1.19474,69011
2021-04-14,1.19471,1.19869,1.1945000000000001,1.19784,58535
2021-04-15,1.19767,1.19929,1.19557,1.19655,58256
2021-04-16,1.19623,1.19944,1.195,1.1981600000000001,52500
2021-04-19,1.19718,1.20475,1.19421,1.20367,64637
2021-04-20,1.20365,1.20794,1.20221,1.20343,63611
2021-04-21,1.2034,1.2043300000000001,1.1998,1.20343,53634
2021-04-22,1.20343,1.20692,1.19932,1.2014,71767
2021-04-23,1.20142,1.20996,1.20125,1.20965,57312
2021-04-26,1.2091,1.21164,1.20606,1.20841,58711
2021-04-27,1.20849,1.20924,1.20564,1.20892,50817
2021-04-28,1.20893,1.21343,1.20557,1.2125,68248
2021-04-29,1.21245,1.21495,1.21017,1.21187,62401
2021-04-30,1.21178,1.21262,1.20162,1.20184,62701
2021-05-03,1.20305,1.20757,1.20126,1.20629,53632
2021-05-04,1.20629,1.20634,1.19986,1.20121,64985
2021-05-05,1.20101,1.20263,1.19854,1.20036,54304
2021-05-06,1.20029,1.20712,1.19927,1.20646,57751
2021-05-07,1.20647,1.2171,1.20524,1.21633,75406
2021-05-10,1.2159200000000001,1.21778,1.21273,1.21282,68689
2021-05-11,1.21282,1.21812,1.21227,1.2147000000000001,74218
2021-05-12,1.21464,1.21518,1.20652,1.20705,89702
2021-05-13,1.2067700000000001,1.21057,1.2051,1.20791,85999
2021-05-14,1.20789,1.21472,1.20703,1.21446,65116
2021-05-17,1.21455,1.21684,1.21257,1.21511,59186
2021-05-18,1.21499,1.22336,1.21438,1.2221899999999999,63952
2021-05-19,1.2222,1.22449,1.21594,1.21744,83336
2021-05-20,1.21703,1.22288,1.21634,1.22269,64997
2021-05-21,1.22269,1.22393,1.21603,1.21789,68155
2021-05-24,1.21725,1.22295,1.21718,1.2215,59538
2021-05-25,1.22139,1.2266,1.22104,1.22497,65472
2021-05-26,1.22476,1.22625,1.21816,1.21922,61015
2021-05-27,1.21918,1.22146,1.2174800000000001,1.21934,62053
2021-05-28,1.21934,1.22045,1.21323,1.21917,61750
2021-05-31,1.21997,1.22309,1.21828,1.2225,35127
2021-06-01,1.22241,1.2254,1.22113,1.22126,53073
2021-06-02,1.22125,1.22261,1.2163599999999999,1.221,48550
2021-06-03,1.22104,1.22138,1.21179,1.21265,54857
2021-06-04,1.21266,1.21853,1.21036,1.21661,53726
2021-06-07,1.21597,1.22014,1.21444,1.21893,32378
2021-06-08,1.2189,1.21938,1.21639,1.21726,42220
2021-06-09,1.21726,1.2217500000000001,1.21707,1.21787,34371
2021-06-10,1.21776,1.21943,1.2143,1.21751,55253
2021-06-11,1.21652,1.21926,1.20922,1.21074,43776
2021-06-14,1.21037,1.21299,1.20938,1.212,37792
2021-06-15,1.21192,1.21469,1.21008,1.21264,41620
2021-06-16,1.21256,1.21343,1.1994,1.19943,64985
2021-06-17,1.19942,1.20059,1.18913,1.19069,77131
2021-06-18,1.19057,1.19246,1.18469,1.18598,79100
2021-06-21,1.18547,1.1921,1.18473,1.19185,69807
2021-06-22,1.19175,1.19523,1.1880600000000001,1.19413,57519
2021-06-23,1.19383,1.19697,1.1911100000000001,1.19258,53639
2021-06-24,1.19254,1.19559,1.19174,1.19315,50643
2021-06-25,1.19311,1.19748,1.19259,1.19337,47083
2021-06-28,1.19317,1.19441,1.1902,1.19242,48787
2021-06-29,1.19224,1.19293,1.18773,1.1896,47795
2021-06-30,1.18959,1.19087,1.18447,1.1856,56467
2021-07-01,1.18568,1.18839,1.1837,1.18497,56559
2021-07-02,1.18496,1.18738,1.18067,1.18659,58424
2021-07-05,1.18559,1.18801,1.1851,1.18634,34657
2021-07-06,1.18598,1.18948,1.18066,1.18231,66249
2021-07-07,1.18231,1.18358,1.17811,1.17903,59939
2021-07-08,1.17897,1.18675,1.17831,1.18449,72272
2021-07-09,1.18404,1.18807,1.18245,1.18759,52840
2021-07-12,1.18697,1.18797,1.18357,1.18606,48539
2021-07-13,1.18597,1.18747,1.17717,1.17765,61311
2021-07-14,1.17757,1.18384,1.17715,1.18358,55608
2021-07-15,1.18356,1.18502,1.17959,1.18118,56003
2021-07-16,1.18123,1.18219,1.17919,1.18044,50468
2021-07-19,1.18057,1.18241,1.17632,1.17987,65507
2021-07-20,1.17942,1.1802,1.1755200000000001,1.17805,62505
2021-07-21,1.17783,1.18043,1.17512,1.17946,52866
2021-07-22,1.17907,1.183,1.17569,1.17707,62638
2021-07-23,1.17703,1.17861,1.1754,1.17707,45978
2021-07-26,1.17706,1.18168,1.17629,1.18029,50548
2021-07-27,1.18028,1.18407,1.17696,1.18165,52158
2021-07-28,1.1816,1.18491,1.17718,1.18441,64451
2021-07-29,1.18435,1.18923,1.18387,1.18865,47167
2021-07-30,1.18868,1.19082,1.18512,1.18672,52193
2021-08-02,1.18641,1.18965,1.18585,1.18688,44905
2021-08-03,1.1867,1.18929,1.18531,1.18637,46667
2021-08-04,1.18631,1.18993,1.18323,1.18367,45897
2021-08-05,1.1836,1.18569,1.18277,1.18327,44711
2021-08-06,1.18324,1.18353,1.17539,1.17599,48191
2021-08-09,1.1755,1.1768399999999999,1.17344,1.17362,42647
2021-08-10,1.17358,1.17424,1.1709,1.17203,36717
2021-08-11,1.17184,1.17534,1.17055,1.17388,41286
2021-08-12,1.1738,1.17477,1.17232,1.17296,32020
2021-08-13,1.1729,1.18042,1.17282,1.17936,31443
2021-08-16,1.17941,1.18004,1.17669,1.17768,33046
2021-08-17,1.1776200000000001,1.17841,1.17076,1.17081,46136
2021-08-18,1.17088,1.17423,1.16933,1.17108,42760
2021-08-19,1.17087,1.17151,1.16654,1.16756,50546
2021-08-20,1.1675200000000001,1.1703999999999999,1.16634,1.1699,38900
2021-08-23,1.16915,1.17498,1.16895,1.1745700000000001,39366
2021-08-24,1.17449,1.17646,1.17267,1.17555,34481
2021-08-25,1.17537,1.17741,1.17256,1.17716,37310
2021-08-26,1.17706,1.17784,1.17454,1.17515,39876
2021-08-27,1.17514,1.18019,1.1734499999999999,1.17949,46490
2021-08-30,1.17925,1.18094,1.17823,1.17962,29243
2021-08-31,1.17961,1.18446,1.17943,1.18083,50112
2021-09-01,1.18078,1.18568,1.17931,1.18384,41547
2021-09-02,1.18374,1.18756,1.18338,1.18744,32741
2021-09-03,1.18739,1.19086,1.18652,1.18778,47144
2021-09-06,1.18788,1.18859,1.18553,1.18701,23094
2021-09-07,1.18675,1.18847,1.1837,1.18402,49491
2021-09-08,1.18356,1.18506,1.1801599999999999,1.1815,50426
2021-09-09,1.18125,1.18409,1.18047,1.18244,55889
2021-09-10,1.18229,1.18506,1.18088,1.18099,47582
2021-09-13,1.1813500000000001,1.18166,1.17696,1.18103,45116
2021-09-14,1.18092,1.18453,1.17996,1.18025,52279
2021-09-15,1.1801300000000001,1.18314,1.17987,1.18165,49874
2021-09-16,1.18153,1.18202,1.1750099999999999,1.17652,53957
2021-09-17,1.17675,1.17884,1.17241,1.17251,50369
2021-09-20,1.17295,1.1736,1.16996,1.17257,45421
2021-09-21,1.17248,1.17482,1.17143,1.17252,51988
2021-09-22,1.17209,1.1755200000000001,1.1684,1.16866,69285
2021-09-23,1.1686,1.17496,1.1683,1.17381,59747
2021-09-24,1.17379,1.17472,1.17002,1.1718600000000001,45318
2021-09-27,1.17255,1.17255,1.1684,1.16952,53994
2021-09-28,1.1694,1.17028,1.16678,1.16826,65841
2021-09-29,1.16825,1.16896,1.15889,1.1596899999999999,67264
2021-09-30,1.15963,1.16093,1.1562000000000001,1.15769,71561
2021-10-01,1.1574,1.16069,1.15624,1.15924,69411
2021-10-04,1.15965,1.16397,1.15872,1.16193,56378
2021-10-05,1.16184,1.16214,1.15801,1.15972,51620
2021-10-06,1.1595900000000001,1.16025,1.15287,1.15556,66027
2021-10-07,1.15538,1.15716,1.1547,1.15527,49164
2021-10-08,1.15526,1.15855,1.15409,1.15739,57551
2021-10-11,1.15655,1.15863,1.15486,1.15517,42262
2021-10-12,1.15522,1.15698,1.15239,1.15295,49357
2021-10-13,1.15294,1.15968,1.1524,1.1594,58522
2021-10-14,1.15903,1.16239,1.15836,1.1595900000000001,46883
2021-10-15,1.15947,1.16183,1.15877,1.1599,48765
2021-10-18,1.15927,1.16219,1.15713,1.16097,51240
2021-10-19,1.16088,1.16689,1.16075,1.1632500000000001,51020
2021-10-20,1.16304,1.16582,1.16164,1.16505,50504
2021-10-21,1.16478,1.16669,1.16191,1.1623999999999999,49518
2021-10-22,1.16197,1.16553,1.16194,1.1643,55968
2021-10-25,1.16402,1.16646,1.15902,1.1608100000000001,50111
2021-10-26,1.16076,1.16253,1.15844,1.15957,45313
2021-10-27,1.15955,1.16258,1.15844,1.16026,57779
2021-10-28,1.16023,1.16917,1.15818,1.16801,77297
2021-10-29,1.16781,1.16897,1.15348,1.15624,70964
2021-11-01,1.15626,1.16086,1.15456,1.16041,52867
2021-11-02,1.16028,1.16129,1.15748,1.1578,51690
2021-11-03,1.1577,1.16159,1.15618,1.16131,65424
2021-11-04,1.1611,1.1616,1.15278,1.15539,56829
2021-11-05,1.15537,1.15729,1.15129,1.15675,63743
2021-11-08,1.15582,1.15944,1.155,1.1586400000000001,46603
2021-11-09,1.1584,1.16085,1.15693,1.15929,55963
2021-11-10,1.1590799999999999,1.15948,1.14755,1.14783,74683
2021-11-11,1.14774,1.14872,1.14426,1.14495,46712
2021-11-12,1.14484,1.14617,1.14326,1.14432,47872
2021-11-15,1.14455,1.14635,1.13558,1.13672,51515
2021-11-16,1.13666,1.13853,1.13085,1.13194,61427
2021-11-17,1.13184,1.13318,1.12631,1.13187,64860
2021-11-18,1.13177,1.13736,1.13134,1.13704,55437
2021-11-19,1.13686,1.13724,1.1249500000000001,1.12801,72400
2021-11-22,1.12893,1.12901,1.12302,1.12364,73772
2021-11-23,1.12362,1.12746,1.12255,1.12474,70358
2021-11-24,1.12461,1.12549,1.11857,1.11982,71716
2021-11-25,1.1196,1.12292,1.11942,1.12083,35853
2021-11-26,1.1206,1.13303,1.12045,1.13153,97408
2021-11-29,1.13034,1.13146,1.12579,1.12902,71148
2021-11-30,1.12883,1.13824,1.12346,1.1338,107118
2021-12-01,1.1335,1.13592,1.13021,1.13193,84746
2021-12-02,1.1317599999999999,1.13473,1.12949,1.13006,67071
2021-12-03,1.12996,1.13331,1.12662,1.13081,77534
2021-12-06,1.12995,1.1311,1.1266,1.12847,53001
2021-12-07,1.12821,1.12979,1.1227,1.12671,54997
2021-12-08,1.12658,1.13543,1.12611,1.1341700000000001,64954
2021-12-09,1.13418,1.13456,1.12779,1.12924,52633
2021-12-10,1.12919,1.13235,1.12647,1.13171,53618
2021-12-13,1.13098,1.13188,1.12596,1.12842,46762
2021-12-14,1.12807,1.13233,1.12533,1.12583,55295
2021-12-15,1.12575,1.12987,1.12209,1.12919,71374
2021-12-16,1.1290499999999999,1.1360000000000001,1.12807,1.13296,68862
2021-12-17,1.13296,1.13484,1.12346,1.12352,56110
2021-12-20,1.12368,1.13034,1.12342,1.12769,57726
2021-12-21,1.12743,1.13022,1.12603,1.12822,47902
2021-12-22,1.1282,1.13418,1.1264,1.13258,47613
2021-12-23,1.13246,1.13418,1.12897,1.13263,43162
2021-12-24,1.1326,1.13431,1.1302699999999999,1.13076,45873
2021-12-27,1.13113,1.1334,1.13025,1.13264,31342
2021-12-28,1.1326,1.13327,1.12891,1.13079,33980
2021-12-29,1.13079,1.13685,1.12732,1.13477,45784
2021-12-30,1.13445,1.13594,1.1298,1.13256,42368
2021-12-31,1.13244,1.13859,1.13028,1.13755,39762
2022-01-03,1.1367,1.13784,1.12793,1.12971,51066
2022-01-04,1.12961,1.1322,1.12718,1.12862,58041
2022-01-05,1.12852,1.13459,1.12765,1.13135,60102
2022-01-06,1.13111,1.13314,1.12842,1.12976,62828
2022-01-07,1.1296,1.13643,1.1289500000000001,1.13608,57589
2022-01-10,1.13545,1.13605,1.12845,1.13252,59149
2022-01-11,1.1323,1.1374900000000001,1.13125,1.13666,54702
2022-01-12,1.13655,1.14522,1.13541,1.14411,59676
2022-01-13,1.14402,1.14812,1.14354,1.14539,57831
2022-01-14,1.14531,1.14823,1.1398,1.14147,62968
2022-01-17,1.14115,1.14339,1.13914,1.14062,38559
2022-01-18,1.14062,1.1421000000000001,1.13141,1.13258,71138
2022-01-19,1.13249,1.13567,1.13183,1.1342,51884
2022-01-20,1.1339299999999999,1.13686,1.1302699999999999,1.13108,52367
2022-01-21,1.13092,1.13594,1.13003,1.13431,52032
2022-01-24,1.13414,1.13446,1.129,1.13254,58608
2022-01-25,1.13226,1.13285,1.12628,1.13006,49558
2022-01-26,1.12991,1.13103,1.12346,1.12405,66525
2022-01-27,1.12404,1.12429,1.11309,1.11444,67751
2022-01-28,1.11428,1.11731,1.11209,1.11484,63893
2022-01-31,1.11422,1.12473,1.11378,1.12333,61845
2022-02-01,1.12315,1.1278299999999999,1.12203,1.12718,57276
2022-02-02,1.12715,1.13297,1.12661,1.13035,46238
2022-02-03,1.13018,1.1451,1.12669,1.14392,79235
2022-02-04,1.14389,1.14834,1.14111,1.14509,71428
2022-02-07,1.14627,1.14633,1.14147,1.14419,56975
2022-02-08,1.14411,1.14482,1.13957,1.14163,50187
2022-02-09,1.14127,1.14474,1.1402,1.14233,42799
2022-02-10,1.1421000000000001,1.14944,1.13743,1.14275,78266
2022-02-11,1.14263,1.14297,1.13292,1.13467,90941
2022-02-14,1.1338,1.13687,1.12796,1.13058,80380
2022-02-15,1.13032,1.13677,1.12915,1.13582,59749
2022-02-16,1.13568,1.13953,1.13445,1.1372200000000001,53092
2022-02-17,1.13713,1.13856,1.13227,1.13608,80108
2022-02-18,1.1358,1.13766,1.13141,1.13223,55637
2022-02-21,1.1317,1.13901,1.1306,1.13093,47736
2022-02-22,1.1307,1.13663,1.12875,1.13241,75454
2022-02-23,1.13292,1.13586,1.13008,1.13051,46488
2022-02-24,1.13023,1.13083,1.1106,1.11919,150336
2022-02-25,1.11908,1.12737,1.11655,1.12702,96297
2022-02-28,1.11281,1.1246,1.11274,1.12178,119188
2022-03-01,1.12177,1.12325,1.10892,1.11229,91589
2022-03-02,1.11248,1.11433,1.10569,1.11184,109194
2022-03-03,1.1116,1.11211,1.10331,1.10659,77122
2022-03-04,1.10651,1.10674,1.08851,1.09355,107283
2022-03-07,1.09242,1.0932,1.08055,1.08533,156245
2022-03-08,1.08511,1.09578,1.0848200000000001,1.0901399999999999,142391
2022-03-09,1.0896,1.10948,1.08896,1.1075,101787
2022-03-10,1.1072899999999999,1.11208,1.09757,1.09859,120380
2022-03-11,1.09845,1.10432,1.09016,1.09117,101509
2022-03-14,1.09155,1.09934,1.09002,1.09447,85488
2022-03-15,1.09416,1.10193,1.09256,1.09489,96582
2022-03-16,1.09491,1.10463,1.09458,1.1031,121535
2022-03-17,1.10305,1.11369,1.10071,1.10901,78726
2022-03-18,1.1089,1.11181,1.10026,1.10505,77751
2022-03-21,1.10504,1.10696,1.10097,1.10188,67018
2022-03-22,1.10176,1.10453,1.09604,1.10294,83997
2022-03-23,1.10279,1.10435,1.09635,1.10066,67298
2022-03-24,1.10052,1.10134,1.09651,1.09982,75854
2022-03-25,1.09959,1.10373,1.09804,1.09837,79311
2022-03-28,1.09845,1.09991,1.09442,1.09859,91727
2022-03-29,1.09834,1.11366,1.09684,1.10858,120970
2022-03-30,1.1085099999999999,1.11707,1.10781,1.11575,104141
2022-03-31,1.11579,1.11843,1.10604,1.10665,96766
2022-04-01,1.10656,1.10758,1.10274,1.10488,74882
2022-04-04,1.10321,1.10539,1.096,1.09715,61529
2022-04-05,1.09688,1.09881,1.08996,1.09041,66430
2022-04-06,1.09029,1.09375,1.08739,1.08956,88405
2022-04-07,1.08956,1.09381,1.08642,1.08777,80048
2022-04-08,1.08764,1.08913,1.08359,1.08753,68037
2022-04-11,1.09186,1.09327,1.08721,1.08829,70043
2022-04-12,1.08825,1.09033,1.08207,1.08269,89845
2022-04-13,1.08256,1.08938,1.08084,1.08902,78984
2022-04-14,1.08897,1.09227,1.0757,1.08286,102088
2022-04-15,1.08278,1.08299,1.07925,1.08103,45969
2022-04-18,1.08031,1.08212,1.07694,1.0781,49467
2022-04-19,1.07805,1.08141,1.07606,1.07877,75611
2022-04-20,1.07876,1.08666,1.07825,1.08539,87196
2022-04-21,1.08496,1.09358,1.08231,1.08336,92525
2022-04-22,1.08368,1.08511,1.07702,1.07955,90525
2022-04-25,1.08026,1.08145,1.06962,1.07125,119485
2022-04-26,1.07106,1.07381,1.06353,1.06372,93319
2022-04-27,1.06363,1.06543,1.05141,1.05573,107906
2022-04-28,1.05571,1.05643,1.04707,1.04983,129463
2022-04-29,1.04976,1.05924,1.04906,1.05409,107126
2022-05-02,1.05488,1.05679,1.04897,1.05072,88828
2022-05-03,1.0507,1.05772,1.04917,1.05202,87686
2022-05-04,1.05186,1.06305,1.05055,1.06219,114626
2022-05-05,1.06196,1.06414,1.04921,1.0541,137018
2022-05-06,1.05413,1.05984,1.04821,1.05449,164749
2022-05-09,1.05355,1.05919,1.04946,1.0557,118558
2022-05-10,1.0557,1.05849,1.05249,1.05281,125957
2022-05-11,1.05281,1.05766,1.05014,1.05092,136554
2022-05-12,1.05092,1.05288,1.03533,1.03779,144837
2022-05-13,1.03755,1.0419100000000001,1.0349,1.04064,99727
2022-05-16,1.04034,1.04426,1.03885,1.04311,83090
2022-05-17,1.0431,1.05551,1.04279,1.05465,104678
2022-05-18,1.05465,1.05633,1.04598,1.04609,92223
2022-05-19,1.04609,1.06066,1.04599,1.05854,130468
2022-05-20,1.05816,1.05983,1.05323,1.05478,92402
2022-05-23,1.05605,1.06969,1.05513,1.06881,88740
2022-05-24,1.06878,1.0748,1.06604,1.07333,91999
2022-05-25,1.07329,1.07385,1.06416,1.0679,94725
2022-05-26,1.06775,1.07311,1.06619,1.07239,77488
2022-05-27,1.07239,1.07645,1.06965,1.07323,69763
2022-05-30,1.07334,1.07864,1.07256,1.0778,47901
2022-05-31,1.07756,1.07788,1.06784,1.07326,95012
2022-06-01,1.0732,1.07388,1.06267,1.06484,80391
2022-06-02,1.06453,1.07496,1.0641,1.07463,65838
2022-06-03,1.07443,1.0764,1.07034,1.07186,62408
2022-06-06,1.07163,1.07515,1.06834,1.06955,60543
2022-06-07,1.0695000000000001,1.07137,1.06514,1.07049,79696
2022-06-08,1.0695999999999999,1.0748,1.06708,1.07157,73093
2022-06-09,1.07154,1.07734,1.06108,1.06159,109042
2022-06-10,1.06142,1.06417,1.05052,1.05147,108536
2022-06-13,1.05142,1.05195,1.03992,1.04076,127542
2022-06-14,1.04078,1.04844,1.03965,1.04151,126349
2022-06-15,1.0414,1.05073,1.03585,1.0443,181130
2022-06-16,1.04412,1.06008,1.03804,1.05483,167592
2022-06-17,1.05454,1.05603,1.04439,1.04923,138795
2022-06-20,1.0474,1.05454,1.0474,1.05104,72634
2022-06-21,1.05104,1.0582,1.05054,1.05318,88450
2022-06-22,1.05299,1.06054,1.04684,1.05678,115449
2022-06-23,1.05631,1.05805,1.04821,1.05215,134410
2022-06-24,1.05225,1.05707,1.05115,1.0555,91142
2022-06-27,1.05469,1.06144,1.05461,1.05829,91322
2022-06-28,1.05817,1.06057,1.05028,1.0518,103995
2022-06-29,1.0517,1.0535,1.04345,1.04411,111818
2022-06-30,1.04394,1.04882,1.03819,1.04827,119320
2022-07-01,1.04826,1.04846,1.03648,1.0426,119578
2022-07-04,1.04163,1.04622,1.04146,1.04221,70052
2022-07-05,1.04198,1.04484,1.02346,1.02656,123085
2022-07-06,1.02641,1.02761,1.01609,1.0181,139447
2022-07-07,1.01797,1.02205,1.01437,1.01587,106376
2022-07-08,1.01564,1.01907,1.00714,1.01843,121450
2022-07-11,1.01728,1.0183,1.00331,1.00396,105224
2022-07-12,1.00396,1.00733,0.99994,1.00365,128443
2022-07-13,1.00346,1.01216,0.99972,1.00574,146621
2022-07-14,1.00551,1.00598,0.99517,1.00178,149762
2022-07-15,1.00154,1.00973,1.00063,1.00873,112379
2022-07-18,1.00815,1.02007,1.00736,1.01418,99505
2022-07-19,1.01408,1.02685,1.0119,1.02247,124606
2022-07-20,1.02245,1.02725,1.01549,1.01803,119451
2022-07-21,1.01766,1.02776,1.01523,1.023,156133
2022-07-22,1.02282,1.02549,1.01291,1.02145,139873
2022-07-25,1.02092,1.02574,1.0178,1.02188,118768
2022-07-26,1.02185,1.02496,1.01071,1.01155,105843
2022-07-27,1.01134,1.02201,1.00961,1.01975,114715
2022-07-28,1.02003,1.02339,1.01134,1.01963,138286
2022-07-29,1.01956,1.02539,1.01454,1.0226,131020
2022-08-01,1.0214,1.02748,1.0205,1.02617,114872
2022-08-02,1.02603,1.02935,1.01629,1.01655,147930
2022-08-03,1.01653,1.02099,1.01221,1.01661,122311
2022-08-04,1.01585,1.02533,1.01536,1.02447,113830
2022-08-05,1.02437,1.02518,1.01411,1.01805,110057
2022-08-08,1.01735,1.02214,1.01587,1.01943,82792
2022-08-09,1.01945,1.02468,1.01882,1.02126,71267
2022-08-10,1.02122,1.03682,1.02013,1.02988,106538
2022-08-11,1.02983,1.03639,1.02749,1.03194,106075
2022-08-12,1.03174,1.03271,1.02377,1.02579,87961
2022-08-15,1.02545,1.02678,1.01541,1.01596,80614
2022-08-16,1.01607,1.01943,1.01219,1.01702,90126
2022-08-17,1.01698,1.02025,1.0145,1.01807,103809
2022-08-18,1.01776,1.01926,1.00788,1.00875,95896
2022-08-19,1.00866,1.0095,1.00314,1.00406,82100
2022-08-22,1.00304,1.0046,0.99255,0.9943,85477
2022-08-23,0.99423,1.00178,0.98989,0.99695,106691
2022-08-24,0.99682,0.99988,0.99095,0.99662,101085
2022-08-25,0.9964,1.00329,0.99486,0.99743,98541
2022-08-26,0.99728,1.00896,0.99459,0.99621,110305
2022-08-29,0.99641,1.00288,0.99136,0.99972,102926
2022-08-30,0.99927,1.00543,0.99815,1.00137,115510
2022-08-31,1.00122,1.00786,0.99708,1.00545,113446
2022-09-01,1.0051,1.00545,0.99103,0.99442,117227
2022-09-02,0.99442,1.00331,0.99406,0.99521,114807
2022-09-05,0.99231,0.99436,0.98774,0.9931,85380
2022-09-06,0.99245,0.9986,0.98634,0.99031,128946
2022-09-07,0.99031,1.00105,0.98749,1.00057,118672
2022-09-08,0.99969,1.00292,0.99301,0.99983,139806
2022-09-09,0.99983,1.01129,0.99922,1.0046,119417
2022-09-12,1.01004,1.01973,1.00592,1.01211,112160
2022-09-13,1.01207,1.01868,0.99663,0.99686,116545
2022-09-14,0.99674,1.0023,0.99549,0.99814,128789
2022-09-15,0.99781,1.00173,0.99552,0.99963,90104
2022-09-16,0.99939,1.0036,0.99445,1.00144,96185
2022-09-19,1.00082,1.00288,0.99653,1.0024,78987
2022-09-20,1.00197,1.00501,0.99545,0.99711,106137
2022-09-21,0.99697,0.99747,0.98123,0.98372,150546
2022-09-22,0.98362,0.9907,0.98068,0.98395,173925
2022-09-23,0.98283,0.98514,0.96676,0.96895,153296
2022-09-26,0.96715,0.97093,0.95497,0.96087,239994
2022-09-27,0.96084,0.96703,0.95686,0.95924,164519
2022-09-28,0.95923,0.97504,0.95353,0.97347,214722
2022-09-29,0.97315,0.98151,0.9635,0.98147,191949
2022-09-30,0.98144,0.98534,0.9734,0.98011,189456
2022-10-03,0.97818,0.98442,0.97521,0.98246,154635
2022-10-04,0.98239,0.99992,0.98055,0.99842,160770
2022-10-05,0.99835,0.99945,0.98341,0.98752,141152
2022-10-06,0.98747,0.9926,0.97877,0.97911,156628
2022-10-07,0.97879,0.98163,0.97255,0.97416,152652
2022-10-10,0.9731,0.97527,0.96811,0.97029,126003
2022-10-11,0.97005,0.97742,0.967,0.97075,159086
2022-10-12,0.9705,0.97341,0.96673,0.97023,162835
2022-10-13,0.9701,0.98055,0.96308,0.97774,186680
2022-10-14,0.97717,0.98082,0.97062,0.97231,178918
2022-10-17,0.97208,0.98516,0.97176,0.98408,129624
2022-10-18,0.98387,0.98752,0.98121,0.98576,141331
2022-10-19,0.98545,0.9872,0.97568,0.97722,133698
2022-10-20,0.97713,0.98449,0.9754,0.97862,145360
2022-10-21,0.97825,0.98684,0.97042,0.98586,205491
2022-10-24,0.98726,0.98984,0.98062,0.98737,193430
2022-10-25,0.98736,0.99764,0.98477,0.99644,131086
2022-10-26,0.9962,1.00882,0.99426,1.00826,137342
2022-10-27,1.00754,1.00933,0.99571,0.99634,158695
2022-10-28,0.99631,0.99978,0.9926,0.99654,142285
2022-10-31,0.99554,0.99651,0.98724,0.98827,99912
2022-11-01,0.98827,0.99536,0.98523,0.98748,125510
2022-11-02,0.98741,0.99755,0.98124,0.98169,138024
2022-11-03,0.98149,0.9839,0.97295,0.97491,134269
2022-11-04,0.97492,0.9966,0.97419,0.99577,166591
2022-11-07,0.99031,1.00339,0.99002,1.00217,133384
2022-11-08,1.00169,1.00959,0.99711,1.00729,107755
2022-11-09,1.00715,1.00878,0.99923,1.0012,141749
2022-11-10,1.00094,1.02214,0.9935,1.02093,166917
2022-11-11,1.02062,1.03637,1.01625,1.03522,168001
2022-11-14,1.03333,1.0358,1.02709,1.0326,140322
2022-11-15,1.03256,1.04795,1.02797,1.03482,162871
2022-11-16,1.03466,1.04381,1.03303,1.03941,117519
2022-11-17,1.03933,1.0406,1.03048,1.03636,95200
2022-11-18,1.03583,1.03954,1.03131,1.03218,78832
2022-11-21,1.03212,1.03327,1.02223,1.02406,77429
2022-11-22,1.02384,1.03076,1.02342,1.03035,67957
2022-11-23,1.03012,1.04046,1.02961,1.03941,84530
2022-11-24,1.03941,1.0448,1.03814,1.04114,58618
2022-11-25,1.04067,1.04287,1.03543,1.0391,71423
2022-11-28,1.03694,1.04965,1.03299,1.03381,95294
2022-11-29,1.03368,1.03939,1.03195,1.03287,94999
2022-11-30,1.03276,1.04282,1.02898,1.04055,115072
2022-12-01,1.04041,1.05334,1.03927,1.05247,115765
2022-12-02,1.05194,1.05444,1.04278,1.05392,102302
2022-12-05,1.05269,1.05944,1.04798,1.04908,74907
2022-12-06,1.04914,1.05323,1.04587,1.04642,72491
2022-12-07,1.04641,1.05491,1.04429,1.05036,77332
2022-12-08,1.05031,1.05643,1.04891,1.05523,62480
2022-12-09,1.05536,1.05877,1.05009,1.05282,74378
2022-12-12,1.05274,1.05797,1.05054,1.05378,58147
2022-12-13,1.05351,1.06728,1.05261,1.06319,94414
2022-12-14,1.06319,1.06945,1.06184,1.06819,101791
2022-12-15,1.06811,1.07358,1.0592,1.06259,90854
2022-12-16,1.06236,1.06627,1.05834,1.05839,73631
2022-12-19,1.0582,1.06574,1.05753,1.06064,61347
2022-12-20,1.06031,1.06581,1.05783,1.06218,101859
2022-12-21,1.06232,1.06452,1.059,1.0604,59717
2022-12-22,1.0602800000000001,1.0659,1.05728,1.05971,61766
2022-12-23,1.05948,1.06324,1.05861,1.06142,60358
2022-12-26,1.06282,1.06366,1.06141,1.06352,4866
2022-12-27,1.06356,1.0669,1.06111,1.0639,50267
2022-12-28,1.06389,1.06738,1.06062,1.06115,51201
2022-12-29,1.06091,1.06898,1.06055,1.0661,49424
2022-12-30,1.06607,1.07126,1.06378,1.06976,63190
2023-01-02,1.06949,1.07043,1.065,1.06665,18076
2023-01-03,1.06642,1.06829,1.0519,1.0547,85575
2023-01-04,1.05465,1.06349,1.05404,1.0603,85413
2023-01-05,1.06015,1.0631,1.05146,1.05207,77960
2023-01-06,1.05205,1.06475,1.04801,1.06431,81484
2023-01-09,1.06371,1.076,1.06354,1.07318,71686
2023-01-10,1.07293,1.07587,1.07117,1.07334,70559
2023-01-11,1.07329,1.07758,1.07249,1.07556,56071
2023-01-12,1.07535,1.08664,1.07245,1.08515,103342
2023-01-13,1.08497,1.08673,1.07799,1.08308,71949
2023-01-16,1.08289,1.08735,1.08011,1.0821,39928
2023-01-17,1.08197,1.08687,1.07739,1.07876,71046
2023-01-18,1.07879,1.08867,1.07657,1.07936,91587
2023-01-19,1.07903,1.08394,1.0782,1.08294,63963
2023-01-20,1.08291,1.08585,1.08018,1.08547,47965
2023-01-23,1.08688,1.09262,1.08459,1.08715,51488
2023-01-24,1.08705,1.08976,1.08346,1.08879,48633
2023-01-25,1.08856,1.09229,1.08567,1.09147,49698
2023-01-26,1.09152,1.09287,1.08501,1.08917,61056
2023-01-27,1.0890900000000001,1.08996,1.08372,1.08669,61952
2023-01-30,1.08638,1.0913,1.08386,1.085,52028
2023-01-31,1.0848,1.08743,1.08014,1.0861399999999999,64511
2023-02-01,1.08607,1.10007,1.08518,1.09886,84411
2023-02-02,1.0987,1.10324,1.0884800000000001,1.09099,94467
2023-02-03,1.09081,1.09395,1.0792,1.0793,93315
2023-02-06,1.07817,1.07984,1.07088,1.07249,77183
2023-02-07,1.07242,1.0766,1.06687,1.07267,102802
2023-02-08,1.07233,1.07601,1.07089,1.07129,60312
2023-02-09,1.07095,1.07902,1.07084,1.07386,58512
2023-02-10,1.07324,1.07522,1.06657,1.06768,64981
2023-02-13,1.06772,1.07293,1.06551,1.07243,39591
2023-02-14,1.07188,1.08039,1.07062,1.07352,87108
2023-02-15,1.0735999999999999,1.07439,1.066,1.06864,64111
2023-02-16,1.06862,1.07218,1.0654,1.0671599999999999,68483
2023-02-17,1.0672,1.06978,1.06122,1.06931,59086
2023-02-20,1.06866,1.07039,1.06697,1.06853,30083
2023-02-21,1.06837,1.06976,1.06369,1.06465,62222
2023-02-22,1.06445,1.06635,1.05987,1.06045,67480
2023-02-23,1.06036,1.06271,1.05765,1.05971,55595
2023-02-24,1.05926,1.06137,1.05356,1.05449,68360
2023-02-27,1.05478,1.06192,1.05325,1.06082,51251
2023-02-28,1.0603,1.06447,1.05735,1.05751,54758
2023-03-01,1.05733,1.06909,1.05648,1.06684,69317
2023-03-02,1.06669,1.06722,1.05759,1.05965,63309
2023-03-03,1.05961,1.06381,1.05877,1.06333,50585
2023-03-06,1.06233,1.06938,1.06216,1.0682,48990
2023-03-07,1.06717,1.0694,1.05455,1.05485,68528
2023-03-08,1.05486,1.05733,1.05239,1.05433,53614
2023-03-09,1.05436,1.0590600000000001,1.0537,1.05815,47741
2023-03-10,1.05775,1.07002,1.05734,1.0638,100936
2023-03-13,1.06934,1.0748,1.06497,1.07309,141970
2023-03-14,1.07274,1.07491,1.06782,1.07309,102439
2023-03-15,1.0731,1.07592,1.05156,1.05753,117353
2023-03-16,1.05757,1.06351,1.05508,1.06115,106876
2023-03-17,1.06115,1.06847,1.06049,1.06644,70655
2023-03-20,1.0683,1.07303,1.06309,1.07177,78470
2023-03-21,1.07177,1.07879,1.07035,1.07667,49845
2023-03-22,1.07667,1.09118,1.07585,1.08574,66069
2023-03-23,1.08574,1.09294,1.08236,1.0832,67982
2023-03-24,1.0832,1.08381,1.07127,1.07589,73456
2023-03-27,1.07737,1.07995,1.07445,1.07981,48419
2023-03-28,1.0796000000000001,1.0848,1.07935,1.08453,41946
2023-03-29,1.08418,1.0871,1.08174,1.08438,42167
2023-03-30,1.08439,1.0925799999999999,1.08231,1.0905,42131
2023-03-31,1.09051,1.09251,1.08362,1.08412,49061
2023-04-03,1.08381,1.0916,1.07876,1.09022,48251
2023-04-04,1.08914,1.09727,1.08824,1.09552,46274
2023-04-05,1.0947,1.0969,1.08906,1.09066,45221
2023-04-06,1.08998,1.0937000000000001,1.08841,1.09203,34954
2023-04-07,1.09188,1.09235,1.08758,1.08962,12629
2023-04-10,1.08965,1.09166,1.08307,1.08598,27703
2023-04-11,1.0859,1.09274,1.08577,1.09125,34827
2023-04-12,1.09126,1.09997,1.0906,1.09907,43134
2023-04-13,1.09912,1.10671,1.09762,1.10463,38299
2023-04-14,1.10456,1.10752,1.09718,1.09935,43913
2023-04-17,1.09906,1.09991,1.09087,1.09268,38931
2023-04-18,1.09209,1.09823,1.09195,1.09729,35727
2023-04-19,1.09708,1.09834,1.09167,1.0955300000000001,38779
2023-04-20,1.09537,1.09891,1.09329,1.09698,38763
2023-04-21,1.09637,1.09931,1.09374,1.09886,39819
2023-04-24,1.09884,1.10495,1.09654,1.10456,34203
2023-04-25,1.10454,1.10665,1.09636,1.09732,41962
2023-04-26,1.0971,1.10949,1.0965799999999999,1.10381,52459
2023-04-27,1.10382,1.10628,1.09915,1.10284,44406
2023-04-28,1.10281,1.10444,1.0962,1.10159,58350
2023-05-01,1.10261,1.1035,1.09639,1.09756,33983
2023-05-02,1.09755,1.10073,1.09416,1.09985,46053
2023-05-03,1.09972,1.1091199999999999,1.09972,1.10611,53647
2023-05-04,1.10554,1.1091,1.09856,1.10116,65003
2023-05-05,1.10092,1.10472,1.09662,1.1018,46387
2023-05-08,1.10196,1.1053,1.09995,1.10034,31872
2023-05-09,1.1002,1.10051,1.09405,1.09607,36627
2023-05-10,1.09606,1.10063,1.09409,1.09819,47484
2023-05-11,1.098,1.09974,1.08997,1.0915,52105
2023-05-12,1.09147,1.0935,1.08473,1.0849,40390
2023-05-15,1.08556,1.08902,1.0845,1.08737,36051
2023-05-16,1.08731,1.09041,1.08544,1.08621,41346
2023-05-17,1.086,1.08729,1.08097,1.08378,41956
2023-05-18,1.08386,1.08474,1.07619,1.07693,39455
2023-05-19,1.07679,1.08282,1.07594,1.08054,50170
2023-05-22,1.08039,1.08307,1.07949,1.08116,35133
2023-05-23,1.0807,1.082,1.07599,1.07699,38040
2023-05-24,1.0767,1.08007,1.07477,1.07488,53363
2023-05-25,1.0749,1.07561,1.07069,1.07245,59700
2023-05-26,1.07174,1.07581,1.07013,1.07244,58840
2023-05-29,1.0716,1.0743,1.0705,1.0708199999999999,22983
2023-05-30,1.07069,1.0746,1.06719,1.07334,64460
2023-05-31,1.07237,1.07352,1.06346,1.06878,66048
2023-06-01,1.06808,1.07678,1.06613,1.07618,64064
2023-06-02,1.07617,1.07784,1.07048,1.0707,53097
2023-06-05,1.07104,1.07218,1.0674,1.07118,54018
2023-06-06,1.07124,1.07323,1.06665,1.06918,50885
2023-06-07,1.06928,1.07391,1.06676,1.06984,53471
2023-06-08,1.06981,1.07865,1.06925,1.07825,54010
2023-06-09,1.07789,1.07845,1.07423,1.07486,42624
2023-06-12,1.07444,1.07895,1.07328,1.07572,43973
2023-06-13,1.07544,1.0823,1.07522,1.07924,58562
2023-06-14,1.07929,1.08635,1.07734,1.08304,61239
2023-06-15,1.08246,1.0952,1.08032,1.09449,61686
2023-06-16,1.09422,1.09701,1.09172,1.09412,71638
2023-06-19,1.09397,1.09458,1.09065,1.09208,39642
2023-06-20,1.0918,1.09457,1.08916,1.09178,67230
2023-06-21,1.09176,1.0990199999999999,1.09051,1.09856,68329
2023-06-22,1.09856,1.10113,1.09479,1.09551,62684
2023-06-23,1.09551,1.09585,1.08439,1.08898,74900
2023-06-26,1.09043,1.09196,1.08868,1.09053,58739
2023-06-27,1.09052,1.09761,1.09013,1.09599,61050
2023-06-28,1.09603,1.0962,1.08964,1.09124,64866
2023-06-29,1.09123,1.09408,1.08596,1.08631,60361
2023-06-30,1.08632,1.09313,1.08347,1.0909200000000001,62797
2023-07-03,1.09078,1.09333,1.08698,1.09103,55727
2023-07-04,1.09102,1.09158,1.08763,1.08784,35914
2023-07-05,1.0879,1.09074,1.08505,1.08534,62173
2023-07-06,1.08533,1.09001,1.0833,1.08883,77325
2023-07-07,1.08853,1.09727,1.0866500000000001,1.0968,71123
2023-07-10,1.0959,1.10008,1.0943,1.10007,63870
2023-07-11,1.10008,1.10265,1.09764,1.10079,58344
2023-07-12,1.10074,1.11397,1.09972,1.11292,72170
2023-07-13,1.1125099999999999,1.12274,1.1125099999999999,1.12252,65710
2023-07-14,1.12257,1.12443,1.12028,1.12245,62882
2023-07-17,1.12288,1.12482,1.12029,1.12314,50583
2023-07-18,1.12314,1.12751,1.12083,1.1228,68439
2023-07-19,1.12263,1.12395,1.11738,1.11986,69926
2023-07-20,1.11991,1.12286,1.11179,1.1129,71197
2023-07-21,1.11291,1.11443,1.11073,1.11246,65854
2023-07-24,1.11194,1.11463,1.10598,1.10641,69447
2023-07-25,1.10636,1.10863,1.10202,1.10497,62829
2023-07-26,1.105,1.1106,1.10373,1.10852,78847
2023-07-27,1.10856,1.11491,1.09654,1.09765,92097
2023-07-28,1.09762,1.10468,1.0943100000000001,1.10141,91698
2023-07-31,1.10121,1.10452,1.09929,1.09964,62631
2023-08-01,1.09966,1.10025,1.09517,1.09842,59219
2023-08-02,1.09816,1.10192,1.09172,1.09379,77243
2023-08-03,1.09371,1.09623,1.09119,1.0948,74027
2023-08-04,1.0949,1.10413,1.09334,1.10055,73410
2023-08-07,1.10098,1.10144,1.09649,1.10021,57209
2023-08-08,1.10026,1.10105,1.09286,1.09556,65765
2023-08-09,1.09556,1.09948,1.09497,1.09734,54577
2023-08-10,1.09739,1.10644,1.09668,1.09805,72368
2023-08-11,1.09799,1.10044,1.09424,1.09451,67696
2023-08-14,1.09484,1.0959699999999999,1.0874,1.09052,69627
2023-08-15,1.09024,1.09518,1.08965,1.09043,79509
2023-08-16,1.09016,1.0934,1.0871,1.08788,79760
2023-08-17,1.08789,1.09178,1.08559,1.08717,78772
2023-08-18,1.08716,1.08933,1.08444,1.08696,64096
2023-08-21,1.08664,1.09132,1.0861399999999999,1.08949,61417
2023-08-22,1.08949,1.09298,1.08324,1.08452,58639
2023-08-23,1.08448,1.08708,1.0802,1.08627,66241
2023-08-24,1.08631,1.08761,1.08045,1.08096,60960
2023-08-25,1.08086,1.08412,1.07653,1.07944,64970
2023-08-28,1.07958,1.08216,1.07928,1.08182,45407
2023-08-29,1.08186,1.08915,1.07817,1.08793,62721
2023-08-30,1.08796,1.09449,1.08546,1.09227,63340
2023-08-31,1.09228,1.09389,1.08346,1.08427,61049
2023-09-01,1.08428,1.08813,1.07715,1.07728,66284
2023-09-04,1.07755,1.08083,1.07711,1.07934,29233
2023-09-05,1.0790899999999999,1.07979,1.07059,1.07209,59578
2023-09-06,1.0722,1.07483,1.0702,1.07268,58150
2023-09-07,1.07233,1.07312,1.06856,1.06948,52790
2023-09-08,1.06965,1.07431,1.06936,1.06993,54501
2023-09-11,1.07137,1.07588,1.07037,1.075,52263
2023-09-12,1.07427,1.07685,1.0705,1.07529,46652
2023-09-13,1.07538,1.07644,1.07106,1.07283,65831
2023-09-14,1.0728,1.07517,1.06313,1.0642,64269
2023-09-15,1.06426,1.06873,1.06327,1.06591,55024
2023-09-18,1.06587,1.06982,1.06542,1.06907,41315
2023-09-19,1.06913,1.07174,1.06745,1.0679,42979
2023-09-20,1.06775,1.07362,1.06496,1.06608,58536
2023-09-21,1.06597,1.06731,1.06164,1.06604,63290
2023-09-22,1.0658,1.06712,1.06144,1.0642800000000001,56366
2023-09-25,1.06495,1.0655000000000001,1.05748,1.05919,48876
2023-09-26,1.05928,1.06085,1.05616,1.05719,50953
2023-09-27,1.05682,1.05736,1.04875,1.05015,58433
2023-09-28,1.05009,1.05785,1.04905,1.0564,68377
2023-09-29,1.05646,1.06165,1.05563,1.05735,73416
2023-10-02,1.05651,1.05913,1.04768,1.04768,64738
2023-10-03,1.0477,1.0493,1.04478,1.04655,74360
2023-10-04,1.04665,1.05317,1.04508,1.05037,76175
2023-10-05,1.05061,1.05512,1.04995,1.05489,69394
2023-10-06,1.05399,1.05994,1.04818,1.05852,80344
2023-10-09,1.05491,1.05738,1.05189,1.05657,65130
2023-10-10,1.05605,1.06193,1.05539,1.06052,80701
2023-10-11,1.05952,1.06342,1.05801,1.06182,74528
2023-10-12,1.06198,1.06392,1.05251,1.05272,71158
2023-10-13,1.0528,1.0558,1.0495,1.0507,71969
2023-10-16,1.05084,1.05622,1.05052,1.05592,54571
2023-10-17,1.05599,1.05944,1.05324,1.05769,66072
2023-10-18,1.05765,1.05936,1.05227,1.05354,69365
2023-10-19,1.05363,1.06162,1.05276,1.05814,85794
2023-10-20,1.05795,1.06031,1.05645,1.05931,66099
2023-10-23,1.05918,1.06773,1.05709,1.06693,61976
2023-10-24,1.06686,1.06937,1.05825,1.05886,64583
2023-10-25,1.05895,1.06062,1.05651,1.05664,57345
2023-10-26,1.05668,1.05686,1.0521,1.05615,66952
2023-10-27,1.05564,1.05966,1.05347,1.0564,60389
2023-10-30,1.05647,1.06245,1.05466,1.0614,55185
2023-10-31,1.0614,1.06743,1.05569,1.05752,68712
2023-11-01,1.05769,1.058,1.05161,1.05687,76363
2023-11-02,1.05683,1.06669,1.05639,1.062,64659
2023-11-03,1.062,1.07462,1.06143,1.07272,64904
2023-11-06,1.07215,1.07558,1.07157,1.07168,51265
2023-11-07,1.07172,1.07217,1.06635,1.06993,54563
2023-11-08,1.06992,1.07155,1.06588,1.07083,53621
2023-11-09,1.0706,1.07249,1.06596,1.06674,62480
2023-11-10,1.06674,1.06921,1.06555,1.06845,56259
2023-11-13,1.06751,1.07055,1.06645,1.06981,48956
2023-11-14,1.06929,1.08869,1.06916,1.08782,66629
2023-11-15,1.08784,1.08852,1.0831,1.08461,66545
2023-11-16,1.08461,1.0895,1.08296,1.08513,58705
2023-11-17,1.08519,1.09137,1.08244,1.09128,63085
2023-11-20,1.09008,1.09514,1.0897000000000001,1.09396,65096
2023-11-21,1.09398,1.09646,1.08994,1.09101,67257
2023-11-22,1.09073,1.09224,1.08519,1.08882,69237
2023-11-23,1.08882,1.09301,1.08821,1.09018,37076
2023-11-24,1.08996,1.09481,1.08945,1.09362,47495
2023-11-27,1.09386,1.09587,1.09246,1.09534,61662
2023-11-28,1.09535,1.10084,1.0934,1.09922,72109
2023-11-29,1.09903,1.10168,1.09596,1.09686,80178
2023-11-30,1.0969,1.09836,1.08789,1.08866,84699
2023-12-01,1.08845,1.09123,1.08283,1.08823,85125
2023-12-04,1.08738,1.08945,1.08036,1.08351,81632
2023-12-05,1.08353,1.08469,1.07776,1.07956,82577
2023-12-06,1.07957,1.08043,1.07581,1.07636,70913
2023-12-07,1.07628,1.08172,1.07546,1.07934,86697
2023-12-08,1.0792,1.08002,1.07227,1.07573,89640
2023-12-11,1.07583,1.07784,1.07411,1.07642,63884
2023-12-12,1.07643,1.08272,1.07546,1.07938,73502
2023-12-13,1.0794,1.0896,1.0772599999999999,1.08741,81295
2023-12-14,1.0873599999999999,1.10087,1.08647,1.09917,112371
2023-12-15,1.09918,1.10032,1.08884,1.08939,92206
2023-12-18,1.08968,1.09306,1.08915,1.09228,62460
2023-12-19,1.09235,1.09869,1.0909,1.09798,70336
2023-12-20,1.09803,1.09832,1.09293,1.09397,68390
2023-12-21,1.09382,1.1012,1.09347,1.10098,79411
2023-12-22,1.10098,1.10395,1.09871,1.10132,72161
2023-12-25,1.10119,1.10162,1.10119,1.10135,624
2023-12-26,1.10028,1.10446,1.10016,1.10415,31797
2023-12-27,1.10414,1.11221,1.10281,1.11043,44325
2023-12-28,1.1105,1.11389,1.10547,1.10609,58551
2023-12-29,1.10602,1.10839,1.10337,1.1036,63136
2024-01-02,1.10437,1.1045,1.09379,1.09407,67757
2024-01-03,1.09425,1.0965,1.08923,1.09212,81173
2024-01-04,1.09205,1.09717,1.09074,1.09435,70453
2024-01-05,1.09443,1.09981,1.08763,1.09408,90034
2024-01-08,1.09381,1.09784,1.0922,1.09496,63196
2024-01-09,1.09525,1.09659,1.09098,1.09305,68033
2024-01-10,1.09305,1.09726,1.09224,1.09718,61373
2024-01-11,1.09716,1.0999,1.09297,1.09716,91226
2024-01-12,1.0962,1.09864,1.09355,1.09497,74291
2024-01-15,1.09472,1.0967,1.0933,1.09482,43116
2024-01-16,1.09468,1.09505,1.0861399999999999,1.08748,86398
2024-01-17,1.08743,1.0884,1.08441,1.08823,76511
2024-01-18,1.08814,1.09063,1.08462,1.08757,77701
2024-01-19,1.0876,1.08972,1.08652,1.08968,64689
2024-01-22,1.08898,1.09091,1.08794,1.0882,56158
2024-01-23,1.08816,1.09156,1.0821,1.08542,62961
2024-01-24,1.08547,1.0931899999999999,1.08417,1.0884,75776
2024-01-25,1.0884,1.0901399999999999,1.08211,1.08455,78763
2024-01-26,1.08455,1.08853,1.08124,1.08533,65865
2024-01-29,1.0844,1.08497,1.07954,1.08321,54835
2024-01-30,1.08314,1.0857,1.08114,1.08451,64085
2024-01-31,1.08451,1.08869,1.07945,1.08174,102522
2024-02-01,1.08173,1.08743,1.07793,1.08709,89390
2024-02-02,1.0871,1.0897000000000001,1.078,1.07858,75535
2024-02-05,1.07818,1.07856,1.07227,1.0742099999999999,66502
2024-02-06,1.07408,1.07619,1.0722,1.07539,65805
2024-02-07,1.07536,1.07835,1.07491,1.07711,65461
2024-02-08,1.07711,1.07884,1.07412,1.07769,62946
2024-02-09,1.07771,1.07945,1.07616,1.07844,63450
2024-02-12,1.07785,1.08051,1.07555,1.07695,50692
2024-02-13,1.07712,1.07945,1.07001,1.07084,71193
2024-02-14,1.07083,1.07339,1.06945,1.07257,62283
2024-02-15,1.07241,1.07843,1.07229,1.07714,64180
2024-02-16,1.07705,1.0787,1.07315,1.07769,66371
2024-02-19,1.07722,1.0789,1.07615,1.07782,33204
2024-02-20,1.07785,1.08383,1.07611,1.08068,65353
2024-02-21,1.08064,1.08237,1.07894,1.0818,66266
2024-02-22,1.08181,1.08879,1.08022,1.0822,74837
2024-02-23,1.08222,1.08391,1.08113,1.08184,60177
2024-02-26,1.08293,1.08592,1.08121,1.08484,52218
2024-02-27,1.08502,1.08654,1.08325,1.0843099999999999,53602
2024-02-28,1.08432,1.08462,1.07962,1.08369,57925
2024-02-29,1.08372,1.08554,1.07953,1.08038,82671
2024-03-01,1.08045,1.08428,1.07976,1.0838700000000001,68794
2024-03-04,1.08352,1.08664,1.08352,1.0853,54447
2024-03-05,1.08548,1.08756,1.08396,1.08545,58532
2024-03-06,1.0856,1.09148,1.08416,1.08973,75016
2024-03-07,1.08975,1.09487,1.08672,1.09465,70410
2024-03-08,1.09472,1.09807,1.09174,1.0937000000000001,80068
2024-03-11,1.09388,1.09476,1.0914,1.09249,59797
2024-03-12,1.09249,1.09432,1.09017,1.09261,66043
2024-03-13,1.09261,1.09633,1.09196,1.09473,51724
2024-03-14,1.09475,1.09542,1.08801,1.08845,62306
2024-03-15,1.08845,1.08991,1.08725,1.08866,58962
2024-03-18,1.08881,1.09057,1.08656,1.08728,41130
2024-03-19,1.08708,1.0876,1.08341,1.08645,57745
2024-03-20,1.08642,1.09223,1.08359,1.09205,60440
2024-03-21,1.09196,1.09421,1.08549,1.08596,64350
2024-03-22,1.08596,1.08677,1.08012,1.08077,48992
2024-03-25,1.08062,1.0842,1.08016,1.08355,40187
2024-03-26,1.08355,1.08638,1.08238,1.08312,44917
2024-03-27,1.08312,1.08386,1.08103,1.08262,42066
2024-03-28,1.08261,1.08272,1.07745,1.07881,49768
2024-03-29,1.07872,1.08045,1.07674,1.07921,32032
2024-04-01,1.0787,1.07984,1.07304,1.07422,36969
2024-04-02,1.07423,1.07785,1.07241,1.07687,46321
2024-04-03,1.07685,1.08364,1.07635,1.08355,48052
2024-04-04,1.08352,1.08762,1.0831,1.08362,43098
2024-04-05,1.08361,1.08474,1.0790899999999999,1.08363,56145
2024-04-08,1.0836999999999999,1.08617,1.0820400000000001,1.08585,46215
2024-04-09,1.08582,1.08846,1.08471,1.08563,43512
2024-04-10,1.08558,1.0866,1.07283,1.07416,67052
2024-04-11,1.07415,1.0756000000000001,1.06986,1.07252,70304
2024-04-12,1.07251,1.07289,1.0622,1.06406,55830
2024-04-15,1.0636,1.06646,1.06198,1.06237,61650
2024-04-16,1.06234,1.06531,1.06005,1.06181,72996
2024-04-17,1.0618,1.0679,1.06055,1.0672,58816
2024-04-18,1.06702,1.06895,1.06409,1.06425,48481
2024-04-19,1.06424,1.06771,1.06099,1.06557,70652
2024-04-22,1.06449,1.06701,1.06233,1.06539,41752
2024-04-23,1.06521,1.07108,1.0638,1.07006,48565
2024-04-24,1.07006,1.07138,1.06775,1.0698,41355
2024-04-25,1.06982,1.07396,1.06778,1.0729,51270
2024-04-26,1.07283,1.07524,1.06735,1.06922,49485
2024-04-29,1.069,1.07332,1.06896,1.072,58815
2024-04-30,1.07197,1.07349,1.0663,1.0665499999999999,54081
2024-05-01,1.0665,1.07323,1.0648900000000001,1.07089,55566
2024-05-02,1.07096,1.07297,1.06737,1.07245,54931
2024-05-03,1.07235,1.08123,1.07221,1.07611,58352
2024-05-06,1.07597,1.07903,1.07547,1.07676,34227
2024-05-07,1.07651,1.07869,1.07474,1.07538,37706
2024-05-08,1.07534,1.07571,1.07345,1.07476,32599
2024-05-09,1.07476,1.0784,1.07234,1.07816,36558
2024-05-10,1.07812,1.07896,1.07598,1.07694,35685
2024-05-13,1.07682,1.08064,1.07653,1.07893,32776
2024-05-14,1.07882,1.08251,1.07664,1.08182,37527
2024-05-15,1.08172,1.08855,1.08125,1.08837,47376
2024-05-16,1.08837,1.08945,1.08539,1.08663,39525
2024-05-17,1.08662,1.0878,1.08351,1.08685,32540
2024-05-20,1.0867,1.08839,1.08539,1.08561,29961
2024-05-21,1.08557,1.08743,1.08421,1.08532,36236
2024-05-22,1.08518,1.08631,1.08169,1.08221,40345
2024-05-23,1.08214,1.08605,1.08042,1.08144,49982
2024-05-24,1.08141,1.08574,1.0805,1.08457,35498
2024-05-27,1.0848,1.08669,1.08401,1.08581,20505
2024-05-28,1.08564,1.08885,1.08505,1.08559,41999
2024-05-29,1.08555,1.08596,1.07994,1.08003,42754
2024-05-30,1.08003,1.08446,1.07878,1.08313,47378
2024-05-31,1.0830899999999999,1.08819,1.08108,1.08474,49290
2024-06-03,1.085,1.09041,1.08273,1.09036,46562
2024-06-04,1.09029,1.09155,1.08586,1.08785,51905
2024-06-05,1.08781,1.0891,1.08539,1.08678,44873
2024-06-06,1.08677,1.09015,1.0861399999999999,1.0887,41535
2024-06-07,1.08857,1.0901399999999999,1.07992,1.07994,50176
2024-06-10,1.0774,1.0781,1.07322,1.07644,42256
2024-06-11,1.07643,1.0773,1.0719,1.07396,41954
2024-06-12,1.07365,1.08518,1.07341,1.08081,62137
2024-06-13,1.08081,1.08158,1.07324,1.07363,48577
2024-06-14,1.07358,1.07444,1.0667,1.07018,58665
2024-06-17,1.0703,1.07372,1.06858,1.07326,43499
2024-06-18,1.07336,1.07609,1.07095,1.07393,45072
2024-06-19,1.07393,1.07528,1.07243,1.07416,28050
2024-06-20,1.07419,1.07483,1.07009,1.0701100000000001,40994
2024-06-21,1.07012,1.07201,1.06705,1.06915,44020
2024-06-24,1.0685,1.07458,1.06822,1.07313,37673
2024-06-25,1.07314,1.07437,1.06901,1.07132,34924
2024-06-26,1.07116,1.07174,1.0665499999999999,1.06797,40959
2024-06-27,1.06787,1.07259,1.06765,1.07032,41913
2024-06-28,1.06999,1.07243,1.0685,1.07116,51720
2024-07-01,1.0745,1.0776,1.07193,1.07397,48693
2024-07-02,1.07384,1.07467,1.07094,1.07449,42122
2024-07-03,1.07444,1.08164,1.07358,1.0781,39796
2024-07-04,1.07804,1.08134,1.07804,1.081,23868
2024-07-05,1.08089,1.08422,1.07979,1.08397,43862
2024-07-08,1.0802,1.08445,1.08013,1.08232,39575
2024-07-09,1.08223,1.08329,1.0805,1.08131,37886
2024-07-10,1.08115,1.08301,1.08092,1.08296,34528
2024-07-11,1.08284,1.08994,1.08249,1.08677,54704
2024-07-12,1.08676,1.09108,1.08612,1.09055,50980
2024-07-15,1.0886,1.09219,1.08827,1.08937,46342
2024-07-16,1.08913,1.0905,1.08711,1.08987,43328
2024-07-17,1.08968,1.09476,1.08946,1.09388,52269
2024-07-18,1.0937999999999999,1.09405,1.08931,1.08959,54712
2024-07-19,1.08955,1.09013,1.08751,1.08839,50075
2024-07-22,1.0888,1.09023,1.0872600000000001,1.08902,45741
2024-07-23,1.08887,1.08962,1.08435,1.0853,44605
2024-07-24,1.08514,1.08661,1.08251,1.08393,54892
2024-07-25,1.08392,1.08695,1.08278,1.08446,73704
2024-07-26,1.08448,1.08677,1.08416,1.08552,52763
2024-07-29,1.0857,1.08695,1.08024,1.08206,47513
2024-07-30,1.08198,1.08353,1.07978,1.08141,50216
2024-07-31,1.0814,1.0849,1.08012,1.08247,79371
2024-08-01,1.08238,1.08349,1.0777,1.0790899999999999,73429
2024-08-02,1.07905,1.09262,1.07814,1.09102,86744
2024-08-05,1.09221,1.10084,1.08921,1.09504,151998
2024-08-06,1.09512,1.09625,1.09032,1.09284,101680
2024-08-07,1.09303,1.09361,1.0905,1.09203,77590
2024-08-08,1.09203,1.09446,1.08809,1.09177,70464
2024-08-09,1.09177,1.09308,1.09086,1.09151,47825
2024-08-12,1.09121,1.09389,1.0909,1.09305,43250
2024-08-13,1.09292,1.0999,1.09132,1.0991900000000001,52028
2024-08-14,1.099,1.10469,1.09821,1.10112,57444
2024-08-15,1.10109,1.10152,1.09491,1.09712,50788
2024-08-16,1.09709,1.10291,1.09685,1.10271,38431
2024-08-19,1.10263,1.10858,1.10216,1.1084100000000001,48518
2024-08-20,1.10833,1.11301,1.10713,1.1128,64370
2024-08-21,1.1127,1.11727,1.10993,1.11479,43198
2024-08-22,1.11474,1.11644,1.10968,1.11098,34893
2024-08-23,1.11098,1.11997,1.11042,1.11921,37625
2024-08-26,1.11906,1.12003,1.11488,1.11598,36102
2024-08-27,1.11598,1.11893,1.11491,1.11816,34240
2024-08-28,1.11816,1.11839,1.11045,1.11189,64857
2024-08-29,1.1118,1.11394,1.10552,1.10762,73126
2024-08-30,1.10765,1.10945,1.10433,1.10465,63021
2024-09-02,1.1044,1.1077,1.10415,1.10701,35131
2024-09-03,1.10692,1.10722,1.1025800000000001,1.10422,62328
2024-09-04,1.10426,1.10947,1.10353,1.10815,57295
2024-09-05,1.10808,1.11191,1.10742,1.11092,57529
2024-09-06,1.1109,1.1155,1.10651,1.1085,78546
2024-09-09,1.10778,1.10906,1.10332,1.10332,50601
2024-09-10,1.10334,1.10491,1.10145,1.10186,43724
2024-09-11,1.10184,1.10544,1.10015,1.10114,66733
2024-09-12,1.101,1.10745,1.1005,1.10737,54978
2024-09-13,1.10734,1.11014,1.10683,1.10753,53062
2024-09-16,1.10736,1.1137,1.10734,1.11316,50433
2024-09-17,1.1131199999999999,1.11457,1.11103,1.11124,58785
2024-09-18,1.11116,1.11885,1.10962,1.11176,73978
2024-09-19,1.11174,1.11783,1.1068,1.11605,87091
2024-09-20,1.11613,1.11814,1.11355,1.11629,72303
2024-09-23,1.1161699999999999,1.1166800000000001,1.10827,1.11099,64641
2024-09-24,1.11152,1.11803,1.11028,1.11785,58973
2024-09-25,1.11765,1.12134,1.1121,1.11321,59597
2024-09-26,1.11313,1.11888,1.11252,1.11756,68105
2024-09-27,1.11746,1.12025,1.11244,1.11629,80228
2024-09-30,1.11547,1.12084,1.11132,1.11341,81142
2024-10-01,1.11334,1.11436,1.10453,1.10669,91755
2024-10-02,1.10618,1.10824,1.10322,1.10432,67904
2024-10-03,1.10429,1.10489,1.10078,1.10306,79153
2024-10-04,1.10289,1.10391,1.09507,1.09737,76640
2024-10-07,1.09665,1.09864,1.09537,1.09739,74767
2024-10-08,1.09743,1.09965,1.09604,1.09721,66759
2024-10-09,1.0977,1.09805,1.09356,1.09372,64860
2024-10-10,1.09379,1.09543,1.08994,1.09346,81606
2024-10-11,1.09249,1.09533,1.0924800000000001,1.09362,54538
2024-10-14,1.0932,1.09362,1.08877,1.09081,53762
2024-10-15,1.09043,1.09163,1.08813,1.08907,63381
2024-10-16,1.0889,1.09009,1.08527,1.08605,60731
2024-10-17,1.0857,1.08735,1.08105,1.083,72770
2024-10-18,1.08302,1.0869,1.08239,1.08666,56440
2024-10-21,1.08587,1.08708,1.08106,1.08147,55524
2024-10-22,1.08128,1.08376,1.07919,1.07988,55736
2024-10-23,1.07992,1.08059,1.07606,1.07811,63334
2024-10-24,1.07808,1.08295,1.07699,1.08266,71585
2024-10-25,1.08271,1.0839,1.07924,1.07952,58903
2024-10-28,1.07937,1.08273,1.07814,1.08135,59945
2024-10-29,1.08135,1.0826,1.07681,1.08136,74759
2024-10-30,1.08133,1.0871,1.08074,1.08554,73053
2024-10-31,1.08554,1.08877,1.08435,1.08817,77899
2024-11-01,1.08817,1.09053,1.08313,1.08339,72018
2024-11-04,1.08755,1.09144,1.08693,1.08767,72831
2024-11-05,1.08768,1.09361,1.08718,1.09263,54014
2024-11-06,1.09274,1.09368,1.06818,1.07254,179844
2024-11-07,1.0722,1.08244,1.07121,1.08034,108851
2024-11-08,1.08035,1.08047,1.06862,1.07179,91312
2024-11-11,1.07045,1.07274,1.06281,1.06509,67862
2024-11-12,1.06508,1.06626,1.05943,1.062,79449
2024-11-13,1.06202,1.06539,1.0555,1.05618,91939
2024-11-14,1.0562,1.05821,1.0496,1.05298,99849
2024-11-15,1.05306,1.05922,1.05156,1.05389,90219
2024-11-18,1.053,1.06067,1.05288,1.05974,69216
2024-11-19,1.05964,1.06003,1.05226,1.05931,87663
2024-11-20,1.05898,1.06095,1.05061,1.05431,71307
2024-11-21,1.05431,1.05546,1.04615,1.04734,84434
2024-11-22,1.04732,1.04977,1.0332,1.04178,100034
2024-11-25,1.04799,1.05299,1.04484,1.04928,99516
2024-11-26,1.04889,1.05447,1.04243,1.04811,114943
2024-11-27,1.0481,1.05872,1.04741,1.05643,101499
2024-11-28,1.05645,1.05696,1.05267,1.05469,66079
2024-11-29,1.05477,1.05971,1.05408,1.05755,102460
2024-12-02,1.05623,1.05701,1.04603,1.0496,117032
2024-12-03,1.04967,1.05346,1.04799,1.05049,93799
2024-12-04,1.05052,1.05434,1.04716,1.0506,100755
2024-12-05,1.05051,1.05895,1.05051,1.05824,86429
2024-12-06,1.05823,1.06295,1.05416,1.05665,87053
2024-12-09,1.05557,1.05942,1.05315,1.05496,77844
2024-12-10,1.0551,1.05676,1.04982,1.05235,76134
2024-12-11,1.05256,1.05392,1.04797,1.04917,89111
2024-12-12,1.04887,1.05302,1.04622,1.04641,94084
2024-12-13,1.04638,1.0524,1.04523,1.05025,77031
2024-12-16,1.04841,1.05246,1.04739,1.05088,70524
2024-12-17,1.05063,1.05338,1.04784,1.04883,71666
2024-12-18,1.0486,1.0512299999999999,1.03436,1.03496,89234
2024-12-19,1.03485,1.04222,1.03429,1.0362,104610
2024-12-20,1.03616,1.04469,1.03422,1.04287,86509
2024-12-23,1.04257,1.04452,1.03837,1.04021,53259
2024-12-24,1.04008,1.04097,1.03831,1.03897,34875
2024-12-25,1.03901,1.03963,1.03888,1.03961,18
2024-12-26,1.04021,1.04295,1.039,1.04151,35539
2024-12-27,1.04147,1.0443500000000001,1.04046,1.04228,46226
2024-12-30,1.04262,1.04581,1.03709,1.0403,59224
2024-12-31,1.04039,1.0424,1.03437,1.03493,58903
2025-01-02,1.03515,1.03754,1.02233,1.02558,90220
2025-01-03,1.02556,1.03093,1.02534,1.03078,68346
2025-01-06,1.03018,1.04364,1.02931,1.0386,106958
2025-01-07,1.03864,1.04342,1.0336400000000001,1.0336400000000001,89719
2025-01-08,1.03371,1.03571,1.02724,1.03149,89103
2025-01-09,1.03155,1.03213,1.0283,1.02992,65008
2025-01-10,1.03011,1.03116,1.02124,1.02404,91666
2025-01-13,1.0231,1.02494,1.01768,1.02412,83689
2025-01-14,1.02424,1.03079,1.02345,1.03064,96878
2025-01-15,1.03064,1.0354,1.02575,1.02875,77848
2025-01-16,1.02854,1.03146,1.02603,1.02933,80256
2025-01-17,1.02965,1.03302,1.02647,1.02705,76004
2025-01-20,1.02779,1.04338,1.02659,1.04131,85125
2025-01-21,1.04133,1.04349,1.03413,1.04242,98604
2025-01-22,1.04259,1.04569,1.03918,1.04053,71028
2025-01-23,1.04053,1.04376,1.03716,1.04145,76365
2025-01-24,1.04109,1.0521,1.04109,1.04919,81018
2025-01-27,1.04644,1.05328,1.04534,1.04904,86319
2025-01-28,1.04905,1.04928,1.04133,1.04287,79868
2025-01-29,1.04238,1.04432,1.03819,1.04202,83166
2025-01-30,1.04176,1.04673,1.03857,1.03868,79581
2025-01-31,1.0381,1.04335,1.03494,1.0364,99773
2025-02-03,1.02369,1.03496,1.02101,1.03435,149099
2025-02-04,1.03402,1.03872,1.02715,1.03773,102367
2025-02-05,1.03739,1.04422,1.03691,1.04021,94812
2025-02-06,1.03995,1.04051,1.03519,1.03824,81766
2025-02-07,1.03819,1.04109,1.03046,1.03274,99808
2025-02-10,1.02959,1.03362,1.02789,1.03062,68312
2025-02-11,1.03014,1.03812,1.02916,1.0360800000000001,65345
2025-02-12,1.03577,1.04292,1.03166,1.03827,93131
2025-02-13,1.038,1.04663,1.03728,1.04652,101921
2025-02-14,1.04625,1.05139,1.0447,1.04909,78197
2025-02-17,1.04848,1.0506,1.04665,1.04829,53757
2025-02-18,1.04752,1.04858,1.04345,1.04449,67440
2025-02-19,1.04434,1.0461,1.04002,1.04219,71655
2025-02-20,1.04159,1.05031,1.04159,1.05008,76637
2025-02-21,1.0493,1.05051,1.04488,1.04586,77924
2025-02-24,1.04704,1.05277,1.04522,1.04676,93549
2025-02-25,1.04636,1.05188,1.04558,1.05144,85461
2025-02-26,1.05102,1.05282,1.04745,1.04843,90257
2025-02-27,1.04795,1.04922,1.03965,1.03977,88950
2025-02-28,1.03963,1.04196,1.03595,1.03741,94015
2025-03-03,1.03979,1.05033,1.03881,1.04877,103837
2025-03-04,1.04853,1.06269,1.04705,1.0626,131269
2025-03-05,1.0619,1.07962,1.06016,1.07887,151500
2025-03-06,1.07881,1.0853,1.07652,1.07834,139816
2025-03-07,1.0778699999999999,1.08884,1.07776,1.08312,126772
2025-03-10,1.08261,1.08742,1.08045,1.08352,106776
2025-03-11,1.08314,1.09469,1.08261,1.09188,109531
2025-03-12,1.09171,1.09303,1.08752,1.08866,104639
2025-03-13,1.08857,1.08966,1.08219,1.08509,95510
2025-03-14,1.08464,1.09123,1.08303,1.08739,93142
2025-03-17,1.08733,1.0929,1.0868,1.0921,73540
2025-03-18,1.09193,1.09543,1.08922,1.09442,73764
2025-03-19,1.09412,1.09458,1.08601,1.0902,77710
2025-03-20,1.08985,1.0917,1.08142,1.08528,68566
2025-03-21,1.08451,1.08608,1.07968,1.08127,62208
2025-03-24,1.08112,1.08579,1.0781,1.08003,75425
2025-03-25,1.07995,1.08299,1.07765,1.0790899999999999,71661
2025-03-26,1.07873,1.08024,1.07435,1.07517,76832
2025-03-27,1.0751,1.08207,1.07326,1.08008,85829
2025-03-28,1.07951,1.08444,1.07635,1.08257,77358
2025-03-31,1.08202,1.08488,1.07835,1.08135,93000
2025-04-01,1.08146,1.08296,1.07778,1.07913,82151
2025-04-02,1.07868,1.0924,1.07799,1.08589,90058
2025-04-03,1.0843,1.11461,1.08046,1.10506,191984
2025-04-04,1.10443,1.11073,1.09236,1.09643,222672
2025-04-07,1.08868,1.10494,1.08775,1.09029,256586
2025-04-08,1.08998,1.09915,1.08882,1.09569,176771
2025-04-09,1.09507,1.10947,1.09128,1.09462,259958
2025-04-10,1.09429,1.1241,1.09426,1.1201,200619
2025-04-11,1.11908,1.14731,1.1185100000000001,1.1353,250284
2025-04-14,1.1311,1.14242,1.1295600000000001,1.13487,162656
2025-04-15,1.1344,1.13784,1.12636,1.12804,125969
2025-04-16,1.12775,1.1412499999999999,1.12769,1.13974,143552
2025-04-17,1.13912,1.14091,1.13349,1.13612,124097
2025-04-18,1.13605,1.13973,1.13546,1.13895,130710
2025-04-21,1.13912,1.15729,1.13903,1.15117,122066
2025-04-22,1.15116,1.15472,1.1417,1.14204,134256
2025-04-23,1.14186,1.14395,1.13075,1.13141,165447
2025-04-24,1.13101,1.13978,1.13101,1.13887,109066
2025-04-25,1.13842,1.13913,1.13155,1.13607,103551
2025-04-28,1.13624,1.14246,1.13291,1.14214,96257
2025-04-29,1.1414900000000001,1.14218,1.13699,1.13828,104224
2025-04-30,1.13819,1.13994,1.13169,1.13288,108479
2025-05-01,1.1323699999999999,1.13408,1.12655,1.12896,94427
2025-05-02,1.12832,1.13808,1.1273900000000001,1.13004,117942
2025-05-05,1.12995,1.13647,1.12923,1.13144,97663
2025-05-06,1.13102,1.1381000000000001,1.12795,1.13677,100502
2025-05-07,1.13653,1.13779,1.12914,1.13001,117403
2025-05-08,1.1296,1.13361,1.12117,1.12274,117150
2025-05-09,1.12201,1.12927,1.11965,1.12452,87166
2025-05-12,1.11927,1.12424,1.1065,1.10866,136198
2025-05-13,1.10854,1.11944,1.10835,1.11845,97198
2025-05-14,1.11807,1.12656,1.11644,1.11728,112503
2025-05-15,1.11695,1.1227800000000001,1.1167799999999999,1.11833,93326
2025-05-16,1.11845,1.12194,1.11309,1.11618,86367
2025-05-19,1.11741,1.1288,1.11681,1.12399,104841
2025-05-20,1.12343,1.12854,1.12178,1.12842,92642
2025-05-21,1.1280000000000001,1.13626,1.12771,1.13305,108366
2025-05-22,1.1325,1.13445,1.12555,1.12784,109978
2025-05-23,1.12763,1.13754,1.12761,1.13561,104271
2025-05-26,1.13628,1.14185,1.13578,1.13867,65669
2025-05-27,1.13807,1.14069,1.13229,1.13276,89248
2025-05-28,1.1324,1.13449,1.12835,1.12912,92208
2025-05-29,1.12885,1.13843,1.12102,1.13648,116279
2025-05-30,1.13636,1.13896,1.13124,1.13473,105842
2025-06-02,1.13447,1.14496,1.13433,1.14432,96715
2025-06-03,1.14369,1.14545,1.13638,1.13706,87286
2025-06-04,1.13692,1.1434199999999999,1.13565,1.14181,90717
2025-06-05,1.14111,1.1494900000000001,1.14041,1.14438,102877
2025-06-06,1.14421,1.14572,1.13713,1.1394,90259
2025-06-09,1.13936,1.14389,1.13862,1.14201,67085
2025-06-10,1.1419,1.14475,1.13726,1.14249,82754
2025-06-11,1.14208,1.14992,1.14051,1.14882,90959
2025-06-12,1.14833,1.16312,1.14815,1.15846,111861
2025-06-13,1.15805,1.16144,1.14885,1.1549800000000001,122294
2025-06-16,1.15245,1.16145,1.15233,1.15601,98920
2025-06-17,1.15586,1.15798,1.14745,1.148,100848
2025-06-18,1.14761,1.153,1.14608,1.14831,103254
2025-06-19,1.14751,1.14998,1.14459,1.14969,80522
2025-06-20,1.14938,1.1543700000000001,1.14883,1.15213,84834
2025-06-23,1.14537,1.15814,1.14516,1.1578,121112
2025-06-24,1.15747,1.16416,1.15736,1.16083,106876
2025-06-25,1.16065,1.16649,1.15895,1.16595,81010
2025-06-26,1.16531,1.17445,1.16517,1.17015,103900
2025-06-27,1.1694,1.17538,1.16802,1.17156,93241
2025-06-30,1.17278,1.1788,1.17075,1.17877,91585
2025-07-01,1.17799,1.1829399999999999,1.1761,1.18049,91954
2025-07-02,1.18025,1.18098,1.17468,1.17982,85907
2025-07-03,1.17947,1.18099,1.17169,1.17574,79284
2025-07-04,1.17551,1.17874,1.175,1.17712,72836
2025-07-07,1.17793,1.179,1.16862,1.17079,80041
2025-07-08,1.17059,1.17648,1.16821,1.17253,85808
2025-07-09,1.1718600000000001,1.17293,1.16894,1.17218,76166
2025-07-10,1.17163,1.17492,1.16622,1.16998,72007
2025-07-11,1.16994,1.17137,1.16642,1.16898,85674
2025-07-14,1.1663999999999999,1.16975,1.16539,1.16651,67740
2025-07-15,1.16614,1.16926,1.15926,1.16022,77348
2025-07-16,1.15962,1.17212,1.15619,1.1639599999999999,104658
2025-07-17,1.16351,1.16422,1.15566,1.15973,75128
2025-07-18,1.1591,1.16715,1.15892,1.16252,72876
2025-07-21,1.16285,1.17165,1.16143,1.16952,71041
2025-07-22,1.16889,1.17605,1.16784,1.17539,66882
2025-07-23,1.17527,1.17749,1.17106,1.17727,84440
2025-07-24,1.17666,1.17886,1.17302,1.17485,82206
2025-07-25,1.17427,1.17607,1.17028,1.17405,79066
2025-07-28,1.17512,1.1770100000000001,1.15849,1.15886,93645
2025-07-29,1.15868,1.15991,1.15186,1.1545,93643
2025-07-30,1.15444,1.15724,1.14005,1.1403,101052
2025-07-31,1.1402700000000001,1.14605,1.14012,1.14141,92101
2025-08-01,1.14123,1.15968,1.13912,1.15858,119004
2025-08-04,1.15876,1.15961,1.15494,1.15724,90214
2025-08-05,1.1568,1.15875,1.15273,1.15748,77713
2025-08-06,1.15703,1.16683,1.1564,1.16596,70027
2025-08-07,1.16532,1.16986,1.16107,1.16639,82534
2025-08-08,1.16591,1.16791,1.16286,1.16407,69856
2025-08-11,1.1646,1.16753,1.1589800000000001,1.16155,58490
2025-08-12,1.16084,1.1697,1.15983,1.16731,87302
2025-08-13,1.16683,1.17299,1.16655,1.17043,62127
2025-08-14,1.17016,1.17149,1.16308,1.16479,72852
2025-08-15,1.16454,1.17149,1.16445,1.17024,56447
2025-08-18,1.17087,1.17147,1.16557,1.16611,63734
2025-08-19,1.16567,1.16927,1.16389,1.16466,68233
2025-08-20,1.16404,1.16734,1.16217,1.16503,74005
2025-08-21,1.16492,1.16626,1.16008,1.16061,74218
2025-08-22,1.16002,1.17422,1.15827,1.17219,84103
2025-08-25,1.17183,1.17255,1.16025,1.16193,65276
2025-08-26,1.16149,1.16651,1.16018,1.16404,87896
2025-08-27,1.16394,1.16474,1.15737,1.1637,71957
2025-08-28,1.16326,1.16973,1.16287,1.16819,72267
2025-08-29,1.16802,1.17087,1.16506,1.16854,72741
2025-09-01,1.1693500000000001,1.17362,1.16851,1.17111,56915
2025-09-02,1.17053,1.17182,1.16127,1.16416,96142
2025-09-03,1.16371,1.16819,1.16077,1.16611,78305
2025-09-04,1.1657899999999999,1.1669100000000001,1.16295,1.16504,71848
2025-09-05,1.1646,1.17593,1.16442,1.17187,85939
2025-09-08,1.17111,1.17654,1.17035,1.17626,74378
2025-09-09,1.17611,1.17798,1.17033,1.17095,82529
2025-09-10,1.1703999999999999,1.173,1.1682299999999999,1.16947,80040
2025-09-11,1.16926,1.17458,1.16599,1.17357,81861
2025-09-12,1.17278,1.17473,1.1700599999999999,1.17324,69880
2025-09-15,1.17291,1.17742,1.17158,1.17608,61821
2025-09-16,1.17586,1.18781,1.17572,1.18667,83552
2025-09-17,1.18614,1.19184,1.18076,1.1813,85089
2025-09-18,1.18104,1.18479,1.17499,1.17859,90982
2025-09-19,1.17841,1.17923,1.1728399999999999,1.17443,81996
2025-09-22,1.17401,1.18028,1.17258,1.18017,67876
2025-09-23,1.17932,1.18197,1.17774,1.18141,75791
2025-09-24,1.18126,1.18188,1.17279,1.17375,77125
2025-09-25,1.1736,1.17538,1.16452,1.16652,82034
2025-09-26,1.16577,1.17068,1.16553,1.16994,74891
2025-09-29,1.16991,1.17544,1.16983,1.17266,67727
2025-09-30,1.17226,1.1761300000000001,1.1712,1.17336,74566
2025-10-01,1.173,1.17785,1.1715200000000001,1.17304,89513
2025-10-02,1.17257,1.1758,1.16828,1.17159,68817
2025-10-03,1.17126,1.17591,1.1712,1.17413,60944
2025-10-06,1.17214,1.17306,1.16516,1.17122,85082
2025-10-07,1.17066,1.17146,1.16472,1.16571,72326
2025-10-08,1.16531,1.16611,1.15982,1.16282,82088
2025-10-09,1.16245,1.1648100000000001,1.15418,1.15641,93054
2025-10-10,1.15546,1.16306,1.15546,1.16231,85665
2025-10-13,1.16167,1.16297,1.15572,1.15703,80065
2025-10-14,1.15676,1.16149,1.15422,1.16073,96608
2025-10-15,1.16044,1.16475,1.16016,1.16469,84558
2025-10-16,1.16427,1.16939,1.16383,1.1687400000000001,88401
2025-10-17,1.16827,1.17283,1.16501,1.16506,87763
2025-10-20,1.16625,1.16755,1.16381,1.16409,65450
2025-10-21,1.16392,1.1655,1.15974,1.15995,77870
2025-10-22,1.15968,1.16223,1.15764,1.1609099999999999,68149
2025-10-23,1.16059,1.16197,1.15851,1.16177,55480
2025-10-24,1.16151,1.16475,1.16008,1.16256,64591
2025-10-27,1.16331,1.16519,1.16174,1.16442,57482
2025-10-28,1.1642299999999999,1.16685,1.16253,1.16522,63753
2025-10-29,1.16498,1.16657,1.15773,1.16005,83547
2025-10-30,1.15993,1.16371,1.15468,1.15645,77913
2025-10-31,1.1562999999999999,1.15774,1.15212,1.1537600000000001,60183
2025-11-03,1.15279,1.15412,1.1504699999999999,1.15189,60341
2025-11-04,1.15173,1.15334,1.14727,1.14824,62170
2025-11-05,1.14806,1.14979,1.14683,1.14926,58495
2025-11-06,1.14898,1.15522,1.14893,1.15471,59745
2025-11-07,1.15379,1.1590799999999999,1.15294,1.15637,60384
2025-11-10,1.15548,1.15828,1.15408,1.1557,61189
2025-11-11,1.15534,1.16055,1.15468,1.15822,54978
2025-11-12,1.15812,1.15975,1.15626,1.15926,55673
2025-11-13,1.1591,1.16557,1.15787,1.16341,68149
2025-11-14,1.16299,1.16535,1.16059,1.16187,74626
2025-11-17,1.16145,1.16244,1.15816,1.15919,55692
2025-11-18,1.15893,1.16076,1.15711,1.15801,64552
2025-11-19,1.1574,1.15972,1.15177,1.1538,72683
2025-11-20,1.15368,1.15496,1.15015,1.15283,77438
2025-11-21,1.15246,1.15524,1.14907,1.15143,78818
2025-11-24,1.15123,1.15503,1.15017,1.1521,56176
2025-11-25,1.15185,1.15857,1.15113,1.15694,72338
2025-11-26,1.15678,1.16006,1.15468,1.1596899999999999,79264
2025-11-27,1.15916,1.16134,1.15763,1.15956,45441
2025-11-28,1.15926,1.16072,1.1555,1.1596899999999999,120179
2025-12-01,1.15934,1.16523,1.15892,1.16088,68156
2025-12-02,1.16063,1.16257,1.15911,1.16247,50692
2025-12-03,1.16181,1.16773,1.16181,1.16708,55262
2025-12-04,1.16653,1.16817,1.16407,1.1644700000000001,55489
2025-12-05,1.16422,1.16717,1.16276,1.16432,53315
2025-12-08,1.16348,1.16719,1.16161,1.16368,64944
2025-12-09,1.16317,1.16571,1.16147,1.16263,59358
2025-12-10,1.16263,1.16995,1.16217,1.16954,71129
2025-12-11,1.16937,1.17625,1.1682,1.17385,69456
2025-12-12,1.17356,1.17497,1.17192,1.17392,58768
2025-12-15,1.17364,1.17687,1.17261,1.17533,56787
2025-12-16,1.17505,1.18037,1.17342,1.1746699999999999,70385
2025-12-17,1.17439,1.1758,1.17028,1.17405,64995
2025-12-18,1.1736,1.17625,1.17123,1.17235,66171
2025-12-19,1.17197,1.17374,1.1702,1.17095,58070
2025-12-22,1.17149,1.17691,1.17059,1.17615,51218
2025-12-23,1.17545,1.18017,1.17523,1.1793,65889
2025-12-24,1.17846,1.18078,1.17723,1.17813,50130
2025-12-26,1.1777199999999999,1.17966,1.17612,1.17703,58907
2025-12-29,1.17644,1.17889,1.1749100000000001,1.17719,59646
2025-12-30,1.17671,1.17797,1.1743000000000001,1.17475,48400
2025-12-31,1.17432,1.1759,1.17197,1.17405,49427
2026-01-02,1.17458,1.17648,1.1713,1.1718899999999999,51233
2026-01-05,1.172,1.17286,1.16588,1.17215,69613
2026-01-06,1.17178,1.17428,1.16835,1.16885,60825
2026-01-07,1.16835,1.17026,1.16724,1.16757,57101
2026-01-08,1.16723,1.16828,1.1642299999999999,1.16582,53799
2026-01-09,1.16533,1.16622,1.16178,1.16327,62344
2026-01-12,1.16282,1.16983,1.16214,1.1666,66266
2026-01-13,1.16645,1.16774,1.16337,1.16429,63039
2026-01-14,1.16412,1.16614,1.16351,1.16449,54663
2026-01-15,1.16392,1.16469,1.15927,1.16095,54475
2026-01-16,1.16032,1.16272,1.15841,1.1598,52062
2026-01-19,1.15811,1.16486,1.1577,1.16454,65164
2026-01-20,1.16413,1.1768399999999999,1.16324,1.17259,101586
2026-01-21,1.1722,1.17428,1.16761,1.1687400000000001,82462
2026-01-22,1.16803,1.17561,1.16698,1.17548,59616
2026-01-23,1.17498,1.18333,1.1728,1.18266,70920
2026-01-26,1.18638,1.19067,1.18346,1.18797,93222
2026-01-27,1.18726,1.20817,1.185,1.20395,101616
2026-01-28,1.20363,1.20445,1.18953,1.19531,108905
2026-01-29,1.19531,1.19964,1.19057,1.19705,109141
2026-01-30,1.19688,1.19745,1.18496,1.18513,129161
2026-02-02,1.18498,1.18746,1.17757,1.17903,117610
2026-02-03,1.17828,1.18286,1.1779600000000001,1.18184,84459
2026-02-04,1.18146,1.18376,1.17902,1.18054,82314
2026-02-05,1.1803,1.18215,1.17747,1.17793,85718
2026-02-06,1.1777199999999999,1.18258,1.17655,1.18142,60741
2026-02-09,1.18141,1.19265,1.18096,1.19151,75234
2026-02-10,1.19074,1.19285,1.18865,1.1893799999999999,66059
2026-02-11,1.18902,1.1927,1.1832799999999999,1.18714,78591
2026-02-12,1.18678,1.18898,1.18523,1.18711,77072
2026-02-13,1.18651,1.18845,1.18471,1.1868,63175
2026-02-16,1.18757,1.18757,1.1846,1.18516,34550
2026-02-17,1.18486,1.18542,1.18046,1.18535,60275
2026-02-18,1.18521,1.18575,1.17818,1.17834,53598
2026-02-19,1.17821,1.1807400000000001,1.17418,1.17715,62617
2026-02-20,1.17671,1.18072,1.17432,1.17804,77424
2026-02-23,1.17911,1.18347,1.17741,1.17848,70234
2026-02-24,1.17875,1.17963,1.17657,1.17739,60069
2026-02-25,1.17749,1.1814,1.17708,1.1810100000000001,60111
2026-02-26,1.1807,1.18289,1.17737,1.17976,61421
2026-02-27,1.17935,1.1826699999999999,1.17889,1.18142,66704
2026-03-02,1.17668,1.17956,1.16715,1.16901,108736
2026-03-03,1.16845,1.17068,1.15299,1.16122,136428
2026-03-04,1.161,1.16546,1.15746,1.16353,109751
2026-03-05,1.16289,1.16474,1.15587,1.1608100000000001,123424
2026-03-06,1.16086,1.1621299999999999,1.15458,1.16154,118203
2026-03-09,1.1545,1.16374,1.1507,1.1636,150480
2026-03-10,1.16349,1.16671,1.16058,1.16085,116348
2026-03-11,1.16102,1.16452,1.15606,1.15667,100441
2026-03-12,1.1566,1.1574200000000001,1.15096,1.15106,93182
2026-03-13,1.15109,1.15295,1.14108,1.14155,97652
2026-03-16,1.14205,1.15248,1.1414,1.15058,87470
2026-03-17,1.15046,1.1547,1.14658,1.154,73822
2026-03-18,1.15396,1.1555,1.1449799999999999,1.14507,89083
2026-03-19,1.14518,1.16161,1.14429,1.1589,133046
2026-03-20,1.1588,1.1595,1.15243,1.15712,103365
2026-03-23,1.15358,1.16395,1.14842,1.16102,168909
2026-03-24,1.1610800000000001,1.16281,1.15568,1.16072,132662
2026-03-25,1.16078,1.16307,1.1555,1.15588,96938
2026-03-26,1.15582,1.15724,1.1519300000000001,1.15293,80513
2026-03-27,1.1525,1.1547399999999999,1.15015,1.15097,78970
2026-03-30,1.15014,1.15212,1.14428,1.14617,74146
2026-03-31,1.14665,1.15631,1.1447,1.15529,100983
2026-04-01,1.15475,1.16268,1.15475,1.15903,93186
2026-04-02,1.15839,1.1605699999999999,1.15089,1.15387,96351
2026-04-03,1.1535,1.15489,1.15112,1.15141,28380
2026-04-06,1.15217,1.15714,1.1505,1.1543,70717
2026-04-07,1.15379,1.16048,1.15242,1.1596899999999999,88408
2026-04-08,1.15931,1.17216,1.15879,1.16622,130828
2026-04-09,1.16573,1.17231,1.16503,1.16984,71001
2026-04-10,1.16977,1.17391,1.16771,1.17228,63069
2026-04-13,1.16702,1.17651,1.16639,1.17586,72561
2026-04-14,1.17517,1.18109,1.17496,1.17948,60655
2026-04-15,1.17937,1.18079,1.17717,1.17991,61610
2026-04-16,1.17993,1.18237,1.17668,1.17816,59460
2026-04-17,1.17743,1.18489,1.17604,1.17647,75054
2026-04-20,1.17364,1.17898,1.17288,1.17866,70257
2026-04-21,1.17828,1.1791,1.1718899999999999,1.17431,75898
2026-04-22,1.1743999999999999,1.17624,1.17027,1.17065,58948
2026-04-23,1.17042,1.17163,1.16689,1.16825,83578
2026-04-24,1.16801,1.1723,1.16727,1.17195,64736
2026-04-27,1.16931,1.17547,1.16931,1.17203,50063
2026-04-28,1.17195,1.17269,1.16771,1.17122,65969
2026-04-29,1.17081,1.17206,1.1661,1.16749,69098
2026-04-30,1.16745,1.17415,1.16551,1.17309,103151
2026-05-01,1.17273,1.17849,1.1714,1.17156,68113
2026-05-04,1.17443,1.17478,1.16807,1.16917,84503
2026-05-05,1.16901,1.17134,1.16763,1.16927,58926
2026-05-06,1.1691799999999999,1.17965,1.16917,1.17481,89046
2026-05-07,1.17443,1.1778,1.17226,1.17233,78812
2026-05-08,1.17242,1.17879,1.17217,1.17838,62314
2026-05-11,1.17472,1.17877,1.17446,1.17817,53154
2026-05-12,1.17774,1.17877,1.17216,1.17401,63171
2026-05-13,1.17344,1.17416,1.16951,1.17134,52352
2026-05-14,1.17054,1.17214,1.16654,1.1669,55967
2026-05-15,1.16684,1.16728,1.16166,1.16245,74255
2026-05-18,1.16172,1.16607,1.16083,1.16562,74680
2026-05-19,1.16549,1.16618,1.15918,1.16064,69056
2026-05-20,1.15997,1.16448,1.15824,1.16251,74852
2026-05-21,1.16186,1.16353,1.15761,1.1616900000000001,84857
2026-05-22,1.16155,1.16206,1.15879,1.16024,57908
2026-05-25,1.16371,1.16527,1.16289,1.16426,37705
2026-05-26,1.16375,1.1645,1.16161,1.16317,52289
2026-05-27,1.16227,1.1661,1.1622,1.16257,63539
2026-05-28,1.16226,1.1661,1.1586,1.16493,70937
2026-05-29,1.16464,1.16856,1.16247,1.1660300000000001,63476
2026-06-01,1.16519,1.16648,1.16067,1.1632,66862
2026-06-02,1.16263,1.16553,1.16134,1.16312,50481
2026-06-03,1.16246,1.16334,1.15946,1.15982,62460
2026-06-04,1.15985,1.16449,1.15946,1.16109,57966
2026-06-05,1.16101,1.16441,1.15177,1.15187,72577
2026-06-08,1.15118,1.15545,1.14994,1.15319,80504
2026-06-09,1.15362,1.15777,1.15268,1.15433,75435
2026-06-10,1.15425,1.15728,1.1533,1.15357,86027
2026-06-11,1.15357,1.15896,1.15026,1.15787,97357
2026-06-12,1.1575,1.15893,1.15568,1.15669,80556
2026-06-15,1.15747,1.16218,1.15675,1.15892,65187
2026-06-16,1.15886,1.16196,1.15747,1.16083,58717
2026-06-17,1.1604700000000001,1.16165,1.14777,1.15014,76399
2026-06-18,1.15002,1.15282,1.14511,1.14573,82399
2026-06-19,1.14632,1.14805,1.14177,1.14718,57094
2026-06-22,1.14646,1.14734,1.14187,1.1428,69568
2026-06-23,1.14216,1.14389,1.13756,1.13813,65081
2026-06-24,1.13825,1.13837,1.13243,1.13586,74362
2026-06-25,1.13563,1.13878,1.13331,1.1369799999999999,69739
2026-06-26,1.1368,1.14338,1.1354,1.13845,69952
2026-06-29,1.13887,1.14304,1.13798,1.14241,59650
2026-06-30,1.14205,1.1436600000000001,1.13824,1.14216,66795
2026-07-01,1.14173,1.14228,1.13615,1.1378,72240
2026-07-02,1.13764,1.14725,1.1374900000000001,1.14335,82077
2026-07-03,1.14258,1.14622,1.14205,1.14356,49511
2026-07-06,1.14372,1.14448,1.14082,1.14404,53048
2026-07-07,1.14407,1.14478,1.14081,1.14115,58003
2026-07-08,1.14068,1.14316,1.13909,1.14163,81529
2026-07-09,1.14138,1.14493,1.14135,1.14299,55253
2026-07-10,1.14307,1.14606,1.14112,1.14147,62839
2026-07-13,1.14012,1.14457,1.13772,1.13803,78205
2026-07-14,1.13777,1.14621,1.13772,1.14207,84452
2026-07-15,1.14163,1.14823,1.14057,1.14635,73671
2026-07-16,1.14606,1.14763,1.14311,1.14426,61727
2026-07-17,1.1439,1.14521,1.14241,1.1437,56776
2026-07-20,1.14255,1.14492,1.14022,1.14135,56592
2026-07-21,1.14101,1.14285,1.13973,1.13977,47634
2026-07-22,1.13958,1.14215,1.13958,1.14117,52157
2026-07-23,1.14059,1.14357,1.13636,1.13773,66477
2026-07-24,1.13718,1.14009,1.13648,1.13709,55629
2026-07-27,1.13919,1.1418,1.13666,1.13679,64139
2026-07-28,1.13705,1.14051,1.1353,1.13865,58091
2026-07-29,1.13878,1.14706,1.13744,1.14664,81283
2026-07-30,1.14613,1.15368,1.1434,1.15278,93370
2026-07-31,1.1522000000000001,1.15472,1.14551,1.15292,97954
2026-08-03,1.15443,1.15588,1.15,1.1508,76252
2026-08-04,1.15048,1.1534,1.15021,1.1532499999999999,65928
2026-08-05,1.1528100000000001,1.1559300000000001,1.15232,1.15534,69626
2026-08-06,1.15533,1.1559599999999999,1.15145,1.15241,52953
2026-08-07,1.15237,1.15807,1.15174,1.15589,59794
2026-08-10,1.1562000000000001,1.15653,1.15397,1.15425,46658
2026-08-11,1.15419,1.15496,1.15311,1.15426,46749
2026-08-12,1.15393,1.15627,1.15196,1.15247,54502
2026-08-13,1.15225,1.15453,1.15116,1.15292,52329
2026-08-14,1.15258,1.15852,1.1525400000000001,1.15695,52274
2026-08-17,1.15618,1.16139,1.156,1.15794,54337
2026-08-18,1.15806,1.15882,1.15664,1.15756,50319
2026-08-19,1.15736,1.16791,1.15699,1.16772,76450
2026-08-20,1.16751,1.17103,1.16689,1.1678600000000001,73095
2026-08-21,1.16769,1.17112,1.16685,1.16759,59912
2026-08-24,1.1676,1.16872,1.1655,1.16638,60565
2026-08-25,1.1657899999999999,1.16793,1.1651,1.16743,55069
2026-08-26,1.16721,1.1677,1.16417,1.16532,52044
2026-08-27,1.16462,1.16598,1.16364,1.16519,50204
2026-08-28,1.16456,1.16598,1.1577600000000001,1.158,58101
