time,open,high,low,close,volume
2007-08-21,2.1013,2.1112,2.093,2.1082,6242
2007-08-22,2.1083,2.1196,2.1021,2.1166,6743
2007-08-23,2.1164,2.1191,2.1006,2.1117,7586
2007-08-24,2.1116,2.1202,2.1024,2.1191,6402
2007-08-27,2.1186,2.1234,2.1095,2.1204,5521
2007-08-29,2.1307,2.1431,2.1259,2.1376,7758
2007-08-30,2.1382,2.1469,2.1252,2.1294,7483
2007-08-31,2.1285,2.1346,2.1202,2.1284,7316
2007-09-03,2.1291,2.1297,2.1211,2.1263,4814
2007-09-04,2.1265,2.13,2.1097,2.1132,6266
2007-09-05,2.1118,2.1302,2.1103,2.1289,6882
2007-09-06,2.1292,2.1378,2.1243,2.128,6729
2007-09-07,2.1279,2.1431,2.1203,2.1407,6324
2007-09-10,2.1377,2.1485,2.1297,2.1334,14024
2007-09-11,2.1326,2.1347,2.1135,2.1184,7734
2007-09-12,2.1177,2.1231,2.1021,2.1046,7291
2007-09-13,2.1045,2.1048999999999998,2.0865,2.0928,16620
2007-09-14,2.0927,2.094,2.0638,2.0674,12561
2007-09-17,2.0666,2.0692,2.0453,2.049,16343
2007-09-18,2.0489,2.0499,2.0367,2.0407,19692
2007-09-19,2.0408,2.043,2.0214,2.0282,21117
2007-09-20,2.0285,2.0348,2.008,2.0121,19695
2007-09-21,2.0122,2.027,1.9983,2.0214,18116
2007-09-24,2.0202,2.0298,2.0168,2.0253,12479
2007-09-25,2.0254,2.0291,2.0156,2.0256,17381
2007-09-26,2.0252,2.0354,2.0216,2.0244,17735
2007-09-27,2.0245,2.034,2.0188,2.029,17689
2007-09-28,2.0296,2.0367,2.0202,2.0309,20474
2007-10-01,2.0317,2.0357,2.0237,2.0252,15509
2007-10-02,2.0253,2.0429,2.0251,2.0373,17289
2007-10-03,2.0372,2.0398,2.0252,2.0273,17015
2007-10-04,2.0276,2.0403000000000002,2.024,2.0312,17396
2007-10-05,2.0319,2.0344,1.9982,2.0021,15898
2007-10-08,2.0022,2.0113,1.9984,2.0085,6039
2007-10-09,2.0087,2.0108,1.9950999999999999,1.9984,13606
2007-10-10,1.9985,2.009,1.9981,2.0046,13372
2007-10-11,2.0042,2.0045,1.9786000000000001,1.984,16213
2007-10-12,1.9842,1.9886,1.9767000000000001,1.9783,14284
2007-10-15,1.9769,1.9969000000000001,1.9765000000000001,1.9933999999999998,12403
2007-10-16,1.9936,1.9969000000000001,1.9839,1.9895,16872
2007-10-17,1.9893,1.9973999999999998,1.983,1.9876,16273
2007-10-18,1.9874,2.0014,1.9832999999999998,1.9893999999999998,15681
2007-10-19,1.9893,1.9955,1.9713,1.9832999999999998,15004
2007-10-22,1.9842,1.9967000000000001,1.9806,1.9862,19915
2007-10-23,1.9861,1.9891,1.9716,1.9805000000000001,17736
2007-10-24,1.9806,1.9914,1.9766,1.9844,17068
2007-10-25,1.9841,1.9878,1.9737,1.9809,16096
2007-10-26,1.9811,1.9837,1.9695,1.9746000000000001,12942
2007-10-29,1.9754,1.9808,1.9615,1.9655,14140
2007-10-30,1.9651999999999998,1.9766,1.9639,1.9710999999999999,13547
2007-10-31,1.971,1.9822,1.9569,1.9639,17880
2007-11-01,1.9641,1.9792,1.9586999999999999,1.9748999999999999,20307
2007-11-02,1.9754,1.9776,1.9409,1.9536,18272
2007-11-05,1.9544000000000001,1.9567999999999999,1.9354,1.9407999999999999,14947
2007-11-06,1.9414,1.9433,1.9119000000000002,1.9127,14846
2007-11-07,1.9125999999999999,1.9736,1.9012,1.9627,25081
2007-11-08,1.9619,1.98,1.9428999999999998,1.9665,23235
2007-11-09,1.9666000000000001,1.9771999999999998,1.9522,1.9743,24084
2007-11-12,1.971,1.9964,1.9653,1.9927000000000001,24669
2007-11-13,1.9926,2.0012,1.9729999999999999,1.9867,22912
2007-11-14,1.9866000000000001,1.9928,1.9691,1.9811,23256
2007-11-15,1.9811999999999999,2.0205,1.9705,2.0188,22785
2007-11-16,2.0189,2.0189,1.9897,1.9998,20448
2007-11-19,2.0024,2.0194,1.9872,2.0176,17652
2007-11-20,2.0175,2.0343,2.0092,2.022,21634
2007-11-21,2.0217,2.0414,2.0181,2.0356,18449
2007-11-22,2.0358,2.039,2.0214,2.0313,11764
2007-11-23,2.0295,2.0422,2.0261,2.038,16398
2007-11-26,2.0334,2.0521,2.0271,2.0488,15704
2007-11-27,2.0486,2.0681,2.0358,2.0586,21698
2007-11-28,2.0596,2.0611,2.042,2.0501,20636
2007-11-29,2.0498,2.0619,2.0286,2.0565,19090
2007-11-30,2.0564,2.0659,2.0502,2.0556,18853
2007-12-03,2.0548,2.0718,2.0508,2.0634,15856
2007-12-04,2.0632,2.0909,2.0621,2.0846,18107
2007-12-05,2.0843,2.0902,2.0485,2.0492,21576
2007-12-06,2.0503,2.0647,2.0411,2.0446,20429
2007-12-07,2.0445,2.0626,2.0336,2.0407,17467
2007-12-10,2.0406,2.0702,2.0383,2.0585,13491
2007-12-11,2.0584,2.0752,2.0479,2.0638,16423
2007-12-12,2.0641,2.0823,2.0517,2.0728,19636
2007-12-13,2.0723,2.0856,2.0593,2.083,17478
2007-12-14,2.0828,2.0843,2.0455,2.0517,20498
2007-12-17,2.052,2.0566,2.0213,2.0281,19591
2007-12-18,2.0296,2.0428,2.0203,2.026,18227
2007-12-19,2.0259,2.0346,1.9989,2.0,18296
2007-12-20,2.0006,2.0037,1.9759,1.9834,11152
2007-12-21,1.9836,1.9877,1.9645000000000001,1.9665,14559
2007-12-24,1.9663,1.9705,1.9447999999999999,1.9464000000000001,7719
2007-12-26,1.9512,1.9518,1.9424000000000001,1.9436,2007
2007-12-27,1.9434,1.9614,1.9432,1.9557,6565
2007-12-28,1.9555,1.9644,1.9434,1.9584000000000001,6016
2007-12-31,1.9564,1.9741,1.9498,1.9596,1555
2008-01-02,1.9616,1.9731999999999998,1.9542000000000002,1.9691,12751
2008-01-03,1.9691999999999998,1.9731999999999998,1.9464000000000001,1.9493,17417
2008-01-04,1.9491,1.9818,1.9395,1.9790999999999999,18471
2008-01-07,1.9803,1.9867,1.9667,1.9776,17130
2008-01-08,1.9773,1.9872999999999998,1.9681,1.9808,17970
2008-01-09,1.9809,1.9854,1.9655,1.9771999999999998,19275
2008-01-10,1.9769999999999999,1.9863,1.9703,1.9809999999999999,23914
2008-01-11,1.9811,2.0011,1.9685000000000001,1.9931,21574
2008-01-14,1.9988000000000001,1.9996,1.9857,1.9858,16275
2008-01-15,1.9857,2.0093,1.9857,1.9942,21290
2008-01-16,1.9941,2.0147,1.9923,2.0097,27448
2008-01-17,2.0098,2.035,2.0022,2.0285,25372
2008-01-18,2.0284,2.0314,2.0032,2.0081,21146
2008-01-21,2.0086,2.0141,2.0026,2.0092,17831
2008-01-22,2.0093,2.0244,2.0004,2.0169,24299
2008-01-23,2.0167,2.017,1.9921,2.0026,24648
2008-01-24,2.0032,2.0049,1.9782,1.9795,19566
2008-01-25,1.9804,1.9992999999999999,1.9799,1.9988000000000001,20931
2008-01-28,1.9987,2.0042,1.9887000000000001,1.9925000000000002,16335
2008-01-29,1.9929000000000001,1.9968,1.9752999999999998,1.9851,18761
2008-01-30,1.9866000000000001,1.9904,1.9670999999999998,1.9776,19517
2008-01-31,1.9775,2.005,1.9727000000000001,1.9925000000000002,23306
2008-02-01,1.992,1.9975,1.9489,1.9553,21687
2008-02-04,1.9527999999999999,1.9785,1.9506000000000001,1.9618,15258
2008-02-05,1.9617,1.9806,1.9592,1.9790999999999999,17053
2008-02-06,1.9787,1.9805000000000001,1.9617,1.9735,18824
2008-02-07,1.9731999999999998,1.9758,1.9552,1.9606,21547
2008-02-08,1.96,1.9646,1.9343,1.9433,18328
2008-02-11,1.9445999999999999,1.9565000000000001,1.9342000000000001,1.9539,16545
2008-02-12,1.9538,1.9649,1.9434,1.9588999999999999,15224
2008-02-13,1.959,1.9658,1.9546000000000001,1.9572,17505
2008-02-15,1.9682,1.9799,1.9474,1.9742,17396
2008-02-18,1.9746000000000001,1.9776,1.9596,1.9659,13284
2008-02-19,1.9658,1.9823,1.9546999999999999,1.9819,19246
2008-02-20,1.9817,1.982,1.9651999999999998,1.9659,20826
2008-02-21,1.966,1.9868000000000001,1.9611,1.9851999999999999,19723
2008-02-22,1.9851,2.0,1.9809,1.9915,16529
2008-02-25,1.9943,1.9949,1.9566,1.958,5320
2008-02-26,1.9581,1.9634,1.9426999999999999,1.9495,20397
2008-02-27,1.9496,1.954,1.9404,1.9449,23989
2008-02-28,1.9445999999999999,1.9471,1.9306,1.9414,20129
2008-02-29,1.9411,1.9675,1.9355,1.9645000000000001,22892
2008-03-03,1.9583,1.9706000000000001,1.9489999999999998,1.9614,13046
2008-03-04,1.9615,1.9798,1.9575,1.9738,20011
2008-03-05,1.9736,1.9752,1.9584000000000001,1.9609,19477
2008-03-06,1.9613,1.9856,1.9598,1.9809999999999999,20638
2008-03-07,1.9806,1.9992,1.9644,1.9945,15037
2008-03-10,1.9992999999999999,2.0118,1.9891,2.0004,14516
2008-03-11,2.0005,2.0051,1.9849,1.9904,19640
2008-03-12,1.9908000000000001,2.0079,1.9824000000000002,2.0058,18748
2008-03-13,2.006,2.0143,1.9928,1.9988000000000001,22300
2008-03-14,1.9989,2.0205,1.9872,1.9968,17402
2008-03-17,1.9891,2.0099,1.9796,1.9902,29596
2008-03-18,1.9906000000000001,2.0154,1.9856,1.9891999999999999,26191
2008-03-19,1.9891,2.0155,1.9807000000000001,2.0083,15099
2008-03-20,2.0085,2.0399,2.0062,2.0313,8407
2008-03-21,2.0311,2.0355,2.0268,2.0281,2820
2008-03-24,2.0314,2.0409,2.0128,2.0232,12219
2008-03-25,2.0234,2.0415,2.0166,2.0396,20678
2008-03-26,2.0394,2.0475,2.0171,2.0428,20226
2008-03-27,2.0427,2.0606,2.032,2.0389,24959
2008-03-28,2.0391,2.0435,2.0228,2.0391,22104
2008-03-31,2.0399,2.0487,2.0243,2.0335,18806
2008-04-01,2.0338,2.0391,2.016,2.0214,24271
2008-04-02,2.0218,2.0277,2.0125,2.0176,20691
2008-04-03,2.0172,2.02,1.9997,2.0045,25100
2008-04-04,2.0046,2.0178,1.9978,2.0099,22460
2008-04-07,2.0116,2.0186,1.9931999999999999,2.0159,17330
2008-04-08,2.0158,2.0178,1.9909,1.9952999999999999,23299
2008-04-09,1.9954,2.0172,1.9923,2.012,20957
2008-04-10,2.0116,2.0245,2.0045,2.0106,23983
2008-04-11,2.0104,2.0194,1.9992,2.015,20841
2008-04-14,2.0188,2.0348,2.0125,2.0125,21673
2008-04-15,2.0126,2.0176,1.9949,1.9978,22438
2008-04-16,1.9976,2.0003,1.9708999999999999,1.9735,26826
2008-04-17,1.9731999999999998,2.0188,1.971,2.0106,27237
2008-04-18,2.0108,2.0215,2.0,2.0058,24630
2008-04-21,2.0076,2.0134,1.9861,1.9903,21880
2008-04-22,1.9905,2.0216,1.9893,2.011,24501
2008-04-23,2.0106,2.0238,2.0022,2.0124,21526
2008-04-24,2.0127,2.0167,1.9958,2.0002,23756
2008-04-25,2.0003,2.0215,1.9988000000000001,2.0125,22219
2008-04-28,2.0093,2.0299,1.9946000000000002,2.0175,17283
2008-04-29,2.0171,2.0186,1.9898,1.9957,22667
2008-04-30,1.9956,2.007,1.9792999999999998,2.0003,28556
2008-05-01,1.9998,2.0184,1.9994,2.0146,20753
2008-05-02,2.0144,2.0282,2.0079,2.0096,20556
2008-05-05,2.0114,2.0139,1.9910999999999999,1.9968,14185
2008-05-06,1.9966,2.0019,1.9721,1.9784000000000002,23513
2008-05-07,1.9781,1.9796,1.9534,1.9729,24598
2008-05-08,1.9729999999999999,1.9891,1.9679,1.9885000000000002,26673
2008-05-09,1.9884,1.9897,1.9564,1.9637,22589
2008-05-12,1.963,1.9765000000000001,1.9603000000000002,1.9677,20366
2008-05-13,1.9675,1.9707,1.9421,1.9525000000000001,24738
2008-05-14,1.9529,1.9566,1.9357,1.9516,24782
2008-05-15,1.952,1.9559,1.9415,1.9484,23728
2008-05-16,1.948,1.9583,1.9375,1.9550999999999998,22945
2008-05-19,1.9557,1.9572,1.9285,1.9313,11376
2008-05-20,1.9316,1.9614,1.9297,1.9506000000000001,23652
2008-05-21,1.9508,1.9526,1.9293,1.938,23036
2008-05-22,1.9379,1.9588,1.9367999999999999,1.9494,18253
2008-05-23,1.9493,1.9596,1.9466,1.9593,17701
2008-05-26,1.9581,1.9684,1.9527,1.966,8288
2008-05-27,1.9658,1.966,1.9501,1.9633,20368
2008-05-28,1.9636,1.9705,1.9565000000000001,1.9594,21160
2008-05-29,1.9593,1.9607999999999999,1.9428999999999998,1.9546000000000001,23721
2008-05-30,1.9556,1.9702,1.9472,1.9687999999999999,23001
2008-06-02,1.968,1.972,1.9499,1.9685000000000001,23979
2008-06-03,1.9686,1.9832999999999998,1.9597,1.9799,24572
2008-06-04,1.9801,1.9917,1.9714,1.9863,23643
2008-06-05,1.9862,1.9973,1.9769,1.9917,25145
2008-06-06,1.9916,2.0094,1.9887000000000001,2.0091,22632
2008-06-09,2.0064,2.0246,1.9989,2.0179,23590
2008-06-10,2.0184,2.0209,1.9918,1.9955,26819
2008-06-11,1.9956,2.0032,1.9882,2.0022,23150
2008-06-12,2.0017,2.004,1.9841,1.9906000000000001,23642
2008-06-13,1.9908000000000001,2.0067,1.9868999999999999,2.0044,20337
2008-06-16,2.003,2.0214,2.002,2.0108,18687
2008-06-17,2.0109,2.015,1.9848,1.9935,23544
2008-06-18,1.9936,1.9984,1.9862,1.9929999999999999,19186
2008-06-19,1.9928,2.006,1.9912999999999998,2.0013,21278
2008-06-20,2.0014,2.015,1.9966,2.008,17925
2008-06-23,2.0071,2.0075,1.9898,1.9956,18116
2008-06-24,1.9957,2.0021,1.9914,1.9943,17742
2008-06-25,1.9946000000000002,2.0001,1.9887000000000001,1.9925000000000002,20599
2008-06-26,1.9926,2.017,1.9909,2.015,20987
2008-06-27,2.0149,2.0207,1.9944,2.0157,19604
2008-06-30,2.0156,2.0352,2.0063,2.0346,22439
2008-07-01,2.0342,2.041,2.0247,2.0376,20228
2008-07-02,2.0381,2.04,2.0108,2.0153,22361
2008-07-03,2.0157,2.0247,2.0142,2.0186,19878
2008-07-04,2.0192,2.0226,2.0075,2.0208,11982
2008-07-07,2.0202,2.0205,1.9995,2.0078,21019
2008-07-08,2.0072,2.0169,2.0049,2.0063,21477
2008-07-09,2.0061,2.0094,1.9942,2.0066,21560
2008-07-10,2.0062,2.0066,1.9917,1.9938,20093
2008-07-11,1.9939,2.0165,1.9928,2.0064,21827
2008-07-14,2.0054,2.0145,1.9973999999999998,2.0075,20593
2008-07-15,2.0074,2.0173,2.0003,2.0079,25200
2008-07-16,2.0078,2.0133,2.0,2.0005,21169
2008-07-17,2.001,2.0158,1.9989,2.0085,22946
2008-07-18,2.0087,2.0125,1.9989,2.0099,20045
2008-07-21,2.0082,2.0091,1.9994,2.0019,17986
2008-07-22,2.0018,2.0137,2.0013,2.0058,22079
2008-07-23,2.0064,2.0236,2.0054,2.0199,24343
2008-07-24,2.02,2.0202,1.9999,2.0167,24242
2008-07-25,2.0165,2.0319,2.0109,2.0306,23673
2008-07-28,2.0282,2.044,2.0201,2.0382,20069
2008-07-29,2.038,2.04,2.025,2.0272,20798
2008-07-30,2.0269,2.0296,2.0224,2.027,20791
2008-08-01,2.0289,2.0338,2.0193,2.0285,20627
2008-08-04,2.0277,2.0353,2.0228,2.0325,19135
2008-08-05,2.0326,2.0426,2.0321,2.036,24635
2008-08-06,2.0364,2.0437,2.0346,2.0405,20647
2008-08-07,2.0412,2.0479,2.0375,2.0449,21323
2008-08-08,2.0451,2.0552,2.0315,2.0485,28605
2008-08-11,2.0426,2.0518,2.0399,2.0423,25037
2008-08-12,2.0422,2.0443,2.0141,2.0186,27689
2008-08-13,2.0187,2.0254,1.9846,1.9855,30487
2008-08-14,1.9857,1.9929999999999999,1.9776,1.9896,27328
2008-08-15,1.9895,1.9916,1.9708999999999999,1.9763,24766
2008-08-18,1.9754,1.9854,1.9706000000000001,1.9816,21121
2008-08-19,1.9817,1.9853,1.9754,1.9798,21019
2008-08-20,1.98,1.9825,1.9659,1.9731999999999998,16688
2008-08-21,1.9729999999999999,1.9773,1.9563000000000001,1.9606,21425
2008-08-22,1.9605000000000001,1.9614,1.9346999999999999,1.9395,10788
2008-08-25,1.9405999999999999,1.9495,1.9306999999999999,1.946,18513
2008-08-26,1.9462000000000002,1.9468,1.9155,1.9268,25741
2008-08-27,1.9268999999999998,1.9313,1.9172,1.9211,24441
2008-08-28,1.921,1.9264000000000001,1.9146,1.9221,26786
2008-08-29,1.9223,1.9398,1.9142000000000001,1.9372,24431
2008-09-01,1.923,1.9292,1.9154,1.9212,21688
2008-09-02,1.9211,1.9220000000000002,1.9008,1.9026,30298
2008-09-03,1.9026999999999998,1.9096,1.8824999999999998,1.8838,29844
2008-09-04,1.8837000000000002,1.8928,1.8782999999999999,1.8859,32667
2008-09-05,1.8858000000000001,1.8902999999999999,1.8702,1.8761999999999999,35470
2008-09-08,1.8876,1.8978000000000002,1.8683999999999998,1.8742999999999999,34781
2008-09-09,1.874,1.8885,1.8668,1.8852,30879
2008-09-10,1.8853,1.8868,1.8751,1.8787,28953
2008-09-11,1.8788,1.892,1.8766,1.8885999999999998,31146
2008-09-12,1.8885,1.9081000000000001,1.8852,1.9016,28806
2008-09-15,1.9140000000000001,1.9281000000000001,1.9016,1.9229,40132
2008-09-16,1.9224,1.9263,1.9013,1.9082,38697
2008-09-17,1.9077,1.9510999999999998,1.8937,1.9425,37045
2008-09-18,1.9424000000000001,1.9546999999999999,1.9189,1.9205999999999999,39571
2008-09-19,1.9205,1.9375,1.9045,1.9155,35867
2008-09-22,1.9203000000000001,1.9369,1.9089,1.923,34494
2008-09-23,1.9229,1.9297,1.9112,1.9226999999999999,24517
2008-09-24,1.9228,1.9266,1.9106,1.9173,25473
2008-09-25,1.9181,1.9325999999999999,1.8940000000000001,1.8982999999999999,27817
2008-09-26,1.8984,1.9093,1.8972,1.9058000000000002,28287
2008-09-29,1.8941,1.8992,1.8654,1.8862,35805
2008-09-30,1.8859,1.9108,1.8834,1.8954,34964
2008-10-01,1.8956,1.8978000000000002,1.8716,1.8812,35864
2008-10-02,1.8813,1.9085999999999999,1.8742999999999999,1.9016,35735
2008-10-03,1.9014,1.9220000000000002,1.8991,1.9177,32121
2008-10-06,1.9098000000000002,1.929,1.9045999999999998,1.9239000000000002,38407
2008-10-07,1.9229,1.9482,1.9078,1.9336,43395
2008-10-08,1.9333,1.9529999999999998,1.9260000000000002,1.9445999999999999,48432
2008-10-09,1.9449999999999998,1.9816,1.9323000000000001,1.9605000000000001,39879
2008-10-10,1.9611,2.045,1.9524,1.9989,51534
2008-10-13,2.0014,2.0258,1.9866000000000001,1.9956,33711
2008-10-14,1.9957,2.0294,1.9826000000000001,2.0216,38662
2008-10-15,2.0218,2.0687,2.0169,2.0417,40486
2008-10-16,2.0416,2.0659,2.033,2.0408,48856
2008-10-17,2.0414,2.0651,2.0322,2.0431,29509
2008-10-20,2.0468,2.0651,2.0386,2.0454,32522
2008-10-21,2.0453,2.0677,2.0211,2.024,38517
2008-10-22,2.0243,2.0566,1.9938,2.0353,44367
2008-10-23,2.0361,2.064,2.0191,2.0274,40000
2008-10-24,2.0271,2.0342,1.9514,2.0313,41290
2008-10-27,2.0037,2.0245,1.9662,2.016,41469
2008-10-28,2.0164,2.0475,1.9864000000000002,2.0353,38422
2008-10-29,2.0351,2.0725,1.9889000000000001,1.9992,43990
2008-10-30,1.9990999999999999,2.0073,1.9627,1.9653,45064
2008-10-31,1.9656,2.0062,1.9299,1.9479,43581
2008-11-03,1.9506000000000001,1.9575,1.8571,1.858,47183
2008-11-04,1.8580999999999999,1.8778000000000001,1.8315000000000001,1.8345,59723
2008-11-05,1.8346,1.8845,1.8262,1.8577,64113
2008-11-06,1.858,1.8779,1.8437000000000001,1.8641999999999999,42891
2008-11-07,1.8643999999999998,1.891,1.8439,1.8599999999999999,34297
2008-11-10,1.862,1.8733,1.8362,1.8666,40371
2008-11-11,1.8667,1.8754,1.8498,1.8551,35185
2008-11-12,1.8547,1.8639000000000001,1.8322,1.8416000000000001,49765
2008-11-13,1.8415,1.8498999999999999,1.79,1.7945,50870
2008-11-14,1.7947,1.83,1.7903,1.8228,43689
2008-11-17,1.815,1.8609,1.8146,1.8380999999999998,44987
2008-11-18,1.838,1.8567,1.8287,1.8451,39640
2008-11-19,1.8446,1.8786,1.8359999999999999,1.8742999999999999,37333
2008-11-20,1.8742,1.9131,1.8612,1.9096,40178
2008-11-21,1.9093,1.9245999999999999,1.8893,1.8900000000000001,38457
2008-11-24,1.8941,1.9041000000000001,1.8517000000000001,1.8687,40120
2008-11-25,1.8689,1.9068,1.8547,1.8986,42355
2008-11-26,1.8982999999999999,1.9064999999999999,1.8695,1.8901,38743
2008-11-27,1.8900000000000001,1.9129,1.8786,1.8965999999999998,22879
2008-11-28,1.8969,1.9127999999999998,1.8942999999999999,1.9048,26396
2008-12-01,1.903,1.9091,1.8305,1.8558,23159
2008-12-02,1.8555000000000001,1.8734,1.8394,1.8626,23391
2008-12-03,1.8625,1.8697,1.8394,1.8514,23281
2008-12-04,1.8509,1.8859,1.8256999999999999,1.8756,24804
2008-12-05,1.8753,1.8981,1.8618999999999999,1.8655,22566
2008-12-08,1.8749,1.8855,1.8502999999999998,1.8622,23621
2008-12-09,1.8622999999999998,1.874,1.851,1.8564,22076
2008-12-10,1.8559,1.8739,1.8523,1.8651,21918
2008-12-11,1.8653,1.8780000000000001,1.8192,1.8584,22427
2008-12-12,1.8582999999999998,1.8719000000000001,1.8397999999999999,1.8641,22388
2008-12-15,1.8637000000000001,1.9005,1.8344,1.8866,35254
2008-12-16,1.8864999999999998,1.8932,1.8584,1.8778000000000001,25502
2008-12-17,1.8787,1.8815,1.8463,1.8484,27467
2008-12-18,1.8487,1.8584,1.7859,1.8148,44927
2008-12-19,1.8143,1.8643999999999998,1.8075,1.8159,61957
2008-12-22,1.8181,1.8212000000000002,1.7753999999999999,1.8094000000000001,21004
2008-12-23,1.8089,1.821,1.7801,1.7968,19458
2008-12-24,1.7963,1.8046,1.7737,1.7748,13100
2008-12-26,1.7955,1.7973,1.7793999999999999,1.7814999999999999,5224
2008-12-29,1.7869000000000002,1.79,1.7529,1.7601,21898
2008-12-30,1.7602,1.7905,1.7492999999999999,1.7506,20380
2008-12-31,1.7508,1.7955,1.7465000000000002,1.7879,12208
2009-01-02,1.7850000000000001,1.7882,1.7456,1.7536,11239
2009-01-05,1.7527,1.7742,1.7288000000000001,1.7490999999999999,23851
2009-01-06,1.7492999999999999,1.7717,1.7165,1.7642,24236
2009-01-07,1.7644,1.8151000000000002,1.7494,1.8035,24524
2009-01-08,1.804,1.8378,1.7923,1.7957,26995
2009-01-09,1.7955999999999999,1.8215,1.7913999999999999,1.7970000000000002,27961
2009-01-12,1.7929,1.8073000000000001,1.779,1.8009,32020
2009-01-13,1.8035,1.8035,1.7701,1.7755,40680
2009-01-14,1.7749000000000001,1.8254000000000001,1.768,1.8204,39618
2009-01-15,1.8202,1.8454000000000002,1.812,1.8356,37343
2009-01-16,1.8357,1.8595000000000002,1.8305,1.8308,33174
2009-01-20,1.8044,1.8109,1.75,1.7553,57756
2009-01-21,1.7553999999999998,1.7673,1.7326000000000001,1.7607,56942
2009-01-22,1.7602,1.7603,1.7286000000000001,1.7377,52457
2009-01-23,1.738,1.7402,1.6896,1.6975,50478
2009-01-26,1.6879,1.7191,1.6721,1.7105000000000001,46921
2009-01-27,1.7106,1.7454,1.7045,1.7330999999999999,46751
2009-01-28,1.7332,1.7528000000000001,1.721,1.7250999999999999,45546
2009-01-29,1.7252999999999998,1.7542,1.7151999999999998,1.7513999999999998,41402
2009-01-30,1.7511999999999999,1.7885,1.7378,1.7873999999999999,52818
2009-02-02,1.771,1.778,1.7407,1.772,43849
2009-02-03,1.7719,1.7825,1.7616,1.7764,42785
2009-02-04,1.7768000000000002,1.7951000000000001,1.7696,1.7793,45810
2009-02-05,1.7792,1.8061,1.771,1.802,48652
2009-02-06,1.8022,1.8401,1.7989000000000002,1.8024,41451
2009-02-09,1.80462,1.83547,1.79985,1.8122500000000001,53969
2009-02-10,1.81235,1.82535,1.79125,1.8072,59525
2009-02-11,1.80745,1.8080500000000002,1.7805,1.7818,50765
2009-02-12,1.78255,1.7883,1.7598,1.77435,51573
2009-02-13,1.7741500000000001,1.7987,1.77055,1.77265,44793
2009-02-16,1.7624,1.78555,1.7584,1.7741799999999999,24158
2009-02-17,1.77416,1.80675,1.76709,1.7999,49277
2009-02-18,1.7995999999999999,1.80385,1.78235,1.7926199999999999,43159
2009-02-19,1.7927,1.80605,1.7883200000000001,1.7923,44236
2009-02-20,1.7924,1.8125499999999999,1.78465,1.8063,44280
2009-02-23,1.8009,1.82932,1.7983,1.81272,54147
2009-02-24,1.81265,1.8209,1.78707,1.80294,58250
2009-02-25,1.80291,1.81615,1.7765,1.784,53573
2009-02-26,1.7842,1.79549,1.77512,1.79193,53129
2009-02-27,1.7919800000000001,1.82588,1.7776,1.82588,59419
2009-03-02,1.82261,1.8237,1.79827,1.81095,54314
2009-03-03,1.81105,1.82365,1.8033000000000001,1.8165499999999999,46096
2009-03-04,1.8169499999999998,1.82589,1.80085,1.8061,50400
2009-03-05,1.8060399999999999,1.82325,1.80241,1.82023,49410
2009-03-06,1.82037,1.83253,1.80823,1.81344,54189
2009-03-09,1.8142200000000002,1.8181,1.78492,1.78905,51824
2009-03-10,1.7889,1.79436,1.75803,1.76425,55552
2009-03-11,1.7641900000000001,1.78521,1.75451,1.78172,52116
2009-03-12,1.78162,1.7920500000000001,1.76641,1.78102,56991
2009-03-13,1.78105,1.80046,1.77082,1.78002,57674
2009-03-16,1.7781099999999999,1.8023500000000001,1.7762799999999999,1.7887300000000002,50288
2009-03-17,1.78892,1.794,1.7770899999999998,1.78329,50074
2009-03-18,1.7831700000000001,1.79134,1.7577,1.78106,49910
2009-03-19,1.78112,1.80035,1.76748,1.79862,65017
2009-03-20,1.79855,1.80252,1.78094,1.79461,52145
2009-03-23,1.7918500000000002,1.8046799999999998,1.77746,1.78321,45918
2009-03-24,1.78314,1.80972,1.78063,1.80623,55615
2009-03-25,1.80612,1.80727,1.7820200000000002,1.78887,54109
2009-03-26,1.78871,1.79886,1.77317,1.77607,53839
2009-03-27,1.77599,1.78417,1.7604199999999999,1.77758,48282
2009-03-30,1.76707,1.8012899999999998,1.7646899999999999,1.7980800000000001,47659
2009-03-31,1.7981500000000001,1.81097,1.7848000000000002,1.80844,53936
2009-04-01,1.8083200000000001,1.82585,1.80645,1.8199800000000002,53675
2009-04-02,1.8200699999999999,1.8401999999999998,1.81635,1.82282,55215
2009-04-03,1.8228,1.8408,1.81514,1.82429,45438
2009-04-06,1.82464,1.84216,1.82162,1.8276,54092
2009-04-07,1.82765,1.8317700000000001,1.81577,1.82294,56467
2009-04-08,1.82297,1.8287,1.81059,1.81687,53490
2009-04-09,1.81677,1.82114,1.78917,1.79624,52800
2009-04-10,1.7962099999999999,1.80138,1.791,1.7983500000000001,12679
2009-04-13,1.79345,1.81517,1.79206,1.8113700000000001,31501
2009-04-14,1.8113899999999998,1.81902,1.79841,1.8075999999999999,50063
2009-04-15,1.8088600000000001,1.8228,1.80076,1.80517,59064
2009-04-16,1.8051300000000001,1.8101099999999999,1.78911,1.80477,48510
2009-04-17,1.8048600000000001,1.806,1.78684,1.79464,52331
2009-04-20,1.79372,1.80171,1.77803,1.79972,43324
2009-04-21,1.79977,1.8242,1.79372,1.81355,58210
2009-04-22,1.81362,1.8194599999999999,1.7892700000000001,1.79301,56322
2009-04-23,1.7930700000000002,1.80623,1.78355,1.79914,52808
2009-04-24,1.79908,1.8021,1.77101,1.77489,55362
2009-04-27,1.7750599999999999,1.78762,1.76353,1.7826499999999998,51695
2009-04-28,1.78257,1.79523,1.77225,1.78463,58635
2009-04-29,1.7846,1.78851,1.77024,1.77675,43201
2009-04-30,1.7768199999999998,1.77855,1.75315,1.7641499999999999,71972
2009-05-01,1.76406,1.7757800000000001,1.75501,1.76806,46533
2009-05-04,1.7708,1.77098,1.7574800000000002,1.7621799999999999,45495
2009-05-05,1.76197,1.77832,1.75865,1.771,55255
2009-05-06,1.7709700000000002,1.78097,1.7617500000000001,1.7642,56936
2009-05-07,1.7643,1.77392,1.75155,1.75747,52249
2009-05-08,1.7574,1.76007,1.73943,1.7503,56694
2009-05-11,1.7495,1.76495,1.73781,1.7630599999999998,52422
2009-05-12,1.7629700000000001,1.7803,1.75719,1.77385,55689
2009-05-13,1.77386,1.7834400000000001,1.75261,1.7782,69234
2009-05-14,1.77827,1.78542,1.77087,1.7810700000000002,60161
2009-05-15,1.78113,1.79077,1.7761900000000002,1.7868300000000001,66301
2009-05-18,1.78775,1.7895699999999999,1.7775699999999999,1.7838,46314
2009-05-19,1.78363,1.7952599999999999,1.78036,1.7880099999999999,59059
2009-05-20,1.7880500000000001,1.7985600000000002,1.77355,1.7969300000000001,60927
2009-05-21,1.79684,1.8086799999999998,1.7763,1.80135,70864
2009-05-22,1.80118,1.8030599999999999,1.77891,1.78255,60606
2009-05-25,1.78512,1.79263,1.78033,1.78836,21532
2009-05-26,1.78831,1.79467,1.77616,1.77704,71846
2009-05-27,1.7770299999999999,1.7930199999999998,1.77535,1.79068,79785
2009-05-28,1.79064,1.79088,1.77172,1.7753,77872
2009-05-29,1.77538,1.78077,1.7604899999999999,1.76498,73083
2009-06-01,1.76431,1.79805,1.7605300000000002,1.79398,74895
2009-06-02,1.7936999999999999,1.7978100000000001,1.77999,1.79339,76023
2009-06-03,1.7933599999999998,1.81589,1.7915100000000002,1.81425,83433
2009-06-04,1.81416,1.8187799999999998,1.76986,1.7724199999999999,88251
2009-06-05,1.77249,1.79055,1.7620200000000001,1.78777,67719
2009-06-08,1.78684,1.79789,1.77546,1.78999,64894
2009-06-09,1.79006,1.80252,1.77855,1.80013,72450
2009-06-10,1.80024,1.81967,1.79299,1.81315,77790
2009-06-11,1.81318,1.83026,1.80653,1.82735,76010
2009-06-12,1.82718,1.84768,1.8249300000000002,1.8389600000000002,67637
2009-06-15,1.83897,1.8536899999999998,1.83371,1.84504,68721
2009-06-16,1.8449900000000001,1.8645800000000001,1.8397999999999999,1.8605,70335
2009-06-17,1.86069,1.86235,1.84408,1.8551600000000001,74681
2009-06-18,1.8552499999999998,1.85865,1.83352,1.8495,64929
2009-06-19,1.84958,1.87332,1.8462800000000001,1.8715000000000002,42029
2009-06-22,1.8728500000000001,1.8944,1.86625,1.8845800000000001,68422
2009-06-23,1.8844400000000001,1.89419,1.8723800000000002,1.89127,76881
2009-06-24,1.89116,1.90035,1.8858899999999998,1.8958,56508
2009-06-25,1.89588,1.90032,1.8817300000000001,1.89143,57164
2009-06-26,1.89133,1.90737,1.8870200000000001,1.90441,63964
2009-06-29,1.90113,1.91853,1.9007399999999999,1.9146800000000002,55336
2009-06-30,1.9146999999999998,1.92996,1.9079700000000002,1.9132500000000001,67782
2009-07-01,1.91282,1.91476,1.88903,1.89264,57406
2009-07-02,1.89272,1.90719,1.8780299999999999,1.9009,62583
2009-07-03,1.90015,1.9031500000000001,1.88868,1.8950900000000002,36492
2009-07-07,1.88594,1.8888,1.8721299999999998,1.88002,38988
2009-07-08,1.88007,1.88105,1.86476,1.87266,67174
2009-07-09,1.87248,1.90077,1.86547,1.89788,61804
2009-07-10,1.89791,1.89799,1.88002,1.88612,59360
2009-07-13,1.88021,1.88278,1.86497,1.86843,61520
2009-07-14,1.8685399999999999,1.87551,1.84548,1.84995,44405
2009-07-15,1.85005,1.85712,1.82435,1.8273000000000001,58493
2009-07-16,1.8273899999999998,1.841,1.8273899999999998,1.83666,61897
2009-07-17,1.83655,1.83674,1.8169499999999998,1.81811,54047
2009-07-20,1.8215,1.83223,1.81355,1.82979,56921
2009-07-21,1.8298100000000002,1.83097,1.80689,1.81651,59526
2009-07-22,1.8164799999999999,1.81806,1.8018399999999999,1.81045,61182
2009-07-23,1.81039,1.81877,1.79068,1.79645,53498
2009-07-24,1.79635,1.8031000000000001,1.77309,1.78456,51719
2009-07-27,1.78537,1.7882099999999999,1.7781500000000001,1.78174,60456
2009-07-28,1.78189,1.7883900000000001,1.7734999999999999,1.77492,66800
2009-07-29,1.7747000000000002,1.78853,1.7734999999999999,1.78491,73437
2009-07-30,1.78477,1.79566,1.7809,1.78917,71170
2009-07-31,1.78937,1.80545,1.7801200000000001,1.80016,70497
2009-08-03,1.80038,1.81,1.79464,1.80523,71379
2009-08-04,1.8052000000000001,1.8207499999999999,1.8031700000000002,1.8166600000000002,67224
2009-08-05,1.81664,1.83165,1.8113299999999999,1.8178,52447
2009-08-06,1.818,1.82403,1.80233,1.8079,48014
2009-08-07,1.8077800000000002,1.81848,1.80099,1.80329,46066
2009-08-10,1.8042799999999999,1.80915,1.78445,1.79271,38304
2009-08-11,1.7922,1.81948,1.79195,1.8148900000000001,56989
2009-08-12,1.81487,1.8183099999999999,1.79162,1.79502,72056
2009-08-13,1.79497,1.8065600000000002,1.79497,1.8014299999999999,62810
2009-08-14,1.80145,1.81852,1.7933599999999998,1.8160699999999999,61243
2009-08-17,1.81432,1.81854,1.80348,1.80796,63500
2009-08-18,1.8078400000000001,1.8300800000000002,1.8063,1.82343,62434
2009-08-19,1.82345,1.82711,1.80779,1.81043,66410
2009-08-20,1.81045,1.8163200000000002,1.7931300000000001,1.79494,56481
2009-08-21,1.7948499999999998,1.79864,1.78072,1.78403,57705
2009-08-24,1.78054,1.78472,1.76077,1.76722,52427
2009-08-25,1.76718,1.77658,1.76021,1.77469,57852
2009-08-26,1.7747000000000002,1.78519,1.76571,1.7811,58160
2009-08-27,1.78105,1.7842099999999999,1.76363,1.76901,62502
2009-08-28,1.7690000000000001,1.7792,1.76274,1.77553,53013
2009-08-31,1.77522,1.7985799999999998,1.77035,1.78189,51022
2009-09-01,1.78186,1.7866499999999998,1.7710599999999999,1.78145,62402
2009-09-02,1.78146,1.80064,1.77798,1.7965900000000001,62206
2009-09-03,1.79657,1.8086799999999998,1.79292,1.7997999999999998,55768
2009-09-04,1.7995700000000001,1.8014999999999999,1.77439,1.7839,50591
2009-09-07,1.7796699999999999,1.78233,1.75661,1.7600500000000001,35904
2009-09-08,1.7599399999999998,1.7848000000000002,1.75869,1.78023,52430
2009-09-09,1.7802,1.7904499999999999,1.77706,1.78447,58760
2009-09-10,1.7845,1.80822,1.78246,1.79464,55620
2009-09-11,1.79463,1.80122,1.79027,1.7931300000000001,53675
2009-09-14,1.7966,1.80679,1.79202,1.7955100000000002,55152
2009-09-15,1.7954599999999998,1.80461,1.76634,1.76797,56086
2009-09-16,1.76798,1.7700200000000001,1.75587,1.75812,59103
2009-09-17,1.7581,1.76265,1.74798,1.75214,55688
2009-09-18,1.7516500000000002,1.7562799999999998,1.7349700000000001,1.7389700000000001,53860
2009-09-21,1.7349999999999999,1.75442,1.73325,1.7477399999999998,57466
2009-09-22,1.74768,1.75434,1.73994,1.7477200000000002,60242
2009-09-23,1.74768,1.763,1.7456800000000001,1.75783,67206
2009-09-24,1.75767,1.75936,1.73383,1.7487300000000001,73069
2009-09-25,1.7487599999999999,1.75139,1.73509,1.73956,72022
2009-09-28,1.7424,1.74478,1.7216900000000002,1.7230400000000001,75531
2009-09-29,1.72313,1.7409400000000002,1.71628,1.73071,76987
2009-09-30,1.7307700000000001,1.73745,1.70705,1.71132,78682
2009-10-01,1.71119,1.7292100000000001,1.7051500000000002,1.72689,69058
2009-10-02,1.7273,1.73454,1.7176200000000001,1.72106,64676
2009-10-05,1.72093,1.7242899999999999,1.70337,1.7048999999999999,65185
2009-10-06,1.7046700000000001,1.71241,1.6776200000000001,1.68471,71259
2009-10-07,1.6847400000000001,1.69706,1.67411,1.69287,63089
2009-10-08,1.69291,1.7064599999999999,1.6844999999999999,1.6892200000000002,69485
2009-10-09,1.6892200000000002,1.6907,1.6493799999999998,1.65072,66699
2009-10-12,1.65361,1.6549,1.62919,1.6338300000000001,57679
2009-10-13,1.63409,1.64784,1.62336,1.64093,70986
2009-10-14,1.6409500000000001,1.64759,1.6348099999999999,1.63903,75056
2009-10-15,1.639,1.68611,1.63543,1.68046,77429
2009-10-16,1.68044,1.70184,1.67868,1.69527,73294
2009-10-19,1.6956099999999998,1.69937,1.68167,1.68749,67839
2009-10-20,1.6874799999999999,1.72668,1.68312,1.71882,71536
2009-10-21,1.71878,1.75291,1.71659,1.73024,76096
2009-10-22,1.73029,1.7441,1.73029,1.73939,72114
2009-10-23,1.73929,1.75499,1.7131699999999999,1.7176200000000001,71764
2009-10-26,1.7141199999999999,1.74687,1.71031,1.74371,67228
2009-10-27,1.7437399999999998,1.75481,1.73607,1.7423899999999999,75320
2009-10-28,1.74238,1.77309,1.74003,1.7698,69965
2009-10-29,1.76979,1.78192,1.76239,1.76648,68706
2009-10-30,1.76644,1.78762,1.7624300000000002,1.78373,69864
2009-11-02,1.77774,1.78124,1.75835,1.7669000000000001,73908
2009-11-03,1.76685,1.7675,1.74935,1.7512699999999999,70561
2009-11-04,1.7513,1.76648,1.74831,1.75898,70375
2009-11-05,1.75868,1.76879,1.75512,1.76705,70617
2009-11-06,1.7669899999999998,1.78906,1.7614100000000001,1.7856999999999998,63857
2009-11-09,1.78621,1.78905,1.76448,1.76956,65656
2009-11-10,1.76958,1.7725300000000002,1.7536100000000001,1.75718,72053
2009-11-11,1.75718,1.75766,1.72927,1.73149,73904
2009-11-12,1.73151,1.7522199999999999,1.72618,1.74994,79306
2009-11-13,1.74953,1.7599399999999998,1.74718,1.75329,67240
2009-11-16,1.7598,1.7653400000000001,1.74479,1.76224,68789
2009-11-17,1.76233,1.78227,1.75998,1.76639,79861
2009-11-18,1.76643,1.77064,1.75542,1.7659500000000001,72238
2009-11-19,1.76593,1.77683,1.76307,1.7699500000000001,77241
2009-11-20,1.7699,1.77236,1.76122,1.76613,75916
2009-11-23,1.76322,1.76515,1.7501799999999998,1.75476,68311
2009-11-24,1.7547000000000001,1.75973,1.74759,1.75259,70225
2009-11-25,1.7526199999999998,1.76207,1.74458,1.74552,60185
2009-11-26,1.74547,1.75299,1.73712,1.74637,49204
2009-11-27,1.7462499999999999,1.76204,1.74057,1.75132,65273
2009-11-30,1.7513999999999998,1.75155,1.7287400000000002,1.7364899999999999,73630
2009-12-01,1.73647,1.7397399999999998,1.72512,1.7383600000000001,66678
2009-12-02,1.7384,1.75015,1.73061,1.74839,61595
2009-12-03,1.74837,1.7555800000000001,1.74223,1.74773,58674
2009-12-04,1.74775,1.75746,1.73295,1.74223,61587
2009-12-07,1.73767,1.74192,1.72288,1.72993,78341
2009-12-08,1.73011,1.73514,1.7140300000000002,1.7293500000000002,88263
2009-12-09,1.72939,1.73509,1.7099600000000001,1.71794,79839
2009-12-10,1.7179799999999998,1.72142,1.70633,1.71155,67610
2009-12-11,1.71158,1.72565,1.70545,1.72328,60268
2009-12-14,1.7197,1.73125,1.7147999999999999,1.72671,63484
2009-12-15,1.72675,1.7309,1.71831,1.7253500000000002,59490
2009-12-16,1.72532,1.7382300000000002,1.7206700000000001,1.73245,60238
2009-12-17,1.73252,1.73849,1.72048,1.73022,67379
2009-12-18,1.73015,1.73377,1.7132399999999999,1.72265,59722
2009-12-22,1.70588,1.70845,1.68289,1.6867,55988
2009-12-23,1.6865999999999999,1.6881,1.6700599999999999,1.67351,50025
2009-12-24,1.67348,1.67829,1.6686,1.67378,26656
2009-12-28,1.67024,1.67741,1.6658300000000001,1.66845,31891
2009-12-29,1.66842,1.6726100000000002,1.6516899999999999,1.65971,47704
2009-12-30,1.65957,1.69753,1.65872,1.69512,53039
2009-12-31,1.6954099999999999,1.7066400000000002,1.68747,1.68818,40777
2010-01-04,1.68743,1.69264,1.6680700000000002,1.6756600000000001,67035
2010-01-05,1.67561,1.67759,1.65655,1.65963,62326
2010-01-06,1.65963,1.66867,1.6492900000000001,1.65201,60826
2010-01-07,1.65218,1.6550799999999999,1.6397599999999999,1.6473,57238
2010-01-08,1.64731,1.66304,1.64566,1.64964,54078
2010-01-11,1.65523,1.6700599999999999,1.64869,1.66476,57555
2010-01-12,1.66476,1.68173,1.65846,1.67951,61483
2010-01-13,1.67934,1.68902,1.6756,1.67618,68176
2010-01-14,1.67619,1.68118,1.66952,1.67153,60071
2010-01-15,1.67165,1.67747,1.66642,1.67314,66328
2010-01-18,1.67495,1.68132,1.6718199999999999,1.67729,54221
2010-01-19,1.67706,1.6915499999999999,1.67502,1.68709,74484
2010-01-20,1.6871,1.7088299999999998,1.68424,1.70377,78792
2010-01-21,1.70378,1.7044899999999998,1.69244,1.70261,80546
2010-01-22,1.7026,1.7074500000000001,1.69587,1.7037200000000001,75992
2010-01-25,1.70122,1.72021,1.6985700000000001,1.71726,69879
2010-01-26,1.71727,1.7242600000000001,1.71086,1.71584,75564
2010-01-27,1.71582,1.7282600000000001,1.7128,1.72003,75486
2010-01-28,1.7200600000000001,1.72324,1.70965,1.71917,77531
2010-01-29,1.71922,1.72491,1.70397,1.70994,75469
2010-02-01,1.70381,1.70841,1.6917499999999999,1.69279,74831
2010-02-02,1.69302,1.69512,1.68159,1.68873,72280
2010-02-03,1.6887699999999999,1.69539,1.68553,1.6876,67434
2010-02-04,1.68767,1.69366,1.6810399999999999,1.6908699999999999,73876
2010-02-05,1.69083,1.69356,1.6686800000000002,1.67481,79905
2010-02-08,1.6683400000000002,1.67736,1.66195,1.6773099999999999,72852
2010-02-09,1.67732,1.6796600000000002,1.66322,1.67517,77291
2010-02-10,1.67488,1.67956,1.65298,1.65744,74390
2010-02-11,1.6574,1.65842,1.64458,1.6478899999999999,75902
2010-02-12,1.6479,1.65422,1.63985,1.64855,71700
2010-02-15,1.64677,1.64821,1.6393499999999999,1.642,35602
2010-02-16,1.64205,1.64948,1.6318899999999998,1.64761,59698
2010-02-17,1.6474600000000001,1.65027,1.63774,1.64015,62965
2010-02-18,1.64013,1.64164,1.6216,1.62596,69830
2010-02-19,1.6258,1.62686,1.60606,1.60704,70024
2010-02-22,1.60511,1.6167099999999999,1.6031,1.61331,52039
2010-02-23,1.61333,1.6323400000000001,1.60513,1.62888,65775
2010-02-24,1.62887,1.63483,1.6215899999999999,1.6227399999999998,61272
2010-02-25,1.62269,1.63182,1.61165,1.61727,69073
2010-02-26,1.6172900000000001,1.62063,1.60072,1.60165,67500
2010-03-01,1.59372,1.59764,1.55869,1.56093,70199
2010-03-02,1.5607,1.5619100000000001,1.53874,1.5486900000000001,71534
2010-03-03,1.54873,1.55955,1.54785,1.55618,65790
2010-03-04,1.55632,1.5584500000000001,1.54651,1.5482399999999998,60776
2010-03-05,1.5483799999999999,1.56106,1.5412400000000002,1.5571899999999999,54270
2010-03-08,1.5554999999999999,1.5612300000000001,1.54486,1.54708,47490
2010-03-09,1.54708,1.54708,1.5333299999999999,1.53928,55394
2010-03-10,1.53926,1.54158,1.52701,1.53552,51989
2010-03-11,1.5354299999999999,1.54907,1.53225,1.54265,48902
2010-03-12,1.54267,1.5513,1.53675,1.54908,56140
2010-03-15,1.5431599999999999,1.54573,1.52943,1.5331700000000001,57970
2010-03-16,1.53316,1.5472000000000001,1.52668,1.54414,60398
2010-03-17,1.5441099999999999,1.55528,1.5399699999999998,1.54778,57833
2010-03-18,1.54773,1.5502500000000001,1.53891,1.54573,55156
2010-03-19,1.5455999999999999,1.5505,1.52114,1.52658,56762
2010-03-22,1.5227300000000001,1.54071,1.5171700000000001,1.53643,53770
2010-03-23,1.53639,1.5374400000000001,1.52591,1.5272999999999999,60602
2010-03-24,1.52747,1.53225,1.52155,1.52481,66020
2010-03-25,1.52484,1.53053,1.51144,1.5171299999999999,64100
2010-03-26,1.5171700000000001,1.53586,1.5137,1.5286,58977
2010-03-29,1.53301,1.53467,1.52337,1.52914,53764
2010-03-30,1.5291700000000001,1.5396800000000002,1.52801,1.53634,55066
2010-03-31,1.53636,1.54521,1.53129,1.54122,60687
2010-04-01,1.5412599999999999,1.5443,1.53691,1.54227,57089
2010-04-02,1.5422500000000001,1.54488,1.53147,1.53693,28976
2010-04-05,1.53939,1.54014,1.5287,1.5309300000000001,38951
2010-04-06,1.53103,1.53308,1.5140799999999999,1.5281,58799
2010-04-07,1.52816,1.53424,1.51332,1.53099,60710
2010-04-08,1.53103,1.53666,1.52591,1.53095,59370
2010-04-09,1.53094,1.54983,1.5286,1.54003,58236
2010-04-12,1.55182,1.55623,1.53833,1.53993,58371
2010-04-13,1.54001,1.54891,1.53824,1.54013,56215
2010-04-14,1.54013,1.54613,1.5358399999999999,1.54423,57372
2010-04-15,1.54434,1.5547,1.5379399999999999,1.54974,58213
2010-04-16,1.54983,1.56348,1.54067,1.5552700000000002,62675
2010-04-19,1.5519699999999998,1.5592700000000002,1.5462500000000001,1.55557,63507
2010-04-20,1.55552,1.56101,1.52927,1.53506,62425
2010-04-21,1.5350000000000001,1.5417100000000001,1.5267,1.53869,65513
2010-04-22,1.53879,1.5428199999999999,1.53518,1.53929,68878
2010-04-23,1.53925,1.5429300000000001,1.53067,1.53544,68016
2010-04-26,1.5369000000000002,1.54882,1.53525,1.5459800000000001,59808
2010-04-27,1.54595,1.55571,1.53415,1.54897,71740
2010-04-28,1.54907,1.54996,1.52922,1.5344799999999998,78151
2010-04-29,1.53445,1.54276,1.52683,1.54234,66679
2010-04-30,1.5423,1.5560100000000001,1.53657,1.55345,68774
2010-05-03,1.5557699999999999,1.55584,1.53853,1.53888,53747
2010-05-04,1.5387,1.55593,1.53621,1.5505900000000001,70521
2010-05-05,1.55036,1.56113,1.5480399999999999,1.55627,75236
2010-05-06,1.55625,1.58803,1.54732,1.55457,97579
2010-05-07,1.5545900000000001,1.56909,1.52014,1.5448300000000001,115766
2010-05-10,1.5301,1.54342,1.5182600000000002,1.52058,105253
2010-05-11,1.52073,1.53031,1.50668,1.52249,100794
2010-05-12,1.52335,1.5288599999999999,1.50813,1.51072,93037
2010-05-13,1.51086,1.51241,1.48313,1.49094,80295
2010-05-14,1.49095,1.5074,1.48554,1.5046300000000001,87452
2010-05-17,1.50327,1.50528,1.48607,1.49461,93544
2010-05-18,1.49451,1.49577,1.48313,1.48624,96365
2010-05-19,1.48597,1.5122499999999999,1.48393,1.50629,108315
2010-05-20,1.50651,1.53876,1.50254,1.53759,106997
2010-05-21,1.53761,1.54328,1.52467,1.53129,110728
2010-05-24,1.53648,1.53935,1.51908,1.5305499999999999,82435
2010-05-25,1.5306600000000001,1.5520100000000001,1.5292400000000002,1.5381399999999998,91250
2010-05-26,1.53826,1.54311,1.5249899999999998,1.53765,85293
2010-05-27,1.5376400000000001,1.54035,1.52047,1.52844,84972
2010-05-28,1.52848,1.53038,1.51673,1.5241099999999999,78729
2010-05-31,1.5179200000000002,1.52566,1.51247,1.51603,45027
2010-06-01,1.5161099999999998,1.5463200000000001,1.51122,1.54346,84866
2010-06-02,1.5434299999999999,1.5556299999999998,1.51884,1.5215,90265
2010-06-03,1.52148,1.5292599999999998,1.51746,1.52109,77567
2010-06-04,1.5210599999999999,1.5373700000000001,1.51518,1.53551,78041
2010-06-07,1.52907,1.54064,1.52336,1.5346199999999999,85258
2010-06-08,1.5345499999999999,1.5350700000000002,1.5095800000000001,1.51376,87511
2010-06-10,1.5179,1.5186899999999999,1.50652,1.51493,85103
2010-06-11,1.5149599999999999,1.5247000000000002,1.50048,1.5015399999999999,81306
2010-06-14,1.5053100000000001,1.52532,1.50123,1.52189,77015
2010-06-15,1.52218,1.52679,1.51423,1.51688,79730
2010-06-16,1.51691,1.5261200000000001,1.5073400000000001,1.50894,74052
2010-06-17,1.50892,1.5277500000000002,1.5061499999999999,1.52155,79790
2010-06-18,1.5215800000000002,1.52989,1.5113699999999999,1.51411,64491
2010-06-21,1.51475,1.51735,1.5036800000000001,1.51061,74348
2010-06-22,1.51063,1.52556,1.5001,1.52234,78454
2010-06-23,1.52231,1.5559500000000002,1.52134,1.55388,82720
2010-06-24,1.55385,1.56677,1.55037,1.55629,81100
2010-06-25,1.55628,1.56197,1.5485,1.55864,77334
2010-06-28,1.55775,1.5653000000000001,1.5524900000000001,1.56267,68618
2010-06-29,1.56263,1.59364,1.5619100000000001,1.58759,83626
2010-06-30,1.58761,1.59124,1.57172,1.58775,86903
2010-07-01,1.58775,1.61348,1.5840100000000001,1.60418,89812
2010-07-02,1.6042,1.62033,1.60144,1.61356,75250
2010-07-05,1.61425,1.61653,1.60602,1.60908,36193
2010-07-06,1.60906,1.61283,1.59233,1.5968200000000001,68979
2010-07-07,1.59683,1.60206,1.5884800000000001,1.59022,68945
2010-07-08,1.5901800000000001,1.59363,1.57245,1.58183,66673
2010-07-09,1.58171,1.58758,1.55363,1.55666,56198
2010-07-12,1.55496,1.5631599999999999,1.54196,1.55709,57260
2010-07-13,1.55707,1.56975,1.5528,1.56456,62004
2010-07-14,1.5644900000000002,1.57939,1.56372,1.5753,62363
2010-07-15,1.5752899999999999,1.6062699999999999,1.57454,1.6034000000000002,68710
2010-07-16,1.60331,1.61884,1.6008499999999999,1.61855,62671
2010-07-19,1.6165,1.6182699999999999,1.6023100000000001,1.6059299999999999,60462
2010-07-20,1.60596,1.6098599999999998,1.5906099999999999,1.5926200000000001,68317
2010-07-21,1.5927,1.59584,1.5792000000000002,1.5909499999999999,67955
2010-07-22,1.59093,1.5955,1.58114,1.5828600000000002,64567
2010-07-23,1.58285,1.61023,1.5813899999999999,1.5973000000000002,66208
2010-07-26,1.59998,1.60686,1.59409,1.59758,58979
2010-07-27,1.59758,1.61636,1.59214,1.61356,63078
2010-07-28,1.61383,1.6203400000000001,1.60282,1.61818,64497
2010-07-29,1.61815,1.62,1.61028,1.6161699999999999,64573
2010-07-30,1.6162,1.61997,1.60572,1.61468,66434
2010-08-02,1.6179000000000001,1.62687,1.61253,1.62585,60957
2010-08-03,1.62583,1.63649,1.62279,1.63233,60830
2010-08-04,1.63252,1.6344400000000001,1.61449,1.6169099999999998,60258
2010-08-05,1.6169,1.61812,1.60332,1.61561,57442
2010-08-06,1.61559,1.64487,1.61056,1.63703,54851
2010-08-09,1.64144,1.64375,1.63136,1.63353,45673
2010-08-10,1.6335,1.64029,1.62313,1.63243,63524
2010-08-11,1.63262,1.6407,1.625,1.63685,71453
2010-08-12,1.6369799999999999,1.64429,1.62161,1.62321,64526
2010-08-13,1.62354,1.62683,1.61456,1.62375,57225
2010-08-16,1.62296,1.6383999999999999,1.61715,1.63243,57634
2010-08-17,1.6323400000000001,1.6335,1.60513,1.60822,63616
2010-08-18,1.6084,1.61388,1.5995300000000001,1.60389,61990
2010-08-19,1.60392,1.62741,1.5960999999999999,1.62054,72610
2010-08-20,1.62051,1.63091,1.61448,1.62635,61393
2010-08-23,1.63002,1.6340599999999998,1.62431,1.62994,58439
2010-08-24,1.6300400000000002,1.6428099999999999,1.6261700000000001,1.63414,74207
2010-08-25,1.6341299999999999,1.6458300000000001,1.6311,1.63893,66274
2010-08-26,1.63882,1.6470500000000001,1.63768,1.64094,68879
2010-08-27,1.64083,1.6451500000000001,1.63076,1.63106,62173
2010-08-30,1.63111,1.6393,1.6259700000000001,1.63802,50573
2010-08-31,1.638,1.64177,1.6313,1.63339,67634
2010-09-01,1.63349,1.63701,1.62016,1.62302,52593
2010-09-02,1.62295,1.62806,1.6125099999999999,1.62043,43359
2010-09-03,1.6204,1.63034,1.60386,1.60436,38556
2010-09-06,1.60486,1.6086399999999998,1.58766,1.5933199999999998,27367
2010-09-07,1.59331,1.61015,1.59164,1.60809,48188
2010-09-08,1.608,1.62199,1.60256,1.6040299999999998,63431
2010-09-09,1.60404,1.60696,1.58832,1.5950199999999999,59450
2010-09-10,1.59507,1.59674,1.5865200000000002,1.5918700000000001,55562
2010-09-13,1.58743,1.59768,1.58121,1.58534,58329
2010-09-14,1.58537,1.59905,1.57914,1.59647,67758
2010-09-15,1.5964399999999999,1.60833,1.59085,1.60311,67884
2010-09-16,1.6030799999999998,1.6071499999999999,1.59467,1.60291,61887
2010-09-17,1.60289,1.61807,1.6014300000000001,1.61395,59540
2010-09-20,1.61693,1.61971,1.59688,1.6007500000000001,60016
2010-09-21,1.60066,1.6067200000000001,1.59396,1.60067,66814
2010-09-22,1.60083,1.61776,1.59641,1.61127,69067
2010-09-23,1.61123,1.6272199999999999,1.60918,1.62158,67837
2010-09-24,1.62146,1.62729,1.61341,1.61991,64607
2010-09-27,1.62033,1.63012,1.61697,1.62809,56594
2010-09-28,1.6281400000000001,1.6381700000000001,1.6240299999999999,1.62768,66269
2010-09-29,1.6274199999999999,1.63244,1.61862,1.63035,54490
2010-09-30,1.6303100000000001,1.64157,1.61304,1.61775,80054
2010-10-01,1.61778,1.62933,1.61193,1.61254,71689
2010-10-04,1.61128,1.62408,1.60687,1.6186,67423
2010-10-05,1.61856,1.6246800000000001,1.61272,1.6133600000000001,74100
2010-10-06,1.61349,1.6167,1.60032,1.60554,70849
2010-10-07,1.60551,1.6204399999999999,1.6016599999999999,1.61456,74915
2010-10-08,1.6145800000000001,1.62375,1.60874,1.6133199999999999,65090
2010-10-11,1.61125,1.6158000000000001,1.60819,1.6098,52262
2010-10-12,1.6098400000000002,1.6169799999999999,1.5929,1.59623,73216
2010-10-13,1.59619,1.6004,1.58355,1.5945,67393
2010-10-14,1.5944500000000001,1.61046,1.59402,1.60697,71198
2010-10-15,1.6069900000000001,1.62141,1.60522,1.615,71319
2010-10-18,1.61674,1.6238000000000001,1.61049,1.6164399999999999,72202
2010-10-19,1.61636,1.6284100000000001,1.6097299999999999,1.62099,81954
2010-10-20,1.62114,1.62573,1.61456,1.61769,73844
2010-10-21,1.61774,1.62286,1.60331,1.61191,77625
2010-10-22,1.61188,1.61514,1.60544,1.60935,63835
2010-10-25,1.6065800000000001,1.6100400000000001,1.5968499999999999,1.60339,63985
2010-10-26,1.60347,1.62598,1.5996899999999998,1.62226,75122
2010-10-27,1.62226,1.63305,1.61836,1.62167,77920
2010-10-28,1.62164,1.63588,1.6164800000000001,1.62649,70693
2010-10-29,1.62649,1.6374499999999999,1.6237300000000001,1.6316000000000002,73247
2010-11-01,1.63384,1.63903,1.62216,1.62691,65414
2010-11-02,1.62687,1.62766,1.61286,1.61738,65898
2010-11-03,1.61738,1.63124,1.61057,1.6233300000000002,72101
2010-11-04,1.6233300000000002,1.63601,1.61876,1.63123,72157
2010-11-05,1.6311900000000001,1.6360700000000001,1.61829,1.61853,68895
2010-11-08,1.6146500000000001,1.62252,1.61391,1.61924,59979
2010-11-09,1.61924,1.62153,1.6040999999999999,1.6103100000000001,80592
2010-11-10,1.6104500000000002,1.6145399999999999,1.60097,1.61319,83462
2010-11-11,1.6130900000000001,1.62412,1.6114600000000001,1.6174300000000001,72483
2010-11-12,1.6175199999999998,1.6348500000000001,1.61525,1.6297199999999998,74806
2010-11-15,1.63174,1.6322100000000002,1.61504,1.62061,83424
2010-11-16,1.62061,1.6324,1.61523,1.62253,81557
2010-11-17,1.62253,1.63117,1.61629,1.62872,68209
2010-11-18,1.62901,1.6391499999999999,1.61968,1.63561,71839
2010-11-19,1.63556,1.63923,1.6234600000000001,1.62382,64604
2010-11-22,1.62581,1.62919,1.61909,1.62537,69523
2010-11-23,1.62422,1.62899,1.6014599999999999,1.6149,78743
2010-11-25,1.59453,1.59586,1.58772,1.5907900000000001,45562
2010-11-26,1.5909,1.6063800000000001,1.5883099999999999,1.5899,60659
2010-11-29,1.58914,1.59379,1.58266,1.5854599999999999,75888
2010-11-30,1.5854599999999999,1.60135,1.58176,1.59501,81407
2010-12-01,1.59501,1.5989900000000001,1.58262,1.58926,78463
2010-12-02,1.58926,1.5901800000000001,1.5617999999999999,1.5642,56672
2010-12-03,1.5642,1.58474,1.56287,1.58296,69554
2010-12-06,1.5819299999999998,1.5831300000000001,1.5716999999999999,1.5801699999999999,76872
2010-12-07,1.5801699999999999,1.5960100000000002,1.57885,1.59372,74416
2010-12-08,1.59353,1.5988,1.58716,1.5979999999999999,77114
2010-12-09,1.59824,1.60007,1.58621,1.59351,71006
2010-12-10,1.59351,1.6024699999999998,1.59107,1.59107,58030
2010-12-13,1.59528,1.59977,1.5798999999999999,1.5970499999999999,60169
2010-12-14,1.59697,1.60289,1.58413,1.5848499999999999,66632
2010-12-15,1.5849199999999999,1.58834,1.55661,1.5613299999999999,75308
2010-12-16,1.56132,1.5738699999999999,1.56023,1.5728900000000001,63573
2010-12-17,1.5728900000000001,1.57632,1.56243,1.57356,61000
2010-12-20,1.57036,1.58216,1.56691,1.57816,54540
2010-12-21,1.57788,1.58305,1.57049,1.57352,53642
2010-12-22,1.57348,1.5753,1.5566900000000001,1.55945,50176
2010-12-23,1.55953,1.5667900000000001,1.5534400000000002,1.5575700000000001,45710
2010-12-24,1.5575700000000001,1.56098,1.5510199999999998,1.5545200000000001,17761
2010-12-27,1.5563500000000001,1.55801,1.5503,1.55176,32600
2010-12-28,1.5517699999999999,1.55765,1.5341200000000002,1.53864,45715
2010-12-29,1.53898,1.55193,1.5329000000000002,1.5501800000000001,47729
2010-12-30,1.55004,1.55376,1.53707,1.54276,43710
2010-12-31,1.54274,1.55765,1.5417,1.55664,40125
2011-01-03,1.54287,1.54695,1.52877,1.53734,42284
2011-01-04,1.53739,1.56413,1.5350700000000002,1.55664,66397
2011-01-05,1.55657,1.56254,1.5385499999999999,1.54475,66410
2011-01-06,1.54475,1.54802,1.5367199999999999,1.5404200000000001,61948
2011-01-07,1.54039,1.5486499999999999,1.52976,1.54346,67352
2011-01-10,1.54204,1.54969,1.54009,1.5464799999999999,71914
2011-01-11,1.54636,1.54817,1.5392700000000001,1.5442200000000001,64741
2011-01-12,1.54425,1.55932,1.53678,1.55274,71221
2011-01-13,1.5527600000000001,1.56986,1.55183,1.56578,68439
2011-01-14,1.56578,1.5819100000000001,1.56504,1.56921,67454
2011-01-17,1.56751,1.57568,1.5649600000000001,1.56854,46833
2011-01-18,1.56854,1.58716,1.5675400000000002,1.58293,68128
2011-01-19,1.58292,1.59342,1.58109,1.5910199999999999,68223
2011-01-20,1.5910199999999999,1.59909,1.58327,1.5857700000000001,73581
2011-01-21,1.5857700000000001,1.59327,1.5831,1.58802,68070
2011-01-24,1.58908,1.59252,1.5846,1.58771,61286
2011-01-25,1.5878299999999999,1.58983,1.56782,1.5769199999999999,75641
2011-01-26,1.5767799999999998,1.58463,1.57192,1.58427,72378
2011-01-27,1.58427,1.59288,1.5794000000000001,1.58488,74439
2011-01-28,1.58481,1.58895,1.57844,1.58683,73039
2011-01-31,1.5849199999999999,1.6120299999999999,1.58344,1.60214,71666
2011-02-01,1.6020400000000001,1.61174,1.59729,1.59775,72380
2011-02-02,1.5979299999999999,1.60377,1.5967500000000001,1.59972,68389
2011-02-03,1.59972,1.60678,1.59602,1.59914,65734
2011-02-04,1.5987900000000002,1.60526,1.58144,1.5893899999999999,59540
2011-02-07,1.5878,1.60018,1.58769,1.59618,65291
2011-02-08,1.5961699999999999,1.60302,1.58761,1.59894,70044
2011-02-09,1.59894,1.60252,1.5935700000000002,1.5998999999999999,65280
2011-02-10,1.5998999999999999,1.60728,1.5952600000000001,1.60203,65880
2011-02-11,1.60196,1.60362,1.5784799999999999,1.57908,62205
2011-02-14,1.57942,1.58732,1.57447,1.58582,61250
2011-02-15,1.5857,1.59817,1.57829,1.59592,66493
2011-02-16,1.5956700000000001,1.5979999999999999,1.57892,1.58495,64866
2011-02-17,1.58518,1.59437,1.5827900000000001,1.59231,59146
2011-02-18,1.59234,1.60486,1.5877400000000002,1.6032199999999999,58417
2011-02-21,1.60023,1.60246,1.5926200000000001,1.59552,38571
2011-02-22,1.5956000000000001,1.59965,1.58829,1.59825,70172
2011-02-23,1.59822,1.61745,1.59761,1.6035,67074
2011-02-24,1.6035,1.60515,1.58167,1.58597,69254
2011-02-25,1.58637,1.58658,1.5730300000000002,1.5748199999999999,58269
2011-02-28,1.57309,1.58918,1.57104,1.58019,64610
2011-03-01,1.58009,1.5909499999999999,1.57621,1.5847,64989
2011-03-02,1.58472,1.59239,1.58168,1.58796,59557
2011-03-03,1.58811,1.59036,1.58059,1.58255,57805
2011-03-04,1.58257,1.58594,1.57542,1.58229,53495
2011-03-07,1.58147,1.58586,1.5740699999999999,1.57652,56426
2011-03-08,1.57652,1.57932,1.56833,1.5689899999999999,61376
2011-03-09,1.569,1.57277,1.5657999999999999,1.56952,61757
2011-03-10,1.56922,1.57139,1.5625,1.5663200000000002,70346
2011-03-11,1.56631,1.5686200000000001,1.55709,1.56394,71904
2011-03-14,1.56602,1.57968,1.55884,1.57523,68787
2011-03-15,1.57523,1.5962800000000001,1.57263,1.58388,91587
2011-03-16,1.58392,1.59408,1.57767,1.58927,91281
2011-03-17,1.58925,1.5985,1.58399,1.5900400000000001,82116
2011-03-18,1.5900400000000001,1.60009,1.57621,1.59874,77241
2011-03-21,1.5978400000000001,1.59824,1.58476,1.59663,64179
2011-03-22,1.59667,1.60662,1.59311,1.6054,64554
2011-03-23,1.60537,1.6081400000000001,1.59114,1.59273,67432
2011-03-24,1.59272,1.59622,1.57078,1.57359,68607
2011-03-25,1.57355,1.57497,1.56608,1.57412,65081
2011-03-28,1.57112,1.57272,1.55941,1.56402,61979
2011-03-29,1.56405,1.565,1.5566900000000001,1.55948,64949
2011-03-30,1.5594700000000001,1.56432,1.55328,1.56192,70112
2011-03-31,1.56185,1.56809,1.55336,1.5557400000000001,67131
2011-04-01,1.55545,1.55788,1.5426199999999999,1.5512899999999998,67226
2011-04-04,1.55332,1.5633,1.55182,1.55907,57496
2011-04-05,1.55901,1.5713300000000001,1.5578699999999999,1.57064,64450
2011-04-06,1.57074,1.57358,1.5593,1.56761,65803
2011-04-07,1.56761,1.5707499999999999,1.56029,1.5643799999999999,65782
2011-04-08,1.56426,1.56829,1.55864,1.56502,67521
2011-04-11,1.56405,1.57039,1.55844,1.56297,61974
2011-04-12,1.563,1.5703200000000002,1.5533000000000001,1.5651199999999998,79987
2011-04-13,1.56513,1.56994,1.56034,1.5659100000000001,68947
2011-04-14,1.56592,1.57966,1.5653899999999998,1.57091,76703
2011-04-15,1.57083,1.57781,1.564,1.56572,64388
2011-04-18,1.56547,1.57503,1.56204,1.5688499999999999,73499
2011-04-19,1.5688,1.57237,1.55399,1.56052,69690
2011-04-20,1.56052,1.56685,1.55232,1.56202,74435
2011-04-21,1.5622099999999999,1.57882,1.55812,1.5732,73066
2011-04-22,1.5732,1.57796,1.5718299999999998,1.5747200000000001,12803
2011-04-25,1.5739,1.57695,1.5698400000000001,1.57395,40909
2011-04-26,1.57451,1.57564,1.5636700000000001,1.56771,70137
2011-04-27,1.5676700000000001,1.5829,1.56502,1.5802800000000001,81659
2011-04-28,1.58012,1.5870600000000001,1.57769,1.58154,69736
2011-04-29,1.58159,1.58887,1.57752,1.57752,51409
2011-05-02,1.5790199999999999,1.58603,1.57752,1.58281,55085
2011-05-03,1.58287,1.58518,1.56566,1.5705200000000001,75431
2011-05-04,1.5705200000000001,1.5853899999999999,1.56884,1.5809199999999999,81717
2011-05-05,1.5809199999999999,1.59524,1.57915,1.5832199999999998,74257
2011-05-06,1.58201,1.5879400000000001,1.5701100000000001,1.5813199999999998,75780
2011-05-09,1.5795599999999999,1.58332,1.57365,1.57519,62540
2011-05-10,1.57612,1.5830199999999999,1.56346,1.56346,62590
2011-05-12,1.5715400000000002,1.5767799999999998,1.56599,1.56599,66831
2011-05-13,1.56635,1.5742,1.56326,1.56772,61938
2011-05-16,1.56837,1.5803099999999999,1.56521,1.57782,61333
2011-05-17,1.57862,1.5872199999999999,1.57724,1.57724,64313
2011-05-18,1.57889,1.58152,1.56629,1.56629,64384
2011-05-19,1.56833,1.57293,1.5614400000000002,1.5690300000000001,63837
2011-05-20,1.56993,1.58273,1.56684,1.57962,61987
2011-05-23,1.5786,1.5836700000000001,1.57282,1.57439,61003
2011-05-24,1.57552,1.58433,1.57012,1.57984,65618
2011-05-25,1.5798299999999998,1.5918299999999999,1.5787200000000001,1.58823,67004
2011-05-26,1.59047,1.6048499999999999,1.5897999999999999,1.6011600000000001,62576
2011-05-27,1.60373,1.61317,1.6023399999999999,1.6105399999999999,69915
2011-05-30,1.6127500000000001,1.6139999999999999,1.6055199999999998,1.60942,27221
2011-05-31,1.6073300000000001,1.6126,1.58949,1.5908099999999998,59647
2011-06-01,1.59236,1.59883,1.58662,1.59386,63692
2011-06-02,1.59498,1.60285,1.59402,1.5954199999999998,62892
2011-06-03,1.5972499999999998,1.60772,1.59189,1.60572,59694
2011-06-06,1.60415,1.6122100000000001,1.5992199999999999,1.60222,54219
2011-06-07,1.60354,1.60677,1.59901,1.6001699999999999,56632
2011-06-08,1.60208,1.60739,1.5992199999999999,1.60406,60731
2011-06-09,1.60588,1.61202,1.58971,1.58981,59626
2011-06-10,1.59192,1.59649,1.5802100000000001,1.58962,65110
2011-06-13,1.58854,1.60053,1.58346,1.5961400000000001,57944
2011-06-14,1.59815,1.6016,1.58206,1.58257,62435
2011-06-15,1.58506,1.59172,1.5738699999999999,1.5834000000000001,55612
2011-06-16,1.58452,1.59216,1.57912,1.58331,75406
2011-06-17,1.58589,1.59032,1.5805500000000001,1.58562,67908
2011-06-20,1.58581,1.5930900000000001,1.58314,1.58386,65004
2011-06-21,1.58727,1.58955,1.57295,1.57308,63244
2011-06-22,1.57666,1.58046,1.56196,1.5627,68768
2011-06-23,1.56369,1.5686499999999999,1.55517,1.56392,77166
2011-06-24,1.5655700000000001,1.57876,1.5633599999999999,1.57702,74604
2011-06-27,1.57118,1.58145,1.57118,1.57428,70882
2011-06-28,1.57664,1.57889,1.5671599999999999,1.5671599999999999,72624
2011-06-29,1.56962,1.5710199999999999,1.5540500000000002,1.5559699999999999,72936
2011-06-30,1.5566200000000001,1.55985,1.5425200000000001,1.54568,73331
2011-07-01,1.54576,1.54902,1.53912,1.53992,65452
2011-07-04,1.53796,1.54922,1.53796,1.54443,52573
2011-07-05,1.54443,1.5524200000000001,1.53863,1.54414,63483
2011-07-06,1.54651,1.54887,1.54112,1.54263,62227
2011-07-07,1.54387,1.54592,1.52861,1.52861,64612
2011-07-08,1.53067,1.5501200000000002,1.52554,1.54402,65729
2011-07-11,1.54182,1.54752,1.5365600000000001,1.5387300000000002,67170
2011-07-12,1.53922,1.5470000000000002,1.53336,1.53422,78204
2011-07-13,1.53718,1.54627,1.5281799999999999,1.54089,78891
2011-07-14,1.54224,1.55104,1.54067,1.5471599999999999,79604
2011-07-15,1.54891,1.5527199999999999,1.5374400000000001,1.53952,68348
2011-07-18,1.5372,1.54622,1.53528,1.5375999999999999,70267
2011-07-19,1.54032,1.5432299999999999,1.52887,1.5295999999999998,66678
2011-07-20,1.5293,1.5337,1.52461,1.52821,64260
2011-07-21,1.52942,1.54223,1.52686,1.53843,67049
2011-07-22,1.53833,1.55125,1.5362200000000001,1.54352,55804
2011-07-25,1.54756,1.55282,1.53803,1.53928,56133
2011-07-26,1.54068,1.54904,1.53749,1.5472299999999999,61215
2011-07-27,1.5480399999999999,1.55112,1.54139,1.54878,62122
2011-07-28,1.54928,1.55623,1.54387,1.55203,62051
2011-07-29,1.55331,1.57454,1.5452599999999999,1.56882,64682
2011-08-01,1.56511,1.56829,1.55422,1.55736,66431
2011-08-02,1.55908,1.56694,1.5545499999999999,1.56452,72193
2011-08-03,1.5662,1.5830600000000001,1.56192,1.57831,73955
2011-08-04,1.57788,1.5961699999999999,1.57744,1.59353,83460
2011-08-05,1.59459,1.61292,1.58879,1.6093199999999999,85743
2011-08-08,1.615,1.62343,1.60831,1.62242,95117
2011-08-09,1.61975,1.63602,1.59116,1.59116,109811
2011-08-10,1.59586,1.60797,1.5594299999999999,1.60205,99198
2011-08-11,1.6036700000000002,1.6107,1.59543,1.59592,100213
2011-08-12,1.59753,1.615,1.59554,1.6115,79824
2011-08-15,1.60154,1.61673,1.60142,1.60264,69835
2011-08-16,1.6055899999999999,1.62165,1.6029900000000001,1.61439,74150
2011-08-17,1.61412,1.62901,1.6060699999999999,1.62019,70954
2011-08-18,1.6194600000000001,1.63832,1.6194600000000001,1.63421,79307
2011-08-19,1.63365,1.6384699999999999,1.6271900000000001,1.62812,81876
2011-08-22,1.62736,1.6341700000000001,1.6217700000000002,1.62737,72428
2011-08-23,1.62791,1.63558,1.62664,1.62704,73290
2011-08-24,1.6274199999999999,1.63335,1.61405,1.61405,71812
2011-08-25,1.61545,1.6179700000000001,1.60163,1.6079599999999998,72357
2011-08-26,1.60808,1.6143800000000001,1.60176,1.6061299999999998,72080
2011-08-29,1.60151,1.60669,1.599,1.60073,59329
2011-08-30,1.60179,1.60493,1.59111,1.59111,67037
2011-08-31,1.59333,1.5977000000000001,1.5866799999999999,1.5866799999999999,67658
2011-09-01,1.5847799999999999,1.59019,1.5741800000000001,1.57999,74795
2011-09-02,1.57853,1.5987200000000001,1.5773700000000002,1.59539,71473
2011-09-05,1.5909,1.59798,1.58646,1.59439,64805
2011-09-06,1.59181,1.5993,1.57668,1.5783800000000001,88619
2011-09-07,1.57824,1.58443,1.57182,1.57219,81788
2011-09-08,1.57206,1.58297,1.5669499999999998,1.57866,80297
2011-09-09,1.5785200000000001,1.58601,1.5761500000000002,1.58039,90406
2011-09-12,1.57774,1.5913,1.5724900000000002,1.57376,93419
2011-09-13,1.5739100000000001,1.57796,1.55477,1.55484,92200
2011-09-14,1.55485,1.56692,1.55483,1.55731,90138
2011-09-15,1.55922,1.5684200000000001,1.5533700000000001,1.55377,84606
2011-09-16,1.55365,1.5579100000000001,1.5465200000000001,1.54712,75119
2011-09-19,1.5423,1.5566200000000001,1.5412599999999999,1.55397,86320
2011-09-20,1.55076,1.5630600000000001,1.55076,1.56122,90906
2011-09-21,1.5612,1.56694,1.55403,1.56192,88744
2011-09-22,1.5615700000000001,1.5949200000000001,1.5588,1.57584,107777
2011-09-23,1.5780699999999999,1.5966200000000002,1.5759699999999999,1.58924,103142
2011-09-26,1.5901,1.61159,1.5815299999999999,1.59314,103473
2011-09-27,1.59557,1.60239,1.59073,1.59166,96756
2011-09-28,1.59354,1.61009,1.5903,1.60922,95199
2011-09-29,1.60903,1.62284,1.60468,1.61697,98418
2011-09-30,1.61807,1.6369799999999999,1.61651,1.63232,94670
2011-10-03,1.6297000000000001,1.63631,1.61476,1.6252900000000001,95100
2011-10-04,1.6267800000000001,1.63887,1.6177000000000001,1.6275300000000001,104191
2011-10-05,1.6273499999999999,1.63127,1.6056599999999999,1.6056599999999999,96588
2011-10-06,1.60831,1.6136,1.5891600000000001,1.59855,93354
2011-10-07,1.60142,1.61862,1.59516,1.61433,88965
2011-10-10,1.61523,1.61667,1.6049,1.6049,83231
2011-10-11,1.60678,1.61529,1.60327,1.60372,88632
2011-10-12,1.60337,1.60623,1.5956700000000001,1.6016,99862
2011-10-13,1.60156,1.61536,1.5994199999999998,1.60903,97033
2011-10-14,1.6089799999999999,1.6111499999999999,1.5961699999999999,1.59649,94972
2011-10-17,1.60653,1.6112600000000001,1.58742,1.6089799999999999,95127
2011-10-18,1.60899,1.6157,1.59059,1.59118,94266
2011-10-19,1.59219,1.6103800000000001,1.59084,1.60772,92868
2011-10-20,1.6082,1.6112,1.59896,1.6029900000000001,95043
2011-10-21,1.60026,1.6114899999999999,1.60026,1.6052499999999998,84539
2011-10-24,1.60734,1.61043,1.60033,1.60439,86684
2011-10-25,1.60325,1.63192,1.59871,1.62458,90842
2011-10-26,1.6257000000000001,1.62988,1.60208,1.60208,92549
2011-10-27,1.6036899999999998,1.60445,1.58944,1.59315,101175
2011-10-28,1.59337,1.60666,1.59152,1.59763,83729
2011-10-31,1.60019,1.6097000000000001,1.59371,1.60703,97112
2011-11-01,1.60713,1.6290499999999999,1.60327,1.62474,104658
2011-11-02,1.6248200000000002,1.63239,1.61396,1.61707,99608
2011-11-03,1.61707,1.62515,1.61154,1.61517,100959
2011-11-04,1.61517,1.63471,1.6149,1.63222,86878
2011-11-07,1.6288399999999998,1.6341999999999999,1.62435,1.62458,85206
2011-11-08,1.62453,1.63536,1.62042,1.62042,85532
2011-11-09,1.6233,1.6322299999999998,1.62208,1.62862,96213
2011-11-10,1.6296,1.63331,1.6196199999999998,1.61975,96167
2011-11-11,1.61923,1.63224,1.6187,1.62395,76465
2011-11-14,1.62147,1.63219,1.61547,1.6156899999999998,81515
2011-11-15,1.6156899999999998,1.62797,1.61351,1.61351,84554
2011-11-16,1.61497,1.62225,1.60605,1.60941,93292
2011-11-17,1.60847,1.6215600000000001,1.6071900000000001,1.61938,97248
2011-11-18,1.61961,1.62822,1.61575,1.6230099999999998,90553
2011-11-21,1.6197300000000001,1.62768,1.6165,1.6260599999999998,83061
2011-11-22,1.6247099999999999,1.62785,1.61859,1.6217000000000001,84844
2011-11-23,1.6228099999999999,1.6283699999999999,1.62029,1.62533,89503
2011-11-24,1.62601,1.6305,1.61774,1.62171,65734
2011-11-25,1.61955,1.62933,1.61571,1.61571,73685
2011-11-28,1.61504,1.61862,1.60145,1.60155,91920
2011-11-29,1.6031499999999999,1.6120700000000001,1.6009600000000002,1.6075300000000001,88381
2011-11-30,1.6079400000000001,1.61152,1.59494,1.5975700000000002,93811
2011-12-01,1.5973600000000001,1.60434,1.5882399999999999,1.5882399999999999,86612
2011-12-02,1.5898400000000001,1.5949,1.58109,1.58962,80746
2011-12-05,1.58667,1.59315,1.58447,1.58779,77424
2011-12-06,1.58989,1.59469,1.57227,1.57227,84196
2011-12-07,1.5739100000000001,1.5907,1.57245,1.5840100000000001,80340
2011-12-08,1.5859999999999999,1.59903,1.58284,1.59559,81691
2011-12-09,1.59772,1.60811,1.59272,1.5928,88481
2011-12-12,1.59484,1.60458,1.5922399999999999,1.5981,82478
2011-12-13,1.59846,1.60314,1.59516,1.60042,87293
2011-12-14,1.60042,1.61077,1.5991499999999998,1.60738,87516
2011-12-15,1.60377,1.61057,1.60013,1.6042999999999998,86893
2011-12-16,1.6042,1.6147399999999998,1.59968,1.61171,77808
2011-12-19,1.6107,1.6128900000000002,1.6028099999999998,1.6080999999999999,79602
2011-12-20,1.60906,1.61687,1.6077,1.61279,78502
2011-12-21,1.6117,1.61638,1.60716,1.60896,84805
2011-12-22,1.6082,1.6108500000000001,1.59918,1.5992,68516
2011-12-23,1.59894,1.60239,1.58859,1.5886900000000002,50422
2011-12-26,1.59776,1.59812,1.58569,1.59321,6054
2011-12-27,1.5912199999999999,1.6007,1.58949,1.59552,35652
2011-12-28,1.59498,1.59884,1.57672,1.58285,61649
2011-12-29,1.58291,1.5848499999999999,1.56981,1.57169,67320
2011-12-30,1.57175,1.58642,1.5708199999999999,1.58493,56054
2012-01-02,1.5802800000000001,1.58438,1.57616,1.57999,19990
2012-01-03,1.58004,1.58395,1.57302,1.5806200000000001,68000
2012-01-04,1.58134,1.58707,1.57829,1.58133,71833
2012-01-05,1.57898,1.58568,1.57286,1.57948,80628
2012-01-06,1.57964,1.58755,1.57195,1.58558,74459
2012-01-09,1.58344,1.59119,1.5789900000000001,1.5789900000000001,78501
2012-01-10,1.58133,1.58284,1.57148,1.5715400000000002,75084
2012-01-11,1.57223,1.5746099999999998,1.56043,1.56219,76004
2012-01-12,1.56034,1.56565,1.5566200000000001,1.56215,80539
2012-01-13,1.56087,1.56995,1.55935,1.5633,84141
2012-01-16,1.56394,1.56833,1.55788,1.55921,62754
2012-01-17,1.55762,1.56032,1.5542500000000001,1.55602,81037
2012-01-18,1.5571899999999999,1.56755,1.55481,1.56052,84642
2012-01-19,1.55934,1.5670899999999999,1.5557400000000001,1.56493,81980
2012-01-20,1.56497,1.57774,1.5646200000000001,1.57721,77959
2012-01-23,1.57578,1.5803,1.56622,1.5671599999999999,75408
2012-01-24,1.56757,1.57995,1.5673,1.57589,79124
2012-01-25,1.57532,1.58113,1.5708199999999999,1.57179,83833
2012-01-26,1.57118,1.57356,1.56704,1.5711300000000001,77588
2012-01-27,1.57043,1.57625,1.56657,1.57534,84464
2012-01-30,1.57473,1.57829,1.57236,1.5726,77884
2012-01-31,1.57189,1.58504,1.57176,1.57971,83145
2012-02-01,1.5786099999999998,1.58398,1.57386,1.58084,83939
2012-02-02,1.57986,1.58375,1.57752,1.5787900000000001,80279
2012-02-03,1.57808,1.58673,1.56852,1.57064,78351
2012-02-06,1.5707900000000001,1.5777700000000001,1.56847,1.5749499999999999,76077
2012-02-07,1.57449,1.5826500000000001,1.57393,1.57993,79758
2012-02-08,1.58033,1.58325,1.57237,1.57471,78816
2012-02-09,1.5741399999999999,1.5833599999999999,1.5727,1.5727,82284
2012-02-10,1.57213,1.58409,1.57213,1.57794,78476
2012-02-13,1.5771199999999999,1.58084,1.57491,1.57525,73674
2012-02-14,1.57465,1.5767099999999998,1.5665499999999999,1.56719,84142
2012-02-15,1.56653,1.56933,1.55907,1.5686499999999999,86408
2012-02-16,1.5676,1.57557,1.56757,1.57403,86895
2012-02-17,1.5735999999999999,1.5786799999999999,1.57274,1.57673,73552
2012-02-20,1.5731899999999999,1.57673,1.57151,1.57383,58951
2012-02-21,1.5728499999999999,1.57727,1.57124,1.57274,81328
2012-02-22,1.57169,1.57515,1.5632000000000001,1.5657299999999998,77875
2012-02-23,1.56508,1.57063,1.56321,1.57036,74187
2012-02-24,1.56881,1.58941,1.56821,1.58642,76139
2012-02-27,1.5847,1.59414,1.57927,1.57939,77135
2012-02-28,1.5777299999999999,1.58332,1.57559,1.58209,73968
2012-02-29,1.58195,1.58314,1.5715400000000002,1.57484,81541
2012-03-02,1.5716999999999999,1.5737700000000001,1.5636700000000001,1.56505,72133
2012-03-05,1.5635599999999998,1.5786799999999999,1.5635599999999998,1.5771,69244
2012-03-06,1.577,1.58018,1.57245,1.57385,118403
2012-03-07,1.57222,1.57546,1.56961,1.56963,113155
2012-03-08,1.56962,1.5753599999999999,1.5659399999999999,1.56701,130514
2012-03-09,1.56717,1.56924,1.5491899999999998,1.55158,143985
2012-03-12,1.5533299999999999,1.5556,1.54722,1.55189,134113
2012-03-13,1.55189,1.5592700000000002,1.54631,1.5527199999999999,173829
2012-03-14,1.5529199999999999,1.5614,1.5493299999999999,1.55598,179780
2012-03-15,1.55598,1.55984,1.55192,1.55779,177417
2012-03-16,1.5577999999999999,1.5737700000000001,1.5576699999999999,1.5701800000000001,152232
2012-03-19,1.57066,1.57593,1.5662099999999999,1.56829,112839
2012-03-20,1.56829,1.58039,1.56738,1.5720399999999999,125314
2012-03-21,1.57202,1.57487,1.56705,1.57383,133901
2012-03-22,1.5739,1.5824799999999999,1.57073,1.58016,143528
2012-03-23,1.58016,1.59001,1.57937,1.58224,139809
2012-03-26,1.58385,1.5851,1.57812,1.5821800000000001,143678
2012-03-27,1.58213,1.5888499999999999,1.5798999999999999,1.58669,135580
2012-03-28,1.58671,1.59019,1.5791300000000001,1.58579,149722
2012-03-29,1.58579,1.59209,1.58504,1.58999,196651
2012-03-30,1.58975,1.5995300000000001,1.58874,1.59693,250038
2012-04-02,1.5952,1.60311,1.5861399999999999,1.5870199999999999,231068
2012-04-03,1.5870600000000001,1.58915,1.5757400000000001,1.57672,244792
2012-04-04,1.57684,1.58353,1.57525,1.58292,248892
2012-04-05,1.58276,1.5859999999999999,1.56873,1.57162,237146
2012-04-06,1.57126,1.58486,1.5711300000000001,1.58102,106982
2012-04-09,1.58385,1.5862699999999998,1.5774,1.58498,144427
2012-04-10,1.58504,1.59374,1.5798100000000002,1.59272,224984
2012-04-11,1.59272,1.5979,1.5917599999999998,1.59625,197664
2012-04-12,1.5963500000000002,1.5979299999999999,1.58552,1.58673,174042
2012-04-13,1.58673,1.5888499999999999,1.58063,1.5828600000000002,123968
2012-04-16,1.5831300000000001,1.59202,1.58016,1.5889,122158
2012-04-17,1.58875,1.59329,1.57209,1.57675,111457
2012-04-18,1.57675,1.58985,1.57243,1.58775,150854
2012-04-19,1.58779,1.59875,1.58537,1.59792,159927
2012-04-20,1.59749,1.60219,1.59293,1.5983399999999999,150450
2012-04-23,1.5984500000000001,1.6063399999999999,1.5977299999999999,1.5984,138183
2012-04-24,1.5979999999999999,1.60027,1.59303,1.59314,134242
2012-04-25,1.59198,1.5948099999999998,1.5838299999999998,1.58911,161213
2012-04-26,1.58933,1.59456,1.5878299999999999,1.59326,138359
2012-04-27,1.59306,1.59676,1.59047,1.59416,141699
2012-04-30,1.59596,1.6059999999999999,1.5952,1.60212,121474
2012-05-01,1.60215,1.6069,1.5939100000000002,1.59891,92948
2012-05-02,1.59843,1.6030600000000002,1.59609,1.5974300000000001,119001
2012-05-03,1.59727,1.60031,1.58983,1.59875,141176
2012-05-04,1.59864,1.60861,1.59444,1.6063,149798
2012-05-07,1.6061100000000001,1.61175,1.6053899999999999,1.6073499999999998,154547
2012-05-08,1.60701,1.61758,1.60655,1.61351,172534
2012-05-09,1.61347,1.62016,1.61308,1.61635,197681
2012-05-10,1.61629,1.6196899999999999,1.61181,1.61764,176909
2012-05-11,1.6168,1.62045,1.60147,1.60657,182040
2012-05-14,1.60396,1.61663,1.60391,1.61473,202146
2012-05-15,1.6144500000000002,1.61536,1.60176,1.61068,211322
2012-05-16,1.60998,1.6155599999999999,1.6002999999999998,1.61001,231863
2012-05-17,1.61053,1.61193,1.60158,1.61063,217646
2012-05-18,1.60985,1.61738,1.6047099999999999,1.61592,233444
2012-05-21,1.61405,1.61771,1.6091199999999999,1.61067,195686
2012-05-22,1.61039,1.61141,1.60276,1.6080100000000002,201447
2012-05-23,1.60809,1.61659,1.60405,1.60799,220794
2012-05-24,1.6066500000000001,1.6142699999999999,1.6042399999999999,1.60813,215031
2012-05-25,1.6075300000000001,1.61383,1.60479,1.6102699999999999,199448
2012-05-28,1.6101100000000002,1.61066,1.60468,1.60493,145062
2012-05-29,1.60476,1.60775,1.59826,1.5984099999999999,196590
2012-05-30,1.5982699999999999,1.6048499999999999,1.5928,1.59432,229698
2012-05-31,1.59417,1.59707,1.58965,1.59074,228368
2012-06-01,1.59074,1.60253,1.58648,1.59875,243920
2012-06-04,1.5942699999999999,1.60453,1.5942699999999999,1.59826,228831
2012-06-05,1.59887,1.6003699999999998,1.59313,1.59606,224691
2012-06-06,1.5964,1.6035300000000001,1.59058,1.59214,244216
2012-06-07,1.5914899999999998,1.59707,1.5872899999999999,1.59562,241985
2012-06-08,1.59626,1.59801,1.58656,1.58725,248677
2012-06-11,1.58405,1.59823,1.58405,1.59679,93093
2012-06-12,1.59646,1.6007,1.59192,1.59761,91440
2012-06-13,1.59768,1.59959,1.5941,1.5968200000000001,88222
2012-06-14,1.59595,1.59749,1.59037,1.59161,93273
2012-06-15,1.59057,1.60795,1.58476,1.60377,92932
2012-06-18,1.60307,1.6081400000000001,1.5995599999999999,1.6042800000000002,96762
2012-06-19,1.60355,1.60529,1.5957,1.60013,93322
2012-06-20,1.59981,1.60581,1.59458,1.60033,93922
2012-06-21,1.59783,1.6051600000000001,1.59752,1.6046399999999998,102579
2012-06-22,1.60348,1.60748,1.59536,1.5958999999999999,93107
2012-06-25,1.59817,1.605,1.59633,1.60233,76916
2012-06-26,1.60233,1.60531,1.6003500000000002,1.60145,91864
2012-06-27,1.60073,1.6029,1.59476,1.59551,76975
2012-06-28,1.59555,1.6048499999999999,1.5924800000000001,1.60294,90359
2012-06-29,1.6007799999999999,1.6064,1.59326,1.595,107415
2012-07-02,1.5935000000000001,1.60019,1.59196,1.5961400000000001,87490
2012-07-03,1.59555,1.59599,1.58626,1.58806,74601
2012-07-04,1.5874000000000001,1.5896400000000002,1.57672,1.5784099999999999,70211
2012-07-05,1.5786799999999999,1.5824099999999999,1.57144,1.57453,89554
2012-07-06,1.57415,1.58033,1.57315,1.57733,88063
2012-07-09,1.57735,1.58461,1.5771600000000001,1.5826,76607
2012-07-10,1.5819100000000001,1.58735,1.57883,1.5863399999999999,82066
2012-07-11,1.5865200000000002,1.58838,1.5805,1.58072,73701
2012-07-12,1.57917,1.5830199999999999,1.57074,1.57159,80026
2012-07-13,1.5707200000000001,1.5809,1.5685099999999998,1.5781800000000001,77304
2012-07-16,1.5773000000000001,1.58877,1.5754000000000001,1.58662,67976
2012-07-17,1.58613,1.58879,1.5811199999999999,1.58427,75720
2012-07-18,1.58423,1.58549,1.57884,1.5810300000000002,73519
2012-07-19,1.58086,1.5851899999999999,1.57944,1.58392,81113
2012-07-20,1.5814599999999999,1.58619,1.5786799999999999,1.58171,75210
2012-07-23,1.58378,1.58395,1.57693,1.57926,88307
2012-07-24,1.57969,1.58507,1.5782500000000002,1.58468,86277
2012-07-25,1.58467,1.58525,1.57281,1.5734,92001
2012-07-26,1.57234,1.58587,1.5694,1.58402,96892
2012-07-27,1.58339,1.58697,1.5784,1.57884,94842
2012-07-30,1.58033,1.5811199999999999,1.57254,1.5733700000000002,79033
2012-07-31,1.57354,1.57413,1.56719,1.5727,84295
2012-08-01,1.57166,1.57272,1.55991,1.56177,82887
2012-08-02,1.5612599999999999,1.56915,1.5576400000000001,1.56256,94680
2012-08-03,1.56211,1.56732,1.5535700000000001,1.5659100000000001,89446
2012-08-06,1.56326,1.56658,1.5562399999999998,1.56032,78495
2012-08-07,1.56025,1.56453,1.55645,1.5573700000000001,74586
2012-08-08,1.55666,1.56142,1.5529,1.5565600000000002,77861
2012-08-09,1.55653,1.55965,1.54844,1.5496699999999999,70890
2012-08-10,1.54931,1.55747,1.5478,1.55141,65842
2012-08-13,1.5540500000000002,1.56047,1.55182,1.55644,58047
2012-08-14,1.5561500000000001,1.55983,1.5541800000000001,1.55507,58920
2012-08-15,1.55474,1.55822,1.5507900000000001,1.55099,52081
2012-08-16,1.5484200000000001,1.55741,1.5466600000000001,1.55241,57742
2012-08-17,1.5506199999999999,1.55579,1.54878,1.55148,54673
2012-08-20,1.55148,1.55564,1.54934,1.5526499999999999,45789
2012-08-21,1.55209,1.5615299999999999,1.55076,1.5605,58612
2012-08-22,1.5607,1.5746,1.55994,1.57395,65547
2012-08-23,1.57409,1.57796,1.57046,1.57579,61851
2012-08-24,1.5752199999999998,1.57714,1.56628,1.56924,55480
2012-08-27,1.56791,1.56965,1.5623,1.56475,38300
2012-08-28,1.5643,1.5646499999999999,1.55625,1.5630199999999999,51664
2012-08-29,1.56319,1.5671300000000001,1.5606900000000001,1.56622,40225
2012-08-30,1.56653,1.5732599999999999,1.56394,1.5664799999999999,50432
2012-08-31,1.5662,1.57069,1.5623399999999998,1.56409,64554
2012-09-03,1.56773,1.56943,1.56276,1.56545,39118
2012-09-04,1.56586,1.56958,1.5620500000000002,1.56441,43571
2012-09-05,1.5647199999999999,1.57938,1.56369,1.57481,55425
2012-09-06,1.57492,1.57674,1.56208,1.56542,76167
2012-09-07,1.56507,1.56887,1.56178,1.5662,69064
2012-09-10,1.56308,1.5666799999999999,1.5603500000000001,1.56273,49394
2012-09-11,1.56257,1.56427,1.55632,1.56305,58280
2012-09-12,1.5636,1.57321,1.5615700000000001,1.57196,68112
2012-09-13,1.5712899999999999,1.57537,1.56159,1.5643099999999999,66537
2012-09-14,1.56426,1.5773000000000001,1.56211,1.57487,72142
2012-09-17,1.57158,1.58529,1.57158,1.5834899999999998,57991
2012-09-18,1.58325,1.58571,1.58109,1.58253,58628
2012-09-19,1.5821100000000001,1.58423,1.57697,1.58054,60438
2012-09-20,1.5806499999999999,1.5886900000000002,1.58057,1.58369,68227
2012-09-21,1.5834899999999998,1.5887099999999998,1.58118,1.58339,67289
2012-09-24,1.58284,1.59109,1.58284,1.58658,54886
2012-09-25,1.58691,1.59211,1.58459,1.5870600000000001,65488
2012-09-26,1.58757,1.59311,1.58528,1.5929799999999998,67606
2012-09-27,1.59206,1.5988799999999999,1.58937,1.5917400000000002,66776
2012-09-28,1.5912600000000001,1.5928,1.58547,1.58865,73562
2012-10-01,1.58843,1.59036,1.5827200000000001,1.58472,69126
2012-10-02,1.58453,1.59071,1.58325,1.58778,63486
2012-10-03,1.58746,1.59107,1.58572,1.5874899999999998,66491
2012-10-04,1.58768,1.59223,1.5855000000000001,1.58737,69505
2012-10-05,1.58728,1.58841,1.57772,1.57772,60162
2012-10-08,1.57802,1.57891,1.5629499999999998,1.5653000000000001,56899
2012-10-09,1.5652300000000001,1.56825,1.56152,1.5650300000000001,66675
2012-10-10,1.56527,1.5712000000000002,1.56429,1.57112,64909
2012-10-11,1.57042,1.57332,1.56643,1.5704099999999999,63893
2012-10-12,1.57023,1.57629,1.56746,1.5741100000000001,57076
2012-10-15,1.5701800000000001,1.57607,1.56904,1.57591,63067
2012-10-16,1.57577,1.59204,1.5756999999999999,1.5894300000000001,69677
2012-10-17,1.58899,1.5945200000000002,1.57857,1.57912,66439
2012-10-18,1.57855,1.58538,1.57518,1.5805099999999999,66102
2012-10-19,1.5802,1.59117,1.58011,1.5893199999999998,65241
2012-10-22,1.5904,1.59737,1.58802,1.58849,62423
2012-10-23,1.58857,1.59412,1.5795599999999999,1.58318,68698
2012-10-24,1.58282,1.5956000000000001,1.57989,1.59333,74452
2012-10-25,1.59344,1.6047500000000001,1.5922,1.6035300000000001,72286
2012-10-26,1.6032,1.60819,1.60233,1.6051,71622
2012-10-29,1.6059299999999999,1.6081400000000001,1.60151,1.6042999999999998,52613
2012-10-30,1.6044100000000001,1.60887,1.60372,1.60637,47989
2012-10-31,1.6065,1.61351,1.6055000000000001,1.61303,73644
2012-11-01,1.6127799999999999,1.6179700000000001,1.60594,1.6068500000000001,65388
2012-11-02,1.60687,1.6076700000000002,1.5918299999999999,1.59426,71853
2012-11-05,1.59288,1.59548,1.58985,1.59185,61012
2012-11-06,1.59185,1.59273,1.58576,1.5872600000000001,64827
2012-11-07,1.58666,1.5948799999999999,1.5815299999999999,1.59288,92267
2012-11-08,1.5927799999999999,1.59905,1.58863,1.59851,70957
2012-11-09,1.59837,1.60039,1.58935,1.59138,70750
2012-11-12,1.5885099999999999,1.59123,1.58558,1.5866500000000001,43064
2012-11-13,1.5868,1.59412,1.5858400000000001,1.59019,53493
2012-11-14,1.58929,1.5909900000000001,1.5867200000000001,1.5897299999999999,54926
2012-11-15,1.5896,1.59215,1.5846,1.58771,60294
2012-11-16,1.5878299999999999,1.5926,1.5862500000000002,1.58949,61071
2012-11-19,1.58863,1.59268,1.58378,1.58449,56285
2012-11-20,1.58453,1.59017,1.5836999999999999,1.58754,59471
2012-11-21,1.5872199999999999,1.5913300000000001,1.58537,1.58904,57870
2012-11-22,1.5891,1.5920299999999998,1.58814,1.58872,43486
2012-11-23,1.5884,1.59249,1.58761,1.59039,55836
2012-11-26,1.59058,1.5952,1.58865,1.5920100000000001,56454
2012-11-27,1.5912899999999999,1.5936599999999999,1.5888499999999999,1.59292,61257
2012-11-28,1.59303,1.59355,1.58727,1.5884200000000002,63461
2012-11-29,1.58846,1.59292,1.58716,1.59209,58821
2012-11-30,1.5918299999999999,1.59432,1.58839,1.5912,60211
2012-12-03,1.5894599999999999,1.6015700000000002,1.5894599999999999,1.60122,55801
2012-12-04,1.60102,1.60449,1.59642,1.59803,56979
2012-12-05,1.59787,1.60023,1.5946099999999999,1.5960299999999998,60588
2012-12-06,1.59514,1.59839,1.59001,1.59093,58229
2012-12-07,1.5904,1.5918999999999999,1.5812599999999999,1.58419,58878
2012-12-10,1.58283,1.59067,1.58081,1.58562,51427
2012-12-11,1.58528,1.5910199999999999,1.5852,1.58879,48453
2012-12-12,1.5881699999999999,1.5923500000000002,1.58687,1.58952,53647
2012-12-13,1.58962,1.58979,1.58411,1.58657,54478
2012-12-14,1.5858400000000001,1.5952199999999999,1.58486,1.59287,56606
2012-12-17,1.59403,1.6021,1.59308,1.59372,52696
2012-12-18,1.5933000000000002,1.6023800000000001,1.59297,1.6018400000000002,48499
2012-12-19,1.6014599999999999,1.6088,1.60113,1.60587,57159
2012-12-20,1.60494,1.6114899999999999,1.60494,1.60748,58734
2012-12-21,1.60656,1.61134,1.60375,1.60582,65954
2012-12-24,1.60432,1.60908,1.59647,1.59826,34772
2012-12-26,1.59975,1.6055000000000001,1.5977999999999999,1.60409,30366
2012-12-27,1.60366,1.6069,1.5978599999999998,1.6019700000000001,56010
2012-12-28,1.60152,1.61213,1.59984,1.6111499999999999,43998
2012-12-31,1.6082800000000002,1.62119,1.6031900000000001,1.61551,43633
2013-01-02,1.61124,1.61693,1.59991,1.60073,73733
2013-01-03,1.6006200000000002,1.6024500000000002,1.58996,1.59087,61903
2013-01-04,1.5895299999999999,1.59139,1.57998,1.58647,81968
2013-01-07,1.58314,1.58936,1.58262,1.58865,69086
2013-01-08,1.58856,1.59059,1.5827,1.58365,69086
2013-01-09,1.58409,1.58701,1.5773000000000001,1.58243,70653
2013-01-10,1.58115,1.59267,1.5786799999999999,1.5897299999999999,82319
2013-01-11,1.58777,1.59021,1.5810300000000002,1.58779,75705
2013-01-14,1.5854,1.5892,1.5799699999999999,1.5811600000000001,72672
2013-01-15,1.58102,1.58466,1.57978,1.5809199999999999,81598
2013-01-16,1.58073,1.58249,1.57584,1.5777,82702
2013-01-17,1.57722,1.58362,1.57199,1.5763500000000001,82742
2013-01-18,1.57638,1.5817999999999999,1.5733700000000002,1.57399,87004
2013-01-21,1.5721,1.57799,1.56992,1.57114,53500
2013-01-22,1.5707200000000001,1.57877,1.5698699999999999,1.57087,79781
2013-01-23,1.5711,1.5862,1.5664,1.583,83119
2013-01-24,1.5824799999999999,1.58575,1.5782,1.58249,82369
2013-01-25,1.58255,1.59639,1.5803099999999999,1.5880800000000002,81538
2013-01-28,1.5851600000000001,1.59043,1.5780699999999999,1.57885,70306
2013-01-29,1.57882,1.58486,1.57725,1.5774599999999999,69056
2013-01-30,1.5767099999999998,1.58613,1.5761500000000002,1.58168,72545
2013-01-31,1.58054,1.58815,1.57927,1.58131,76835
2013-02-01,1.5797400000000001,1.58464,1.5636100000000002,1.56407,82893
2013-02-04,1.5630600000000001,1.5747,1.5630600000000001,1.57396,70664
2013-02-05,1.57412,1.57801,1.5586,1.55878,77978
2013-02-06,1.55766,1.5645,1.55695,1.55863,71592
2013-02-07,1.5589499999999998,1.57012,1.5584,1.5672000000000001,84063
2013-02-08,1.56749,1.5878999999999999,1.5666600000000002,1.5836299999999999,83521
2013-02-11,1.58361,1.58825,1.5725,1.57297,70283
2013-02-12,1.57253,1.5768499999999999,1.565,1.56934,77284
2013-02-13,1.56911,1.57342,1.5555400000000001,1.5566900000000001,73780
2013-02-14,1.5554700000000001,1.55654,1.54943,1.55056,74308
2013-02-15,1.5503900000000002,1.56622,1.54963,1.56147,78090
2013-02-18,1.56122,1.5659100000000001,1.55526,1.5628,67530
2013-02-19,1.56199,1.5689899999999999,1.55978,1.56012,83212
2013-02-20,1.56026,1.56317,1.5452599999999999,1.5481099999999999,91796
2013-02-21,1.54837,1.55643,1.5413299999999999,1.5532599999999999,97481
2013-02-22,1.55287,1.5668600000000001,1.54705,1.5481,88236
2013-02-25,1.5408300000000001,1.55955,1.54061,1.55559,110481
2013-02-26,1.55447,1.56063,1.55114,1.55114,104225
2013-02-27,1.5506199999999999,1.5588600000000001,1.54692,1.5505,96072
2013-02-28,1.5495700000000001,1.5651899999999999,1.54861,1.56247,85945
2013-03-01,1.5618699999999999,1.56384,1.54215,1.54288,100913
2013-03-04,1.5410300000000001,1.55555,1.5410300000000001,1.5519699999999998,75452
2013-03-05,1.55179,1.5594999999999999,1.55091,1.55324,81744
2013-03-06,1.55287,1.5563500000000001,1.54851,1.5495,81343
2013-03-07,1.5488300000000002,1.5543900000000002,1.54315,1.54518,99350
2013-03-08,1.5446900000000001,1.5507,1.52447,1.53341,89530
2013-03-11,1.5340799999999999,1.53537,1.52751,1.53034,65315
2013-03-12,1.53033,1.5329700000000002,1.52433,1.52841,83617
2013-03-13,1.52843,1.5391599999999999,1.52841,1.53363,85667
2013-03-14,1.53369,1.5463200000000001,1.53076,1.5416699999999999,93348
2013-03-15,1.5417,1.54847,1.53701,1.53925,90588
2013-03-18,1.5441,1.55038,1.54084,1.5435400000000001,88653
2013-03-19,1.54325,1.55417,1.54123,1.5502099999999999,75029
2013-03-20,1.55027,1.55694,1.54149,1.5488300000000002,76856
2013-03-21,1.54881,1.5569600000000001,1.5476999999999999,1.5541,69511
2013-03-22,1.55433,1.5598,1.55313,1.5572599999999999,68115
2013-03-25,1.55822,1.55994,1.54622,1.54959,73938
2013-03-26,1.54961,1.55106,1.5392000000000001,1.5403099999999998,62686
2013-03-27,1.54032,1.54304,1.53316,1.53728,50671
2013-03-28,1.53729,1.5445799999999998,1.53552,1.54369,46559
2013-03-29,1.54373,1.5470000000000002,1.5417999999999998,1.54618,36650
2013-04-01,1.54547,1.55114,1.54337,1.54799,30417
2013-04-02,1.54802,1.54859,1.53166,1.53217,40216
2013-04-03,1.5321500000000001,1.5372,1.5293700000000001,1.53456,37202
2013-04-04,1.53457,1.5429,1.52667,1.5425,53523
2013-04-05,1.54251,1.56762,1.54095,1.55987,51634
2013-04-08,1.55837,1.56273,1.5505900000000001,1.55063,43780
2013-04-09,1.55061,1.5581800000000001,1.5495299999999999,1.55687,45811
2013-04-10,1.55682,1.5581399999999999,1.55214,1.5545,41511
2013-04-11,1.55456,1.55799,1.5508600000000001,1.55416,44030
2013-04-12,1.55415,1.5579100000000001,1.5530599999999999,1.55406,41381
2013-04-15,1.5557400000000001,1.56739,1.55434,1.5666,49561
2013-04-16,1.56673,1.57111,1.56229,1.5680800000000001,48990
2013-04-17,1.5678999999999998,1.5709300000000002,1.5605099999999998,1.56391,51446
2013-04-18,1.56369,1.56981,1.55957,1.56755,46051
2013-04-19,1.56711,1.57465,1.56195,1.56269,42580
2013-04-22,1.56174,1.5684200000000001,1.55948,1.56785,38629
2013-04-23,1.5678100000000001,1.56887,1.56243,1.56264,42751
2013-04-24,1.5626600000000002,1.56934,1.56223,1.56549,38273
2013-04-25,1.5655700000000001,1.58196,1.56459,1.5739100000000001,46574
2013-04-26,1.57386,1.5813899999999999,1.57202,1.5720800000000001,41435
2013-04-29,1.57435,1.5768900000000001,1.56535,1.56701,36775
2013-04-30,1.56699,1.5686900000000001,1.5637400000000001,1.56407,41934
2013-05-01,1.5639699999999999,1.57213,1.56239,1.5680100000000001,40262
2013-05-02,1.56802,1.5709,1.5617999999999999,1.5691199999999998,44721
2013-05-03,1.56913,1.57476,1.56432,1.56826,44599
2013-05-06,1.56807,1.57121,1.564,1.56413,29646
2013-05-07,1.5642200000000002,1.56601,1.5527199999999999,1.55473,35487
2013-05-08,1.55469,1.56227,1.55413,1.5576699999999999,36489
2013-05-09,1.55758,1.56294,1.55144,1.5548600000000001,44112
2013-05-10,1.55491,1.56041,1.54864,1.55024,50148
2013-05-13,1.5531899999999998,1.5562200000000002,1.54358,1.5457999999999998,39909
2013-05-14,1.54579,1.55187,1.54459,1.54799,43548
2013-05-15,1.548,1.55729,1.54536,1.54701,47905
2013-05-16,1.5470000000000002,1.55691,1.54561,1.5561099999999999,44749
2013-05-17,1.5561099999999999,1.56758,1.5545900000000001,1.55872,46891
2013-05-20,1.56178,1.5650300000000001,1.55899,1.5620500000000002,40516
2013-05-21,1.56208,1.5645099999999998,1.55473,1.55533,48053
2013-05-22,1.5554000000000001,1.56183,1.54993,1.5598800000000002,56805
2013-05-23,1.55991,1.56257,1.55445,1.55605,56648
2013-05-24,1.5562,1.56631,1.55566,1.55969,47286
2013-05-27,1.55957,1.56437,1.55751,1.5609,26827
2013-05-28,1.56084,1.56561,1.55971,1.5632899999999998,45449
2013-05-29,1.5632700000000002,1.57175,1.56197,1.5657100000000002,51717
2013-05-30,1.5657299999999998,1.5725500000000001,1.56498,1.56813,52192
2013-05-31,1.56812,1.57618,1.56599,1.57575,53850
2013-06-03,1.57668,1.5842100000000001,1.57343,1.5736400000000001,47505
2013-06-04,1.5735700000000001,1.58443,1.5735700000000001,1.58314,46793
2013-06-05,1.5831499999999998,1.59693,1.5823800000000001,1.59317,52111
2013-06-06,1.59311,1.60311,1.59209,1.60084,59581
2013-06-07,1.60077,1.6054300000000001,1.5794000000000001,1.5851899999999999,64307
2013-06-10,1.58598,1.58825,1.57851,1.5869900000000001,48876
2013-06-11,1.58696,1.59475,1.58587,1.5936599999999999,59503
2013-06-12,1.5937000000000001,1.6013899999999999,1.5892300000000001,1.60076,50874
2013-06-13,1.60077,1.60392,1.58915,1.5961400000000001,55128
2013-06-14,1.59636,1.59972,1.5876000000000001,1.59654,50940
2013-06-17,1.6000100000000002,1.6015899999999998,1.5926200000000001,1.60039,37476
2013-06-18,1.60054,1.6017299999999999,1.58743,1.5968900000000001,43093
2013-06-19,1.59688,1.60029,1.5876700000000001,1.59019,48005
2013-06-20,1.59016,1.61083,1.58782,1.61055,67568
2013-06-21,1.61043,1.61849,1.6021999999999998,1.61114,59809
2013-06-24,1.61123,1.6268,1.61096,1.6201699999999999,58724
2013-06-25,1.62009,1.62562,1.6140400000000001,1.62124,57429
2013-06-26,1.62123,1.62187,1.6032600000000001,1.60328,54090
2013-06-27,1.6031,1.6044800000000001,1.5924800000000001,1.59837,48282
2013-06-28,1.59836,1.60164,1.5947900000000002,1.5984699999999998,53361
2013-07-01,1.60057,1.60337,1.59575,1.5967,43617
2013-07-02,1.59672,1.60405,1.59525,1.59767,47397
2013-07-03,1.59764,1.6113499999999998,1.5957599999999998,1.60466,49655
2013-07-04,1.60472,1.60691,1.57944,1.58441,50396
2013-07-05,1.58438,1.58589,1.56952,1.5743200000000002,53888
2013-07-08,1.57403,1.5810300000000002,1.57146,1.5779999999999998,39087
2013-07-09,1.57799,1.57882,1.5606499999999999,1.5646200000000001,48211
2013-07-10,1.56459,1.57233,1.5629499999999998,1.57022,52132
2013-07-11,1.5702500000000001,1.57915,1.56233,1.57361,73311
2013-07-12,1.57354,1.5750899999999999,1.5655000000000001,1.56944,33684
2013-07-15,1.56979,1.57419,1.56541,1.57405,44526
2013-07-16,1.57404,1.57856,1.5669499999999998,1.57161,48190
2013-07-17,1.57158,1.58639,1.5684,1.58247,49893
2013-07-18,1.58247,1.58697,1.5785900000000002,1.5798,48002
2013-07-19,1.5797400000000001,1.58511,1.57804,1.58121,47021
2013-07-22,1.58219,1.59191,1.58079,1.58705,42979
2013-07-23,1.58701,1.58798,1.58046,1.5805500000000001,47069
2013-07-24,1.58053,1.58498,1.57428,1.57892,52736
2013-07-25,1.57911,1.58495,1.57233,1.5816599999999998,52955
2013-07-26,1.58165,1.58407,1.57932,1.5800100000000001,46765
2013-07-29,1.58107,1.5824099999999999,1.57378,1.57413,42973
2013-07-30,1.5741,1.57874,1.5676299999999999,1.56989,46787
2013-07-31,1.56981,1.57031,1.55788,1.5623399999999998,57192
2013-08-01,1.5623399999999998,1.56986,1.55729,1.56413,54257
2013-08-02,1.56413,1.5904,1.5628199999999999,1.58762,53083
2013-08-05,1.5884399999999999,1.59674,1.58622,1.5905399999999998,45797
2013-08-06,1.59053,1.59623,1.58833,1.59209,44757
2013-08-07,1.59213,1.61796,1.58504,1.61398,55116
2013-08-08,1.6139999999999999,1.6162800000000002,1.60267,1.60439,49069
2013-08-09,1.60438,1.60556,1.59345,1.59421,43122
2013-08-12,1.59483,1.59711,1.59211,1.5931,39437
2013-08-13,1.5930900000000001,1.60373,1.5920100000000001,1.59756,46572
2013-08-14,1.59754,1.6048900000000001,1.5965799999999999,1.60256,47678
2013-08-15,1.6025800000000001,1.6139299999999999,1.6004399999999999,1.61127,57821
2013-08-16,1.61128,1.61875,1.60921,1.61443,47734
2013-08-19,1.6149900000000001,1.6197599999999999,1.6122999999999998,1.6183999999999998,45070
2013-08-20,1.61842,1.63125,1.61737,1.62785,50505
2013-08-21,1.62784,1.64313,1.6272799999999998,1.63923,55499
2013-08-22,1.63924,1.6413799999999998,1.6317599999999999,1.6389200000000002,53957
2013-08-23,1.63891,1.65095,1.63333,1.63333,52199
2013-08-26,1.63558,1.6404100000000001,1.6343100000000002,1.63525,33466
2013-08-27,1.63516,1.63925,1.62737,1.6280000000000001,47453
2013-08-28,1.62802,1.6308799999999999,1.6172,1.62793,51303
2013-08-29,1.62792,1.6337899999999999,1.6261,1.6328,46681
2013-08-30,1.63278,1.63473,1.6261999999999999,1.6314600000000001,46992
2013-09-02,1.63541,1.64317,1.63304,1.63911,39465
2013-09-03,1.639,1.6443699999999999,1.63466,1.63861,47060
2013-09-04,1.63861,1.64243,1.6363400000000001,1.63952,46328
2013-09-05,1.63956,1.64354,1.63487,1.63741,45478
2013-09-06,1.63742,1.6374300000000002,1.62158,1.62569,42722
2013-09-09,1.62603,1.63202,1.62409,1.62741,36970
2013-09-10,1.62736,1.62958,1.62053,1.62785,41088
2013-09-11,1.62784,1.63653,1.6265100000000001,1.63188,43589
2013-09-12,1.6318899999999998,1.63503,1.62847,1.6313,44188
2013-09-13,1.63132,1.64392,1.6302400000000001,1.64264,42035
2013-09-16,1.6440000000000001,1.6453600000000002,1.6384400000000001,1.64078,39603
2013-09-17,1.64076,1.64445,1.63349,1.63697,39593
2013-09-18,1.63701,1.65179,1.63667,1.6497000000000002,47762
2013-09-19,1.6497000000000002,1.65185,1.6362,1.64519,52739
2013-09-20,1.6452,1.65131,1.64467,1.64859,42071
2013-09-23,1.64919,1.6544699999999999,1.6477,1.6494,40525
2013-09-24,1.64939,1.64964,1.63898,1.64806,39913
2013-09-25,1.64805,1.6588500000000002,1.6463999999999999,1.6580599999999999,40706
2013-09-26,1.65805,1.66003,1.6515,1.6534200000000001,39067
2013-09-27,1.6534,1.6642000000000001,1.65296,1.66246,39124
2013-09-30,1.66503,1.66842,1.66008,1.66806,44454
2013-10-01,1.6681,1.67694,1.66794,1.67156,46734
2013-10-02,1.6715200000000001,1.68067,1.67099,1.67648,42788
2013-10-03,1.67644,1.67809,1.6668500000000002,1.66899,43139
2013-10-04,1.669,1.67043,1.64697,1.64749,45031
2013-10-07,1.64926,1.66242,1.64804,1.65945,40965
2013-10-08,1.65943,1.66792,1.65473,1.6671200000000002,45398
2013-10-09,1.66709,1.66941,1.6519300000000001,1.65795,50778
2013-10-10,1.65791,1.66072,1.65479,1.66002,43204
2013-10-11,1.6600000000000001,1.66282,1.6496300000000002,1.64985,43806
2013-10-14,1.65588,1.65788,1.65048,1.65432,32978
2013-10-15,1.6543299999999999,1.66186,1.6485400000000001,1.6604999999999999,47903
2013-10-16,1.6604999999999999,1.6652200000000001,1.6442299999999999,1.6466699999999999,51207
2013-10-17,1.64668,1.66388,1.64605,1.6630500000000001,56765
2013-10-18,1.66303,1.6686100000000001,1.66151,1.66211,40096
2013-10-21,1.6639599999999999,1.6656300000000002,1.66074,1.66338,34333
2013-10-22,1.6632099999999999,1.67143,1.65917,1.66953,39906
2013-10-23,1.66947,1.68102,1.66378,1.67771,50758
2013-10-24,1.6776499999999999,1.68981,1.6775,1.68803,50385
2013-10-25,1.68803,1.69567,1.68645,1.6881300000000001,49365
2013-10-28,1.68979,1.69239,1.68392,1.68523,41968
2013-10-29,1.68525,1.68588,1.67563,1.6791800000000001,50687
2013-10-30,1.6792099999999999,1.68221,1.6764700000000001,1.67973,48627
2013-10-31,1.67972,1.6806100000000002,1.67068,1.67348,55995
2013-11-01,1.67352,1.67404,1.65815,1.6582400000000002,50205
2013-11-04,1.6586400000000001,1.66429,1.65764,1.66421,40593
2013-11-05,1.66415,1.67889,1.6631399999999998,1.67706,48395
2013-11-06,1.67712,1.6833,1.67381,1.67476,45959
2013-11-07,1.67476,1.6838,1.66844,1.68363,55574
2013-11-08,1.68364,1.6839300000000001,1.6742,1.67747,52233
2013-11-11,1.67683,1.67828,1.67224,1.67435,39187
2013-11-12,1.67436,1.6757300000000002,1.66316,1.6687699999999999,50224
2013-11-13,1.66879,1.6805400000000001,1.66459,1.6783700000000001,50137
2013-11-14,1.67834,1.69203,1.6751800000000001,1.68071,55795
2013-11-15,1.68073,1.68858,1.6797900000000001,1.68171,43233
2013-11-18,1.68222,1.68343,1.67637,1.67951,40759
2013-11-19,1.6795200000000001,1.6894900000000002,1.67717,1.68717,47117
2013-11-20,1.68717,1.69034,1.68141,1.68281,56473
2013-11-21,1.6827800000000002,1.70419,1.6819899999999999,1.7033399999999999,55870
2013-11-22,1.70335,1.7116,1.7014,1.70523,49553
2013-11-25,1.7082899999999999,1.71551,1.7026400000000002,1.70293,45383
2013-11-26,1.7028400000000001,1.7105000000000001,1.6985000000000001,1.70904,46029
2013-11-27,1.70903,1.72752,1.70781,1.72516,50440
2013-11-28,1.7251699999999999,1.73305,1.72285,1.72892,40991
2013-11-29,1.72891,1.73936,1.72452,1.73596,52000
2013-12-02,1.73815,1.74763,1.73763,1.74057,50321
2013-12-03,1.74054,1.75122,1.73907,1.74492,48814
2013-12-04,1.74493,1.75448,1.7403499999999998,1.74978,60197
2013-12-05,1.74979,1.75034,1.73248,1.73993,60897
2013-12-06,1.73994,1.7458399999999998,1.73413,1.73841,55904
2013-12-09,1.73989,1.74838,1.73872,1.74547,43562
2013-12-10,1.74546,1.75073,1.74298,1.74321,43971
2013-12-11,1.74317,1.7451400000000001,1.73268,1.73369,45585
2013-12-12,1.73356,1.74228,1.73156,1.73919,50932
2013-12-13,1.7392400000000001,1.74088,1.7235200000000002,1.72416,46711
2013-12-16,1.7254800000000001,1.73141,1.72258,1.72644,42299
2013-12-17,1.72647,1.72885,1.7191999999999998,1.72465,44860
2013-12-18,1.72466,1.7545,1.72407,1.75359,58722
2013-12-19,1.75356,1.75697,1.74498,1.74535,51657
2013-12-20,1.74536,1.7541799999999999,1.73449,1.73618,51555
2013-12-23,1.73811,1.74364,1.72938,1.73428,42518
2013-12-24,1.73421,1.74009,1.73376,1.73792,28860
2013-12-26,1.74251,1.7488899999999998,1.74005,1.74718,25287
2013-12-27,1.74716,1.76695,1.74607,1.76352,48132
2013-12-30,1.7624499999999999,1.7678500000000001,1.75475,1.7566899999999999,42904
2013-12-31,1.75666,1.76266,1.7532100000000002,1.76266,35064
2014-01-02,1.7639,1.76604,1.7382499999999999,1.7551700000000001,48247
2014-01-03,1.7551299999999999,1.7555,1.73898,1.7452,49506
2014-01-06,1.74377,1.75316,1.73532,1.7475800000000001,49124
2014-01-07,1.7476,1.76847,1.74676,1.76525,52249
2014-01-08,1.76526,1.7809,1.76458,1.7793999999999999,57815
2014-01-09,1.77941,1.79082,1.77922,1.7864900000000001,53333
2014-01-10,1.78647,1.80322,1.7793999999999999,1.79441,55335
2014-01-13,1.79776,1.79962,1.77643,1.77916,52561
2014-01-14,1.7791299999999999,1.8016999999999999,1.7787600000000001,1.7989600000000001,54212
2014-01-15,1.7989199999999999,1.80393,1.78616,1.78944,53477
2014-01-16,1.78946,1.79287,1.78266,1.78721,53583
2014-01-17,1.7872,1.80494,1.78284,1.79975,49408
2014-01-20,1.79965,1.8016999999999999,1.79378,1.79772,37550
2014-01-21,1.79764,1.81114,1.7970199999999998,1.8065600000000002,50475
2014-01-22,1.80655,1.83813,1.803,1.83718,56292
2014-01-23,1.83718,1.85549,1.83623,1.84663,70723
2014-01-24,1.84667,1.8550499999999999,1.82331,1.82622,68065
2014-01-27,1.82606,1.84317,1.8222800000000001,1.8429,56407
2014-01-28,1.84293,1.85596,1.8372600000000001,1.8485200000000002,53680
2014-01-29,1.84855,1.85574,1.83481,1.84973,54487
2014-01-30,1.84971,1.85427,1.83818,1.83895,58073
2014-01-31,1.83895,1.84837,1.8241800000000001,1.8283399999999999,63996
2014-02-03,1.8247,1.82905,1.80343,1.81201,59169
2014-02-04,1.8121399999999999,1.81731,1.7982,1.80874,57147
2014-02-05,1.8087,1.81227,1.7955299999999998,1.80713,56666
2014-02-06,1.8071199999999998,1.81433,1.79844,1.80641,52926
2014-02-07,1.80641,1.8124,1.7964099999999998,1.80978,52635
2014-02-10,1.8096,1.81441,1.8057400000000001,1.81298,42114
2014-02-11,1.81299,1.8206,1.8095400000000001,1.81033,53469
2014-02-12,1.8103,1.82558,1.80348,1.82551,54981
2014-02-13,1.8255,1.83676,1.82329,1.82822,55159
2014-02-14,1.82821,1.84051,1.8222399999999999,1.83792,50694
2014-02-17,1.8418,1.84344,1.8296700000000001,1.8321,40877
2014-02-18,1.8320699999999999,1.83574,1.82396,1.82612,52465
2014-02-19,1.82612,1.85134,1.81825,1.84754,55127
2014-02-20,1.84755,1.85182,1.84127,1.8477700000000001,55849
2014-02-21,1.84771,1.8660299999999999,1.84491,1.84509,56818
2014-02-24,1.84596,1.8548,1.83657,1.84172,49416
2014-02-25,1.84175,1.85344,1.8408099999999998,1.8485800000000001,51004
2014-02-26,1.84856,1.85599,1.84402,1.85469,54896
2014-02-27,1.85469,1.86026,1.84918,1.85553,55415
2014-02-28,1.8555000000000001,1.8649,1.8476,1.8510499999999999,61385
2014-03-03,1.8513899999999999,1.85867,1.84412,1.84561,58008
2014-03-04,1.8456000000000001,1.85362,1.84372,1.84792,51280
2014-03-05,1.84796,1.85511,1.84367,1.84368,50346
2014-03-06,1.84365,1.84713,1.83142,1.83859,55075
2014-03-07,1.8386,1.85707,1.8380999999999998,1.85251,50192
2014-03-10,1.85385,1.86124,1.84474,1.84853,45935
2014-03-11,1.8485200000000002,1.85148,1.84144,1.8447,45258
2014-03-12,1.84494,1.85317,1.84179,1.8475899999999998,51189
2014-03-13,1.84758,1.85192,1.83575,1.8396400000000002,59178
2014-03-14,1.83965,1.84795,1.8371,1.84795,54043
2014-03-17,1.84596,1.84815,1.8340999999999998,1.8394599999999999,41865
2014-03-18,1.83944,1.8485399999999998,1.82779,1.84755,52895
2014-03-19,1.8475899999999998,1.86279,1.84487,1.85795,59796
2014-03-20,1.85795,1.8648,1.85337,1.8551600000000001,55801
2014-03-21,1.85515,1.85876,1.84202,1.84936,50587
2014-03-24,1.84921,1.8559299999999999,1.84558,1.84615,50459
2014-03-25,1.8461400000000001,1.84996,1.84268,1.84568,55112
2014-03-26,1.84568,1.8498999999999999,1.83813,1.84006,57675
2014-03-27,1.84008,1.84701,1.82905,1.83151,62153
2014-03-28,1.83155,1.8425,1.82778,1.83979,49492
2014-03-31,1.84177,1.84327,1.8303500000000001,1.8406799999999999,56612
2014-04-01,1.84057,1.84545,1.8323800000000001,1.8329499999999999,48220
2014-04-02,1.83291,1.83795,1.83134,1.8339699999999999,46352
2014-04-03,1.83392,1.83687,1.82406,1.83124,52551
2014-04-04,1.83117,1.83224,1.81599,1.8185,49942
2014-04-07,1.8180800000000001,1.82713,1.81724,1.82213,41881
2014-04-08,1.8220800000000001,1.83305,1.8200699999999999,1.8288799999999998,50653
2014-04-09,1.82885,1.83311,1.8208600000000001,1.82652,48531
2014-04-10,1.82648,1.83513,1.8248600000000001,1.83511,50342
2014-04-11,1.83517,1.8378700000000001,1.8295,1.83655,48030
2014-04-14,1.83487,1.8388,1.8302100000000001,1.83341,45433
2014-04-15,1.83342,1.8429,1.83097,1.83609,47768
2014-04-16,1.83599,1.85273,1.83548,1.84924,50445
2014-04-17,1.84916,1.85343,1.8460299999999998,1.84737,42297
2014-04-18,1.84745,1.85145,1.84543,1.85025,28780
2014-04-21,1.85033,1.8537599999999999,1.8483,1.84832,26174
2014-04-22,1.8481100000000001,1.85684,1.8481100000000001,1.85461,43684
2014-04-23,1.85457,1.85736,1.84849,1.85093,44319
2014-04-24,1.85092,1.85382,1.8481100000000001,1.85156,41180
2014-04-25,1.85149,1.8563100000000001,1.85141,1.85412,37912
2014-04-28,1.85446,1.85858,1.8510499999999999,1.85304,42292
2014-04-29,1.85314,1.85589,1.84093,1.84114,47444
2014-04-30,1.84134,1.8534000000000002,1.83942,1.8491300000000002,51168
2014-05-01,1.8491,1.85745,1.84794,1.85049,42038
2014-05-02,1.85076,1.85321,1.84509,1.8502800000000001,47909
2014-05-05,1.85282,1.85378,1.84653,1.8472300000000001,32827
2014-05-06,1.84713,1.85669,1.84611,1.84873,46949
2014-05-07,1.84875,1.8501400000000001,1.84511,1.84738,42751
2014-05-08,1.8473600000000001,1.84832,1.8308499999999999,1.83368,50383
2014-05-09,1.8336299999999999,1.84002,1.82324,1.8354599999999999,48244
2014-05-12,1.83527,1.8407900000000001,1.8351199999999999,1.83735,37776
2014-05-13,1.83735,1.8428900000000001,1.83249,1.8342399999999999,46937
2014-05-14,1.83432,1.84184,1.8229,1.82528,47638
2014-05-15,1.82525,1.82953,1.81697,1.82733,50535
2014-05-16,1.8268,1.8320400000000001,1.82485,1.8253,40980
2014-05-19,1.82606,1.8303099999999999,1.8239800000000002,1.82802,43377
2014-05-20,1.82797,1.83825,1.82743,1.83626,44610
2014-05-21,1.8359100000000002,1.8469600000000002,1.83513,1.84374,44497
2014-05-22,1.84382,1.84514,1.8343,1.83712,37486
2014-05-23,1.83724,1.8387799999999999,1.82645,1.8274599999999999,33330
2014-05-26,1.8296000000000001,1.83052,1.82774,1.82823,20325
2014-05-27,1.82823,1.83033,1.8225799999999999,1.82489,36509
2014-05-28,1.82489,1.8256000000000001,1.81357,1.81689,39644
2014-05-29,1.81685,1.81857,1.8096700000000001,1.8111899999999999,36961
2014-05-30,1.81101,1.82173,1.8105,1.81643,37648
2014-06-02,1.8173300000000001,1.82643,1.8153000000000001,1.82484,35060
2014-06-03,1.8248799999999998,1.82985,1.8242500000000001,1.82663,36405
2014-06-04,1.82661,1.8348200000000001,1.82487,1.8307,38626
2014-06-05,1.83056,1.84028,1.8285,1.8371,46575
2014-06-06,1.83683,1.84096,1.8330899999999999,1.83619,38221
2014-06-09,1.835,1.83857,1.83012,1.83195,30986
2014-06-10,1.83205,1.83395,1.82609,1.82656,37109
2014-06-11,1.8266,1.83018,1.8218,1.8239100000000001,37531
2014-06-12,1.8241,1.8375,1.8231899999999999,1.83741,42343
2014-06-13,1.83725,1.84469,1.83624,1.841,45349
2014-06-16,1.8420800000000002,1.84645,1.8400400000000001,1.84134,35523
2014-06-17,1.8412899999999999,1.84476,1.83841,1.84212,36718
2014-06-18,1.84185,1.84681,1.839,1.84096,42427
2014-06-19,1.84141,1.84726,1.8385,1.84283,43978
2014-06-20,1.84317,1.84653,1.82829,1.82999,39851
2014-06-23,1.83038,1.83079,1.82397,1.82675,37093
2014-06-24,1.8268499999999999,1.82721,1.8190300000000001,1.8245900000000002,38532
2014-06-25,1.8246,1.8248600000000001,1.8191000000000002,1.82012,37659
2014-06-26,1.82017,1.82602,1.81787,1.81951,33700
2014-06-27,1.8195000000000001,1.8215599999999998,1.81406,1.8161100000000001,25283
2014-06-30,1.81569,1.82684,1.81514,1.8248199999999999,27653
2014-07-01,1.82484,1.82915,1.82284,1.82284,23462
2014-07-02,1.82279,1.8313000000000001,1.8224900000000002,1.83034,24569
2014-07-03,1.83026,1.8312,1.8207200000000001,1.82369,27993
2014-07-04,1.82378,1.8284099999999999,1.82127,1.82686,18610
2014-07-07,1.8272,1.82957,1.81908,1.8294700000000002,21191
2014-07-08,1.82941,1.8317299999999999,1.82386,1.82881,24273
2014-07-09,1.82883,1.83054,1.82279,1.82708,25156
2014-07-10,1.82691,1.82846,1.82355,1.82408,24639
2014-07-11,1.8239999999999998,1.83843,1.82046,1.83536,25791
2014-07-14,1.83727,1.84138,1.82828,1.82955,26004
2014-07-15,1.82964,1.8464399999999999,1.82952,1.84396,33784
2014-07-16,1.8437999999999999,1.85005,1.8362500000000002,1.84044,31701
2014-07-17,1.84032,1.84157,1.83561,1.84006,27207
2014-07-18,1.83985,1.8407,1.82776,1.83307,27992
2014-07-21,1.8325,1.83651,1.83037,1.83318,25372
2014-07-22,1.83312,1.83549,1.82916,1.83199,27791
2014-07-23,1.83186,1.83291,1.8233899999999998,1.82812,29165
2014-07-24,1.82786,1.83006,1.82121,1.8248,29670
2014-07-25,1.82473,1.8363399999999999,1.82385,1.8352,29322
2014-07-28,1.8362,1.83758,1.83331,1.8336000000000001,24962
2014-07-29,1.8335,1.8401399999999999,1.83134,1.83819,31960
2014-07-30,1.8381699999999999,1.8448799999999999,1.8378,1.84351,35124
2014-07-31,1.8436599999999999,1.84558,1.83624,1.84118,33786
2014-08-01,1.84101,1.845,1.8338700000000001,1.83635,39275
2014-08-04,1.83791,1.8404500000000001,1.83586,1.8385799999999999,25038
2014-08-05,1.83865,1.85154,1.83822,1.85041,32758
2014-08-06,1.85046,1.85077,1.83809,1.83922,33996
2014-08-07,1.83926,1.8419699999999999,1.83617,1.83874,36074
2014-08-08,1.83873,1.84401,1.83292,1.8396599999999999,38102
2014-08-11,1.84001,1.84254,1.83246,1.83296,26723
2014-08-12,1.8329499999999999,1.8401100000000001,1.83273,1.83616,30167
2014-08-13,1.83613,1.8388900000000001,1.8208,1.82101,36057
2014-08-14,1.82098,1.8217400000000001,1.81639,1.81877,30608
2014-08-15,1.81863,1.8216999999999999,1.8127,1.81787,32677
2014-08-18,1.8207200000000001,1.8223099999999999,1.8188900000000001,1.82074,25145
2014-08-19,1.82078,1.82222,1.81243,1.8177400000000001,31213
2014-08-20,1.81775,1.82562,1.81725,1.82024,35006
2014-08-21,1.8199800000000002,1.82138,1.81369,1.81369,31429
2014-08-22,1.81371,1.81976,1.8121,1.81256,31821
2014-08-25,1.81423,1.82105,1.8124099999999999,1.8205,27718
2014-08-26,1.82055,1.82175,1.81068,1.81093,34033
2014-08-27,1.81091,1.8121399999999999,1.79491,1.80064,39988
2014-08-28,1.8003,1.80288,1.79635,1.80111,39731
2014-08-29,1.80106,1.80568,1.79473,1.8050000000000002,36291
2014-09-01,1.80404,1.8082500000000001,1.8024900000000001,1.80498,26117
2014-09-02,1.80511,1.80762,1.79882,1.79949,38043
2014-09-03,1.79942,1.8003200000000001,1.78736,1.79196,39168
2014-09-04,1.79195,1.79502,1.77482,1.7755999999999998,41388
2014-09-05,1.77556,1.77867,1.7694999999999999,1.77588,43768
2014-09-08,1.75869,1.7707899999999999,1.75329,1.76674,54065
2014-09-09,1.76678,1.77582,1.76607,1.7686899999999999,59119
2014-09-10,1.76872,1.77565,1.76515,1.77257,60332
2014-09-11,1.77257,1.79486,1.77217,1.79342,64944
2014-09-12,1.79339,1.80401,1.78965,1.80336,55131
2014-09-15,1.8035,1.80382,1.79084,1.79383,31373
2014-09-16,1.79385,1.7946,1.78115,1.78495,36728
2014-09-17,1.7848600000000001,1.792,1.78259,1.7892700000000001,38741
2014-09-18,1.78911,1.80152,1.7880500000000001,1.7921,55800
2014-09-19,1.7919399999999999,1.81145,1.7811599999999999,1.78476,73460
2014-09-22,1.78841,1.80644,1.7846,1.80643,47493
2014-09-23,1.80647,1.81626,1.7980800000000001,1.81509,54944
2014-09-24,1.81513,1.81986,1.80567,1.80645,51347
2014-09-25,1.80644,1.81541,1.80552,1.81242,58326
2014-09-26,1.81243,1.81555,1.80789,1.81122,48826
2014-09-29,1.81029,1.81407,1.80751,1.81281,49979
2014-09-30,1.81281,1.81874,1.80627,1.81502,57651
2014-10-01,1.81494,1.81749,1.80593,1.80637,56237
2014-10-02,1.8063799999999999,1.80707,1.79382,1.80087,68803
2014-10-03,1.8008600000000001,1.8036699999999999,1.79409,1.7947899999999999,53038
2014-10-06,1.79536,1.7983099999999999,1.78685,1.78998,45402
2014-10-07,1.78999,1.80119,1.78948,1.79823,57010
2014-10-08,1.79827,1.8013599999999999,1.79247,1.79538,75435
2014-10-09,1.79534,1.80313,1.7927499999999998,1.80248,78524
2014-10-10,1.80247,1.80555,1.78888,1.7996699999999999,63602
2014-10-13,1.7949000000000002,1.80576,1.7949000000000002,1.80077,50222
2014-10-14,1.80071,1.80377,1.78641,1.7960500000000001,62526
2014-10-15,1.79604,1.81271,1.7950599999999999,1.80252,87860
2014-10-16,1.80253,1.81651,1.79753,1.81084,78987
2014-10-17,1.81084,1.81597,1.80214,1.81421,58840
2014-10-20,1.8172000000000001,1.82571,1.81215,1.82354,47541
2014-10-21,1.8235299999999999,1.82528,1.80716,1.80775,57574
2014-10-22,1.80775,1.8104200000000001,1.79344,1.80243,61787
2014-10-23,1.8027,1.8072599999999999,1.79555,1.7996699999999999,75641
2014-10-24,1.79965,1.8080500000000002,1.79609,1.8066900000000001,50570
2014-10-27,1.80718,1.81447,1.80525,1.8128600000000001,40826
2014-10-28,1.81285,1.81386,1.80064,1.8013400000000002,52643
2014-10-29,1.80131,1.80264,1.78975,1.79074,52708
2014-10-30,1.7908300000000001,1.79457,1.78542,1.7896999999999998,52548
2014-10-31,1.78971,1.80891,1.78829,1.79954,66038
2014-11-03,1.7997999999999998,1.8173,1.79821,1.81326,59814
2014-11-04,1.8132700000000002,1.82853,1.81308,1.8251300000000001,70279
2014-11-05,1.8251300000000001,1.82704,1.81604,1.81827,78724
2014-11-06,1.8182800000000001,1.8221,1.8073700000000001,1.8079,92587
2014-11-07,1.8079,1.81243,1.79387,1.79692,93545
2014-11-10,1.79753,1.8037999999999998,1.7952,1.80202,77526
2014-11-11,1.80206,1.8067600000000001,1.7983,1.80372,75393
2014-11-12,1.80372,1.80735,1.7828300000000001,1.7852299999999999,92478
2014-11-13,1.7852299999999999,1.78913,1.77995,1.78524,78602
2014-11-14,1.78521,1.7873,1.76615,1.76786,88934
2014-11-17,1.76854,1.77374,1.76614,1.76788,78192
2014-11-18,1.76788,1.7713299999999998,1.76079,1.7645499999999998,74114
2014-11-19,1.76458,1.78024,1.76454,1.77796,87685
2014-11-20,1.77798,1.78024,1.77182,1.7732700000000001,90340
2014-11-21,1.77325,1.7753,1.75356,1.75699,98390
2014-11-24,1.7563499999999999,1.77572,1.75591,1.77102,81879
2014-11-25,1.77107,1.77386,1.76273,1.76786,89755
2014-11-26,1.7679399999999998,1.77834,1.76738,1.77523,82583
2014-11-27,1.77515,1.78491,1.76856,1.78209,83026
2014-11-28,1.78209,1.79299,1.78162,1.78422,94028
2014-12-01,1.7877100000000001,1.79437,1.78067,1.78125,97788
2014-12-02,1.78128,1.7864200000000001,1.778,1.7831700000000001,86312
2014-12-03,1.7831299999999999,1.78974,1.7787899999999999,1.78174,87855
2014-12-04,1.78173,1.7889599999999999,1.77808,1.78369,90787
2014-12-05,1.7837100000000001,1.7908300000000001,1.77954,1.7799800000000001,89560
2014-12-08,1.78002,1.79721,1.77945,1.7958699999999999,85817
2014-12-09,1.79586,1.8012299999999999,1.78796,1.79263,99692
2014-12-10,1.79263,1.80653,1.79219,1.8036699999999999,97049
2014-12-11,1.8036699999999999,1.81419,1.79629,1.81199,107091
2014-12-12,1.8119800000000001,1.82246,1.8097699999999999,1.81866,96152
2014-12-15,1.82166,1.8250199999999999,1.81121,1.8243,96787
2014-12-16,1.82429,1.8393899999999999,1.81873,1.8298,95176
2014-12-17,1.8300100000000001,1.83327,1.80941,1.80941,82311
2014-12-18,1.81149,1.81993,1.80901,1.81335,91908
2014-12-19,1.81335,1.8226200000000001,1.8104,1.8112599999999999,84774
2014-12-22,1.8118400000000001,1.8195000000000001,1.8085499999999999,1.81224,62513
2014-12-23,1.81222,1.81373,1.79962,1.8023500000000001,71736
2014-12-24,1.80236,1.80892,1.8000500000000001,1.80704,45100
2014-12-26,1.80695,1.80898,1.80349,1.80734,24961
2014-12-29,1.80781,1.81159,1.80314,1.80451,51858
2014-12-30,1.8045,1.8088600000000001,1.8035700000000001,1.80619,66157
2014-12-31,1.80619,1.8111000000000002,1.80232,1.8094299999999999,52838
2015-01-02,1.8105,1.8120699999999998,1.79862,1.8050000000000002,64268
2015-01-05,1.80178,1.8059500000000002,1.78763,1.7930199999999998,96250
2015-01-06,1.7930199999999998,1.79494,1.7848000000000002,1.7924600000000002,93660
2015-01-07,1.7924600000000002,1.79618,1.78343,1.7846,104117
2015-01-08,1.7846,1.78793,1.77622,1.7842799999999999,92397
2015-01-09,1.78426,1.8012700000000001,1.78244,1.79684,96067
2015-01-12,1.79969,1.81658,1.79202,1.81589,87394
2015-01-13,1.81593,1.81685,1.80644,1.81206,106744
2015-01-14,1.81202,1.82578,1.81088,1.8196400000000001,111157
2015-01-15,1.81967,1.82453,1.7994400000000002,1.8140800000000001,124732
2015-01-16,1.8145099999999998,1.82755,1.80863,1.81497,113698
2015-01-19,1.81091,1.81789,1.80324,1.8033299999999999,86023
2015-01-20,1.80328,1.83906,1.80071,1.8337599999999998,111611
2015-01-21,1.8336999999999999,1.87344,1.8211,1.8678599999999999,118039
2015-01-22,1.86775,1.87888,1.8564,1.85779,128907
2015-01-23,1.85755,1.86719,1.85259,1.86025,127662
2015-01-26,1.86547,1.8834,1.8649200000000001,1.8794499999999998,106235
2015-01-27,1.8796300000000001,1.88907,1.87487,1.88375,116819
2015-01-28,1.88251,1.89872,1.88083,1.89679,118373
2015-01-29,1.89689,1.9060899999999998,1.8928500000000001,1.90025,98225
2015-01-30,1.90004,1.9270399999999999,1.89973,1.91543,96330
2015-02-02,1.91582,1.92443,1.88584,1.88884,95250
2015-02-03,1.88888,1.8994499999999999,1.87583,1.8821400000000001,104951
2015-02-04,1.88267,1.91852,1.8794499999999998,1.9082599999999998,99592
2015-02-05,1.90784,1.91445,1.8970099999999999,1.9055,87996
2015-02-06,1.9054,1.912,1.89039,1.9079199999999998,72399
2015-02-09,1.90786,1.9099599999999999,1.89124,1.8954,62925
2015-02-10,1.89636,1.92522,1.89589,1.91934,66505
2015-02-11,1.91926,1.93575,1.91657,1.92344,63522
2015-02-12,1.9234499999999999,1.93078,1.91017,1.9237,58461
2015-02-13,1.92367,1.9280599999999999,1.91249,1.9146999999999998,47138
2015-02-16,1.9169,1.91925,1.9115199999999999,1.9138,38594
2015-02-17,1.91356,1.91546,1.89811,1.90145,57242
2015-02-18,1.9013,1.92361,1.89991,1.92196,86189
2015-02-19,1.92201,1.93772,1.9215,1.92564,93733
2015-02-20,1.92542,1.93251,1.91063,1.9282599999999999,94492
2015-02-23,1.9277199999999999,1.9475,1.92694,1.9426299999999999,87617
2015-02-24,1.94262,1.9553099999999999,1.92875,1.92893,96678
2015-02-25,1.9289399999999999,1.9338600000000001,1.92127,1.93058,92780
2015-02-26,1.93058,1.93492,1.91989,1.9275,101468
2015-02-27,1.9275,1.93451,1.9186800000000002,1.9301,96203
2015-03-02,1.9268399999999999,1.93197,1.92012,1.9255900000000001,80709
2015-03-03,1.9255900000000001,1.92658,1.91031,1.9188100000000001,83740
2015-03-04,1.91826,1.92285,1.89289,1.89642,92271
2015-03-05,1.8964400000000001,1.90618,1.89093,1.90239,90606
2015-03-06,1.9024100000000002,1.90502,1.89005,1.89684,94435
2015-03-09,1.89713,1.9070200000000002,1.89634,1.90598,80397
2015-03-10,1.90598,1.91174,1.89946,1.90922,117515
2015-03-11,1.90923,1.91384,1.90053,1.90168,125682
2015-03-12,1.9016199999999999,1.90538,1.88638,1.88852,121908
2015-03-13,1.88856,1.89349,1.87907,1.8833,102778
2015-03-16,1.8845399999999999,1.89585,1.8843100000000002,1.8936600000000001,75175
2015-03-17,1.89351,1.89609,1.87885,1.88466,68166
2015-03-18,1.88469,1.89094,1.87049,1.88216,90132
2015-03-19,1.88224,1.89035,1.8721299999999998,1.8751,86736
2015-03-20,1.87535,1.88518,1.86639,1.87501,90588
2015-03-23,1.87792,1.8829,1.86593,1.87133,103106
2015-03-24,1.87135,1.87284,1.8537599999999999,1.8547799999999999,93082
2015-03-25,1.8547,1.86859,1.85443,1.86223,84943
2015-03-26,1.86208,1.8642400000000001,1.84744,1.85357,94615
2015-03-27,1.8536000000000001,1.87768,1.85205,1.87419,94216
2015-03-30,1.87542,1.88344,1.86848,1.87673,83878
2015-03-31,1.8766500000000002,1.8909099999999999,1.87588,1.87899,66879
2015-04-01,1.87899,1.8848,1.8651900000000001,1.87039,74308
2015-04-02,1.87033,1.87583,1.8607200000000002,1.8616700000000002,78818
2015-04-03,1.8622800000000002,1.8656000000000001,1.85334,1.8622,38091
2015-04-06,1.86056,1.8662800000000002,1.85642,1.85642,47060
2015-04-07,1.85649,1.86338,1.85134,1.85141,79072
2015-04-08,1.8514,1.87203,1.8502100000000001,1.8647,76383
2015-04-09,1.86469,1.8687,1.84985,1.84999,69873
2015-04-10,1.84995,1.85415,1.83744,1.83746,78807
2015-04-13,1.8378100000000002,1.8494899999999999,1.83696,1.8481100000000001,84855
2015-04-14,1.8481100000000001,1.85076,1.83879,1.84469,86794
2015-04-15,1.84471,1.8575300000000001,1.8214299999999999,1.82349,90130
2015-04-16,1.82338,1.8353000000000002,1.81616,1.8192599999999999,97421
2015-04-17,1.81925,1.83453,1.81434,1.83038,90972
2015-04-20,1.8265500000000001,1.82961,1.81615,1.8227799999999998,83241
2015-04-21,1.82227,1.83765,1.81766,1.8329,82858
2015-04-22,1.83308,1.8462100000000001,1.82767,1.8397700000000001,86255
2015-04-23,1.83979,1.84268,1.8254899999999998,1.82866,88329
2015-04-24,1.82778,1.8500100000000002,1.82589,1.84905,81189
2015-04-27,1.8492199999999999,1.8495,1.8335,1.84157,78652
2015-04-28,1.84003,1.84864,1.8372199999999999,1.84459,82577
2015-04-29,1.84493,1.8549600000000002,1.8428,1.8533,82975
2015-04-30,1.8531900000000001,1.86502,1.84836,1.8525800000000001,79025
2015-05-01,1.8524500000000002,1.8603,1.83956,1.84265,52423
2015-05-04,1.84039,1.84552,1.8272,1.82769,57494
2015-05-05,1.82785,1.83525,1.82252,1.83151,83992
2015-05-06,1.83113,1.83761,1.82335,1.8348200000000001,91865
2015-05-07,1.83474,1.85341,1.83107,1.8494199999999998,89238
2015-05-08,1.86789,1.87874,1.85933,1.86511,101474
2015-05-11,1.86589,1.8888099999999999,1.86443,1.88581,73191
2015-05-12,1.88583,1.89218,1.8779400000000002,1.88283,78014
2015-05-13,1.88287,1.8868200000000002,1.87168,1.88231,81267
2015-05-14,1.8822299999999998,1.89338,1.8781400000000001,1.8899599999999999,70206
2015-05-15,1.88991,1.89908,1.88764,1.8893900000000001,72246
2015-05-18,1.8897599999999999,1.90632,1.88477,1.903,66782
2015-05-19,1.90297,1.90425,1.8835199999999999,1.8964400000000001,77362
2015-05-20,1.8964400000000001,1.90463,1.89079,1.896,80797
2015-05-21,1.89601,1.91829,1.89162,1.91024,69857
2015-05-22,1.91024,1.91218,1.90117,1.9028100000000001,68917
2015-05-25,1.90008,1.90687,1.8999000000000001,1.90411,39071
2015-05-26,1.90407,1.9150800000000001,1.8995199999999999,1.91225,84497
2015-05-27,1.91232,1.91832,1.90466,1.91125,101455
2015-05-28,1.91125,1.9163999999999999,1.9021599999999999,1.9038,110202
2015-05-29,1.9038,1.91263,1.89541,1.90122,97976
2015-06-01,1.90213,1.9091900000000002,1.89646,1.9028399999999999,102420
2015-06-02,1.90269,1.91194,1.89846,1.90233,110169
2015-06-03,1.9022700000000001,1.9108399999999999,1.89516,1.9096,104576
2015-06-04,1.90976,1.92179,1.90728,1.92001,104952
2015-06-05,1.92002,1.92061,1.8976199999999999,1.89771,141676
2015-06-08,1.8986800000000001,1.90522,1.89273,1.90428,139856
2015-06-09,1.90428,1.9048,1.8844400000000001,1.89741,152564
2015-06-10,1.8974,1.90675,1.88841,1.90252,171117
2015-06-11,1.90249,1.91048,1.8964699999999999,1.90705,146414
2015-06-12,1.90705,1.9183599999999998,1.90314,1.91398,143700
2015-06-15,1.91401,1.92334,1.91227,1.92231,131917
2015-06-16,1.92231,1.9304299999999999,1.91716,1.9231,123316
2015-06-17,1.923,1.93974,1.92167,1.93525,144907
2015-06-18,1.9352399999999998,1.94368,1.92947,1.94004,145148
2015-06-19,1.93986,1.9524,1.93598,1.94757,120460
2015-06-22,1.9452500000000001,1.95048,1.93338,1.9472,119562
2015-06-23,1.94712,1.95016,1.9365,1.9385,137483
2015-06-24,1.9386,1.9506299999999999,1.93624,1.94417,135789
2015-06-25,1.94411,1.9493399999999999,1.93777,1.94056,128406
2015-06-26,1.94059,1.94888,1.93716,1.9385599999999998,118046
2015-06-29,1.9352,1.9556900000000002,1.93132,1.9513,171072
2015-06-30,1.9513,1.9663599999999999,1.9436200000000001,1.96261,158832
2015-07-01,1.96261,1.96632,1.95502,1.96532,149905
2015-07-02,1.96516,1.9720499999999999,1.95645,1.9567700000000001,125699
2015-07-03,1.95658,1.96727,1.95358,1.95611,116108
2015-07-06,1.95742,1.97651,1.9540899999999999,1.97355,140646
2015-07-07,1.9734099999999999,1.97534,1.96167,1.96384,159810
2015-07-08,1.96386,1.97023,1.95031,1.9575,158418
2015-07-09,1.95749,1.9609299999999998,1.9480300000000002,1.95369,153652
2015-07-10,1.95381,1.97834,1.9517600000000002,1.96556,148692
2015-07-13,1.96797,1.98629,1.9665,1.97254,148322
2015-07-14,1.97256,1.9956,1.96926,1.98955,146751
2015-07-15,1.9896500000000001,2.02561,1.98822,2.01861,164639
2015-07-16,2.01877,2.02478,2.01211,2.02171,155464
2015-07-17,2.02171,2.03222,2.01803,2.02422,127765
2015-07-20,2.02288,2.02712,2.01802,2.02114,127552
2015-07-21,2.02131,2.0259,2.00887,2.01264,148469
2015-07-22,2.01321,2.03877,2.01134,2.03355,139354
2015-07-23,2.03358,2.03798,2.01573,2.02194,146498
2015-07-24,2.02195,2.03132,2.01598,2.0225,128295
2015-07-27,2.02116,2.0304,2.0141,2.02808,141517
2015-07-28,2.02838,2.03221,2.01501,2.01706,144355
2015-07-29,2.01732,2.0299,2.01236,2.01958,149395
2015-07-30,2.01872,2.03566,2.01653,2.02814,150888
2015-07-31,2.02692,2.04528,2.02642,2.04333,170872
2015-08-03,2.04546,2.05823,2.04172,2.05019,147712
2015-08-04,2.05008,2.05566,2.0419,2.05209,171852
2015-08-05,2.05251,2.06281,2.04861,2.05487,182364
2015-08-06,2.05514,2.05952,2.03201,2.0329,157289
2015-08-07,2.03296,2.04001,2.0206,2.03464,163866
2015-08-10,2.03173,2.03957,2.02598,2.02598,137783
2015-08-11,2.02618,2.04772,2.02617,2.04071,167416
2015-08-12,2.04141,2.04591,2.023,2.02549,173976
2015-08-13,2.02569,2.04178,2.02486,2.03746,154109
2015-08-14,2.03781,2.04982,2.0369,2.04821,138086
2015-08-17,2.04897,2.05713,2.03589,2.03788,143895
2015-08-18,2.03817,2.05884,2.03742,2.04376,148668
2015-08-19,2.04425,2.06166,2.04223,2.0568,165927
2015-08-20,2.0577,2.06151,2.04705,2.05189,171161
2015-08-21,2.0523,2.06957,2.04678,2.06759,183424
2015-08-24,2.06632,2.09701,2.06612,2.09437,213393
2015-08-25,2.09527,2.09694,2.07793,2.09069,211202
2015-08-26,2.09154,2.09567,2.05407,2.05407,202738
2015-08-27,2.05451,2.05985,2.02842,2.0317,180781
2015-08-28,2.03233,2.04672,2.02871,2.03123,174625
2015-08-31,2.03586,2.05263,2.01268,2.01584,133761
2015-09-01,2.01472,2.03297,2.0092,2.02874,175779
2015-09-02,2.02898,2.0384,2.0052,2.02939,168087
2015-09-03,2.0295,2.03257,1.9950299999999999,2.01025,141526
2015-09-04,2.00974,2.01878,2.00643,2.01386,135772
2015-09-07,2.01115,2.03442,2.0106,2.03171,121296
2015-09-08,2.03303,2.04327,2.02648,2.03257,135826
2015-09-09,2.03274,2.03926,2.02353,2.03668,141155
2015-09-10,2.03696,2.05151,2.02693,2.0463,180834
2015-09-11,2.04547,2.05062,2.03978,2.04588,138704
2015-09-14,2.04369,2.04876,2.03645,2.04471,122586
2015-09-15,2.04462,2.04702,2.02999,2.03268,129253
2015-09-16,2.0323,2.05046,2.02586,2.03983,122889
2015-09-17,2.03939,2.05584,2.03939,2.05462,137392
2015-09-18,2.05425,2.05465,2.03377,2.05195,159107
2015-09-21,2.05305,2.05574,2.04502,2.0550100000000002,130932
2015-09-22,2.05485,2.05582,2.03664,2.03877,128711
2015-09-23,2.03788,2.04029,2.01986,2.02992,138174
2015-09-24,2.03001,2.04378,2.02567,2.02727,152168
2015-09-25,2.02672,2.03283,2.01696,2.02314,139623
2015-09-28,2.02522,2.03259,2.02249,2.0319,122898
2015-09-29,2.03187,2.03967,2.02593,2.03299,143966
2015-09-30,2.03306,2.03722,2.01209,2.01332,147381
2015-10-01,2.01532,2.01629,2.00377,2.00737,143032
2015-10-02,2.00707,2.01519,1.9953400000000001,1.99587,137535
2015-10-05,1.99709,2.00101,1.98075,1.98141,167109
2015-10-06,1.98076,1.99199,1.9802300000000002,1.98399,138857
2015-10-07,1.9838,2.00251,1.98304,1.99933,149147
2015-10-08,1.99951,2.00284,1.9911699999999999,1.99719,146321
2015-10-09,1.9970599999999998,1.9981499999999999,1.97744,1.98338,156176
2015-10-12,1.9842300000000002,1.99675,1.97954,1.99464,124803
2015-10-13,1.9946199999999998,2.00471,1.97309,1.98787,154089
2015-10-14,1.9874399999999999,2.00841,1.98505,2.00158,160237
2015-10-15,2.00118,2.00246,1.97127,1.9904899999999999,149715
2015-10-16,1.9858,1.99825,1.9858,1.99343,136355
2015-10-19,1.99213,2.01477,1.99187,2.01349,118917
2015-10-20,2.01257,2.01928,2.0,2.00369,134552
2015-10-21,2.00405,2.02857,2.00236,2.02576,142807
2015-10-22,2.02425,2.03306,2.01333,2.01422,167614
2015-10-23,2.01482,2.02597,2.00802,2.0155,158240
2015-10-26,2.01533,2.02221,2.01372,2.01963,126681
2015-10-27,2.01973,2.03157,2.01899,2.02989,135284
2015-10-28,2.02985,2.03242,2.00568,2.01449,149190
2015-10-29,2.01441,2.02016,2.00847,2.01591,140113
2015-10-30,2.01593,2.02629,2.014,2.01692,143588
2015-11-02,2.01935,2.03043,2.01541,2.01826,125334
2015-11-03,2.01839,2.02325,2.01049,2.0136,130664
2015-11-04,2.01341,2.02642,2.01117,2.02275,134313
2015-11-05,2.02264,2.02756,2.00023,2.00223,146340
2015-11-06,2.00154,2.00629,1.9919799999999999,2.00111,134608
2015-11-09,2.00119,2.00853,1.99857,2.00768,124897
2015-11-10,2.0067,2.00905,2.00072,2.00639,129702
2015-11-11,2.00636,2.02006,2.00588,2.01737,124152
2015-11-12,2.01741,2.02924,2.01341,2.02371,153339
2015-11-13,2.02304,2.03042,2.01894,2.02922,127224
2015-11-16,2.02454,2.03239,2.01983,2.02537,131966
2015-11-17,2.02602,2.02884,2.01971,2.02623,135607
2015-11-18,2.02589,2.03433,2.02209,2.026,129523
2015-11-19,2.02592,2.03474,2.01944,2.03088,143520
2015-11-20,2.03091,2.03599,2.02282,2.02719,135549
2015-11-23,2.02385,2.03405,2.01907,2.02092,150124
2015-11-24,2.0211,2.02128,2.00114,2.00605,151685
2015-11-25,2.00617,2.01464,2.00278,2.01001,143039
2015-11-26,2.00998,2.01249,2.00505,2.00703,129449
2015-11-27,2.00665,2.01275,2.00323,2.00947,124961
2015-11-30,2.00844,2.01343,2.00212,2.01142,126779
2015-12-01,2.01143,2.01786,2.00543,2.01423,151773
2015-12-02,2.01398,2.01522,1.99221,1.99423,152755
2015-12-03,1.9941,2.02345,1.98481,2.02222,178876
2015-12-04,2.02136,2.02822,2.01326,2.01759,174158
2015-12-07,2.01954,2.03756,2.01803,2.03186,129456
2015-12-08,2.03182,2.04242,2.02951,2.0383,154241
2015-12-09,2.03787,2.06437,2.03624,2.06057,155733
2015-12-10,2.05958,2.06768,2.04701,2.06497,153986
2015-12-11,2.06459,2.09488,2.06452,2.09327,148418
2015-12-14,2.08851,2.09089,2.07013,2.07828,184655
2015-12-15,2.07821,2.08328,2.06108,2.06448,168369
2015-12-16,2.0644,2.07862,2.06232,2.06719,159080
2015-12-17,2.06719,2.08037,2.05997,2.07641,155228
2015-12-18,2.07555,2.08623,2.06524,2.07759,156910
2015-12-21,2.07511,2.08613,2.0724299999999998,2.07697,142728
2015-12-22,2.07636,2.07874,2.06154,2.06351,131123
2015-12-23,2.06328,2.07484,2.05721,2.05975,128256
2015-12-24,2.05843,2.07026,2.05459,2.06845,73099
2015-12-28,2.06079,2.07285,2.05972,2.0685000000000002,93026
2015-12-29,2.06791,2.07025,2.04585,2.0506,119149
2015-12-30,2.04935,2.06712,2.04935,2.05556,118814
2015-12-31,2.05515,2.06158,2.03662,2.037,92918
2016-01-04,2.03488,2.05908,2.03488,2.05302,170037
2016-01-05,2.05203,2.05456,2.04211,2.05337,154637
2016-01-06,2.05278,2.06597,2.04866,2.059,179775
2016-01-07,2.0584,2.0674,2.04683,2.06271,212299
2016-01-08,2.06159,2.06545,2.04773,2.05703,191380
2016-01-11,2.05709,2.07422,2.05209,2.0667,147791
2016-01-12,2.0663,2.07213,2.04371,2.05986,180664
2016-01-13,2.05895,2.07689,2.04535,2.06563,196609
2016-01-14,2.06495,2.07546,2.06425,2.07009,206955
2016-01-15,2.06913,2.09206,2.06785,2.07175,195678
2016-01-18,2.0806,2.08126,2.06879,2.07297,178878
2016-01-19,2.07286,2.07554,2.04986,2.0635,210626
2016-01-20,2.06286,2.07949,2.05067,2.05789,240929
2016-01-21,2.0575,2.06142,2.02014,2.02845,246888
2016-01-22,2.02808,2.0338,2.01319,2.01359,222283
2016-01-25,2.01672,2.03601,2.01472,2.03578,220628
2016-01-26,2.03578,2.03699,2.01428,2.02552,233629
2016-01-27,2.02492,2.02727,1.99936,2.00605,236023
2016-01-28,2.00626,2.02766,2.00194,2.01372,254215
2016-01-29,2.0137,2.01852,1.9870100000000002,1.98955,265285
2016-02-01,1.98888,2.01744,1.98814,2.01239,224342
2016-02-02,2.01145,2.02909,2.01007,2.02454,230157
2016-02-03,2.02448,2.031,2.00853,2.01132,247879
2016-02-04,2.01045,2.01283,1.98874,2.00599,256985
2016-02-05,2.00596,2.01803,1.99195,2.01731,214418
2016-02-08,2.01211,2.01694,2.00179,2.00902,237585
2016-02-09,2.00901,2.01318,1.98861,2.00626,264306
2016-02-10,2.0049,2.02541,2.00127,2.02075,251983
2016-02-11,2.02077,2.02882,2.00761,2.01702,275626
2016-02-12,2.01726,2.02633,1.99838,2.00604,246789
2016-02-15,2.00673,2.01117,1.99299,1.9958,191160
2016-02-16,1.9965600000000001,2.00328,1.97904,1.98261,237274
2016-02-17,1.9830100000000002,1.98559,1.95271,1.95272,247006
2016-02-18,1.9536799999999999,1.97313,1.95012,1.9669400000000001,237208
2016-02-19,1.96655,1.9832,1.964,1.98228,216827
2016-02-22,1.96435,1.9715799999999999,1.92632,1.93885,241234
2016-02-23,1.9386100000000002,1.94916,1.9268,1.9334799999999999,243091
2016-02-24,1.93259,1.93472,1.90511,1.90728,258084
2016-02-25,1.90735,1.91453,1.8870200000000001,1.8884699999999999,238008
2016-02-26,1.88819,1.89811,1.8726,1.87297,237826
2016-02-29,1.87178,1.8891,1.87178,1.88283,246047
2016-03-01,1.8837199999999998,1.89424,1.86726,1.87,237183
2016-03-02,1.86993,1.89788,1.86862,1.88849,226559
2016-03-03,1.8881700000000001,1.90197,1.88559,1.89934,214866
2016-03-04,1.8988399999999999,1.90766,1.89131,1.89331,217290
2016-03-07,1.89523,1.89787,1.8867099999999999,1.89411,181104
2016-03-08,1.89276,1.90761,1.88941,1.90588,193146
2016-03-09,1.90588,1.9080300000000001,1.88184,1.8827500000000001,188670
2016-03-10,1.88287,1.91605,1.87477,1.9050500000000001,206101
2016-03-11,1.9053200000000001,1.90777,1.88862,1.89937,174742
2016-03-14,1.9009,1.90719,1.89436,1.89673,165394
2016-03-15,1.89688,1.90466,1.88727,1.88899,180791
2016-03-16,1.88913,1.89043,1.8633,1.86943,186116
2016-03-17,1.8694600000000001,1.88863,1.8507500000000001,1.8789099999999999,204747
2016-03-18,1.87933,1.88751,1.87331,1.8816199999999998,175361
2016-03-21,1.88314,1.8887,1.8758599999999999,1.88191,174542
2016-03-22,1.88191,1.88233,1.8508200000000001,1.85371,182688
2016-03-23,1.8537599999999999,1.86666,1.8504399999999999,1.86403,180066
2016-03-24,1.86402,1.87889,1.8624800000000001,1.87381,176423
2016-03-25,1.87381,1.8773499999999999,1.86748,1.8733300000000002,61375
2016-03-28,1.87419,1.88487,1.87123,1.879,108626
2016-03-29,1.8789799999999999,1.88496,1.8745699999999998,1.88,185381
2016-03-30,1.87921,1.88235,1.8617,1.8637700000000001,214198
2016-03-31,1.8633899999999999,1.86902,1.84731,1.8673600000000001,201138
2016-04-01,1.86674,1.87218,1.84894,1.84993,198244
2016-04-04,1.85128,1.86818,1.85047,1.86611,171643
2016-04-05,1.86491,1.8736000000000002,1.8592499999999998,1.8596,195507
2016-04-06,1.85957,1.86075,1.84284,1.84765,197662
2016-04-07,1.8473600000000001,1.85714,1.83759,1.84699,200360
2016-04-08,1.84663,1.84965,1.82847,1.83283,187945
2016-04-11,1.83197,1.85007,1.83084,1.83622,197967
2016-04-12,1.8357999999999999,1.84458,1.81931,1.82149,197342
2016-04-13,1.82085,1.8245900000000002,1.81179,1.81969,210873
2016-04-14,1.8193700000000002,1.8217400000000001,1.8110300000000001,1.81718,188409
2016-04-15,1.81717,1.83026,1.81167,1.81935,166306
2016-04-18,1.83693,1.84062,1.82422,1.82467,183027
2016-04-19,1.8243,1.8315000000000001,1.81803,1.82369,189050
2016-04-20,1.82267,1.8282699999999998,1.8109600000000001,1.81308,204902
2016-04-21,1.81271,1.82786,1.81012,1.82354,182622
2016-04-22,1.823,1.83213,1.8188499999999999,1.82055,186979
2016-04-25,1.82989,1.84049,1.8274599999999999,1.8356400000000002,175734
2016-04-26,1.8354300000000001,1.8502100000000001,1.8344200000000002,1.83697,177511
2016-04-27,1.83693,1.84263,1.83091,1.8313899999999999,172976
2016-04-28,1.83109,1.83407,1.8260800000000001,1.8331,194686
2016-04-29,1.8330899999999999,1.83742,1.8237,1.8330899999999999,197817
2016-05-02,1.83098,1.84074,1.8286799999999999,1.83785,157635
2016-05-03,1.83815,1.85093,1.83481,1.84896,206683
2016-05-04,1.8483100000000001,1.86695,1.8431600000000001,1.86467,194829
2016-05-05,1.86467,1.86609,1.8548900000000001,1.8615300000000001,172290
2016-05-06,1.86109,1.87176,1.8590200000000001,1.86029,177060
2016-05-09,1.8656700000000002,1.8730099999999998,1.86009,1.86707,163626
2016-05-10,1.86713,1.87466,1.86353,1.86423,164751
2016-05-11,1.86355,1.8689,1.85468,1.85616,154186
2016-05-12,1.85621,1.86121,1.8485399999999998,1.85569,158109
2016-05-13,1.8558599999999998,1.85989,1.85032,1.85621,148981
2016-05-16,1.85587,1.8605800000000001,1.85141,1.85676,128823
2016-05-17,1.85643,1.87424,1.85544,1.86636,155700
2016-05-18,1.86489,1.90211,1.86475,1.90211,186660
2016-05-19,1.90222,1.92062,1.89926,1.91302,181526
2016-05-20,1.9116900000000001,1.91299,1.9007800000000001,1.90141,147864
2016-05-23,1.89988,1.90944,1.8995199999999999,1.903,141214
2016-05-24,1.90248,1.92449,1.9020899999999998,1.91995,156852
2016-05-25,1.92038,1.9300000000000002,1.9119899999999999,1.91318,159273
2016-05-26,1.91225,1.91608,1.8986399999999999,1.90334,150040
2016-05-27,1.9030399999999998,1.9125999999999999,1.90161,1.9038599999999999,135320
2016-05-30,1.90246,1.91414,1.90171,1.90974,97687
2016-05-31,1.90943,1.91677,1.89447,1.89539,170661
2016-06-01,1.89574,1.89676,1.88198,1.8845800000000001,179826
2016-06-02,1.88466,1.8982,1.88353,1.88859,166485
2016-06-03,1.88816,1.88978,1.8750200000000001,1.8773499999999999,165792
2016-06-06,1.8708900000000002,1.8749099999999999,1.84998,1.8502399999999999,175139
2016-06-07,1.84978,1.87903,1.84945,1.85192,159750
2016-06-08,1.85178,1.85545,1.83997,1.8402699999999999,155844
2016-06-09,1.8402500000000002,1.8487200000000001,1.8347,1.83879,153007
2016-06-10,1.83857,1.84265,1.81181,1.8208600000000001,155815
2016-06-13,1.8237,1.83331,1.80304,1.83135,178552
2016-06-14,1.82908,1.83034,1.81095,1.81563,170748
2016-06-15,1.81699,1.83628,1.81237,1.8339400000000001,165223
2016-06-16,1.83323,1.84356,1.82987,1.8409499999999999,181206
2016-06-17,1.8409499999999999,1.85147,1.8335,1.8506399999999998,163546
2016-06-20,1.85716,1.88337,1.85556,1.8794499999999998,177677
2016-06-21,1.8794499999999998,1.88782,1.87232,1.87765,162921
2016-06-22,1.87724,1.89103,1.87119,1.8876300000000001,156708
2016-06-23,1.88814,1.90575,1.88116,1.8949,182223
2016-06-24,1.8980299999999999,1.9126400000000001,1.72425,1.7744499999999999,241067
2016-06-27,1.7505199999999999,1.75735,1.71399,1.72907,232689
2016-06-28,1.72838,1.74786,1.72403,1.73718,162989
2016-06-29,1.73644,1.7590599999999998,1.73157,1.73668,157418
2016-06-30,1.73684,1.7476,1.7147000000000001,1.71987,200801
2016-07-01,1.72005,1.73137,1.7090800000000002,1.71171,150707
2016-07-04,1.70943,1.71582,1.70404,1.7065299999999999,118018
2016-07-05,1.70518,1.70933,1.68282,1.69002,172730
2016-07-06,1.6899899999999999,1.6915499999999999,1.66926,1.6753,214466
2016-07-07,1.6747100000000001,1.68764,1.66903,1.67744,189515
2016-07-08,1.67757,1.69714,1.67458,1.68868,167459
2016-07-11,1.68845,1.70763,1.68259,1.70457,184770
2016-07-12,1.70279,1.72802,1.7001,1.72725,198111
2016-07-13,1.7260900000000001,1.74123,1.70357,1.7055799999999999,194665
2016-07-14,1.70537,1.74167,1.69888,1.71948,197959
2016-07-15,1.7186,1.7370100000000002,1.7032,1.71063,186557
2016-07-18,1.70594,1.72906,1.70509,1.71553,151469
2016-07-19,1.7151100000000001,1.72017,1.70262,1.70624,160245
2016-07-20,1.7069,1.72591,1.70294,1.72371,153898
2016-07-21,1.72398,1.7339,1.71632,1.7313800000000001,170369
2016-07-22,1.7306599999999999,1.7451699999999999,1.70986,1.72055,166962
2016-07-25,1.7246899999999998,1.73779,1.72163,1.73647,135438
2016-07-26,1.73597,1.73919,1.7253699999999998,1.73099,154239
2016-07-27,1.7305899999999999,1.74447,1.724,1.74362,163590
2016-07-28,1.74318,1.74407,1.72807,1.73148,150294
2016-07-29,1.73137,1.73906,1.72299,1.72376,168335
2016-08-01,1.72183,1.73075,1.7202,1.7289400000000001,128245
2016-08-02,1.7284199999999998,1.7510400000000002,1.7271100000000001,1.75023,158345
2016-08-03,1.75035,1.7543,1.7392699999999999,1.7404899999999999,151236
2016-08-04,1.74061,1.7450700000000001,1.70426,1.7059199999999999,162462
2016-08-05,1.70613,1.72478,1.70425,1.7206700000000001,140423
2016-08-08,1.72235,1.7251699999999999,1.7124000000000001,1.7159499999999999,121966
2016-08-09,1.71479,1.71752,1.70086,1.70519,134922
2016-08-10,1.7053500000000001,1.71054,1.69531,1.6977799999999998,144703
2016-08-11,1.69764,1.7006999999999999,1.67838,1.68263,141149
2016-08-12,1.6829800000000001,1.68581,1.67097,1.6731,131657
2016-08-15,1.6724999999999999,1.6775799999999998,1.6604299999999999,1.66384,119384
2016-08-16,1.66354,1.67793,1.66076,1.67759,164900
2016-08-17,1.67764,1.6820599999999999,1.67169,1.67466,148223
2016-08-18,1.6745299999999999,1.68799,1.67187,1.68254,155451
2016-08-19,1.6826400000000001,1.68581,1.67347,1.6815799999999999,143501
2016-08-22,1.68105,1.70215,1.67935,1.7003,140997
2016-08-23,1.70035,1.70509,1.69524,1.7037900000000001,142710
2016-08-24,1.70296,1.71555,1.7023899999999998,1.71015,145715
2016-08-25,1.71013,1.71343,1.70236,1.70408,127490
2016-08-26,1.70363,1.7086700000000001,1.69722,1.70572,159199
2016-08-29,1.70417,1.7092,1.69971,1.70472,130122
2016-08-30,1.70471,1.7153100000000001,1.7024,1.71306,145333
2016-08-31,1.71216,1.72558,1.7113,1.72138,160829
2016-09-01,1.72159,1.74532,1.7204199999999998,1.73799,160546
2016-09-02,1.73634,1.74212,1.72427,1.72427,166583
2016-09-05,1.7259,1.7284899999999999,1.71753,1.71913,124946
2016-09-06,1.71773,1.72986,1.71773,1.72587,153079
2016-09-07,1.72569,1.72647,1.71293,1.71835,161006
2016-09-08,1.71852,1.72113,1.7140900000000001,1.7193399999999999,170296
2016-09-09,1.71922,1.73122,1.71773,1.7285,160745
2016-09-12,1.73029,1.74396,1.72791,1.73855,167735
2016-09-13,1.73846,1.7443499999999998,1.7326700000000002,1.73766,187823
2016-09-14,1.7367599999999999,1.7474699999999999,1.7315399999999999,1.74601,171757
2016-09-15,1.7452,1.7522600000000002,1.73282,1.74124,174269
2016-09-16,1.74102,1.74301,1.71682,1.71716,158608
2016-09-19,1.7178200000000001,1.72373,1.7135,1.71974,149680
2016-09-20,1.71977,1.72393,1.7104300000000001,1.71279,172617
2016-09-21,1.71216,1.71571,1.7065299999999999,1.70701,196106
2016-09-22,1.70627,1.70947,1.6991800000000001,1.7048999999999999,178952
2016-09-23,1.70356,1.7080600000000001,1.6888800000000002,1.7064,173237
2016-09-26,1.70587,1.71756,1.70103,1.7157,137223
2016-09-27,1.7157200000000001,1.72355,1.70861,1.71792,179379
2016-09-28,1.71815,1.72343,1.70204,1.70214,199943
2016-09-29,1.7021199999999999,1.70846,1.69734,1.7040600000000001,207406
2016-09-30,1.70335,1.70936,1.6983899999999998,1.70268,194745
2016-10-03,1.69228,1.6985999999999999,1.6815600000000002,1.68432,169333
2016-10-04,1.6836,1.68783,1.67432,1.67868,208001
2016-10-05,1.67786,1.68459,1.67305,1.67915,178393
2016-10-06,1.67876,1.68134,1.66543,1.6672500000000001,180781
2016-10-07,1.6665,1.66812,1.52874,1.65224,257937
2016-10-10,1.6399,1.64924,1.62511,1.6283400000000001,157713
2016-10-11,1.62766,1.6294,1.60267,1.60805,220466
2016-10-12,1.6071499999999999,1.6282299999999998,1.60465,1.6199,228467
2016-10-13,1.61775,1.62119,1.6111900000000001,1.6159400000000002,172754
2016-10-14,1.6162100000000001,1.6170900000000001,1.5976599999999999,1.5976599999999999,191975
2016-10-17,1.59462,1.60579,1.59362,1.59898,162430
2016-10-18,1.59886,1.61695,1.59802,1.61166,167553
2016-10-19,1.61161,1.6139299999999999,1.59853,1.61112,162827
2016-10-20,1.61057,1.62135,1.6096,1.6206399999999999,159835
2016-10-21,1.62029,1.6324100000000001,1.61008,1.62854,152866
2016-10-24,1.62825,1.63615,1.62526,1.62538,150888
2016-10-25,1.6253,1.6322999999999999,1.61233,1.62716,178148
2016-10-26,1.62642,1.63868,1.62264,1.6383100000000002,173316
2016-10-27,1.63726,1.6395,1.627,1.6274600000000001,186087
2016-10-28,1.62698,1.6370900000000002,1.62124,1.63032,197707
2016-10-31,1.6339000000000001,1.6434199999999999,1.6267,1.64126,168514
2016-11-01,1.6413,1.6436,1.63195,1.6387,170502
2016-11-02,1.63811,1.65238,1.6370200000000001,1.64643,189667
2016-11-03,1.6463999999999999,1.6725400000000001,1.6459899999999998,1.66946,199466
2016-11-04,1.66953,1.68506,1.66882,1.6757300000000002,182245
2016-11-07,1.6601,1.6717300000000002,1.6555900000000001,1.65639,160850
2016-11-08,1.6556199999999999,1.66231,1.64269,1.6452,157724
2016-11-09,1.6445400000000001,1.69627,1.63944,1.66467,312822
2016-11-10,1.66445,1.69332,1.66182,1.69031,249407
2016-11-11,1.68936,1.71174,1.6880199999999999,1.7021600000000001,245727
2016-11-14,1.69638,1.70401,1.68821,1.69259,248134
2016-11-15,1.6922000000000001,1.69505,1.66797,1.67472,218218
2016-11-16,1.67309,1.68084,1.66662,1.67239,206302
2016-11-17,1.6724,1.6802000000000001,1.66649,1.67784,190778
2016-11-18,1.67574,1.68361,1.66308,1.66428,219572
2016-11-21,1.66521,1.6827299999999998,1.6566100000000001,1.67549,193182
2016-11-22,1.6762899999999998,1.6768999999999998,1.6608800000000001,1.6694,185792
2016-11-23,1.66815,1.68064,1.6622,1.6768399999999999,175690
2016-11-24,1.67648,1.6848,1.6745999999999999,1.67875,144452
2016-11-25,1.67834,1.68885,1.6738,1.68471,171056
2016-11-28,1.68056,1.68754,1.66188,1.66462,182453
2016-11-29,1.66306,1.68392,1.6621299999999999,1.6772,169908
2016-11-30,1.6776200000000001,1.68205,1.6611799999999999,1.6801,204335
2016-12-01,1.6795900000000001,1.69788,1.67111,1.67625,195407
2016-12-02,1.67527,1.69245,1.67188,1.6893500000000001,174162
2016-12-05,1.6843,1.6970399999999999,1.67556,1.68891,205713
2016-12-06,1.68821,1.69834,1.68087,1.6827,160290
2016-12-07,1.68224,1.68383,1.6673900000000001,1.67076,149705
2016-12-08,1.66995,1.679,1.65739,1.65924,175685
2016-12-09,1.65818,1.6634799999999998,1.6532,1.65679,147955
2016-12-12,1.65404,1.6683599999999998,1.64933,1.66391,159006
2016-12-13,1.6638,1.66973,1.66024,1.66153,154081
2016-12-14,1.66128,1.6748699999999999,1.65637,1.66859,186905
2016-12-15,1.66727,1.67238,1.65529,1.65536,237501
2016-12-16,1.6562299999999999,1.66905,1.65137,1.66367,183413
2016-12-19,1.6632500000000001,1.66903,1.65384,1.66154,153068
2016-12-20,1.66106,1.66352,1.6484999999999999,1.6529,160658
2016-12-21,1.65237,1.658,1.64844,1.6562700000000001,138577
2016-12-22,1.65536,1.66581,1.6547,1.65502,152471
2016-12-23,1.65423,1.66369,1.65183,1.66308,125729
2016-12-26,1.6605699999999999,1.66103,1.60854,1.65848,15284
2016-12-27,1.65727,1.66635,1.6554799999999998,1.66517,85254
2016-12-28,1.66395,1.66872,1.65381,1.65734,127950
2016-12-29,1.65619,1.6596600000000001,1.6476199999999999,1.6547399999999999,148813
2016-12-30,1.65415,1.6644,1.65253,1.6552,187713
2017-01-02,1.65419,1.65953,1.64654,1.64897,93729
2017-01-03,1.6477,1.65354,1.63879,1.6426500000000002,177796
2017-01-04,1.64222,1.64975,1.6328200000000002,1.6386699999999998,201111
2017-01-05,1.63674,1.64431,1.63147,1.64153,240705
2017-01-06,1.6406399999999999,1.6436600000000001,1.62297,1.62519,198077
2017-01-09,1.62137,1.62514,1.60334,1.6064500000000002,185960
2017-01-10,1.60675,1.61162,1.60038,1.61087,202705
2017-01-11,1.60999,1.6143100000000001,1.59661,1.6093600000000001,238400
2017-01-12,1.60826,1.61124,1.59478,1.59815,239691
2017-01-13,1.59735,1.60741,1.59436,1.59503,210786
2017-01-16,1.5746,1.58868,1.57349,1.58613,190218
2017-01-17,1.5861100000000001,1.61931,1.58232,1.6185800000000001,262639
2017-01-18,1.61731,1.6294,1.60687,1.62609,242079
2017-01-19,1.62643,1.64358,1.62431,1.64329,238039
2017-01-20,1.64284,1.64873,1.63814,1.64608,228897
2017-01-23,1.64743,1.66191,1.6466699999999999,1.65869,218234
2017-01-24,1.65831,1.66266,1.64062,1.6469,223273
2017-01-25,1.64632,1.6542599999999998,1.64208,1.65063,221291
2017-01-26,1.65042,1.65821,1.64472,1.6475499999999998,222676
2017-01-27,1.6484100000000002,1.65064,1.64127,1.64962,191379
2017-01-30,1.6514199999999999,1.65457,1.6317599999999999,1.6372,191251
2017-01-31,1.6375199999999999,1.64198,1.62612,1.63836,233003
2017-02-01,1.63856,1.65579,1.638,1.65107,220890
2017-02-02,1.65086,1.65204,1.62853,1.63125,218398
2017-02-03,1.6308099999999999,1.6335199999999999,1.62188,1.62458,206535
2017-02-06,1.62487,1.6361599999999998,1.6214300000000001,1.63052,190132
2017-02-07,1.62975,1.6516899999999999,1.62675,1.64862,210743
2017-02-08,1.64825,1.65038,1.64063,1.64802,203931
2017-02-09,1.64711,1.65171,1.63997,1.6421000000000001,188543
2017-02-10,1.64119,1.6455,1.62772,1.6312,185543
2017-02-13,1.63028,1.64153,1.62939,1.6368200000000002,171806
2017-02-14,1.63655,1.63764,1.62337,1.62962,197667
2017-02-15,1.6286100000000001,1.63185,1.6221299999999998,1.6290200000000001,200327
2017-02-16,1.62876,1.6343800000000002,1.62662,1.63201,184581
2017-02-17,1.63158,1.63418,1.62058,1.62249,171695
2017-02-20,1.62454,1.63593,1.62348,1.6322100000000002,124317
2017-02-21,1.63174,1.64056,1.6292900000000001,1.63891,170936
2017-02-22,1.63805,1.64462,1.6357300000000001,1.63868,179913
2017-02-23,1.6375199999999999,1.64584,1.63353,1.64492,162378
2017-02-24,1.64425,1.6468500000000001,1.62893,1.62893,166914
2017-02-27,1.6331799999999999,1.63992,1.62361,1.6396199999999999,179475
2017-02-28,1.63896,1.6501700000000001,1.6349399999999998,1.64649,177659
2017-03-01,1.6457199999999998,1.65107,1.63463,1.63788,202696
2017-03-02,1.63798,1.64506,1.63654,1.64272,172712
2017-03-03,1.6417899999999999,1.6456,1.63727,1.64241,176709
2017-03-06,1.64282,1.6465,1.6391200000000001,1.64035,158496
2017-03-07,1.63961,1.64117,1.6327,1.63598,161846
2017-03-08,1.63511,1.642,1.6312799999999998,1.64079,182169
2017-03-09,1.64009,1.64832,1.63871,1.6432,217106
2017-03-10,1.64222,1.64318,1.63267,1.6363400000000001,195379
2017-03-13,1.63724,1.64665,1.6362,1.6425999999999998,176797
2017-03-14,1.64243,1.6431499999999999,1.6302699999999999,1.63857,175610
2017-03-15,1.63852,1.6493799999999998,1.63269,1.63392,195266
2017-03-16,1.63392,1.64946,1.62885,1.64517,208823
2017-03-17,1.64513,1.65462,1.64324,1.65274,167893
2017-03-20,1.65346,1.6579700000000002,1.64747,1.6499700000000002,161623
2017-03-21,1.64991,1.66776,1.6481599999999998,1.66496,195944
2017-03-22,1.66492,1.67109,1.6614,1.6634799999999998,187418
2017-03-23,1.6633499999999999,1.67229,1.66185,1.67115,165733
2017-03-24,1.67104,1.67298,1.66571,1.66588,149286
2017-03-27,1.6680000000000001,1.6887400000000001,1.66656,1.67936,164611
2017-03-28,1.67881,1.68791,1.66353,1.6661700000000002,152531
2017-03-29,1.66474,1.66726,1.65525,1.65644,174190
2017-03-30,1.65652,1.66534,1.65347,1.66266,160922
2017-03-31,1.6623700000000001,1.67235,1.65637,1.66845,167897
2017-04-03,1.6680000000000001,1.67615,1.66581,1.67009,141257
2017-04-04,1.66968,1.6745700000000001,1.66288,1.66669,144515
2017-04-05,1.66662,1.67784,1.66441,1.6764700000000001,150112
2017-04-06,1.6760199999999998,1.6799300000000001,1.67113,1.67204,125278
2017-04-07,1.6719300000000001,1.67367,1.65491,1.65614,156799
2017-04-10,1.65832,1.6633499999999999,1.65355,1.65387,117751
2017-04-11,1.6533799999999998,1.6671200000000002,1.65133,1.66412,134884
2017-04-12,1.66384,1.6679599999999999,1.6570399999999998,1.66119,160298
2017-04-13,1.6593,1.66778,1.65563,1.66602,144838
2017-04-14,1.66658,1.66961,1.66428,1.66693,90116
2017-04-17,1.66756,1.6737600000000001,1.66605,1.6724,95955
2017-04-18,1.6720199999999998,1.72776,1.67007,1.71766,183498
2017-04-19,1.7170999999999998,1.7279200000000001,1.71668,1.72274,161358
2017-04-20,1.72242,1.7338200000000001,1.7213500000000002,1.72545,144546
2017-04-21,1.72475,1.72995,1.71838,1.72649,130011
2017-04-24,1.72541,1.7305000000000001,1.71661,1.72705,151606
2017-04-25,1.72716,1.7489400000000002,1.72617,1.74226,155269
2017-04-26,1.74112,1.75028,1.7378200000000001,1.74981,163756
2017-04-27,1.7490700000000001,1.764,1.74071,1.75887,169889
2017-04-28,1.7582900000000001,1.77148,1.75621,1.7667000000000002,166300
2017-05-01,1.76512,1.76827,1.7617099999999999,1.76253,97718
2017-05-02,1.7617099999999999,1.77735,1.7574800000000002,1.77349,139258
2017-05-03,1.7734100000000002,1.77671,1.7644199999999999,1.76648,152144
2017-05-04,1.76555,1.7793,1.76217,1.7759399999999999,157834
2017-05-05,1.77591,1.78515,1.76985,1.7712400000000001,165831
2017-05-08,1.77236,1.77691,1.76739,1.7715999999999998,153781
2017-05-09,1.7715999999999998,1.77901,1.76641,1.77409,160835
2017-05-10,1.77353,1.78146,1.76486,1.7665199999999999,160623
2017-05-11,1.7665199999999999,1.77813,1.7610999999999999,1.76465,161438
2017-05-12,1.76465,1.7694299999999998,1.7601499999999999,1.76505,144027
2017-05-15,1.7641200000000001,1.7679200000000002,1.75637,1.75746,160772
2017-05-16,1.75743,1.76502,1.75272,1.75701,163563
2017-05-17,1.75698,1.76922,1.75324,1.76422,177131
2017-05-18,1.7642600000000002,1.7818100000000001,1.75525,1.75932,212826
2017-05-19,1.7593,1.77085,1.7564899999999999,1.75973,152006
2017-05-22,1.7563499999999999,1.76002,1.7518,1.75518,136029
2017-05-23,1.75518,1.75605,1.74454,1.7512400000000001,165625
2017-05-24,1.75098,1.75674,1.73719,1.73899,162193
2017-05-25,1.73898,1.7458200000000001,1.7356099999999999,1.74479,158120
2017-05-26,1.7448299999999999,1.74635,1.7187299999999999,1.7187299999999999,154933
2017-05-29,1.72028,1.72899,1.71914,1.72663,94081
2017-05-30,1.72568,1.7371699999999999,1.7237,1.7302499999999998,133063
2017-05-31,1.73018,1.7448000000000001,1.71712,1.7399,164942
2017-06-01,1.73989,1.74281,1.7302499999999998,1.74041,151991
2017-06-02,1.74038,1.7433100000000001,1.73609,1.73623,140728
2017-06-05,1.7339099999999998,1.74628,1.7326899999999998,1.7380900000000001,122157
2017-06-06,1.73685,1.74133,1.7319,1.73686,130306
2017-06-07,1.73573,1.75232,1.73205,1.7505899999999999,144330
2017-06-08,1.7505899999999999,1.75324,1.74134,1.74885,150460
2017-06-12,1.7097099999999998,1.71678,1.68526,1.68624,142825
2017-06-13,1.68628,1.6912500000000001,1.67938,1.68842,148743
2017-06-14,1.68842,1.6927699999999999,1.67835,1.68889,187821
2017-06-15,1.68855,1.69915,1.68195,1.69207,162041
2017-06-16,1.69207,1.6962199999999998,1.68547,1.68594,132003
2017-06-19,1.68555,1.69617,1.6793900000000002,1.68331,134313
2017-06-20,1.68331,1.686,1.67203,1.67486,142270
2017-06-21,1.67407,1.68979,1.67269,1.68896,150959
2017-06-22,1.68896,1.69123,1.67245,1.67807,132631
2017-06-23,1.67807,1.6924299999999999,1.6764299999999999,1.68455,121581
2017-06-26,1.68862,1.69154,1.6825299999999999,1.6850800000000001,124710
2017-06-27,1.68403,1.69262,1.6833200000000001,1.69054,149821
2017-06-28,1.6905000000000001,1.69736,1.67631,1.68561,182928
2017-06-29,1.68495,1.69372,1.6846,1.6907,152511
2017-06-30,1.6899,1.69136,1.68033,1.68713,139265
2017-07-03,1.68593,1.69045,1.67906,1.68249,124819
2017-07-04,1.6822599999999999,1.6844999999999999,1.6682299999999999,1.6709399999999999,127442
2017-07-05,1.6696900000000001,1.68133,1.6686800000000002,1.67572,145797
2017-07-06,1.67455,1.68316,1.67195,1.68285,135704
2017-07-07,1.68285,1.6853,1.65626,1.65907,136957
2017-07-10,1.6577,1.66623,1.65526,1.66011,109132
2017-07-11,1.65889,1.6690399999999999,1.65751,1.65981,113602
2017-07-12,1.65981,1.66699,1.6351,1.64178,154771
2017-07-13,1.6414,1.65303,1.6414,1.64656,133302
2017-07-14,1.64537,1.66087,1.64534,1.65448,123544
2017-07-17,1.65586,1.6583999999999999,1.64957,1.65683,121461
2017-07-18,1.65683,1.6609500000000001,1.63728,1.64634,158457
2017-07-19,1.64634,1.64881,1.63728,1.63974,119173
2017-07-20,1.64106,1.64415,1.62866,1.63262,153014
2017-07-21,1.63145,1.63873,1.6235300000000001,1.62914,130012
2017-07-24,1.62761,1.63635,1.62707,1.62999,126898
2017-07-25,1.62999,1.63529,1.62745,1.62888,131624
2017-07-26,1.6287500000000001,1.63681,1.6268099999999999,1.63118,156956
2017-07-27,1.63242,1.64313,1.63073,1.63985,161498
2017-07-28,1.63938,1.64406,1.62788,1.63249,155072
2017-07-31,1.63117,1.6501299999999999,1.63073,1.64822,141368
2017-08-01,1.64772,1.65758,1.6450900000000002,1.6567699999999999,139780
2017-08-02,1.65599,1.6658,1.65522,1.6622,129338
2017-08-03,1.6622,1.67224,1.64909,1.6539000000000001,140942
2017-08-04,1.6526399999999999,1.65481,1.64489,1.64876,121421
2017-08-07,1.6495,1.65588,1.64783,1.6520299999999999,105895
2017-08-08,1.65177,1.65297,1.64092,1.6455,114196
2017-08-09,1.645,1.65314,1.64467,1.65147,134363
2017-08-10,1.65093,1.65499,1.64758,1.65328,135618
2017-08-11,1.65274,1.6562299999999999,1.6432099999999998,1.64818,138745
2017-08-14,1.64554,1.65156,1.6448399999999999,1.64933,107986
2017-08-15,1.6485699999999999,1.65156,1.63776,1.64168,123827
2017-08-16,1.64168,1.6431200000000001,1.62514,1.62643,127079
2017-08-17,1.6248,1.6316000000000002,1.6223999999999998,1.63052,129453
2017-08-18,1.63052,1.63366,1.61321,1.6195300000000001,126028
2017-08-21,1.61448,1.62512,1.61414,1.6196700000000002,99444
2017-08-22,1.61974,1.62022,1.60556,1.61028,106930
2017-08-23,1.61028,1.61525,1.60472,1.60595,119112
2017-08-24,1.60612,1.6082800000000002,1.60138,1.6017000000000001,110240
2017-08-25,1.6017000000000001,1.61007,1.6003699999999998,1.60629,139018
2017-08-28,1.61093,1.61741,1.6062699999999999,1.6170900000000001,96903
2017-08-29,1.61674,1.62192,1.6126200000000002,1.6173199999999999,146042
2017-08-30,1.61578,1.6330200000000001,1.6154600000000001,1.6308,130538
2017-08-31,1.6304699999999999,1.6353,1.61147,1.61311,142956
2017-09-01,1.61157,1.6159599999999998,1.6027900000000002,1.6050200000000001,134398
2017-09-04,1.6074000000000002,1.60979,1.60209,1.6042,100755
2017-09-05,1.6042,1.61635,1.60095,1.61254,132113
2017-09-06,1.61211,1.62031,1.61174,1.61918,79308
2017-09-11,1.60307,1.60511,1.5943100000000001,1.59539,115124
2017-09-12,1.59462,1.61974,1.59345,1.6183800000000002,93533
2017-09-13,1.61835,1.62108,1.60739,1.60746,71847
2017-09-14,1.60746,1.63593,1.6004,1.62885,83108
2017-09-15,1.62885,1.65767,1.6280999999999999,1.6562999999999999,84692
2017-09-18,1.65292,1.6631,1.64798,1.65822,64551
2017-09-19,1.65822,1.6672500000000001,1.6545100000000001,1.6592799999999999,70075
2017-09-20,1.6592799999999999,1.67007,1.65554,1.6623999999999999,75592
2017-09-21,1.6623999999999999,1.67591,1.66202,1.67312,77426
2017-09-22,1.67312,1.67429,1.65866,1.66433,89415
2017-09-25,1.6631200000000002,1.67286,1.65985,1.66517,74315
2017-09-26,1.66517,1.6728100000000001,1.6578300000000001,1.6615600000000001,79459
2017-09-27,1.6615600000000001,1.67178,1.6526399999999999,1.66964,95743
2017-09-28,1.66964,1.67706,1.6657,1.66933,85122
2017-09-29,1.66934,1.67963,1.65974,1.66927,77406
2017-10-02,1.66896,1.67157,1.65578,1.6598199999999999,69125
2017-10-03,1.6598199999999999,1.66361,1.6524100000000002,1.65256,63355
2017-10-04,1.65256,1.6587800000000001,1.65213,1.65256,70449
2017-10-05,1.65256,1.6530399999999998,1.64127,1.64798,68860
2017-10-06,1.64798,1.64866,1.63507,1.63703,77799
2017-10-09,1.63992,1.65293,1.63862,1.6483400000000001,51730
2017-10-10,1.6483400000000001,1.6533099999999998,1.6461299999999999,1.65218,69886
2017-10-11,1.65218,1.65317,1.6465100000000001,1.6465100000000001,63623
2017-10-12,1.6465100000000001,1.65693,1.63617,1.65401,79576
2017-10-13,1.65401,1.66509,1.65134,1.65518,78384
2017-10-16,1.65843,1.6686999999999999,1.65544,1.65825,63303
2017-10-17,1.65825,1.66571,1.6503700000000001,1.6512099999999998,72433
2017-10-18,1.6512099999999998,1.6532900000000001,1.64259,1.64612,75595
2017-10-19,1.6461299999999999,1.64838,1.6383999999999999,1.64227,82832
2017-10-20,1.64243,1.6477,1.6383,1.6456,44139
2017-10-23,1.66256,1.67147,1.66166,1.66849,67272
2017-10-24,1.66849,1.6713,1.6608,1.66364,74040
2017-10-25,1.66365,1.6987100000000002,1.66281,1.69577,93152
2017-10-26,1.69577,1.7000199999999999,1.68719,1.69007,81815
2017-10-27,1.6905000000000001,1.69123,1.68067,1.68092,80933
2017-10-30,1.6813099999999999,1.69646,1.68048,1.69452,65031
2017-10-31,1.69452,1.71387,1.6934900000000002,1.71176,69216
2017-11-01,1.71144,1.71632,1.70289,1.70354,74014
2017-11-02,1.70354,1.7072699999999998,1.6714,1.67285,78090
2017-11-03,1.67285,1.6806999999999999,1.66479,1.66838,72811
2017-11-06,1.6667999999999998,1.67624,1.66609,1.6728,61134
2017-11-07,1.6728,1.6835499999999999,1.6723599999999998,1.6815600000000002,66236
2017-11-08,1.6815600000000002,1.68229,1.66547,1.66883,61109
2017-11-09,1.66878,1.6726999999999999,1.66324,1.6666400000000001,76234
2017-11-10,1.66665,1.67816,1.66242,1.6734200000000001,67454
2017-11-13,1.66954,1.6717300000000002,1.65893,1.6696,62142
2017-11-14,1.6696,1.67981,1.6639599999999999,1.67565,75640
2017-11-15,1.67565,1.68507,1.67066,1.68038,89869
2017-11-16,1.68038,1.6861000000000002,1.67827,1.68269,78872
2017-11-17,1.6827100000000002,1.6928100000000001,1.68017,1.68654,83274
2017-11-20,1.6869,1.69795,1.68672,1.69608,81691
2017-11-21,1.6964299999999999,1.70092,1.6874500000000001,1.69116,79336
2017-11-22,1.69116,1.69425,1.6842899999999998,1.6911399999999999,74665
2017-11-23,1.6911399999999999,1.6940499999999998,1.6857600000000001,1.69123,54712
2017-11-24,1.69123,1.6991,1.6899199999999999,1.69364,60236
2017-11-27,1.6919,1.70218,1.6916099999999998,1.70008,72348
2017-11-28,1.70008,1.71526,1.6933,1.70871,91501
2017-11-29,1.70858,1.7294399999999999,1.70843,1.72458,91319
2017-11-30,1.72458,1.74569,1.72397,1.7438799999999999,95651
2017-12-01,1.7443300000000002,1.7465899999999999,1.7078,1.7082600000000001,108631
2017-12-04,1.70587,1.7164700000000002,1.70247,1.70811,76108
2017-12-05,1.70811,1.709,1.69241,1.70488,70929
2017-12-06,1.70488,1.71339,1.69154,1.7118799999999998,67980
2017-12-07,1.7118799999999998,1.73275,1.7083300000000001,1.73128,62021
2017-12-08,1.73128,1.73806,1.71759,1.71987,68045
2017-12-11,1.71699,1.72389,1.7137,1.7140300000000002,53131
2017-12-12,1.7140300000000002,1.71882,1.7079499999999999,1.71303,62963
2017-12-13,1.71303,1.72111,1.71184,1.7195,66112
2017-12-14,1.7195,1.7296200000000002,1.70827,1.7172100000000001,83884
2017-12-15,1.7172100000000001,1.7193399999999999,1.70061,1.71239,78966
2017-12-18,1.71205,1.7274699999999998,1.7120199999999999,1.7210999999999999,141508
2017-12-19,1.7210299999999998,1.7253500000000002,1.71693,1.7233399999999999,151889
2017-12-20,1.7233399999999999,1.7256399999999998,1.71516,1.71612,131565
2017-12-21,1.71612,1.71835,1.6979199999999999,1.70473,108303
2017-12-22,1.70473,1.71272,1.69777,1.69958,123784
2017-12-26,1.70071,1.7010399999999999,1.69533,1.69597,40521
2017-12-27,1.69597,1.6984599999999999,1.69218,1.69448,79287
2017-12-28,1.69448,1.69727,1.68726,1.6874099999999999,119673
2017-12-29,1.6874099999999999,1.69935,1.6869,1.69665,141134
2018-01-02,1.69062,1.70129,1.69062,1.70007,157568
2018-01-03,1.69992,1.70313,1.69119,1.69391,168311
2018-01-04,1.6938499999999999,1.6981000000000002,1.6917200000000001,1.6918199999999999,160897
2018-01-05,1.6918199999999999,1.6965400000000002,1.67583,1.6833900000000002,189750
2018-01-08,1.6821899999999999,1.68701,1.6777600000000001,1.68469,150679
2018-01-09,1.68469,1.6879,1.67935,1.6874500000000001,165188
2018-01-10,1.6874500000000001,1.69953,1.67943,1.69429,227942
2018-01-11,1.69429,1.7001300000000001,1.6920600000000001,1.69433,215374
2018-01-12,1.69433,1.7179600000000002,1.69404,1.70961,258651
2018-01-15,1.71013,1.71639,1.7074799999999999,1.71352,195654
2018-01-16,1.71352,1.71604,1.7071800000000001,1.71481,209733
2018-01-17,1.71481,1.72755,1.70831,1.71942,249191
2018-01-18,1.71942,1.73373,1.71824,1.72478,233874
2018-01-19,1.72478,1.73403,1.72251,1.73033,221031
2018-01-22,1.73275,1.74254,1.73014,1.74023,200353
2018-01-23,1.74023,1.74768,1.7364000000000002,1.73822,215082
2018-01-24,1.73811,1.75957,1.73811,1.75735,287707
2018-01-25,1.75735,1.76406,1.7436500000000001,1.74893,321659
2018-01-26,1.74893,1.75918,1.74254,1.74295,274206
2018-01-29,1.74052,1.7451699999999999,1.73017,1.73624,240798
2018-01-30,1.73624,1.74608,1.73019,1.74461,233694
2018-01-31,1.74461,1.74777,1.73404,1.74687,269510
2018-02-01,1.74687,1.75589,1.74321,1.7490299999999999,206885
2018-02-02,1.7490299999999999,1.75569,1.74726,1.75333,240029
2018-02-05,1.75292,1.7552699999999999,1.7450299999999999,1.74951,253943
2018-02-06,1.74951,1.75291,1.7357,1.74195,355718
2018-02-07,1.74181,1.7491400000000001,1.73662,1.74395,233906
2018-02-08,1.74394,1.76623,1.74151,1.75301,299395
2018-02-09,1.75265,1.76129,1.73674,1.7391100000000002,272495
2018-02-12,1.7376399999999999,1.7441900000000001,1.7374,1.73919,226902
2018-02-13,1.73901,1.75372,1.73901,1.74911,206802
2018-02-14,1.74911,1.75549,1.74102,1.74797,243077
2018-02-15,1.74797,1.76274,1.74789,1.75939,239496
2018-02-16,1.7588599999999999,1.76353,1.7532,1.76043,242597
2018-02-19,1.75953,1.76246,1.75683,1.75762,142676
2018-02-20,1.75752,1.7703600000000002,1.75471,1.76942,212311
2018-02-21,1.76942,1.77193,1.76034,1.76742,225810
2018-02-22,1.76739,1.7756699999999999,1.75837,1.77177,213393
2018-02-23,1.77222,1.7781500000000001,1.7630599999999998,1.7630599999999998,177654
2018-02-26,1.76668,1.78036,1.76486,1.77012,178014
2018-02-27,1.7710599999999999,1.77715,1.76764,1.77652,206109
2018-02-28,1.7764600000000002,1.7769300000000001,1.7639399999999998,1.76499,215189
2018-03-01,1.76499,1.77019,1.7616100000000001,1.7680799999999999,239064
2018-03-02,1.7680799999999999,1.78002,1.7659,1.7776100000000001,233380
2018-03-05,1.77478,1.80064,1.77454,1.79507,233158
2018-03-06,1.79512,1.7991000000000001,1.78749,1.7876699999999999,234689
2018-03-07,1.7876699999999999,1.80483,1.78725,1.79331,248485
2018-03-08,1.79331,1.79642,1.77955,1.7805,249285
2018-03-09,1.7804,1.78441,1.77304,1.77383,218863
2018-03-12,1.77407,1.78601,1.77387,1.7854100000000002,159764
2018-03-13,1.78535,1.81297,1.78302,1.8085200000000001,192061
2018-03-14,1.80856,1.8116400000000001,1.80351,1.80918,193569
2018-03-15,1.80918,1.8241399999999999,1.8035,1.81823,207530
2018-03-16,1.81823,1.82918,1.8175400000000002,1.8261699999999998,173730
2018-03-19,1.82587,1.84157,1.8244,1.83454,145722
2018-03-20,1.83454,1.8379699999999999,1.82727,1.83023,132371
2018-03-21,1.83023,1.83664,1.82002,1.82402,155894
2018-03-22,1.82402,1.8289,1.8172199999999998,1.8232,184992
2018-03-23,1.82324,1.82626,1.81391,1.82172,203086
2018-03-26,1.82094,1.838,1.82002,1.82686,158026
2018-03-27,1.82713,1.82926,1.81334,1.8238400000000001,179531
2018-03-28,1.8238400000000001,1.82916,1.81433,1.81848,176647
2018-03-29,1.8185799999999999,1.8200699999999999,1.80565,1.80567,132251
2018-03-30,1.80567,1.81199,1.80534,1.80668,47828
2018-04-02,1.80774,1.81791,1.80503,1.8132899999999998,62905
2018-04-03,1.8132899999999998,1.8152599999999999,1.79633,1.79973,137135
2018-04-04,1.79962,1.80748,1.79653,1.79731,111928
2018-04-05,1.79749,1.79904,1.78458,1.78495,102744
2018-04-06,1.7844,1.80182,1.7843499999999999,1.79979,120336
2018-04-09,1.79757,1.80938,1.79308,1.79386,98428
2018-04-10,1.7936800000000002,1.79962,1.78308,1.7858399999999999,107529
2018-04-11,1.78573,1.7932000000000001,1.7816,1.78287,100157
2018-04-12,1.7826300000000002,1.79486,1.78091,1.79061,120552
2018-04-13,1.79005,1.7981500000000001,1.78883,1.79389,93144
2018-04-16,1.7927499999999998,1.80503,1.79218,1.8011300000000001,86641
2018-04-17,1.80101,1.80564,1.7903099999999998,1.79268,92255
2018-04-18,1.7923499999999999,1.80003,1.78415,1.79284,109413
2018-04-19,1.79311,1.79679,1.78176,1.78418,117319
2018-04-20,1.78415,1.78897,1.77434,1.7866900000000001,111110
2018-04-23,1.78366,1.7927300000000002,1.78294,1.79073,95804
2018-04-24,1.7903,1.79409,1.78707,1.79335,95248
2018-04-25,1.79298,1.79771,1.7882,1.78841,109672
2018-04-26,1.788,1.7983500000000001,1.78587,1.7901799999999999,147476
2018-04-27,1.7900399999999999,1.79402,1.76722,1.7673,115303
2018-04-30,1.76715,1.7709000000000001,1.76021,1.76643,115059
2018-05-01,1.76643,1.76818,1.74795,1.74836,123657
2018-05-02,1.74836,1.75478,1.74318,1.7481499999999999,156364
2018-05-03,1.74805,1.7506599999999999,1.74233,1.74344,169337
2018-05-04,1.74344,1.74736,1.73678,1.73734,124308
2018-05-07,1.73822,1.74864,1.73817,1.74586,93255
2018-05-08,1.74586,1.7566899999999999,1.74565,1.75359,157813
2018-05-09,1.75359,1.75624,1.73881,1.7407599999999999,143655
2018-05-10,1.74074,1.7421799999999998,1.7223000000000002,1.72534,186871
2018-05-11,1.7247599999999998,1.7351,1.72261,1.7317900000000002,125263
2018-05-14,1.72943,1.7374,1.7267000000000001,1.73658,98778
2018-05-15,1.73523,1.74048,1.73157,1.73858,119846
2018-05-16,1.73747,1.7390400000000001,1.72364,1.7246700000000001,150602
2018-05-17,1.7244000000000002,1.73237,1.72184,1.7303899999999999,134955
2018-05-18,1.73014,1.7393800000000001,1.7256,1.7346599999999999,130160
2018-05-21,1.7324000000000002,1.73668,1.71563,1.7161300000000002,115467
2018-05-22,1.7163,1.72254,1.71212,1.72102,129203
2018-05-23,1.721,1.72588,1.71171,1.71171,173850
2018-05-24,1.71268,1.73006,1.71071,1.72295,164750
2018-05-25,1.7229700000000001,1.73178,1.71978,1.7246899999999998,123894
2018-05-28,1.7255099999999999,1.7331699999999999,1.72436,1.72904,114300
2018-05-29,1.72893,1.7303899999999999,1.71781,1.72285,166286
2018-05-30,1.72527,1.72986,1.70537,1.70943,147554
2018-05-31,1.7105299999999999,1.7283300000000001,1.70688,1.72231,155739
2018-06-01,1.72235,1.73209,1.71671,1.7278799999999999,132691
2018-06-04,1.72597,1.7309999999999999,1.72007,1.72129,101766
2018-06-05,1.7208999999999999,1.74298,1.72003,1.7355800000000001,121802
2018-06-06,1.73555,1.73895,1.72553,1.73567,121549
2018-06-07,1.73553,1.7464499999999998,1.73281,1.74072,126443
2018-06-08,1.74081,1.74797,1.73214,1.73322,104856
2018-06-11,1.74184,1.74261,1.73327,1.7356500000000001,87731
2018-06-12,1.73496,1.74407,1.7332800000000002,1.7399499999999999,124428
2018-06-13,1.74032,1.74167,1.73258,1.73641,118542
2018-06-14,1.7355800000000001,1.74341,1.73069,1.7370100000000002,148231
2018-06-15,1.73485,1.75489,1.73485,1.75372,124503
2018-06-18,1.74824,1.75316,1.74221,1.74814,107991
2018-06-19,1.74813,1.75428,1.74292,1.7499099999999999,139860
2018-06-20,1.74928,1.75735,1.74684,1.75221,121987
2018-06-21,1.75141,1.7656,1.74549,1.76147,164094
2018-06-22,1.7618,1.77043,1.7579099999999999,1.75892,124746
2018-06-25,1.75781,1.76897,1.7571400000000001,1.76505,126257
2018-06-26,1.7648000000000001,1.76725,1.75543,1.75854,127984
2018-06-27,1.7583199999999999,1.7617099999999999,1.74424,1.74867,149246
2018-06-28,1.74834,1.74986,1.7321900000000001,1.73225,160350
2018-06-29,1.73234,1.7441499999999999,1.73141,1.73384,178608
2018-07-02,1.7341,1.7368299999999999,1.7286299999999999,1.73234,135540
2018-07-03,1.7329400000000001,1.73834,1.73061,1.73293,134050
2018-07-04,1.7328999999999999,1.74064,1.73254,1.7380499999999999,91728
2018-07-05,1.7358799999999999,1.74421,1.73372,1.73576,154124
2018-07-06,1.7347700000000001,1.74271,1.73028,1.73878,115100
2018-07-09,1.74238,1.7478099999999999,1.72938,1.73711,136991
2018-07-10,1.7379,1.7457500000000001,1.7362600000000001,1.73987,107037
2018-07-11,1.73946,1.7449400000000002,1.7331699999999999,1.7431100000000002,143323
2018-07-12,1.7433100000000001,1.7454,1.7366700000000002,1.7367,115924
2018-07-13,1.7365,1.74177,1.7293699999999999,1.7405,111055
2018-07-16,1.7397399999999998,1.74685,1.73573,1.73799,90916
2018-07-17,1.73784,1.74108,1.72615,1.7297500000000001,121541
2018-07-18,1.7287,1.7345899999999999,1.71955,1.72036,119808
2018-07-19,1.72043,1.72735,1.7168,1.72699,150331
2018-07-20,1.72647,1.72789,1.71664,1.72566,147890
2018-07-23,1.72183,1.7289400000000001,1.72183,1.72489,97879
2018-07-24,1.72443,1.7307700000000001,1.72353,1.7289400000000001,106065
2018-07-25,1.72892,1.73157,1.71743,1.72014,114325
2018-07-26,1.72004,1.72191,1.71262,1.7130999999999998,107986
2018-07-27,1.71273,1.7146599999999999,1.70723,1.71074,104717
2018-07-30,1.70987,1.7155200000000002,1.70762,1.7116,86224
2018-07-31,1.71128,1.71733,1.7043599999999999,1.70629,108792
2018-08-01,1.70715,1.71155,1.7024,1.7064,100647
2018-08-02,1.7064,1.7101899999999999,1.69244,1.69472,86144
2018-08-03,1.6940300000000001,1.69604,1.6867,1.68878,85733
2018-08-06,1.6888,1.69246,1.6817199999999999,1.68286,61546
2018-08-07,1.68263,1.69147,1.67911,1.6888100000000001,75185
2018-08-08,1.6888800000000002,1.69178,1.67648,1.67736,92984
2018-08-09,1.6770399999999999,1.68229,1.67238,1.67296,88072
2018-08-10,1.67296,1.67847,1.6631200000000002,1.67775,133810
2018-08-13,1.6768,1.68051,1.67422,1.6764299999999999,118513
2018-08-14,1.67669,1.6789,1.66035,1.6608399999999999,111958
2018-08-15,1.6613,1.67237,1.65941,1.66826,116251
2018-08-16,1.66768,1.67485,1.66573,1.67184,117807
2018-08-17,1.67214,1.67519,1.66195,1.6649,101615
2018-08-20,1.66401,1.67104,1.6631200000000002,1.66905,84979
2018-08-21,1.66838,1.6837900000000001,1.6679300000000001,1.6809699999999999,107829
2018-08-22,1.68041,1.68506,1.6757,1.6772,105012
2018-08-23,1.6772,1.683,1.67229,1.675,103873
2018-08-24,1.6749800000000001,1.68072,1.6726100000000002,1.6728100000000001,105189
2018-08-27,1.67122,1.6801,1.66961,1.67153,93949
2018-08-28,1.67,1.67238,1.6618,1.66437,105959
2018-08-29,1.66437,1.68519,1.65945,1.68113,116496
2018-08-30,1.68084,1.69104,1.67973,1.6881599999999999,110463
2018-08-31,1.68902,1.69855,1.6863000000000001,1.6893,124050
2018-09-03,1.68761,1.68907,1.67937,1.68451,81690
2018-09-04,1.6844999999999999,1.69567,1.6829,1.69517,108271
2018-09-05,1.69449,1.7105700000000001,1.68642,1.7004299999999999,123229
2018-09-06,1.69958,1.7105000000000001,1.6978900000000001,1.69875,115533
2018-09-07,1.69863,1.71156,1.69497,1.6999,121050
2018-09-10,1.70093,1.71753,1.7008100000000002,1.71454,93777
2018-09-11,1.71303,1.71887,1.69966,1.70247,111325
2018-09-12,1.70193,1.70272,1.69194,1.69451,117532
2018-09-13,1.69448,1.706,1.69394,1.70299,106640
2018-09-14,1.70295,1.70912,1.70161,1.7028400000000001,104906
2018-09-17,1.70332,1.71605,1.70299,1.71583,97156
2018-09-18,1.7158799999999998,1.71754,1.7042899999999999,1.70564,115663
2018-09-19,1.70534,1.71103,1.69573,1.6974200000000002,116034
2018-09-20,1.6969699999999999,1.7145000000000001,1.69635,1.71067,118526
2018-09-21,1.71063,1.71376,1.6861000000000002,1.6891,115126
2018-09-24,1.69011,1.70278,1.68853,1.6996799999999999,100954
2018-09-25,1.69943,1.70841,1.6963,1.70676,108413
2018-09-26,1.70685,1.71556,1.70084,1.71387,104046
2018-09-27,1.7133,1.7202600000000001,1.70421,1.70468,102503
2018-09-28,1.70473,1.70579,1.68154,1.6816,101239
2018-10-01,1.67439,1.6804000000000001,1.66649,1.6708699999999999,115833
2018-10-02,1.67115,1.67153,1.6595900000000001,1.66408,124407
2018-10-03,1.66445,1.67016,1.66299,1.6642299999999999,140071
2018-10-04,1.6642299999999999,1.68414,1.6638199999999999,1.68247,130709
2018-10-05,1.68247,1.6987,1.68083,1.69658,137343
2018-10-08,1.6974200000000002,1.70114,1.6928800000000002,1.69642,94249
2018-10-09,1.6957499999999999,1.70381,1.6924000000000001,1.70146,112281
2018-10-10,1.70099,1.72389,1.70012,1.72323,109628
2018-10-11,1.72312,1.7284199999999998,1.71773,1.72294,140922
2018-10-12,1.72333,1.72599,1.71169,1.71251,115611
2018-10-15,1.70289,1.7154,1.70254,1.70855,107980
2018-10-16,1.7082899999999999,1.71556,1.70194,1.70441,109706
2018-10-17,1.70446,1.7089400000000001,1.6987700000000001,1.70705,110529
2018-10-18,1.70638,1.71176,1.70139,1.70316,111849
2018-10-19,1.70299,1.71887,1.6963300000000001,1.71122,92000
2018-10-22,1.71034,1.71336,1.6975099999999999,1.6975799999999999,109998
2018-10-23,1.69793,1.7094399999999998,1.6961300000000001,1.69858,123676
2018-10-24,1.6985700000000001,1.69926,1.6718899999999999,1.68163,136184
2018-10-25,1.68161,1.68796,1.67341,1.67522,134815
2018-10-26,1.67458,1.6851699999999998,1.67441,1.68012,145755
2018-10-29,1.67945,1.68337,1.6773799999999999,1.68008,108407
2018-10-30,1.68008,1.6809500000000002,1.66428,1.6661000000000001,115339
2018-10-31,1.6661000000000001,1.68258,1.6651099999999999,1.6800899999999999,115742
2018-11-01,1.6800899999999999,1.7055500000000001,1.67922,1.7,135513
2018-11-02,1.7,1.70392,1.69714,1.6985999999999999,128829
2018-11-05,1.70428,1.7111800000000001,1.6979600000000001,1.7096900000000002,96719
2018-11-06,1.7090800000000002,1.72073,1.70784,1.7186,113059
2018-11-07,1.71845,1.7255500000000001,1.7154500000000001,1.72028,138611
2018-11-08,1.7205599999999999,1.7229999999999999,1.71376,1.71794,131778
2018-11-09,1.71808,1.72241,1.7109999999999999,1.71352,129512
2018-11-12,1.70516,1.70805,1.69443,1.70208,140246
2018-11-13,1.70207,1.7252,1.7002199999999998,1.71627,153197
2018-11-14,1.71722,1.72839,1.70614,1.71942,170142
2018-11-15,1.71997,1.7226599999999999,1.67832,1.68245,188755
2018-11-16,1.68201,1.69425,1.68114,1.68608,133721
2018-11-19,1.6876600000000002,1.6966,1.68491,1.69207,102201
2018-11-20,1.69211,1.70235,1.68864,1.70123,117798
2018-11-21,1.70127,1.70331,1.68982,1.6903899999999998,97842
2018-11-22,1.69059,1.70933,1.6891500000000002,1.69786,86133
2018-11-23,1.69787,1.70093,1.6896499999999999,1.69356,111788
2018-11-26,1.6955200000000001,1.6994099999999999,1.69079,1.69696,103586
2018-11-27,1.69726,1.69929,1.6867100000000002,1.6938,135364
2018-11-28,1.69373,1.70631,1.6927400000000001,1.7021199999999999,124325
2018-11-29,1.7022599999999999,1.70477,1.69275,1.6980499999999998,115684
2018-11-30,1.69809,1.7031800000000001,1.6926299999999999,1.69411,121983
2018-12-03,1.68678,1.69295,1.67204,1.6789399999999999,126443
2018-12-04,1.67904,1.69049,1.67412,1.68627,141179
2018-12-05,1.68651,1.70686,1.68374,1.7003,111139
2018-12-06,1.7003300000000001,1.7174,1.69872,1.70984,146230
2018-12-07,1.7105700000000001,1.7122000000000002,1.68927,1.69542,124257
2018-12-10,1.6937,1.69712,1.67569,1.6824599999999998,135601
2018-12-11,1.68285,1.69526,1.67142,1.6717300000000002,129720
2018-12-12,1.67207,1.69246,1.66998,1.6854,153081
2018-12-13,1.6854,1.69536,1.68222,1.68943,108286
2018-12-14,1.68757,1.69097,1.67692,1.68412,115366
2018-12-17,1.68567,1.69383,1.679,1.6914,122976
2018-12-18,1.6913399999999998,1.70634,1.69054,1.70181,127500
2018-12-19,1.70179,1.70735,1.69495,1.7000899999999999,141915
2018-12-20,1.7000899999999999,1.7161499999999998,1.69888,1.70902,153409
2018-12-21,1.7093500000000001,1.72104,1.70742,1.71864,143092
2018-12-24,1.71564,1.73139,1.71458,1.72702,77085
2018-12-26,1.72929,1.72952,1.7140300000000002,1.7141600000000001,48338
2018-12-27,1.7145700000000001,1.7300900000000001,1.7132800000000001,1.72136,150166
2018-12-28,1.72159,1.73454,1.7194,1.73099,89853
2018-12-31,1.73081,1.74951,1.72676,1.7391999999999999,71194
2019-01-02,1.73727,1.73844,1.7082199999999998,1.71123,106022
2019-01-03,1.71187,1.71368,1.68977,1.7028400000000001,131880
2019-01-04,1.7028400000000001,1.70838,1.69522,1.7012,120779
2019-01-07,1.7012399999999999,1.70661,1.69531,1.69874,91464
2019-01-08,1.69854,1.70012,1.68703,1.68765,88694
2019-01-09,1.68761,1.6926,1.6829800000000001,1.68886,120614
2019-01-10,1.6888,1.69276,1.68167,1.68702,97255
2019-01-11,1.68758,1.70594,1.6755900000000001,1.70211,120363
2019-01-14,1.70343,1.71365,1.7007400000000001,1.7084700000000002,106613
2019-01-15,1.7085599999999999,1.71291,1.68351,1.7057099999999998,134140
2019-01-16,1.7058900000000001,1.71025,1.7009699999999999,1.70697,108829
2019-01-17,1.70713,1.72723,1.70583,1.7235399999999998,106998
2019-01-18,1.7235,1.7251699999999999,1.7067700000000001,1.7073800000000001,100023
2019-01-21,1.7074,1.71557,1.70457,1.71372,82109
2019-01-22,1.7138,1.7317,1.71303,1.7299799999999999,113851
2019-01-23,1.7301,1.74807,1.72484,1.74364,118516
2019-01-24,1.74363,1.74559,1.7372999999999998,1.7441200000000001,128345
2019-01-25,1.74355,1.7527300000000001,1.7374,1.7444199999999999,123335
2019-01-28,1.74261,1.74952,1.73899,1.74424,98804
2019-01-29,1.74314,1.74961,1.73326,1.7332800000000002,139861
2019-01-30,1.73376,1.73781,1.7214399999999999,1.72421,123968
2019-01-31,1.72452,1.72892,1.7199,1.72021,122065
2019-02-01,1.72021,1.7246700000000001,1.70823,1.7133099999999999,110799
2019-02-04,1.71025,1.72166,1.7071399999999999,1.70877,98860
2019-02-05,1.70919,1.71148,1.69832,1.69933,90715
2019-02-06,1.6997900000000001,1.7110400000000001,1.69802,1.7076799999999999,95744
2019-02-07,1.70791,1.72728,1.70369,1.72303,102226
2019-02-08,1.7232699999999999,1.72715,1.71474,1.71733,87147
2019-02-11,1.7151399999999999,1.71916,1.70778,1.70995,79507
2019-02-12,1.71038,1.71273,1.70332,1.70606,90830
2019-02-13,1.7063000000000001,1.71404,1.70053,1.70195,95152
2019-02-14,1.70254,1.7076799999999999,1.6971500000000002,1.701,103796
2019-02-15,1.70138,1.70853,1.6981600000000001,1.70703,98781
2019-02-18,1.71001,1.7128,1.70552,1.71002,73990
2019-02-19,1.7104599999999999,1.72943,1.70877,1.72536,99044
2019-02-20,1.72579,1.72604,1.71539,1.7189100000000002,104089
2019-02-21,1.71939,1.7258900000000001,1.71543,1.7246000000000001,110814
2019-02-22,1.7246299999999999,1.72628,1.71346,1.71458,91910
2019-02-25,1.71635,1.7298200000000001,1.7135099999999999,1.72651,98194
2019-02-26,1.72676,1.7517399999999999,1.72676,1.74444,133552
2019-02-27,1.7448000000000001,1.754,1.74186,1.75022,186686
2019-02-28,1.7507700000000002,1.75501,1.7431,1.74654,118621
2019-03-01,1.74701,1.75819,1.73555,1.7570999999999999,126229
2019-03-04,1.75838,1.76287,1.7523499999999999,1.7524899999999999,122485
2019-03-05,1.7535699999999999,1.76023,1.74832,1.75899,119052
2019-03-06,1.75935,1.7715100000000001,1.75407,1.76974,113777
2019-03-07,1.76978,1.7722,1.75698,1.75959,124828
2019-03-08,1.75848,1.7635100000000001,1.74213,1.74626,127120
2019-03-11,1.74196,1.7666300000000001,1.73881,1.76637,125716
2019-03-12,1.76637,1.77945,1.7433100000000001,1.74561,149468
2019-03-13,1.74556,1.77922,1.7449,1.7701500000000001,127357
2019-03-14,1.7701500000000001,1.7743799999999998,1.76003,1.76734,137051
2019-03-15,1.76734,1.77501,1.7555399999999999,1.77285,117921
2019-03-18,1.7730000000000001,1.77453,1.7606899999999999,1.76624,104486
2019-03-19,1.7665,1.7714699999999999,1.7558,1.7666,119886
2019-03-20,1.7666,1.76856,1.75191,1.75403,131933
2019-03-21,1.75403,1.75862,1.7419,1.75191,142669
2019-03-22,1.75191,1.77381,1.74958,1.7734,145678
2019-03-25,1.7730000000000001,1.77904,1.76465,1.76818,124159
2019-03-26,1.76818,1.7772700000000001,1.7622,1.76691,118014
2019-03-27,1.76692,1.77887,1.76352,1.76409,133522
2019-03-28,1.76418,1.7691599999999998,1.75058,1.75177,123994
2019-03-29,1.75176,1.7633,1.73413,1.73922,124321
2019-04-01,1.74017,1.75475,1.7358500000000001,1.74299,111602
2019-04-02,1.74299,1.7536399999999999,1.73265,1.75071,123306
2019-04-03,1.75135,1.75658,1.7484,1.7550599999999998,121403
2019-04-04,1.75573,1.76149,1.74367,1.74597,106772
2019-04-05,1.74654,1.75265,1.73862,1.74356,101373
2019-04-08,1.74498,1.74852,1.73596,1.73838,95774
2019-04-09,1.73891,1.74481,1.73361,1.73917,92542
2019-04-10,1.7396500000000001,1.7481,1.73724,1.74249,94086
2019-04-11,1.74321,1.75194,1.74061,1.74617,86517
2019-04-12,1.7461,1.74928,1.74139,1.74145,94584
2019-04-15,1.74183,1.75484,1.74135,1.75013,85163
2019-04-16,1.7507899999999998,1.7538399999999998,1.7412,1.7412,96760
2019-04-17,1.7417,1.74409,1.7313399999999999,1.73926,106021
2019-04-18,1.7389700000000001,1.74283,1.73648,1.73648,105288
2019-04-19,1.73735,1.74097,1.7357,1.7378900000000002,116883
2019-04-22,1.7382,1.74036,1.7312400000000001,1.73128,45285
2019-04-23,1.7322,1.74424,1.73122,1.73566,88262
2019-04-24,1.73563,1.75065,1.7349,1.74014,108001
2019-04-25,1.74071,1.74272,1.7372999999999998,1.7386599999999999,93131
2019-04-26,1.73888,1.7425000000000002,1.7361499999999999,1.73759,113404
2019-04-29,1.7375,1.74368,1.73621,1.7398,95639
2019-04-30,1.7400099999999998,1.75587,1.7382499999999999,1.74471,135937
2019-05-01,1.74527,1.75702,1.7436500000000001,1.754,113739
2019-05-02,1.7540200000000001,1.75808,1.7505,1.75512,132953
2019-05-03,1.7551299999999999,1.7688700000000002,1.7495500000000002,1.76797,131444
2019-05-06,1.76837,1.77272,1.75918,1.76056,135774
2019-05-07,1.76047,1.7629700000000001,1.75643,1.7607599999999999,137955
2019-05-08,1.76129,1.76165,1.74832,1.75241,158719
2019-05-09,1.75234,1.75711,1.7488299999999999,1.752,151730
2019-05-10,1.75221,1.7547700000000002,1.7426300000000001,1.7441499999999999,158305
2019-05-13,1.74355,1.75184,1.74353,1.74546,132062
2019-05-14,1.7460499999999999,1.74737,1.7367,1.7367,119772
2019-05-15,1.7367,1.7415,1.72462,1.72495,137993
2019-05-16,1.72492,1.72741,1.71632,1.72173,112933
2019-05-17,1.72218,1.72439,1.7099600000000001,1.71205,135289
2019-05-20,1.7110400000000001,1.71397,1.70767,1.7076799999999999,106676
2019-05-21,1.7076799999999999,1.71808,1.70161,1.70275,136727
2019-05-22,1.7025000000000001,1.7049699999999999,1.69017,1.70065,128231
2019-05-23,1.70111,1.70848,1.69608,1.70455,141669
2019-05-24,1.7050999999999998,1.71094,1.70143,1.70839,130659
2019-05-27,1.70972,1.71243,1.7025000000000001,1.70374,98424
2019-05-28,1.70362,1.70873,1.70118,1.70676,135713
2019-05-29,1.7070400000000001,1.7134399999999999,1.7049400000000001,1.7061600000000001,146406
2019-05-30,1.7061,1.70723,1.69813,1.7008999999999999,116166
2019-05-31,1.70206,1.7095799999999999,1.7010100000000001,1.70713,153111
2019-06-03,1.70703,1.7112500000000002,1.69931,1.70121,148465
2019-06-04,1.70119,1.7052100000000001,1.6981199999999999,1.70003,157554
2019-06-05,1.7006299999999999,1.70636,1.69759,1.70103,154995
2019-06-06,1.70149,1.7067299999999999,1.69495,1.6949800000000002,151517
2019-06-07,1.6958,1.70057,1.68936,1.68986,142942
2019-06-10,1.68462,1.68918,1.67936,1.68235,134683
2019-06-11,1.6824,1.6932,1.67985,1.68963,147426
2019-06-12,1.6893500000000001,1.69623,1.6865299999999999,1.6925599999999998,150978
2019-06-13,1.6929400000000001,1.6929400000000001,1.68465,1.6885,130696
2019-06-14,1.68844,1.69198,1.6828699999999999,1.68814,150888
2019-06-17,1.6863899999999998,1.6903299999999999,1.68059,1.6806,116348
2019-06-18,1.68065,1.6830699999999998,1.67543,1.6792099999999999,162654
2019-06-19,1.67924,1.6880600000000001,1.6770399999999999,1.67825,160863
2019-06-20,1.67809,1.68201,1.6673499999999999,1.6746400000000001,185288
2019-06-21,1.67542,1.6852,1.6674799999999999,1.6851699999999998,179318
2019-06-24,1.68213,1.68385,1.67705,1.67856,131286
2019-06-25,1.67839,1.6856900000000001,1.66997,1.67097,156354
2019-06-26,1.67059,1.6729,1.6634600000000002,1.6648800000000001,160174
2019-06-27,1.66464,1.67055,1.65741,1.65841,141590
2019-06-28,1.6582400000000002,1.6657199999999999,1.65786,1.66167,140517
2019-07-01,1.66125,1.6641,1.65466,1.65953,135796
2019-07-02,1.65953,1.6608800000000001,1.65005,1.65011,135708
2019-07-03,1.6501299999999999,1.6510500000000001,1.64106,1.64106,120601
2019-07-04,1.64089,1.64598,1.6390500000000001,1.6407,73006
2019-07-05,1.64083,1.6443699999999999,1.63653,1.63707,120442
2019-07-08,1.63514,1.63934,1.6327,1.6378300000000001,59329
2019-07-09,1.6378300000000001,1.6398899999999998,1.63256,1.6356199999999999,59965
2019-07-10,1.6356199999999999,1.6425100000000001,1.6337199999999998,1.63524,76616
2019-07-11,1.63517,1.64209,1.63324,1.6359599999999999,75883
2019-07-12,1.63667,1.63944,1.63164,1.6383,66707
2019-07-15,1.63374,1.6387800000000001,1.63087,1.6328,54029
2019-07-16,1.63289,1.63418,1.6145,1.62337,66389
2019-07-17,1.62325,1.62523,1.61767,1.62232,70940
2019-07-18,1.62232,1.63694,1.6210900000000001,1.63394,81498
2019-07-19,1.63385,1.64094,1.63109,1.63178,73129
2019-07-22,1.6308,1.6383999999999999,1.6255199999999999,1.63609,78887
2019-07-23,1.63604,1.6394,1.63043,1.63313,88250
2019-07-24,1.63307,1.64409,1.63212,1.63988,91321
2019-07-25,1.6399,1.6437300000000001,1.6364999999999998,1.63884,111580
2019-07-26,1.6383100000000002,1.64054,1.62981,1.6301,83321
2019-07-29,1.6293,1.63056,1.6067,1.60761,83198
2019-07-30,1.60765,1.60917,1.59619,1.59734,105955
2019-07-31,1.59833,1.60935,1.59584,1.60309,130504
2019-08-01,1.60142,1.6082,1.59702,1.6021800000000002,152906
2019-08-02,1.60244,1.6088900000000002,1.59803,1.6049,158771
2019-08-05,1.60012,1.60961,1.60012,1.60314,146732
2019-08-06,1.60214,1.61531,1.6010900000000001,1.61484,144834
2019-08-07,1.61491,1.6228500000000001,1.6120700000000001,1.61429,158690
2019-08-08,1.6138599999999999,1.61815,1.6037400000000002,1.60382,121747
2019-08-09,1.60402,1.60779,1.5872600000000001,1.5883699999999998,112885
2019-08-12,1.58996,1.60219,1.58804,1.5977700000000001,141260
2019-08-13,1.5987,1.60717,1.5922,1.59389,154429
2019-08-14,1.59383,1.60762,1.59268,1.6055000000000001,158671
2019-08-15,1.60569,1.61723,1.60273,1.60774,181064
2019-08-16,1.6080299999999998,1.61927,1.6071900000000001,1.61075,131053
2019-08-19,1.61313,1.61812,1.60438,1.61509,90728
2019-08-20,1.61525,1.62307,1.6084,1.61993,115079
2019-08-21,1.62036,1.6210200000000001,1.60694,1.61078,105717
2019-08-22,1.6110600000000002,1.63102,1.61021,1.62919,135169
2019-08-23,1.62917,1.6356199999999999,1.62352,1.63143,173594
2019-08-26,1.63032,1.63482,1.61808,1.6191499999999999,190120
2019-08-27,1.61852,1.6341700000000001,1.6158000000000001,1.63144,153042
2019-08-28,1.6316000000000002,1.6342400000000001,1.61734,1.62384,176370
2019-08-29,1.6238299999999999,1.6261700000000001,1.61775,1.61794,174301
2019-08-30,1.61775,1.62398,1.61355,1.61818,140318
2019-09-02,1.61855,1.62094,1.60388,1.60644,99830
2019-09-03,1.60683,1.61435,1.59558,1.6113499999999998,163294
2019-09-04,1.61078,1.62779,1.61029,1.61975,172620
2019-09-05,1.61913,1.6332900000000001,1.61338,1.63039,172376
2019-09-06,1.63114,1.6321400000000001,1.61676,1.61711,144871
2019-09-09,1.6158000000000001,1.62965,1.6104699999999998,1.62496,125390
2019-09-10,1.6251600000000002,1.63075,1.62083,1.62399,128512
2019-09-11,1.62386,1.62973,1.6211,1.62629,135329
2019-09-12,1.62572,1.63217,1.6223999999999998,1.6280999999999999,167018
2019-09-13,1.6285699999999999,1.6608100000000001,1.62767,1.66002,135130
2019-09-16,1.6493600000000002,1.6553499999999999,1.64367,1.64542,117911
2019-09-17,1.64492,1.6590099999999999,1.64147,1.6549,112813
2019-09-18,1.65463,1.6617600000000001,1.6492900000000001,1.65639,132563
2019-09-19,1.65664,1.66371,1.65181,1.66015,131936
2019-09-20,1.65972,1.66896,1.65359,1.65384,135070
2019-09-23,1.6529,1.6578300000000001,1.64686,1.64809,104644
2019-09-24,1.64757,1.65761,1.6452499999999999,1.65332,101742
2019-09-25,1.65337,1.6552799999999999,1.63678,1.63852,107214
2019-09-26,1.63787,1.64085,1.6304699999999999,1.6340599999999998,123427
2019-09-27,1.6340400000000002,1.63678,1.6255899999999999,1.6265100000000001,120249
2019-09-30,1.62751,1.63355,1.6255199999999999,1.627,94218
2019-10-01,1.62648,1.6339700000000001,1.6190600000000002,1.6263800000000002,121950
2019-10-02,1.62463,1.64058,1.6190600000000002,1.6384699999999999,113532
2019-10-03,1.63849,1.65524,1.63368,1.64316,126966
2019-10-04,1.64361,1.64698,1.6327500000000001,1.64115,104183
2019-10-07,1.6404100000000001,1.64228,1.6351200000000001,1.63534,100719
2019-10-08,1.63538,1.63591,1.62347,1.62774,115054
2019-10-09,1.62775,1.6353,1.62318,1.6262400000000001,101821
2019-10-10,1.62684,1.65678,1.62517,1.65274,156886
2019-10-11,1.65247,1.68191,1.64745,1.66905,175906
2019-10-14,1.6662400000000002,1.67286,1.65357,1.66799,121846
2019-10-15,1.6681,1.69109,1.6661299999999999,1.68669,153366
2019-10-16,1.6868400000000001,1.6994500000000001,1.67307,1.69269,153570
2019-10-17,1.69302,1.7094,1.6815099999999998,1.69289,167110
2019-10-18,1.69298,1.70332,1.687,1.70262,113156
2019-10-21,1.7004000000000001,1.70635,1.69108,1.69574,112148
2019-10-22,1.6959499999999998,1.7007400000000001,1.68483,1.68494,128736
2019-10-23,1.68509,1.68944,1.68147,1.6870699999999998,107095
2019-10-24,1.6870699999999998,1.69327,1.67289,1.67904,96763
2019-10-25,1.67937,1.68083,1.67306,1.6757,69712
2019-10-28,1.67306,1.68118,1.67278,1.6787800000000002,72721
2019-10-29,1.67822,1.68773,1.6724700000000001,1.68315,88107
2019-10-30,1.68145,1.6999499999999999,1.68145,1.6977,99670
2019-10-31,1.69699,1.70812,1.6964299999999999,1.7019600000000001,101585
2019-11-01,1.70301,1.70794,1.69923,1.6995200000000001,83776
2019-11-04,1.6981199999999999,1.70059,1.6931500000000002,1.6934399999999998,60347
2019-11-05,1.69375,1.6963,1.6897799999999998,1.69429,87183
2019-11-06,1.69454,1.69872,1.69191,1.6941199999999998,65060
2019-11-07,1.69402,1.6956799999999999,1.68496,1.68765,85989
2019-11-08,1.68803,1.69673,1.68737,1.6895799999999999,64163
2019-11-11,1.6913399999999998,1.7056499999999999,1.68975,1.70019,55265
2019-11-12,1.70045,1.70329,1.69698,1.6991399999999999,72430
2019-11-13,1.6994099999999999,1.70575,1.69814,1.70179,66989
2019-11-14,1.702,1.70852,1.70014,1.70609,63804
2019-11-15,1.7061899999999999,1.70945,1.70258,1.7054200000000002,58111
2019-11-18,1.70823,1.71584,1.7069,1.70979,61444
2019-11-19,1.70997,1.71582,1.70679,1.71448,67622
2019-11-20,1.7146400000000002,1.72275,1.71261,1.71864,67865
2019-11-21,1.71932,1.72695,1.71208,1.71408,70152
2019-11-22,1.71449,1.7172399999999999,1.70387,1.70557,68879
2019-11-25,1.70859,1.71867,1.7071399999999999,1.7151399999999999,58037
2019-11-26,1.71471,1.71711,1.70574,1.7071,60667
2019-11-27,1.7070400000000001,1.71589,1.70228,1.7153399999999999,70916
2019-11-28,1.7157200000000001,1.72127,1.7134399999999999,1.7138499999999999,51054
2019-11-29,1.7144300000000001,1.7198799999999999,1.71163,1.71671,57126
2019-12-02,1.7132100000000001,1.72237,1.71289,1.72145,60881
2019-12-03,1.72139,1.7320799999999998,1.7201,1.72699,63844
2019-12-04,1.72667,1.73946,1.72607,1.7293500000000002,78646
2019-12-05,1.72974,1.73483,1.72755,1.7328999999999999,62301
2019-12-06,1.7328700000000001,1.74276,1.72742,1.7403,60164
2019-12-09,1.74024,1.74707,1.73826,1.7387700000000001,65529
2019-12-10,1.73906,1.74856,1.73692,1.73994,76113
2019-12-11,1.74002,1.7440600000000002,1.73428,1.73781,99514
2019-12-12,1.73808,1.74143,1.72093,1.7353800000000001,114927
2019-12-13,1.73539,1.7790300000000001,1.73383,1.75438,149536
2019-12-16,1.75692,1.76506,1.7488700000000001,1.75358,95702
2019-12-17,1.75312,1.75465,1.72272,1.72703,108474
2019-12-18,1.7272699999999999,1.72802,1.71227,1.7146400000000002,103352
2019-12-19,1.7145899999999998,1.72275,1.7055099999999999,1.70699,102775
2019-12-20,1.7071800000000001,1.72271,1.70649,1.7078799999999998,78080
2019-12-23,1.7088700000000001,1.7135099999999999,1.69822,1.6998,85810
2019-12-24,1.6998,1.70631,1.6993800000000001,1.70197,66828
2019-12-26,1.7048,1.70943,1.70265,1.7034799999999999,55351
2019-12-27,1.70363,1.71646,1.70003,1.7106400000000002,81397
2019-12-30,1.71054,1.7184599999999999,1.70695,1.7124899999999998,68262
2019-12-31,1.71259,1.72217,1.7102,1.7197900000000002,73856
2020-01-02,1.7204199999999998,1.72086,1.70475,1.70549,98344
2020-01-03,1.7043300000000001,1.7082199999999998,1.6963,1.6998199999999999,102722
2020-01-06,1.69931,1.7086299999999999,1.69619,1.7065299999999999,81937
2020-01-07,1.70679,1.71257,1.70164,1.7056900000000002,97852
2020-01-08,1.7059600000000001,1.71197,1.7027299999999999,1.70659,118870
2020-01-09,1.70709,1.71116,1.69832,1.70549,95198
2020-01-10,1.7058,1.71055,1.70138,1.70428,85102
2020-01-13,1.7010800000000001,1.70437,1.6918,1.6954500000000001,81164
2020-01-14,1.6949999999999998,1.70152,1.6930800000000001,1.70005,97718
2020-01-15,1.69983,1.7031800000000001,1.6979,1.70019,84223
2020-01-16,1.70012,1.7061600000000001,1.69924,1.7052800000000001,85524
2020-01-17,1.70559,1.71072,1.69905,1.6993200000000002,82120
2020-01-20,1.69639,1.69955,1.694,1.69665,51712
2020-01-21,1.69673,1.7083599999999999,1.6958600000000001,1.70489,79087
2020-01-22,1.7048299999999998,1.72763,1.7042899999999999,1.7252999999999998,96620
2020-01-23,1.7257,1.7305199999999998,1.72046,1.7221899999999999,86495
2020-01-24,1.72202,1.72844,1.7156099999999999,1.71821,86208
2020-01-27,1.72009,1.72744,1.7176200000000001,1.72249,78237
2020-01-28,1.72176,1.72303,1.71015,1.71363,70628
2020-01-29,1.71368,1.71897,1.7122600000000001,1.71753,62296
2020-01-30,1.71799,1.73335,1.7147000000000001,1.7290999999999999,89796
2020-01-31,1.72925,1.74804,1.72607,1.74692,87384
2020-02-03,1.7439900000000002,1.74586,1.72325,1.72595,84328
2020-02-04,1.72617,1.7323,1.7194500000000001,1.72919,85017
2020-02-05,1.7297,1.7355800000000001,1.72231,1.72593,85849
2020-02-06,1.72663,1.72712,1.71652,1.71657,71346
2020-02-07,1.7167,1.7252999999999998,1.71353,1.71408,78014
2020-02-10,1.71401,1.72472,1.7112,1.71905,78446
2020-02-11,1.7195200000000002,1.7235,1.71461,1.7202,78983
2020-02-12,1.72057,1.72359,1.7164199999999998,1.71658,74731
2020-02-13,1.71679,1.7322899999999999,1.7155399999999998,1.72966,84094
2020-02-14,1.72972,1.73108,1.72201,1.72836,60672
2020-02-17,1.7267700000000001,1.7292,1.7199900000000001,1.72055,49127
2020-02-18,1.72084,1.7305000000000001,1.71842,1.7231,74216
2020-02-19,1.72268,1.72376,1.7077499999999999,1.70797,71935
2020-02-20,1.70726,1.71261,1.70198,1.70776,81747
2020-02-21,1.70709,1.71754,1.70644,1.7137,82645
2020-02-24,1.7152500000000002,1.72017,1.71209,1.71802,95423
2020-02-25,1.7182300000000001,1.72943,1.71668,1.7265000000000001,106928
2020-02-26,1.72617,1.72844,1.71494,1.71966,112738
2020-02-27,1.7187999999999999,1.72602,1.7144300000000001,1.7255,132598
2020-02-28,1.72504,1.7376,1.70929,1.71608,167551
2020-03-02,1.71627,1.7221,1.6982599999999999,1.69919,178427
2020-03-03,1.69848,1.7158600000000002,1.69721,1.71406,179726
2020-03-04,1.71413,1.72543,1.70475,1.72263,129181
2020-03-05,1.7224,1.73959,1.72152,1.73598,105923
2020-03-06,1.73609,1.75268,1.734,1.75137,168504
2020-03-09,1.77118,1.80505,1.76955,1.79196,234816
2020-03-10,1.79792,1.79894,1.76725,1.7678099999999999,209151
2020-03-11,1.77166,1.78158,1.76016,1.7659,168419
2020-03-12,1.7650299999999999,1.7739500000000001,1.7261199999999999,1.7495699999999998,194415
2020-03-13,1.74946,1.75419,1.6914,1.6938,211940
2020-03-16,1.7035200000000001,1.7208,1.6987700000000001,1.71692,206208
2020-03-17,1.71939,1.72214,1.69958,1.7119499999999999,206029
2020-03-18,1.7114099999999999,1.7260900000000001,1.66228,1.6784,193164
2020-03-19,1.68218,1.70303,1.6610399999999998,1.66107,182425
2020-03-20,1.66638,1.69985,1.6540300000000001,1.6691099999999999,181518
2020-03-23,1.6753900000000002,1.69187,1.66103,1.67218,220457
2020-03-24,1.67119,1.7101199999999999,1.66415,1.69652,198903
2020-03-25,1.69842,1.71696,1.66914,1.68442,187938
2020-03-26,1.6827800000000002,1.71841,1.67529,1.70575,187093
2020-03-27,1.70998,1.74877,1.70134,1.73915,166074
2020-03-30,1.74058,1.7612700000000001,1.73447,1.75679,113443
2020-03-31,1.75697,1.7797399999999999,1.73835,1.7451400000000001,152016
2020-04-01,1.74477,1.76877,1.74248,1.75521,115543
2020-04-02,1.75468,1.76906,1.7451699999999999,1.75133,105058
2020-04-03,1.75116,1.75528,1.72641,1.74007,114050
2020-04-06,1.73784,1.74672,1.72412,1.72542,98800
2020-04-07,1.7252,1.73385,1.7177099999999998,1.7252399999999999,102493
2020-04-08,1.7245300000000001,1.74463,1.72229,1.73411,84249
2020-04-09,1.73433,1.74804,1.73357,1.7400799999999998,101364
2020-04-10,1.73967,1.7450999999999999,1.73485,1.73578,25101
2020-04-13,1.73373,1.74983,1.7333699999999999,1.73804,55291
2020-04-14,1.73786,1.75796,1.73399,1.75193,90648
2020-04-15,1.75094,1.7696399999999999,1.74841,1.7658800000000001,89836
2020-04-16,1.7655699999999999,1.76824,1.75386,1.75386,91281
2020-04-17,1.7533400000000001,1.75927,1.74886,1.7498200000000002,97449
2020-04-20,1.75108,1.7600799999999999,1.7465000000000002,1.75898,105102
2020-04-21,1.75903,1.76262,1.73872,1.74642,147983
2020-04-22,1.74371,1.7518,1.7402199999999999,1.74608,114676
2020-04-23,1.74597,1.75046,1.73316,1.73698,129563
2020-04-24,1.73681,1.74443,1.73329,1.7424300000000001,113479
2020-04-27,1.7416,1.7510599999999998,1.7409,1.74369,106412
2020-04-28,1.74391,1.74879,1.7370100000000002,1.73842,112956
2020-04-29,1.7385000000000002,1.7403,1.72746,1.73008,101176
2020-04-30,1.73021,1.7563900000000001,1.726,1.75535,131361
2020-05-01,1.7553,1.77037,1.75369,1.76023,99990
2020-05-04,1.7583,1.76226,1.7477399999999998,1.7524899999999999,104593
2020-05-05,1.7523499999999999,1.75407,1.7436500000000001,1.74624,105646
2020-05-06,1.7464300000000001,1.75073,1.73729,1.74525,112745
2020-05-07,1.74563,1.7502,1.72072,1.7253500000000002,103536
2020-05-08,1.7253500000000002,1.73631,1.72281,1.72656,80981
2020-05-11,1.72911,1.73304,1.7204000000000002,1.72696,99696
2020-05-12,1.72715,1.7315399999999999,1.72091,1.72525,129459
2020-05-13,1.7257500000000001,1.72953,1.7168999999999999,1.7234,142235
2020-05-14,1.72363,1.72577,1.71535,1.71713,142399
2020-05-15,1.7174800000000001,1.71932,1.70519,1.70766,119820
2020-05-18,1.7027299999999999,1.71038,1.69923,1.69935,102502
2020-05-19,1.69882,1.70852,1.69832,1.70783,114626
2020-05-20,1.7081,1.7090800000000002,1.69811,1.70065,103641
2020-05-21,1.70107,1.70817,1.6970399999999999,1.70479,101941
2020-05-22,1.7046999999999999,1.71227,1.7015099999999999,1.70289,108886
2020-05-25,1.7029999999999998,1.70627,1.7017799999999998,1.70382,84715
2020-05-26,1.7029,1.71126,1.6975500000000001,1.69899,108727
2020-05-27,1.69827,1.70088,1.68442,1.68579,127232
2020-05-28,1.6856200000000001,1.6992,1.68482,1.69502,138304
2020-05-29,1.6951100000000001,1.71191,1.69055,1.6996799999999999,141687
2020-06-01,1.6977,1.7031,1.69356,1.6949100000000001,119867
2020-06-02,1.6949100000000001,1.7009699999999999,1.69051,1.6964700000000001,124218
2020-06-03,1.69628,1.7065000000000001,1.69583,1.69664,136423
2020-06-04,1.69666,1.70458,1.6878600000000001,1.70055,123099
2020-06-05,1.70027,1.7085599999999999,1.69634,1.7,124642
2020-06-08,1.69974,1.70658,1.6924299999999999,1.7023000000000001,103248
2020-06-09,1.70236,1.71174,1.70057,1.7074,108769
2020-06-10,1.70716,1.71393,1.7050100000000001,1.70945,141519
2020-06-11,1.70919,1.71753,1.70514,1.71743,198633
2020-06-12,1.71714,1.71738,1.69926,1.7031100000000001,204089
2020-06-15,1.70234,1.71414,1.70079,1.7105700000000001,183824
2020-06-16,1.7104,1.7175099999999999,1.70197,1.70204,173308
2020-06-17,1.70208,1.7038,1.69669,1.7029999999999998,136977
2020-06-18,1.70252,1.70554,1.68343,1.68939,147567
2020-06-19,1.6891500000000002,1.6926,1.6750500000000001,1.67962,113166
2020-06-22,1.67954,1.68807,1.6794099999999998,1.6857199999999999,110259
2020-06-23,1.6836600000000002,1.69703,1.68251,1.6961300000000001,115400
2020-06-24,1.69607,1.70071,1.6873399999999998,1.69326,144033
2020-06-25,1.6933500000000001,1.69867,1.69038,1.69347,139566
2020-06-26,1.69266,1.6954799999999999,1.68492,1.68796,102866
2020-06-29,1.68617,1.69139,1.67868,1.67946,128761
2020-06-30,1.67957,1.68611,1.67687,1.68301,89977
2020-07-01,1.6827,1.69677,1.6775600000000002,1.69475,87852
2020-07-02,1.69444,1.70251,1.6907299999999998,1.69095,88845
2020-07-03,1.69034,1.69336,1.68751,1.69028,82982
2020-07-06,1.69005,1.69566,1.68866,1.69101,73128
2020-07-07,1.6909399999999999,1.71035,1.68933,1.70575,93417
2020-07-08,1.70609,1.7088100000000002,1.7021199999999999,1.70364,94115
2020-07-09,1.70367,1.71476,1.70139,1.71245,97822
2020-07-10,1.71251,1.72068,1.71041,1.71563,83999
2020-07-13,1.71689,1.718,1.70753,1.70835,98505
2020-07-14,1.70816,1.71055,1.70082,1.70899,109017
2020-07-15,1.709,1.7159200000000001,1.6990699999999999,1.70019,94924
2020-07-16,1.69852,1.7086999999999999,1.6939899999999999,1.70393,93441
2020-07-17,1.70244,1.70733,1.6985700000000001,1.7064599999999999,63218
2020-07-20,1.70374,1.71486,1.70085,1.7135500000000001,73413
2020-07-21,1.7118600000000002,1.71574,1.70572,1.7133,82253
2020-07-22,1.7130999999999998,1.7132800000000001,1.70336,1.70828,104684
2020-07-23,1.7081300000000001,1.70843,1.69784,1.7083599999999999,109960
2020-07-24,1.70715,1.71801,1.705,1.71643,113725
2020-07-27,1.71688,1.7263,1.71495,1.72034,111323
2020-07-28,1.72017,1.73446,1.71774,1.7299099999999998,100964
2020-07-29,1.72958,1.7363499999999998,1.72656,1.7334399999999999,106310
2020-07-30,1.73193,1.76083,1.7314,1.75756,134135
2020-07-31,1.7572100000000002,1.76743,1.7510599999999998,1.75446,137729
2020-08-03,1.75272,1.75903,1.7456399999999999,1.7506,127931
2020-08-04,1.75054,1.75268,1.74061,1.74093,110582
2020-08-05,1.7404199999999999,1.74536,1.73488,1.7395399999999999,100499
2020-08-06,1.73989,1.7523,1.73921,1.74867,134434
2020-08-07,1.74662,1.7530299999999999,1.74188,1.74653,135446
2020-08-10,1.74824,1.75041,1.74299,1.74508,78199
2020-08-11,1.7444,1.74664,1.73437,1.73519,106423
2020-08-12,1.73518,1.7388,1.72519,1.72618,123421
2020-08-13,1.72621,1.7338,1.7238,1.72777,108490
2020-08-14,1.7278,1.73952,1.72478,1.7353100000000001,94568
2020-08-17,1.73475,1.73753,1.72807,1.7313100000000001,72718
2020-08-18,1.7311299999999998,1.74554,1.7291699999999999,1.7431,104645
2020-08-19,1.74267,1.74492,1.72939,1.73058,102373
2020-08-20,1.7303600000000001,1.74249,1.72741,1.74223,125406
2020-08-21,1.7422900000000001,1.74478,1.7238,1.72383,122420
2020-08-24,1.72283,1.72994,1.72159,1.7264,86571
2020-08-25,1.72542,1.73618,1.72502,1.73201,75617
2020-08-26,1.73123,1.73779,1.7301199999999999,1.7359200000000001,71110
2020-08-27,1.7359499999999999,1.7411400000000001,1.73041,1.7327,97588
2020-08-28,1.73163,1.7498200000000002,1.73068,1.7483300000000002,94646
2020-08-31,1.7465000000000002,1.74871,1.73783,1.74409,88453
2020-09-01,1.74322,1.7553800000000002,1.74089,1.74813,109374
2020-09-02,1.7480799999999999,1.74985,1.7364600000000001,1.74134,92803
2020-09-03,1.74122,1.7439900000000002,1.73533,1.74317,107197
2020-09-04,1.7426599999999999,1.74378,1.72963,1.7346300000000001,114045
2020-09-07,1.72789,1.7342499999999998,1.7204899999999999,1.72296,65562
2020-09-08,1.7232699999999999,1.7252399999999999,1.7129699999999999,1.71791,107407
2020-09-09,1.71803,1.7184300000000001,1.70414,1.70885,97629
2020-09-10,1.70784,1.71509,1.6852399999999998,1.68911,119252
2020-09-11,1.68865,1.69345,1.68099,1.68573,113024
2020-09-14,1.68367,1.70086,1.68317,1.69223,86778
2020-09-15,1.69171,1.70095,1.68822,1.6993,91636
2020-09-16,1.6992099999999999,1.7136900000000002,1.69684,1.70859,120256
2020-09-17,1.70896,1.7156500000000001,1.69777,1.7078,143212
2020-09-18,1.70681,1.71182,1.7034799999999999,1.70504,122580
2020-09-21,1.70633,1.7102300000000001,1.69739,1.70533,145783
2020-09-22,1.70532,1.71028,1.69226,1.6933500000000001,141853
2020-09-23,1.69327,1.7062,1.69005,1.70278,129067
2020-09-24,1.70245,1.71164,1.7006999999999999,1.70173,148122
2020-09-25,1.70329,1.7085599999999999,1.6989100000000001,1.70597,116203
2020-09-28,1.70659,1.72773,1.7063899999999999,1.7151800000000001,117145
2020-09-29,1.71524,1.72615,1.71517,1.7209699999999999,116231
2020-09-30,1.72129,1.7294399999999999,1.7157900000000001,1.72018,141505
2020-10-01,1.7198600000000002,1.72486,1.70464,1.71224,137930
2020-10-02,1.712,1.7244199999999998,1.7090999999999998,1.72084,165761
2020-10-05,1.71985,1.72349,1.71316,1.7207599999999998,102127
2020-10-06,1.72052,1.72468,1.7126299999999999,1.7137,131045
2020-10-07,1.71549,1.71897,1.70621,1.7117900000000001,107263
2020-10-08,1.7114099999999999,1.71787,1.70634,1.70708,92360
2020-10-09,1.70681,1.7128700000000001,1.70168,1.7111100000000001,100794
2020-10-12,1.70973,1.7146599999999999,1.7077499999999999,1.71279,83279
2020-10-13,1.71285,1.71437,1.69782,1.69928,113823
2020-10-14,1.69895,1.7163,1.69055,1.70956,92797
2020-10-15,1.7097099999999998,1.71352,1.7041,1.70617,105510
2020-10-16,1.70681,1.7116799999999999,1.69879,1.70302,96357
2020-10-19,1.70058,1.71465,1.70032,1.70699,86894
2020-10-20,1.70728,1.7112,1.69594,1.6997499999999999,79480
2020-10-21,1.69931,1.7286700000000002,1.69781,1.72763,95783
2020-10-22,1.72776,1.7302300000000002,1.71713,1.71783,89631
2020-10-23,1.71757,1.72195,1.7109999999999999,1.7116099999999999,81265
2020-10-26,1.7140900000000001,1.72226,1.71075,1.7187700000000001,84655
2020-10-27,1.7205,1.7210100000000002,1.71506,1.71919,72761
2020-10-28,1.71933,1.7321900000000001,1.71532,1.72959,106215
2020-10-29,1.72929,1.73503,1.72078,1.7216900000000002,129521
2020-10-30,1.72215,1.72834,1.7186599999999999,1.72471,131348
2020-11-02,1.72061,1.7281499999999999,1.70649,1.70689,110511
2020-11-03,1.70668,1.71845,1.7055500000000001,1.71597,97946
2020-11-04,1.71569,1.72251,1.70261,1.7050800000000002,224271
2020-11-05,1.7055099999999999,1.71666,1.69786,1.7145000000000001,166168
2020-11-06,1.7144599999999999,1.71967,1.71097,1.71692,145494
2020-11-09,1.7156799999999999,1.71711,1.70251,1.71204,169062
2020-11-10,1.71208,1.73067,1.71011,1.72902,148106
2020-11-11,1.7289400000000001,1.7349999999999999,1.7223600000000001,1.7264599999999999,114969
2020-11-12,1.7265000000000001,1.73024,1.7189,1.72263,98938
2020-11-13,1.72263,1.73597,1.72203,1.7330299999999998,77389
2020-11-16,1.72953,1.73507,1.72115,1.7245,89646
2020-11-17,1.7242899999999999,1.73849,1.7238099999999998,1.73568,88408
2020-11-18,1.7353,1.74132,1.73128,1.73515,80829
2020-11-19,1.73533,1.73801,1.72845,1.73298,86633
2020-11-20,1.73288,1.7404199999999999,1.73082,1.73978,83343
2020-11-23,1.73929,1.74965,1.73779,1.7419799999999999,94855
2020-11-24,1.74183,1.74346,1.73568,1.73593,95366
2020-11-25,1.73542,1.74149,1.73191,1.7405,99700
2020-11-26,1.73845,1.74149,1.73298,1.73797,56276
2020-11-27,1.73806,1.7404199999999999,1.72525,1.72943,76863
2020-11-30,1.7323300000000001,1.73482,1.72472,1.7311100000000001,112293
2020-12-01,1.73069,1.74086,1.7269700000000001,1.73498,100111
2020-12-02,1.73507,1.73739,1.71982,1.72568,109640
2020-12-03,1.72546,1.74004,1.72265,1.72911,101801
2020-12-04,1.7283,1.73533,1.7145899999999998,1.71713,115770
2020-12-07,1.7133500000000002,1.7173,1.69651,1.71238,116531
2020-12-08,1.71121,1.7144599999999999,1.70086,1.71143,123295
2020-12-09,1.71113,1.72221,1.7094200000000002,1.7168999999999999,99646
2020-12-10,1.7165,1.7189100000000002,1.68702,1.6928299999999998,120158
2020-12-11,1.69291,1.69627,1.6768,1.6875499999999999,107647
2020-12-14,1.70419,1.71316,1.69604,1.70072,106780
2020-12-15,1.69964,1.71293,1.69459,1.70888,114994
2020-12-16,1.7084899999999998,1.72938,1.7065000000000001,1.7207599999999998,120879
2020-12-17,1.72089,1.73374,1.71867,1.72742,103630
2020-12-18,1.72749,1.72942,1.71914,1.72918,100801
2020-12-21,1.71496,1.73144,1.70476,1.73018,154263
2020-12-22,1.73022,1.73136,1.71985,1.7242600000000001,126051
2020-12-23,1.72431,1.74337,1.72201,1.73238,129925
2020-12-24,1.73268,1.7482,1.73266,1.73849,83147
2020-12-28,1.74097,1.7436500000000001,1.72559,1.7274500000000002,92221
2020-12-29,1.7282,1.73273,1.7256200000000002,1.73055,97438
2020-12-30,1.7298900000000001,1.7406899999999998,1.7283,1.73752,103320
2020-12-31,1.73763,1.74447,1.73485,1.7397200000000002,93946
2021-01-04,1.73515,1.74112,1.7245599999999999,1.73315,128994
2021-01-05,1.73326,1.7360799999999998,1.7246700000000001,1.7259799999999998,123117
2021-01-06,1.7257500000000001,1.73115,1.71943,1.72455,169088
2021-01-07,1.7240199999999999,1.7302499999999998,1.7187299999999999,1.72088,128811
2021-01-08,1.7207400000000002,1.72714,1.71876,1.72098,144700
2021-01-11,1.72256,1.72954,1.71966,1.72809,108711
2021-01-12,1.72732,1.73982,1.72444,1.73663,102286
2021-01-13,1.73594,1.74339,1.7284000000000002,1.73087,99788
2021-01-14,1.73078,1.73393,1.72737,1.72983,106160
2021-01-15,1.7294100000000001,1.7339,1.7273399999999999,1.73004,112348
2021-01-18,1.73091,1.73474,1.7286299999999999,1.73258,85129
2021-01-19,1.7323,1.73732,1.7299099999999998,1.7358799999999999,83842
2021-01-20,1.73474,1.74185,1.71983,1.72459,99275
2021-01-21,1.7244199999999998,1.73624,1.72384,1.73489,90790
2021-01-22,1.7345899999999999,1.74278,1.73213,1.74217,87986
2021-01-25,1.73903,1.74429,1.73681,1.74151,97138
2021-01-26,1.7417500000000001,1.74646,1.73806,1.7427899999999998,86707
2021-01-27,1.7429700000000001,1.7541799999999999,1.74227,1.75139,124456
2021-01-28,1.75071,1.76115,1.74947,1.75973,136788
2021-01-29,1.76007,1.76404,1.74779,1.74996,163691
2021-02-01,1.75216,1.75747,1.7503600000000001,1.7550400000000002,119073
2021-02-02,1.75495,1.7573699999999999,1.7464,1.74675,100884
2021-02-03,1.74649,1.74818,1.74169,1.74423,89639
2021-02-04,1.74423,1.7549299999999999,1.73491,1.7533400000000001,99229
2021-02-05,1.75349,1.75695,1.74989,1.7524600000000001,86027
2021-02-08,1.74928,1.7533699999999999,1.74745,1.74958,73744
2021-02-09,1.7497099999999999,1.75921,1.74919,1.7534,83406
2021-02-10,1.75333,1.75927,1.7522799999999998,1.75659,83997
2021-02-11,1.75593,1.75789,1.751,1.75491,66020
2021-02-12,1.75467,1.76143,1.75322,1.7578200000000002,65256
2021-02-15,1.75622,1.76268,1.75595,1.75598,52133
2021-02-16,1.75647,1.76674,1.7563,1.76348,82689
2021-02-17,1.7636699999999998,1.76549,1.7590599999999998,1.75957,89003
2021-02-18,1.75876,1.77505,1.7583199999999999,1.77088,75670
2021-02-19,1.7711999999999999,1.77435,1.7654,1.76677,73643
2021-02-22,1.7673,1.77514,1.7652299999999999,1.77328,84228
2021-02-23,1.7731,1.77844,1.77088,1.77538,83463
2021-02-24,1.77535,1.7880099999999999,1.7669700000000002,1.76904,101467
2021-02-25,1.76844,1.77129,1.7617,1.76504,145839
2021-02-26,1.76544,1.77572,1.75511,1.77477,172976
2021-03-01,1.77275,1.77779,1.76025,1.76068,103560
2021-03-02,1.76022,1.7649,1.75623,1.76176,110213
2021-03-03,1.7615699999999999,1.7668300000000001,1.76016,1.76518,110591
2021-03-04,1.76558,1.7677399999999999,1.7574,1.75966,162374
2021-03-05,1.7594400000000001,1.76169,1.7470400000000001,1.7499500000000001,154670
2021-03-08,1.74638,1.7564600000000001,1.7457099999999999,1.7499,126893
2021-03-09,1.7499500000000001,1.75895,1.74775,1.75478,113986
2021-03-10,1.7547899999999998,1.76033,1.75316,1.7568899999999998,101777
2021-03-11,1.75674,1.7595100000000001,1.75168,1.75288,87603
2021-03-12,1.75221,1.75403,1.73434,1.73621,90547
2021-03-15,1.7358500000000001,1.73831,1.73081,1.73424,80754
2021-03-16,1.73213,1.73446,1.72349,1.7282899999999999,74187
2021-03-17,1.72804,1.73518,1.72698,1.7314500000000002,86377
2021-03-18,1.7317900000000002,1.7434699999999999,1.72825,1.73952,107649
2021-03-19,1.73754,1.74044,1.7321,1.7330299999999998,91760
2021-03-22,1.73227,1.7365599999999999,1.72714,1.7354,70002
2021-03-23,1.73575,1.73754,1.7252100000000001,1.72959,84803
2021-03-24,1.72965,1.7310400000000001,1.71983,1.72055,81166
2021-03-25,1.72025,1.7338900000000002,1.71779,1.7313800000000001,89833
2021-03-26,1.7313,1.7379799999999999,1.72832,1.73386,70927
2021-03-29,1.7334100000000001,1.74491,1.73214,1.73214,70195
2021-03-30,1.7322,1.73634,1.73108,1.73516,69629
2021-03-31,1.73418,1.7377,1.73017,1.7308400000000002,74220
2021-04-01,1.73056,1.73916,1.72961,1.73468,74471
2021-04-02,1.73468,1.73943,1.7337099999999999,1.73925,56254
2021-04-05,1.73907,1.74267,1.73702,1.74054,46573
2021-04-06,1.7404600000000001,1.74436,1.73324,1.73668,68985
2021-04-07,1.73616,1.74261,1.73155,1.73164,79492
2021-04-08,1.73135,1.73566,1.72454,1.7246299999999999,64635
2021-04-09,1.7244000000000002,1.7277,1.71659,1.71665,64808
2021-04-12,1.71933,1.72729,1.71563,1.7259600000000002,59734
2021-04-13,1.72515,1.7334,1.72206,1.7234099999999999,69361
2021-04-14,1.72274,1.7324000000000002,1.7223899999999999,1.72478,65512
2021-04-15,1.72427,1.73068,1.71957,1.72825,69641
2021-04-16,1.7283300000000001,1.73116,1.71746,1.7297500000000001,66923
2021-04-19,1.7286700000000002,1.75434,1.72852,1.75256,82175
2021-04-20,1.75257,1.75868,1.74624,1.7567300000000001,76848
2021-04-21,1.75643,1.75815,1.7359200000000001,1.74029,69907
2021-04-22,1.7403499999999998,1.74296,1.7270699999999999,1.73,74027
2021-04-23,1.73041,1.7352699999999999,1.72864,1.73088,62967
2021-04-26,1.73049,1.73609,1.7201,1.7224,64817
2021-04-27,1.72217,1.72739,1.72052,1.72439,59927
2021-04-28,1.72443,1.72519,1.7153399999999999,1.71543,72111
2021-04-29,1.71523,1.71876,1.71128,1.71149,71910
2021-04-30,1.71205,1.71316,1.69533,1.6969400000000001,78946
2021-05-03,1.69673,1.7105299999999999,1.69549,1.7071,58970
2021-05-04,1.7073,1.71218,1.70382,1.70858,77627
2021-05-05,1.70845,1.7112,1.70389,1.70525,58486
2021-05-06,1.70459,1.70675,1.6863000000000001,1.68648,77120
2021-05-07,1.6864,1.7013,1.68624,1.69727,82879
2021-05-10,1.69732,1.71336,1.6960199999999999,1.7070699999999999,81005
2021-05-11,1.7073399999999999,1.71497,1.70688,1.71108,88490
2021-05-12,1.71087,1.71209,1.70112,1.70468,106254
2021-05-13,1.70471,1.7106400000000002,1.70068,1.7082899999999999,100985
2021-05-14,1.7082899999999999,1.71018,1.7031,1.70513,72837
2021-05-17,1.70739,1.7098499999999999,1.7030699999999999,1.7059199999999999,75235
2021-05-18,1.70475,1.7134800000000001,1.70412,1.71128,73213
2021-05-19,1.71102,1.7151399999999999,1.70715,1.71211,108064
2021-05-20,1.71239,1.71394,1.70715,1.7107,80542
2021-05-21,1.7109,1.71533,1.70581,1.70679,84253
2021-05-24,1.70787,1.71021,1.70299,1.7044000000000001,62793
2021-05-25,1.7046299999999999,1.70973,1.70272,1.7066,77246
2021-05-26,1.70669,1.71427,1.7041300000000001,1.71089,73103
2021-05-27,1.7109299999999998,1.71548,1.70794,1.71345,77490
2021-05-28,1.71306,1.71675,1.70747,1.71217,78807
2021-05-31,1.7111,1.7175500000000001,1.70943,1.7132399999999999,58774
2021-06-01,1.71354,1.71718,1.70148,1.70755,76639
2021-06-02,1.70739,1.71042,1.70439,1.70462,65595
2021-06-03,1.70475,1.71265,1.70417,1.7068400000000001,81844
2021-06-04,1.7071800000000001,1.71616,1.70615,1.71086,70585
2021-06-07,1.70792,1.7144,1.7069100000000001,1.71255,60527
2021-06-08,1.71266,1.7153,1.70736,1.7139199999999999,64492
2021-06-09,1.7134200000000002,1.71644,1.7052,1.70927,54793
2021-06-10,1.7092,1.7149999999999999,1.70549,1.71433,79917
2021-06-11,1.7144,1.7173,1.7109999999999999,1.71377,65828
2021-06-14,1.7144300000000001,1.71699,1.71116,1.71341,53656
2021-06-15,1.71282,1.7178200000000001,1.71067,1.71492,62186
2021-06-16,1.71505,1.72054,1.71444,1.71638,87013
2021-06-17,1.71637,1.7221199999999999,1.71401,1.71949,99802
2021-06-18,1.7198799999999999,1.72226,1.7142,1.72073,111299
2021-06-21,1.72051,1.7258499999999999,1.71814,1.72173,103417
2021-06-22,1.7218,1.72385,1.7156799999999999,1.7158099999999998,86431
2021-06-23,1.7158,1.72115,1.7132399999999999,1.7177,80296
2021-06-24,1.7176900000000002,1.71882,1.70797,1.7149299999999998,82712
2021-06-25,1.71451,1.71651,1.70522,1.70526,67536
2021-06-28,1.7094200000000002,1.7165,1.7051699999999999,1.71244,66979
2021-06-29,1.71131,1.71706,1.7095,1.71535,68903
2021-06-30,1.71482,1.71925,1.70878,1.71437,80166
2021-07-01,1.7142300000000001,1.71517,1.7062,1.71059,81254
2021-07-02,1.7115,1.71306,1.70146,1.70324,78834
2021-07-05,1.70255,1.71272,1.70059,1.70716,51311
2021-07-06,1.70763,1.72461,1.70628,1.71879,84927
2021-07-07,1.7185700000000002,1.72505,1.71474,1.72167,92667
2021-07-08,1.72142,1.73396,1.72082,1.72692,117370
2021-07-09,1.72793,1.7330100000000002,1.72324,1.72904,106222
2021-07-12,1.72827,1.73381,1.72789,1.72832,85725
2021-07-13,1.72805,1.73475,1.72412,1.72767,89015
2021-07-14,1.72667,1.7370999999999999,1.72532,1.73236,95022
2021-07-15,1.73243,1.7427899999999998,1.7298900000000001,1.7407,98012
2021-07-16,1.74073,1.74228,1.7334399999999999,1.73476,81083
2021-07-19,1.73616,1.75681,1.73461,1.74244,120766
2021-07-20,1.74269,1.74488,1.72706,1.7273800000000001,104064
2021-07-21,1.7273100000000001,1.73171,1.7149,1.72183,85724
2021-07-22,1.72071,1.7339099999999998,1.71917,1.72851,86752
2021-07-23,1.72892,1.73306,1.72461,1.7266,67809
2021-07-26,1.72743,1.73602,1.7262499999999998,1.73336,76839
2021-07-27,1.73388,1.74943,1.73178,1.7481900000000001,85516
2021-07-28,1.74834,1.7495,1.7404,1.7405300000000001,94220
2021-07-29,1.74092,1.7435399999999999,1.7364000000000002,1.73688,71482
2021-07-30,1.73691,1.7395399999999999,1.73182,1.73274,74656
2021-08-02,1.7341,1.7380499999999999,1.7309700000000001,1.73577,66521
2021-08-03,1.73577,1.74698,1.73441,1.7441499999999999,71161
2021-08-04,1.74404,1.7506599999999999,1.74112,1.7412999999999998,65538
2021-08-05,1.74122,1.74498,1.7374,1.7408299999999999,69639
2021-08-06,1.7408299999999999,1.74502,1.7389000000000001,1.74089,61029
2021-08-09,1.7406000000000001,1.7450700000000001,1.7386300000000001,1.7408000000000001,71466
2021-08-10,1.7408299999999999,1.7435800000000001,1.7316500000000001,1.7316500000000001,57298
2021-08-11,1.7316500000000001,1.7355399999999999,1.72905,1.73282,57817
2021-08-12,1.73326,1.73657,1.72733,1.72889,52266
2021-08-13,1.72888,1.7364199999999999,1.72613,1.73533,42210
2021-08-16,1.73494,1.74339,1.73286,1.7402199999999999,56255
2021-08-17,1.74023,1.74298,1.7334100000000001,1.7349700000000001,68279
2021-08-18,1.73488,1.74159,1.7318,1.74061,63575
2021-08-19,1.73994,1.75096,1.7374800000000001,1.74874,89661
2021-08-20,1.7488899999999998,1.76253,1.7458,1.74658,75117
2021-08-23,1.74665,1.74816,1.73506,1.73506,63117
2021-08-24,1.73407,1.73804,1.72752,1.72784,55622
2021-08-25,1.72776,1.73507,1.72749,1.73259,57014
2021-08-26,1.73254,1.7380499999999999,1.7302300000000002,1.7377,62371
2021-08-27,1.73767,1.7423600000000001,1.73456,1.73457,73125
2021-08-30,1.73584,1.73906,1.72911,1.7338900000000002,50182
2021-08-31,1.7338900000000002,1.74187,1.73121,1.73501,80312
2021-09-01,1.73483,1.7407599999999999,1.7304599999999999,1.7372800000000002,63049
2021-09-02,1.73697,1.74158,1.73494,1.73603,55818
2021-09-03,1.73604,1.73841,1.7311100000000001,1.73515,69006
2021-09-06,1.73564,1.7378900000000002,1.7316500000000001,1.73367,48261
2021-09-07,1.7330100000000002,1.74389,1.73175,1.74299,89175
2021-09-08,1.74301,1.75284,1.74023,1.74719,102871
2021-09-09,1.74705,1.7564199999999999,1.74676,1.7517399999999999,110417
2021-09-10,1.7516699999999998,1.7557,1.7452800000000002,1.75557,84759
2021-09-13,1.75817,1.75817,1.7492,1.74981,77657
2021-09-14,1.74967,1.7568899999999998,1.74825,1.75255,92799
2021-09-15,1.7523499999999999,1.75576,1.74685,1.74719,88854
2021-09-16,1.74699,1.74988,1.74323,1.7489,84768
2021-09-17,1.74856,1.75511,1.7433999999999998,1.7532100000000002,85735
2021-09-20,1.75309,1.76021,1.7482199999999999,1.7503600000000001,102361
2021-09-21,1.7503600000000001,1.7534399999999999,1.74291,1.74994,102115
2021-09-22,1.75067,1.75263,1.73673,1.7387000000000001,114526
2021-09-23,1.7388,1.7423199999999999,1.72851,1.7358500000000001,102923
2021-09-24,1.73582,1.7412800000000002,1.72805,1.72904,80612
2021-09-27,1.7281300000000002,1.7368000000000001,1.7243300000000001,1.7292,87001
2021-09-28,1.72877,1.7306599999999999,1.71349,1.7172800000000001,122976
2021-09-29,1.71671,1.7190400000000001,1.70865,1.71211,120693
2021-09-30,1.7113399999999999,1.71888,1.70496,1.70818,123410
2021-10-01,1.7074799999999999,1.71942,1.70737,1.71211,133112
2021-10-04,1.7133699999999998,1.71598,1.70893,1.7130100000000001,114053
2021-10-05,1.71257,1.717,1.70994,1.71456,93850
2021-10-06,1.714,1.71607,1.70895,1.70948,124391
2021-10-07,1.70916,1.71245,1.7072699999999998,1.70824,86013
2021-10-08,1.70763,1.70994,1.69612,1.69766,97856
2021-10-11,1.69856,1.70381,1.69542,1.6963599999999999,78773
2021-10-12,1.69626,1.6989800000000002,1.69116,1.69356,85302
2021-10-13,1.69309,1.7000899999999999,1.6910500000000002,1.6989800000000002,90204
2021-10-14,1.6986400000000001,1.70064,1.69082,1.69086,71083
2021-10-15,1.69079,1.70574,1.68912,1.69843,77829
2021-10-18,1.70103,1.7040600000000001,1.6956,1.6987100000000002,78306
2021-10-19,1.69827,1.70855,1.69678,1.7051500000000002,73805
2021-10-20,1.7049699999999999,1.70636,1.69705,1.7028699999999999,72422
2021-10-21,1.7023700000000002,1.70683,1.6994,1.7052800000000001,78429
2021-10-22,1.70488,1.70652,1.69845,1.7006299999999999,96670
2021-10-25,1.69855,1.70613,1.69848,1.7042199999999998,80170
2021-10-26,1.70424,1.70879,1.70247,1.7053099999999999,77760
2021-10-27,1.7053099999999999,1.70778,1.6904,1.69858,99665
2021-10-28,1.69858,1.70504,1.69546,1.7019,107946
2021-10-29,1.7019,1.70523,1.69334,1.69435,105608
2021-11-01,1.69259,1.69505,1.68776,1.69042,83918
2021-11-02,1.68956,1.69421,1.68737,1.68892,79768
2021-11-03,1.68822,1.6988699999999999,1.68693,1.6949999999999998,99328
2021-11-04,1.69508,1.6962000000000002,1.67923,1.6811099999999999,99616
2021-11-05,1.68094,1.6838600000000001,1.67332,1.6801,91199
2021-11-08,1.67746,1.6907999999999999,1.67624,1.68715,75764
2021-11-09,1.68679,1.69128,1.68577,1.68606,90847
2021-11-10,1.68546,1.68729,1.6738,1.67434,115149
2021-11-11,1.6747100000000001,1.68695,1.67156,1.68112,92183
2021-11-12,1.6813,1.68807,1.67912,1.68285,77469
2021-11-15,1.68207,1.6856,1.6775,1.67851,78637
2021-11-16,1.6777199999999999,1.68785,1.67625,1.6863899999999998,94733
2021-11-17,1.68472,1.7022599999999999,1.6831399999999999,1.70062,100568
2021-11-18,1.69942,1.70472,1.69759,1.70018,88786
2021-11-19,1.6988699999999999,1.7026599999999998,1.69431,1.6989800000000002,106467
2021-11-22,1.69931,1.70211,1.69616,1.70079,107025
2021-11-23,1.70061,1.70469,1.69368,1.69472,114721
2021-11-24,1.69444,1.69786,1.68665,1.6879,113181
2021-11-25,1.6879,1.68933,1.68387,1.68448,89153
2021-11-26,1.68398,1.71002,1.68376,1.70444,154365
2021-11-29,1.69943,1.70204,1.69488,1.69589,125865
2021-11-30,1.69539,1.7112500000000002,1.6921,1.69903,185974
2021-12-01,1.6986599999999998,1.70387,1.69427,1.70179,145473
2021-12-02,1.70179,1.70918,1.69714,1.70384,149348
2021-12-03,1.702,1.7058900000000001,1.68977,1.69909,143249
2021-12-06,1.6957200000000001,1.69978,1.6912,1.6915,105876
2021-12-07,1.69126,1.6930399999999999,1.67194,1.67337,100887
2021-12-08,1.67328,1.67696,1.66385,1.67065,124556
2021-12-09,1.6700300000000001,1.68112,1.66852,1.68039,95615
2021-12-10,1.6803599999999999,1.68851,1.67567,1.68733,96583
2021-12-13,1.68651,1.6968999999999999,1.6833900000000002,1.6921,100462
2021-12-14,1.69211,1.70167,1.68967,1.70103,96166
2021-12-15,1.70052,1.70877,1.69973,1.70183,124007
2021-12-16,1.70183,1.70941,1.69424,1.7015799999999999,142797
2021-12-17,1.7016200000000001,1.70774,1.69989,1.7055099999999999,132860
2021-12-20,1.70635,1.71415,1.7025299999999999,1.70868,138899
2021-12-21,1.70844,1.71523,1.70593,1.71234,96587
2021-12-22,1.71123,1.7215,1.7100499999999998,1.71303,88902
2021-12-23,1.71243,1.72298,1.71243,1.7175099999999999,86840
2021-12-24,1.71657,1.72066,1.7134200000000002,1.7171699999999999,124667
2021-12-27,1.71404,1.72328,1.71306,1.71861,48620
2021-12-28,1.71835,1.72296,1.71637,1.72116,49789
2021-12-29,1.7190699999999999,1.72835,1.7190699999999999,1.72498,63819
2021-12-30,1.72444,1.72911,1.71909,1.7195,62500
2021-12-31,1.71865,1.72141,1.7090800000000002,1.70995,72255
2022-01-03,1.70824,1.71964,1.70791,1.7174399999999999,73197
2022-01-04,1.71681,1.72214,1.7133500000000002,1.71895,85330
2022-01-05,1.71833,1.7300200000000001,1.71641,1.72873,94640
2022-01-06,1.72846,1.73121,1.71967,1.7220900000000001,105808
2022-01-07,1.72149,1.72439,1.7166700000000001,1.7177099999999998,91756
2022-01-10,1.7165300000000001,1.7221899999999999,1.71346,1.72133,105223
2022-01-11,1.72133,1.72206,1.7120600000000001,1.71397,102320
2022-01-12,1.7141899999999999,1.71505,1.7079900000000001,1.71333,97909
2022-01-13,1.71286,1.7164899999999998,1.71068,1.7155,96150
2022-01-14,1.71524,1.7187000000000001,1.71225,1.71618,116836
2022-01-17,1.71341,1.71624,1.70656,1.7075200000000001,83493
2022-01-18,1.70692,1.70821,1.69879,1.70114,127364
2022-01-19,1.70046,1.7065000000000001,1.6979899999999999,1.7032699999999998,129032
2022-01-20,1.7030699999999999,1.70486,1.6972399999999999,1.69973,116813
2022-01-21,1.69951,1.70618,1.69644,1.7052399999999999,141862
2022-01-24,1.70423,1.70773,1.7003599999999999,1.70418,167743
2022-01-25,1.70371,1.7058900000000001,1.69926,1.7045,155398
2022-01-26,1.70438,1.70732,1.6963,1.70522,161630
2022-01-27,1.70522,1.70839,1.69478,1.7048100000000002,184316
2022-01-28,1.70451,1.7146400000000002,1.70306,1.71143,165495
2022-01-31,1.7092399999999999,1.71442,1.7039499999999999,1.70834,132756
2022-02-01,1.70807,1.71685,1.70553,1.7153,116911
2022-02-02,1.7145899999999998,1.7231800000000002,1.7133,1.7196799999999999,104341
2022-02-03,1.71882,1.73069,1.7183199999999998,1.72346,141697
2022-02-04,1.72283,1.72997,1.72038,1.7268599999999998,136967
2022-02-07,1.72505,1.72645,1.7130999999999998,1.71413,114405
2022-02-08,1.71397,1.72387,1.71052,1.7205300000000001,94792
2022-02-09,1.7199200000000001,1.7238099999999998,1.7142300000000001,1.7144300000000001,71516
2022-02-10,1.71401,1.72671,1.71401,1.72434,143294
2022-02-11,1.72378,1.72751,1.7217799999999999,1.72553,166848
2022-02-14,1.72418,1.72796,1.7205300000000001,1.7221,160885
2022-02-15,1.7207400000000002,1.72714,1.71953,1.7210999999999999,120344
2022-02-16,1.72068,1.72507,1.71521,1.72321,109722
2022-02-17,1.7229,1.7319200000000001,1.72179,1.73004,155999
2022-02-18,1.7297500000000001,1.7351299999999998,1.72672,1.73189,119746
2022-02-21,1.73245,1.73769,1.73055,1.7342300000000002,107875
2022-02-22,1.73368,1.73587,1.7230699999999999,1.73445,143772
2022-02-23,1.73377,1.73523,1.72285,1.7242899999999999,108123
2022-02-24,1.72393,1.72681,1.70851,1.71394,253917
2022-02-25,1.7132100000000001,1.71759,1.7021899999999999,1.7031,159680
2022-02-28,1.70099,1.71031,1.69695,1.7000600000000001,180162
2022-03-01,1.6981000000000002,1.7016200000000001,1.69041,1.69757,153182
2022-03-02,1.69672,1.6979899999999999,1.6886299999999999,1.693,159096
2022-03-03,1.69269,1.69411,1.6855799999999999,1.6928100000000001,145612
2022-03-04,1.69196,1.69513,1.68137,1.6826400000000001,157827
2022-03-07,1.6823299999999999,1.68625,1.67154,1.6797499999999999,202839
2022-03-08,1.67953,1.69205,1.6765400000000001,1.68796,214004
2022-03-09,1.6876,1.6911800000000001,1.68484,1.68801,147180
2022-03-10,1.6875900000000001,1.6898300000000002,1.66995,1.67018,156600
2022-03-11,1.6703999999999999,1.67493,1.65673,1.66229,144427
2022-03-14,1.65882,1.67,1.65791,1.66682,133113
2022-03-15,1.66684,1.67869,1.6642700000000001,1.66449,132457
2022-03-16,1.6641599999999999,1.67109,1.6595,1.66655,154772
2022-03-17,1.66632,1.67233,1.65802,1.6596600000000001,131351
2022-03-18,1.65923,1.66483,1.6536499999999998,1.6608800000000001,106084
2022-03-21,1.6607699999999999,1.66234,1.65523,1.65737,105460
2022-03-22,1.65717,1.67165,1.65177,1.66679,113677
2022-03-23,1.66672,1.67214,1.65613,1.65841,83688
2022-03-24,1.6583299999999999,1.6601599999999999,1.6504400000000001,1.65103,100520
2022-03-25,1.65093,1.65644,1.6439,1.64432,91624
2022-03-28,1.6451099999999999,1.64654,1.63644,1.63801,109400
2022-03-29,1.63877,1.64625,1.6315300000000001,1.63599,130841
2022-03-30,1.63405,1.6443699999999999,1.63405,1.63875,112561
2022-03-31,1.63825,1.6455199999999999,1.63794,1.64334,113120
2022-04-01,1.64237,1.6447,1.63593,1.64074,90481
2022-04-04,1.6383,1.6420599999999999,1.63484,1.6368,71991
2022-04-05,1.6361599999999998,1.63871,1.62939,1.63205,81148
2022-04-06,1.6314899999999999,1.63957,1.63123,1.63897,103631
2022-04-07,1.63852,1.64697,1.63631,1.6457899999999999,97287
2022-04-08,1.6457600000000001,1.6463299999999998,1.63703,1.6387,80212
2022-04-11,1.63643,1.64638,1.63554,1.6449500000000001,87678
2022-04-12,1.64452,1.6476600000000001,1.64081,1.6435,103421
2022-04-13,1.64336,1.6493,1.64009,1.64805,110712
2022-04-14,1.6476,1.65035,1.6396600000000001,1.6475,92598
2022-04-15,1.64551,1.64906,1.6430099999999999,1.6463,106247
2022-04-18,1.6450200000000001,1.64821,1.6403400000000001,1.6406800000000001,59217
2022-04-19,1.64025,1.6438700000000002,1.634,1.64022,92153
2022-04-20,1.63965,1.6428500000000001,1.62716,1.6332499999999999,102252
2022-04-21,1.63062,1.6396899999999999,1.62666,1.63887,101738
2022-04-22,1.63834,1.6417000000000002,1.6290499999999999,1.63125,111469
2022-04-25,1.6315,1.63297,1.61977,1.62191,139955
2022-04-26,1.62157,1.62588,1.61059,1.61243,119768
2022-04-27,1.61188,1.61693,1.6061100000000001,1.60755,125605
2022-04-28,1.60711,1.6090499999999999,1.5928,1.59531,138802
2022-04-29,1.59402,1.61731,1.59246,1.61663,136374
2022-05-02,1.6145100000000001,1.6199599999999998,1.60763,1.60854,111196
2022-05-03,1.6079599999999998,1.6150799999999998,1.60273,1.6042399999999999,125254
2022-05-04,1.60397,1.61041,1.59876,1.6088200000000001,148560
2022-05-05,1.60809,1.60948,1.57772,1.58597,165356
2022-05-06,1.58507,1.5929799999999998,1.57856,1.59123,189966
2022-05-09,1.59219,1.6048499999999999,1.58642,1.60366,174790
2022-05-10,1.60365,1.60907,1.59864,1.6040100000000002,173430
2022-05-11,1.6035599999999999,1.6055199999999998,1.5901399999999999,1.59105,193922
2022-05-12,1.5910600000000001,1.59333,1.5845,1.59074,216066
2022-05-13,1.59074,1.5914000000000001,1.57759,1.5818400000000001,128663
2022-05-16,1.5808900000000001,1.58822,1.5795599999999999,1.58263,147591
2022-05-17,1.58152,1.6029200000000001,1.58106,1.59938,150213
2022-05-18,1.59938,1.6017000000000001,1.58708,1.58976,151593
2022-05-19,1.58976,1.60391,1.58571,1.5983399999999999,196851
2022-05-20,1.5976,1.60433,1.59363,1.60332,154990
2022-05-23,1.60091,1.61128,1.60076,1.60644,125919
2022-05-24,1.60644,1.6111499999999999,1.59544,1.60553,143005
2022-05-25,1.60565,1.61273,1.60334,1.6108099999999999,156604
2022-05-26,1.61017,1.61815,1.60542,1.6093199999999999,120358
2022-05-27,1.6069499999999999,1.61494,1.6042999999999998,1.60585,112438
2022-05-30,1.60347,1.60792,1.59924,1.60065,80834
2022-05-31,1.6002100000000001,1.60156,1.5891199999999999,1.5934,150999
2022-06-01,1.59297,1.59622,1.57741,1.5799699999999999,124779
2022-06-02,1.57969,1.58856,1.57866,1.58059,96738
2022-06-03,1.58019,1.58197,1.57017,1.57186,92347
2022-06-06,1.57281,1.5798,1.57108,1.57609,101549
2022-06-07,1.57587,1.5808900000000001,1.568,1.57759,132004
2022-06-08,1.57732,1.57853,1.5704799999999999,1.5746,122568
2022-06-09,1.57386,1.5877599999999998,1.57142,1.5860699999999999,145263
2022-06-10,1.58585,1.58825,1.57029,1.57426,152605
2022-06-13,1.57313,1.57514,1.56006,1.56491,215603
2022-06-14,1.56446,1.57281,1.54823,1.5530300000000001,222561
2022-06-15,1.55253,1.57247,1.55119,1.56938,225191
2022-06-16,1.56996,1.60008,1.5582099999999999,1.59883,209626
2022-06-17,1.59803,1.6002399999999999,1.58927,1.59089,185272
2022-06-20,1.58881,1.59519,1.5877400000000002,1.58952,125872
2022-06-21,1.58952,1.59121,1.5843699999999998,1.58541,136745
2022-06-22,1.58518,1.59265,1.5798100000000002,1.58742,169662
2022-06-23,1.58687,1.5941800000000002,1.57905,1.5929,193874
2022-06-24,1.59216,1.59598,1.58162,1.58217,152839
2022-06-27,1.57891,1.58666,1.57866,1.57887,154921
2022-06-28,1.57878,1.5796700000000001,1.5666799999999999,1.5681,165745
2022-06-29,1.5662,1.57112,1.55865,1.56278,177592
2022-06-30,1.56148,1.57176,1.56093,1.56723,174445
2022-07-01,1.56684,1.5680100000000001,1.5495999999999999,1.55632,164540
2022-07-04,1.55804,1.5643,1.55552,1.55629,94191
2022-07-05,1.55606,1.55984,1.55138,1.55772,175582
2022-07-06,1.55756,1.56091,1.5473400000000002,1.55458,212060
2022-07-07,1.5537800000000002,1.56267,1.55203,1.55844,176364
2022-07-08,1.5581399999999999,1.5648900000000001,1.55094,1.5563500000000001,161541
2022-07-11,1.55473,1.55851,1.5427300000000002,1.54645,158184
2022-07-12,1.5460500000000001,1.549,1.5402900000000002,1.54785,184563
2022-07-13,1.5474299999999999,1.55322,1.53574,1.54196,205532
2022-07-14,1.54175,1.5573700000000001,1.53912,1.55072,220728
2022-07-15,1.5503200000000001,1.55339,1.54244,1.54568,177671
2022-07-18,1.5445,1.55501,1.54353,1.55124,153092
2022-07-19,1.5507499999999999,1.55796,1.5433400000000002,1.5433400000000002,165036
2022-07-20,1.5423,1.54825,1.54046,1.54209,180529
2022-07-21,1.5416400000000001,1.54602,1.53691,1.54348,203114
2022-07-22,1.54082,1.55056,1.53499,1.55045,182172
2022-07-25,1.54715,1.55427,1.5459100000000001,1.54687,163887
2022-07-26,1.54745,1.5518999999999998,1.54098,1.5497800000000002,161035
2022-07-27,1.54877,1.56271,1.54826,1.5588199999999999,153887
2022-07-28,1.5583,1.56258,1.5523799999999999,1.55942,180420
2022-07-29,1.55813,1.56671,1.5488,1.55873,171039
2022-08-01,1.5554999999999999,1.57576,1.55422,1.573,154048
2022-08-02,1.5724900000000002,1.57683,1.56359,1.5663399999999998,196950
2022-08-03,1.5666099999999998,1.5707900000000001,1.55765,1.5598999999999998,176815
2022-08-04,1.55951,1.56599,1.54976,1.56394,166711
2022-08-05,1.56357,1.5657999999999999,1.5567600000000001,1.56101,144177
2022-08-08,1.56009,1.5626,1.55152,1.5526499999999999,118392
2022-08-09,1.55227,1.56041,1.55166,1.55575,113341
2022-08-10,1.5556,1.5714299999999999,1.55427,1.5601099999999999,149139
2022-08-11,1.56,1.5624,1.55564,1.55661,148754
2022-08-12,1.55664,1.5575,1.5476299999999998,1.54988,135474
2022-08-15,1.54809,1.56447,1.5478100000000001,1.55525,126188
2022-08-16,1.5551,1.5587900000000001,1.55034,1.5531199999999998,137869
2022-08-17,1.5522399999999998,1.56129,1.5510199999999998,1.55512,162516
2022-08-18,1.55458,1.5574,1.54325,1.54443,157712
2022-08-19,1.54417,1.54674,1.53352,1.53636,145809
2022-08-22,1.53441,1.53837,1.53133,1.536,124155
2022-08-23,1.53575,1.53829,1.52726,1.5327,151642
2022-08-24,1.5322,1.5354299999999999,1.5285199999999999,1.52955,137169
2022-08-25,1.52911,1.53237,1.52687,1.52885,141330
2022-08-26,1.5281799999999999,1.5367600000000001,1.5254400000000001,1.53002,161598
2022-08-29,1.52837,1.5299399999999999,1.5214400000000001,1.5235400000000001,132858
2022-08-30,1.52281,1.52847,1.52102,1.52561,171566
2022-08-31,1.52482,1.52794,1.52162,1.52564,182873
2022-09-01,1.52535,1.53024,1.51688,1.51864,152967
2022-09-02,1.51848,1.5220799999999999,1.50986,1.5105300000000002,168925
2022-09-05,1.50668,1.51431,1.50562,1.51319,127806
2022-09-06,1.51266,1.52387,1.51167,1.51452,168136
2022-09-07,1.51452,1.5173100000000002,1.5021499999999999,1.51288,180199
2022-09-08,1.51196,1.516,1.50487,1.5056500000000002,191583
2022-09-09,1.50572,1.5131000000000001,1.50236,1.50871,159536
2022-09-12,1.51646,1.5205,1.51113,1.5167199999999998,142326
2022-09-13,1.51687,1.52204,1.50937,1.51362,168180
2022-09-14,1.51163,1.52504,1.51154,1.51898,168132
2022-09-15,1.51928,1.5195699999999999,1.51189,1.51673,139510
2022-09-16,1.5165199999999999,1.5194299999999998,1.5081,1.51417,162247
2022-09-19,1.51336,1.51688,1.5126300000000001,1.5147300000000001,122674
2022-09-20,1.51267,1.5231599999999998,1.51267,1.52084,154254
2022-09-21,1.5198,1.5214400000000001,1.5090599999999998,1.51651,195833
2022-09-22,1.51563,1.52981,1.51416,1.5173299999999998,228328
2022-09-23,1.51797,1.51843,1.47284,1.47376,208577
2022-09-26,1.46767,1.4907599999999999,1.40423,1.46814,314078
2022-09-27,1.46706,1.48177,1.46293,1.47215,222877
2022-09-28,1.4721,1.4899200000000001,1.45196,1.48111,292370
2022-09-29,1.48062,1.5213700000000001,1.47296,1.5208599999999999,268557
2022-09-30,1.5206,1.54416,1.51488,1.54325,190273
2022-10-03,1.54139,1.5497100000000001,1.5268199999999998,1.54238,196565
2022-10-04,1.54114,1.55522,1.53849,1.5497999999999998,222724
2022-10-05,1.55054,1.55239,1.53647,1.5422099999999999,210140
2022-10-06,1.5418500000000002,1.54603,1.52603,1.53363,240273
2022-10-07,1.5332,1.53905,1.5188899999999999,1.52365,224792
2022-10-10,1.52069,1.52575,1.51481,1.52277,192462
2022-10-11,1.5231400000000002,1.53533,1.51144,1.5128,245655
2022-10-12,1.51206,1.53413,1.51017,1.5331700000000001,237653
2022-10-13,1.53282,1.56348,1.52867,1.55795,243822
2022-10-14,1.5557699999999999,1.5623,1.54314,1.5515400000000001,245177
2022-10-17,1.55789,1.57071,1.55171,1.55786,198923
2022-10-18,1.5563099999999999,1.5611000000000002,1.54976,1.55473,207694
2022-10-19,1.55403,1.55908,1.54244,1.54348,185935
2022-10-20,1.54345,1.55029,1.53635,1.5460500000000001,205265
2022-10-21,1.5447199999999999,1.5469300000000001,1.5314100000000002,1.54087,249485
2022-10-24,1.5524900000000001,1.55752,1.54405,1.545,232817
2022-10-25,1.54542,1.56664,1.54463,1.5600399999999999,222805
2022-10-26,1.56045,1.58037,1.55678,1.5758299999999998,248947
2022-10-27,1.5749499999999999,1.57803,1.5645,1.56837,286285
2022-10-28,1.56773,1.5813000000000001,1.56532,1.57975,240552
2022-10-31,1.5769600000000001,1.5812,1.56082,1.56174,202173
2022-11-01,1.56174,1.56985,1.56047,1.5653299999999999,208082
2022-11-02,1.56504,1.56802,1.56054,1.56105,242286
2022-11-03,1.56094,1.56305,1.53213,1.53431,236890
2022-11-04,1.53426,1.5372,1.51674,1.5332,256938
2022-11-07,1.52932,1.5571199999999998,1.52834,1.55323,213037
2022-11-08,1.55351,1.55525,1.5423499999999999,1.54952,221087
2022-11-09,1.54871,1.55202,1.5308199999999998,1.5354100000000002,280586
2022-11-10,1.53614,1.56217,1.53355,1.56016,292427
2022-11-11,1.55939,1.57062,1.5545,1.5675400000000002,179809
2022-11-14,1.56609,1.56922,1.5546,1.56527,229636
2022-11-15,1.56411,1.59082,1.56331,1.5755599999999998,230236
2022-11-16,1.5741,1.5888499999999999,1.5708,1.5877400000000002,204436
2022-11-17,1.5869499999999999,1.59272,1.57132,1.58033,195100
2022-11-18,1.58027,1.59751,1.5790199999999999,1.59016,171058
2022-11-21,1.58965,1.59168,1.58328,1.59058,154824
2022-11-22,1.5888200000000001,1.59487,1.58696,1.589,140481
2022-11-23,1.58876,1.61713,1.5869900000000001,1.60962,159692
2022-11-24,1.60846,1.6200999999999999,1.60446,1.61558,123008
2022-11-25,1.61466,1.61876,1.61213,1.61712,142516
2022-11-28,1.61466,1.62941,1.61096,1.61358,166846
2022-11-29,1.6130900000000001,1.6366,1.6092,1.62246,183861
2022-11-30,1.62241,1.62791,1.61259,1.61672,196739
2022-12-01,1.61937,1.65191,1.6154,1.6459000000000001,189345
2022-12-02,1.64501,1.6556600000000001,1.63822,1.6552799999999999,182287
2022-12-05,1.65154,1.65732,1.64345,1.65638,146762
2022-12-06,1.65685,1.67058,1.65335,1.6561,141539
2022-12-07,1.65513,1.6677499999999998,1.65364,1.6661299999999999,152645
2022-12-08,1.66474,1.66879,1.65713,1.66341,139917
2022-12-09,1.6615600000000001,1.67705,1.6596,1.67174,142557
2022-12-12,1.67007,1.6812399999999998,1.66564,1.67237,112825
2022-12-13,1.6721,1.68418,1.66707,1.67459,178626
2022-12-14,1.67452,1.6844999999999999,1.67108,1.68288,174180
2022-12-15,1.6823000000000001,1.6829399999999999,1.66073,1.66257,175171
2022-12-16,1.66241,1.6704599999999998,1.65595,1.66079,180516
2022-12-19,1.66083,1.6687699999999999,1.65753,1.65753,109667
2022-12-20,1.65754,1.6646800000000002,1.64883,1.65805,132693
2022-12-21,1.65632,1.65848,1.6410900000000002,1.64479,106820
2022-12-22,1.64341,1.64909,1.6366,1.64261,101580
2022-12-23,1.64241,1.6442,1.6352,1.63787,61904
2022-12-26,1.6390799999999999,1.64146,1.63683,1.63808,4429
2022-12-27,1.6376,1.6398700000000002,1.6207099999999999,1.62694,77246
2022-12-28,1.6230799999999999,1.6389,1.62104,1.63466,78666
2022-12-29,1.63344,1.63842,1.6297000000000001,1.63289,75103
2022-12-30,1.63316,1.63868,1.62723,1.63849,81214
2023-01-02,1.6307800000000001,1.63678,1.62969,1.63461,10098
2023-01-03,1.6340400000000002,1.64243,1.6213899999999999,1.6354,139546
2023-01-04,1.63496,1.64343,1.6237,1.6246,139211
2023-01-05,1.62473,1.62883,1.61195,1.61642,131466
2023-01-06,1.61471,1.6267200000000002,1.61014,1.62511,137190
2023-01-09,1.62347,1.63315,1.6213899999999999,1.63131,139040
2023-01-10,1.63032,1.63405,1.62461,1.63046,141817
2023-01-11,1.63104,1.6339000000000001,1.62318,1.6308799999999999,127622
2023-01-12,1.6291,1.63629,1.6225,1.63212,160868
2023-01-13,1.63205,1.6389,1.6276000000000002,1.63785,138691
2023-01-16,1.6345800000000001,1.64093,1.63052,1.63459,95269
2023-01-17,1.63434,1.6459899999999998,1.63226,1.64501,158821
2023-01-18,1.64455,1.66638,1.64029,1.66573,144279
2023-01-19,1.66521,1.66896,1.66177,1.6680199999999998,127968
2023-01-20,1.6683599999999998,1.66909,1.6575,1.65827,97783
2023-01-23,1.6585999999999999,1.66387,1.65022,1.65449,92791
2023-01-24,1.65553,1.6577899999999999,1.6406,1.64908,90362
2023-01-25,1.64806,1.6613799999999999,1.64375,1.66058,112195
2023-01-26,1.65929,1.66322,1.6494900000000001,1.65319,139016
2023-01-27,1.6524299999999998,1.65442,1.64537,1.6477,136407
2023-01-30,1.6486800000000001,1.6539000000000001,1.64634,1.65324,131117
2023-01-31,1.6526399999999999,1.65868,1.63823,1.6389,156850
2023-02-01,1.63843,1.64759,1.6367099999999999,1.64452,175280
2023-02-02,1.64383,1.64656,1.62714,1.62766,209785
2023-02-03,1.62745,1.63842,1.61355,1.61483,217029
2023-02-06,1.61286,1.62161,1.6123699999999999,1.61598,190009
2023-02-07,1.61551,1.61891,1.6076899999999998,1.61385,225772
2023-02-08,1.6128,1.62469,1.61124,1.62266,176706
2023-02-09,1.62103,1.63396,1.6206800000000001,1.6308,135122
2023-02-10,1.6296599999999999,1.6308099999999999,1.60764,1.60838,149645
2023-02-13,1.60956,1.62011,1.60702,1.61808,92550
2023-02-14,1.61735,1.62978,1.6165500000000002,1.62358,163161
2023-02-15,1.62249,1.62531,1.60845,1.6113499999999998,144484
2023-02-16,1.60953,1.6164,1.6084800000000001,1.61296,157260
2023-02-17,1.61288,1.62307,1.60953,1.6221,142917
2023-02-20,1.61993,1.62313,1.61757,1.61957,85049
2023-02-21,1.61903,1.63983,1.61676,1.63929,153289
2023-02-22,1.63936,1.6417899999999999,1.63181,1.6323699999999999,147280
2023-02-23,1.63213,1.63243,1.6257899999999998,1.6276899999999999,128470
2023-02-24,1.6263800000000002,1.63319,1.62426,1.6244399999999999,143342
2023-02-27,1.62578,1.6377000000000002,1.6233300000000002,1.6374,115179
2023-02-28,1.63529,1.65211,1.63471,1.64047,110280
2023-03-01,1.63936,1.64425,1.6322299999999998,1.6343999999999999,112235
2023-03-02,1.63469,1.63517,1.62385,1.62428,88696
2023-03-03,1.62371,1.63771,1.6231,1.6365699999999999,84572
2023-03-06,1.63554,1.63948,1.63281,1.63696,81099
2023-03-07,1.6366399999999999,1.6421000000000001,1.62582,1.62635,99292
2023-03-08,1.62584,1.6352,1.6248399999999998,1.63473,99790
2023-03-09,1.63253,1.64923,1.63253,1.64845,82832
2023-03-10,1.64764,1.67054,1.6470099999999999,1.6629800000000001,136347
2023-03-13,1.66841,1.67407,1.6602000000000001,1.67249,199036
2023-03-14,1.67276,1.67347,1.65909,1.6628699999999998,160527
2023-03-15,1.66311,1.66611,1.6568,1.6577600000000001,143795
2023-03-16,1.6577600000000001,1.66699,1.65359,1.66087,129479
2023-03-17,1.66166,1.67379,1.65984,1.67231,98601
2023-03-20,1.67181,1.67892,1.6686299999999998,1.67696,107071
2023-03-21,1.6770100000000001,1.679,1.6691,1.6744400000000002,71558
2023-03-22,1.6744400000000002,1.68519,1.67333,1.6828400000000001,96685
2023-03-23,1.6828400000000001,1.68652,1.67676,1.68487,135212
2023-03-24,1.6846999999999999,1.68606,1.67877,1.6802700000000002,128971
2023-03-27,1.67923,1.68396,1.67653,1.67832,110853
2023-03-28,1.67748,1.68414,1.677,1.67784,86939
2023-03-29,1.67805,1.67888,1.66944,1.66957,97449
2023-03-30,1.6689,1.67655,1.6681599999999999,1.67509,98888
2023-03-31,1.67409,1.6791,1.66588,1.66628,107677
2023-04-03,1.66223,1.6691099999999999,1.65793,1.66817,113487
2023-04-04,1.66487,1.68241,1.66456,1.6804000000000001,109035
2023-04-05,1.67976,1.68344,1.67434,1.67666,106311
2023-04-06,1.67617,1.68129,1.6737199999999999,1.67805,90922
2023-04-07,1.67612,1.6807699999999999,1.67432,1.67694,40684
2023-04-10,1.6780300000000001,1.67902,1.67089,1.6726,65326
2023-04-11,1.67268,1.68084,1.67179,1.67282,93238
2023-04-12,1.67268,1.67915,1.6696,1.67788,107543
2023-04-13,1.6774900000000001,1.67936,1.66967,1.67032,102399
2023-04-14,1.66967,1.67116,1.65787,1.65787,114917
2023-04-17,1.6587100000000001,1.6625999999999999,1.6537600000000001,1.65758,98480
2023-04-18,1.6566100000000001,1.66591,1.6562299999999999,1.66327,93391
2023-04-19,1.6632500000000001,1.67535,1.66266,1.67409,104319
2023-04-20,1.67395,1.6789399999999999,1.67235,1.67679,98521
2023-04-21,1.67546,1.6851500000000001,1.6732900000000002,1.6844700000000001,99944
2023-04-24,1.68134,1.6910699999999999,1.6812200000000002,1.69063,90479
2023-04-25,1.68879,1.6935,1.68677,1.69092,98520
2023-04-26,1.6903700000000002,1.70444,1.68995,1.6999,112924
2023-04-27,1.69897,1.7013500000000001,1.6947100000000002,1.6983899999999998,117842
2023-04-28,1.69597,1.7065700000000001,1.69588,1.70138,129309
2023-05-01,1.69913,1.70309,1.69009,1.6921300000000001,91539
2023-05-02,1.692,1.70125,1.6896900000000001,1.69865,103809
2023-05-03,1.6975500000000001,1.71062,1.6975500000000001,1.71042,91391
2023-05-04,1.70808,1.71444,1.70141,1.70174,116128
2023-05-05,1.7010399999999999,1.7053500000000001,1.689,1.68907,85050
2023-05-08,1.68979,1.69171,1.68405,1.6872500000000001,62433
2023-05-09,1.68618,1.6911800000000001,1.68502,1.6889699999999999,65978
2023-05-10,1.68869,1.6915200000000001,1.68469,1.68801,77500
2023-05-11,1.6865700000000001,1.6920199999999999,1.6836,1.68669,80642
2023-05-12,1.68735,1.69188,1.6854200000000001,1.68645,75917
2023-05-15,1.68394,1.69178,1.68384,1.68598,70148
2023-05-16,1.68555,1.68835,1.6772,1.68182,83255
2023-05-17,1.6803,1.68301,1.6779199999999999,1.6789399999999999,88690
2023-05-18,1.67869,1.68136,1.6719,1.6743000000000001,79861
2023-05-19,1.67429,1.68564,1.6715200000000001,1.67845,96467
2023-05-22,1.67911,1.6832799999999999,1.67653,1.6785999999999999,88137
2023-05-23,1.6791399999999999,1.67988,1.6702,1.67535,74484
2023-05-24,1.6759,1.68544,1.6749,1.67992,97831
2023-05-25,1.6801,1.6833,1.67811,1.68082,78171
2023-05-26,1.6798899999999999,1.68697,1.67873,1.68137,88700
2023-05-29,1.67791,1.6810800000000001,1.67679,1.67793,43575
2023-05-30,1.67699,1.69191,1.67672,1.68784,90255
2023-05-31,1.6856900000000001,1.6908699999999999,1.68182,1.68857,94391
2023-06-01,1.68651,1.693,1.6835,1.6835,78820
2023-06-02,1.6841599999999999,1.68485,1.6705299999999998,1.6711,85184
2023-06-05,1.6704400000000001,1.67158,1.66127,1.67052,78554
2023-06-06,1.67062,1.6720899999999999,1.6627399999999999,1.6639300000000001,79457
2023-06-07,1.66455,1.6733500000000001,1.6619199999999998,1.6628699999999998,83711
2023-06-08,1.66197,1.68014,1.66045,1.6774900000000001,80211
2023-06-09,1.67625,1.6798899999999999,1.67164,1.6779600000000001,77692
2023-06-12,1.67375,1.6791800000000001,1.6702,1.67238,72700
2023-06-13,1.67103,1.6804000000000001,1.67103,1.6779600000000001,90955
2023-06-14,1.67865,1.68818,1.67617,1.68593,80759
2023-06-15,1.68645,1.6904,1.6844000000000001,1.6899199999999999,80162
2023-06-16,1.6887400000000001,1.69774,1.6884700000000001,1.69215,92157
2023-06-19,1.68934,1.69517,1.68676,1.6897199999999999,60546
2023-06-20,1.68799,1.69286,1.68419,1.68918,102681
2023-06-21,1.68894,1.69269,1.6773500000000001,1.6805400000000001,106311
2023-06-22,1.6805400000000001,1.68778,1.6740599999999999,1.6762299999999999,95299
2023-06-23,1.67569,1.6831399999999999,1.67352,1.6757499999999999,85062
2023-06-26,1.6747100000000001,1.67808,1.66964,1.67203,90168
2023-06-27,1.6713,1.6816200000000001,1.66961,1.68161,98306
2023-06-28,1.68166,1.6834099999999999,1.67018,1.67473,94176
2023-06-29,1.67477,1.67913,1.66967,1.67131,75950
2023-06-30,1.66984,1.68455,1.66936,1.68126,88997
2023-07-03,1.67945,1.68369,1.67767,1.68018,73212
2023-07-04,1.68087,1.68384,1.67927,1.6806999999999999,52211
2023-07-05,1.6804299999999999,1.68967,1.67953,1.68703,76689
2023-07-06,1.68642,1.70324,1.68544,1.70271,88774
2023-07-07,1.70263,1.7072,1.70044,1.7040899999999999,86239
2023-07-10,1.70161,1.7083599999999999,1.69451,1.70793,77120
2023-07-11,1.7072500000000002,1.7158,1.70545,1.71079,81327
2023-07-12,1.71067,1.71634,1.70599,1.71253,77627
2023-07-13,1.71227,1.72496,1.70939,1.7218200000000001,84868
2023-07-14,1.72092,1.73339,1.71853,1.73006,82926
2023-07-17,1.7290100000000002,1.73291,1.7213699999999998,1.72538,71877
2023-07-18,1.72533,1.73297,1.7152500000000002,1.71644,75162
2023-07-19,1.7160600000000001,1.7172,1.6946400000000001,1.70227,91464
2023-07-20,1.7022599999999999,1.70335,1.6901000000000002,1.6946400000000001,81114
2023-07-21,1.6940499999999998,1.70016,1.6891,1.69936,82173
2023-07-24,1.6969400000000001,1.70172,1.68582,1.68907,85804
2023-07-25,1.68767,1.69956,1.6863299999999999,1.6993399999999999,78204
2023-07-26,1.6984,1.71036,1.69702,1.70903,87140
2023-07-27,1.70834,1.71078,1.6916799999999999,1.6917499999999999,98859
2023-07-28,1.69171,1.7045400000000002,1.68943,1.70249,92621
2023-07-31,1.69852,1.7041,1.6909100000000001,1.6921,68058
2023-08-01,1.69225,1.7010100000000001,1.69137,1.696,70160
2023-08-02,1.69581,1.7034500000000001,1.6905299999999999,1.69684,84153
2023-08-03,1.6966999999999999,1.69875,1.6872500000000001,1.696,86754
2023-08-04,1.69686,1.7071,1.69478,1.70382,84434
2023-08-07,1.70279,1.70923,1.7012399999999999,1.70888,92674
2023-08-08,1.70898,1.7145899999999998,1.70652,1.71034,112184
2023-08-09,1.7104,1.71354,1.7058200000000001,1.7063700000000002,104915
2023-08-10,1.706,1.7141199999999999,1.70225,1.70452,125405
2023-08-11,1.70346,1.7121,1.70228,1.7060499999999998,108379
2023-08-14,1.7046700000000001,1.7094200000000002,1.7003,1.70694,117940
2023-08-15,1.70561,1.71856,1.70529,1.71503,137483
2023-08-16,1.71476,1.72455,1.7128299999999999,1.72268,132565
2023-08-17,1.7218499999999999,1.7266,1.7180499999999999,1.72629,127088
2023-08-18,1.7247400000000002,1.72804,1.7206700000000001,1.72549,119065
2023-08-21,1.7233800000000001,1.72959,1.7199499999999999,1.72763,109738
2023-08-22,1.7273100000000001,1.7313800000000001,1.72269,1.72505,109272
2023-08-23,1.72393,1.7286700000000002,1.71205,1.72096,121449
2023-08-24,1.72021,1.72091,1.7097799999999999,1.7113,124627
2023-08-25,1.71052,1.71835,1.7076099999999999,1.71105,136260
2023-08-28,1.70755,1.71454,1.70755,1.71363,100532
2023-08-29,1.71359,1.71862,1.7107999999999999,1.71332,120919
2023-08-30,1.7133099999999999,1.72464,1.7124000000000001,1.72125,125772
2023-08-31,1.72035,1.72247,1.71108,1.71176,122147
2023-09-01,1.71062,1.72036,1.7088999999999999,1.71037,122485
2023-09-04,1.7097799999999999,1.71879,1.7097799999999999,1.71471,62503
2023-09-05,1.71547,1.7191800000000002,1.70974,1.7137099999999998,126588
2023-09-06,1.7136200000000001,1.7175099999999999,1.7041300000000001,1.70525,112322
2023-09-07,1.7052399999999999,1.70913,1.69849,1.7065000000000001,108795
2023-09-08,1.70609,1.70889,1.6982,1.69997,110980
2023-09-11,1.69834,1.70505,1.69748,1.69766,108735
2023-09-12,1.6976200000000001,1.70207,1.6883599999999999,1.69208,96339
2023-09-13,1.69299,1.69474,1.6875,1.6921,125892
2023-09-14,1.6920199999999999,1.6925599999999998,1.67428,1.67595,111864
2023-09-15,1.6761,1.68113,1.67313,1.6734,111473
2023-09-18,1.6730399999999999,1.6764299999999999,1.6685400000000001,1.66986,91572
2023-09-19,1.66959,1.67058,1.6588699999999998,1.6663999999999999,102419
2023-09-20,1.6663999999999999,1.6677300000000002,1.6593,1.6615199999999999,120573
2023-09-21,1.66015,1.66349,1.65252,1.65788,127217
2023-09-22,1.6574900000000001,1.65784,1.6458300000000001,1.64946,94641
2023-09-25,1.6492499999999999,1.65106,1.64254,1.64276,85736
2023-09-26,1.6427100000000001,1.64614,1.64119,1.6432799999999999,98460
2023-09-27,1.6424699999999999,1.6450900000000002,1.6372900000000001,1.63764,99326
2023-09-28,1.63699,1.64775,1.6356899999999999,1.64557,103262
2023-09-29,1.64513,1.65743,1.6437599999999999,1.65676,122486
2023-10-02,1.65308,1.65904,1.65236,1.6528399999999999,105942
2023-10-03,1.65226,1.65877,1.6501000000000001,1.6550099999999999,122325
2023-10-04,1.65415,1.67187,1.65154,1.6675499999999999,131640
2023-10-05,1.66727,1.67278,1.6656900000000001,1.6707,111027
2023-10-06,1.6707,1.6761,1.6606,1.6712799999999999,128013
2023-10-09,1.66753,1.66987,1.66078,1.6629399999999999,101532
2023-10-10,1.66228,1.6692200000000001,1.6602000000000001,1.66876,125084
2023-10-11,1.6674099999999998,1.67572,1.66649,1.6733099999999999,110548
2023-10-12,1.67336,1.67486,1.66588,1.66662,105417
2023-10-13,1.66594,1.67072,1.65604,1.65678,104485
2023-10-16,1.6571099999999999,1.66324,1.65509,1.66276,93481
2023-10-17,1.66099,1.6638600000000001,1.65724,1.6625299999999998,109708
2023-10-18,1.66194,1.66734,1.6599,1.66492,115403
2023-10-19,1.66395,1.66856,1.66064,1.66582,126591
2023-10-20,1.6656499999999999,1.6681,1.65899,1.66804,104736
2023-10-23,1.6652,1.6770399999999999,1.6630099999999999,1.67682,101422
2023-10-24,1.67692,1.6793,1.6687400000000001,1.67061,99635
2023-10-25,1.67065,1.67557,1.6668500000000002,1.67075,94510
2023-10-26,1.67082,1.6777,1.66573,1.6773,111727
2023-10-27,1.6770800000000001,1.6853500000000001,1.67212,1.6811500000000001,99378
2023-10-30,1.68136,1.68336,1.67538,1.6809500000000002,79204
2023-10-31,1.68189,1.68674,1.6793,1.68502,95965
2023-11-01,1.68502,1.68737,1.67866,1.6827800000000002,111404
2023-11-02,1.68274,1.68845,1.67571,1.67571,88257
2023-11-03,1.67571,1.69438,1.67424,1.69004,92613
2023-11-06,1.68781,1.6957200000000001,1.68765,1.69089,67527
2023-11-07,1.69082,1.6936499999999999,1.6885,1.69311,75011
2023-11-08,1.69235,1.69767,1.6875200000000001,1.69427,82722
2023-11-09,1.69413,1.69693,1.68659,1.68731,95428
2023-11-10,1.68703,1.68981,1.68567,1.6859600000000001,79690
2023-11-13,1.6865,1.69542,1.6827999999999999,1.69499,58897
2023-11-14,1.6923599999999999,1.71311,1.6918,1.71133,88637
2023-11-15,1.71132,1.71158,1.69632,1.69854,88214
2023-11-16,1.6978,1.7119499999999999,1.69543,1.70724,85677
2023-11-17,1.7059600000000001,1.70997,1.70145,1.70952,86472
2023-11-20,1.7063700000000002,1.71715,1.706,1.71607,84757
2023-11-21,1.71546,1.72213,1.7143000000000002,1.71766,91720
2023-11-22,1.71673,1.72102,1.70987,1.70991,110040
2023-11-23,1.70905,1.7194500000000001,1.70827,1.71652,65728
2023-11-24,1.7151800000000001,1.72081,1.71376,1.71645,71259
2023-11-27,1.7170999999999998,1.7234500000000001,1.71648,1.71917,102723
2023-11-28,1.71924,1.72595,1.71323,1.72288,135989
2023-11-29,1.72194,1.72724,1.72082,1.7247400000000002,136767
2023-11-30,1.7239200000000001,1.7262,1.7113,1.7117200000000001,116363
2023-12-01,1.71109,1.7176,1.70378,1.71513,95949
2023-12-04,1.71219,1.7178499999999999,1.70567,1.70987,100961
2023-12-05,1.7099,1.71681,1.70774,1.7114,107852
2023-12-06,1.71072,1.71242,1.7058499999999999,1.7069999999999999,95380
2023-12-07,1.70669,1.71367,1.70587,1.7123300000000001,108080
2023-12-08,1.71105,1.71238,1.70053,1.7036799999999999,116700
2023-12-11,1.70096,1.71122,1.7005,1.70405,100326
2023-12-12,1.7042000000000002,1.71013,1.70167,1.70702,102157
2023-12-13,1.70699,1.7078,1.69695,1.70549,102596
2023-12-14,1.70434,1.71455,1.69862,1.71119,136229
2023-12-15,1.71069,1.7123300000000001,1.69395,1.6960199999999999,119599
2023-12-18,1.69624,1.69923,1.68988,1.6943700000000002,89368
2023-12-19,1.69451,1.70514,1.69183,1.69719,91523
2023-12-20,1.69677,1.6986400000000001,1.68537,1.6895799999999999,94454
2023-12-21,1.68873,1.6921599999999999,1.68159,1.68514,115439
2023-12-22,1.68486,1.69174,1.68177,1.68357,97579
2023-12-25,1.68279,1.68487,1.6815,1.68302,69
2023-12-26,1.6798600000000001,1.68469,1.67705,1.67885,49821
2023-12-27,1.6776900000000001,1.6915499999999999,1.67606,1.6902300000000001,54364
2023-12-28,1.68906,1.6926999999999999,1.68033,1.68399,97554
2023-12-29,1.6839499999999998,1.69007,1.6785,1.68589,85360
2024-01-02,1.6859,1.68911,1.6786400000000001,1.68062,102792
2024-01-03,1.68042,1.69232,1.67983,1.69092,117042
2024-01-04,1.69021,1.69692,1.68875,1.6928800000000002,100002
2024-01-05,1.6916099999999998,1.7014399999999998,1.68838,1.69872,115975
2024-01-08,1.69546,1.70674,1.6953200000000002,1.70134,86483
2024-01-09,1.7006000000000001,1.7055500000000001,1.69886,1.70148,84606
2024-01-10,1.70145,1.70513,1.6989999999999998,1.70476,80380
2024-01-11,1.70492,1.71017,1.70075,1.70818,118180
2024-01-12,1.7078,1.7101,1.7016900000000001,1.70936,102968
2024-01-15,1.7066,1.7124899999999998,1.70583,1.70904,59381
2024-01-16,1.70884,1.70947,1.70156,1.70511,112747
2024-01-17,1.70525,1.71651,1.70236,1.71184,110999
2024-01-18,1.7118600000000002,1.71463,1.70888,1.7134200000000002,104387
2024-01-19,1.7134200000000002,1.71456,1.7047400000000001,1.70579,90669
2024-01-22,1.70376,1.7134399999999999,1.69978,1.71278,78263
2024-01-23,1.7127599999999998,1.71619,1.70584,1.70749,78607
2024-01-24,1.70749,1.7207599999999998,1.70468,1.72069,96117
2024-01-25,1.72062,1.72192,1.71129,1.71207,97460
2024-01-26,1.7121499999999998,1.71364,1.70729,1.70783,83007
2024-01-29,1.7080899999999999,1.70916,1.7037900000000001,1.70446,74985
2024-01-30,1.7044700000000002,1.7053099999999999,1.69806,1.70122,81883
2024-01-31,1.70121,1.70573,1.69892,1.70434,123701
2024-02-01,1.70432,1.70682,1.69767,1.70557,115227
2024-02-02,1.70548,1.70783,1.69854,1.70072,102554
2024-02-05,1.70228,1.70228,1.69424,1.69727,92361
2024-02-06,1.69723,1.70164,1.69533,1.69937,96398
2024-02-07,1.69935,1.70317,1.6974399999999998,1.69958,89898
2024-02-08,1.6997,1.70089,1.6952500000000001,1.69784,95425
2024-02-09,1.6986400000000001,1.70231,1.6917200000000001,1.69824,93559
2024-02-12,1.69874,1.70199,1.6957,1.6985299999999999,86809
2024-02-13,1.69849,1.71115,1.6967400000000001,1.7078799999999998,126757
2024-02-14,1.70771,1.70916,1.6972,1.7015,118055
2024-02-15,1.70159,1.7023899999999998,1.69596,1.69626,110646
2024-02-16,1.69642,1.70092,1.69421,1.6988699999999999,110128
2024-02-19,1.6978900000000001,1.70141,1.69712,1.69878,59788
2024-02-20,1.6985700000000001,1.7129400000000001,1.6971500000000002,1.70668,108887
2024-02-21,1.70665,1.70824,1.70351,1.70648,116436
2024-02-22,1.7065700000000001,1.7086299999999999,1.7017799999999998,1.70658,120291
2024-02-23,1.70655,1.71272,1.70583,1.7113,103273
2024-02-26,1.7093699999999998,1.71637,1.70925,1.71291,88883
2024-02-27,1.71291,1.71711,1.70941,1.71577,98943
2024-02-28,1.71584,1.71993,1.7138900000000001,1.71879,110702
2024-02-29,1.7189,1.72188,1.71219,1.71367,122381
2024-03-01,1.714,1.7173699999999998,1.71153,1.71517,113692
2024-03-04,1.71338,1.72363,1.71326,1.72235,93874
2024-03-05,1.72224,1.72775,1.72123,1.72675,99899
2024-03-06,1.7268,1.72925,1.71966,1.71996,119863
2024-03-07,1.71997,1.72451,1.71828,1.72366,121265
2024-03-08,1.7234699999999998,1.7343199999999999,1.72052,1.73342,139532
2024-03-11,1.73202,1.7338200000000001,1.72615,1.72696,114692
2024-03-12,1.72696,1.728,1.7208299999999999,1.72512,122048
2024-03-13,1.72512,1.72741,1.72268,1.72298,105457
2024-03-14,1.72298,1.72627,1.72104,1.72516,118639
2024-03-15,1.7251400000000001,1.72648,1.7212399999999999,1.72404,103819
2024-03-18,1.72255,1.72584,1.7217,1.7218200000000001,80480
2024-03-19,1.7216200000000002,1.72897,1.72001,1.7250299999999998,108200
2024-03-20,1.7250299999999998,1.72796,1.72184,1.7248700000000001,111794
2024-03-21,1.7248700000000001,1.7252100000000001,1.71119,1.7117499999999999,126703
2024-03-22,1.7117499999999999,1.71488,1.70689,1.71437,107443
2024-03-25,1.71346,1.71865,1.71041,1.7161,82177
2024-03-26,1.7161,1.7187700000000001,1.7128100000000002,1.71509,84564
2024-03-27,1.71509,1.7177799999999999,1.7128999999999999,1.7140300000000002,89410
2024-03-28,1.71399,1.71614,1.70796,1.708,99858
2024-03-29,1.708,1.71254,1.7074799999999999,1.70853,22092
2024-04-01,1.70591,1.7108400000000001,1.70251,1.70302,82550
2024-04-02,1.70303,1.70756,1.70215,1.7061600000000001,94166
2024-04-03,1.7061199999999999,1.71224,1.70333,1.71116,106349
2024-04-04,1.7113,1.71343,1.7074799999999999,1.71182,92407
2024-04-05,1.7117900000000001,1.71822,1.70938,1.71711,120948
2024-04-08,1.7155,1.71921,1.71415,1.7173,107819
2024-04-09,1.71731,1.72398,1.7155,1.72021,96002
2024-04-10,1.72024,1.7235200000000002,1.71438,1.71547,132917
2024-04-11,1.71551,1.71913,1.71339,1.7179799999999998,133323
2024-04-12,1.7180499999999999,1.71933,1.7101600000000001,1.71426,137229
2024-04-15,1.7142,1.71699,1.71178,1.7158,153972
2024-04-16,1.7158,1.7239200000000001,1.71334,1.71815,159145
2024-04-17,1.71817,1.72333,1.7141899999999999,1.71508,160829
2024-04-18,1.71503,1.71669,1.7114500000000001,1.71187,132860
2024-04-19,1.71178,1.7144,1.6998199999999999,1.7004700000000001,173341
2024-04-22,1.7006000000000001,1.70103,1.68858,1.69169,112810
2024-04-23,1.6918,1.70244,1.69002,1.7006999999999999,115473
2024-04-24,1.70069,1.70783,1.69872,1.7077200000000001,98451
2024-04-25,1.70773,1.7130100000000001,1.70495,1.7087599999999998,124830
2024-04-26,1.70796,1.7104,1.7043599999999999,1.70749,116366
2024-04-29,1.7056,1.71648,1.70302,1.71594,118876
2024-04-30,1.71603,1.72249,1.71101,1.72093,124455
2024-05-01,1.71851,1.72179,1.71698,1.72075,124095
2024-05-02,1.72086,1.72119,1.7105700000000001,1.71368,138465
2024-05-03,1.7123,1.71994,1.71187,1.7167400000000002,133861
2024-05-06,1.7154,1.72112,1.7132100000000001,1.71646,79590
2024-05-07,1.7150699999999999,1.71985,1.7141199999999999,1.7168299999999999,90983
2024-05-08,1.71675,1.71871,1.71361,1.71469,80878
2024-05-09,1.7147000000000001,1.7153800000000001,1.70834,1.71262,92744
2024-05-10,1.71265,1.7156,1.70608,1.71214,85143
2024-05-13,1.70987,1.7181,1.70941,1.71623,70192
2024-05-14,1.7162199999999999,1.71958,1.7112,1.7186,83780
2024-05-15,1.71858,1.7257799999999999,1.71682,1.7252399999999999,88731
2024-05-16,1.7241900000000001,1.7274699999999998,1.7233399999999999,1.72495,79373
2024-05-17,1.72498,1.73024,1.72274,1.72844,68364
2024-05-20,1.72322,1.7323300000000001,1.72308,1.7309999999999999,72350
2024-05-21,1.73103,1.7370100000000002,1.72999,1.73509,79304
2024-05-22,1.73512,1.74186,1.7318,1.7411699999999999,93105
2024-05-23,1.73882,1.7438500000000001,1.7377,1.7430400000000001,106015
2024-05-24,1.74184,1.74518,1.73858,1.74017,91403
2024-05-27,1.7403,1.74217,1.73891,1.74066,46928
2024-05-28,1.7406899999999998,1.744,1.73908,1.74119,91114
2024-05-29,1.74127,1.74417,1.7395100000000001,1.7420900000000001,102949
2024-05-30,1.74151,1.74491,1.73983,1.7414800000000001,99195
2024-05-31,1.74063,1.74211,1.7322899999999999,1.73609,109604
2024-06-03,1.736,1.7462900000000001,1.73366,1.7452299999999998,92479
2024-06-04,1.7445300000000001,1.7504499999999998,1.74383,1.74627,123329
2024-06-05,1.74474,1.75332,1.74474,1.75076,100605
2024-06-06,1.7499099999999999,1.75156,1.74779,1.74795,93693
2024-06-07,1.74791,1.75209,1.74497,1.75023,113570
2024-06-10,1.75065,1.75272,1.74777,1.75136,93521
2024-06-11,1.75133,1.75587,1.7487,1.7526000000000002,97333
2024-06-12,1.75148,1.76041,1.7505199999999999,1.75613,116988
2024-06-13,1.7561499999999999,1.75789,1.75216,1.75366,105667
2024-06-14,1.75353,1.7536100000000001,1.74136,1.742,116628
2024-06-17,1.742,1.7451400000000001,1.73987,1.74323,92144
2024-06-18,1.7432400000000001,1.74472,1.7403,1.74317,102037
2024-06-19,1.7415500000000002,1.7467000000000001,1.74082,1.74322,58189
2024-06-20,1.74214,1.74376,1.73213,1.7323499999999998,98336
2024-06-21,1.7322899999999999,1.7331699999999999,1.72919,1.7302300000000002,99523
2024-06-24,1.72898,1.73471,1.72895,1.73224,81771
2024-06-25,1.73217,1.73479,1.72592,1.73247,87511
2024-06-26,1.7324000000000002,1.73322,1.72783,1.72918,96194
2024-06-27,1.72843,1.73359,1.72762,1.7313,96601
2024-06-28,1.73112,1.73453,1.7274500000000002,1.7294,119186
2024-07-01,1.72794,1.73906,1.72601,1.73734,99447
2024-07-02,1.73747,1.73887,1.73332,1.7348599999999998,93767
2024-07-03,1.7335099999999999,1.74034,1.73231,1.7379,78497
2024-07-04,1.73784,1.73857,1.7351299999999998,1.73654,45892
2024-07-05,1.73609,1.74809,1.7359,1.7477399999999998,94927
2024-07-08,1.7456,1.75166,1.74369,1.74585,90326
2024-07-09,1.7452299999999998,1.74899,1.74235,1.74325,85224
2024-07-10,1.7424,1.75006,1.74199,1.74967,77594
2024-07-11,1.74965,1.7613400000000001,1.74901,1.76033,109396
2024-07-12,1.7603,1.77088,1.75781,1.7707000000000002,107731
2024-07-15,1.76925,1.77455,1.7661,1.77403,104080
2024-07-16,1.7740200000000002,1.77559,1.77043,1.77371,96002
2024-07-17,1.77374,1.78254,1.77229,1.77976,109931
2024-07-18,1.77976,1.7799800000000001,1.77356,1.7738399999999999,114872
2024-07-19,1.77383,1.77654,1.76947,1.7723499999999999,108871
2024-07-22,1.7715999999999998,1.77919,1.76962,1.77888,98951
2024-07-23,1.7781099999999999,1.77968,1.77383,1.77902,90940
2024-07-24,1.7789700000000002,1.7850899999999998,1.77602,1.78189,102268
2024-07-25,1.78189,1.78437,1.7755,1.77625,122744
2024-07-26,1.7769300000000001,1.7814299999999998,1.77561,1.77993,98175
2024-07-29,1.7783,1.78214,1.7725300000000002,1.78147,100138
2024-07-30,1.78003,1.78186,1.77525,1.77747,97693
2024-07-31,1.77739,1.77895,1.77031,1.77488,121281
2024-08-01,1.7748599999999999,1.77575,1.76262,1.76718,118903
2024-08-02,1.76719,1.77726,1.76197,1.77611,134115
2024-08-05,1.7748,1.77724,1.7630400000000002,1.76581,178699
2024-08-06,1.76389,1.76631,1.74673,1.74918,158692
2024-08-07,1.74916,1.7514699999999999,1.74339,1.74583,137315
2024-08-08,1.74585,1.7512400000000001,1.74072,1.75035,128454
2024-08-09,1.7502499999999999,1.75386,1.7486000000000002,1.75129,111771
2024-08-12,1.75152,1.75686,1.74969,1.75419,96689
2024-08-13,1.75423,1.76498,1.75254,1.76257,102988
2024-08-14,1.762,1.76423,1.75695,1.7594699999999999,100260
2024-08-15,1.7595,1.7657,1.7578200000000002,1.76444,93382
2024-08-16,1.7637800000000001,1.77328,1.76322,1.7701500000000001,83649
2024-08-19,1.7698,1.77382,1.76836,1.77095,90870
2024-08-20,1.77094,1.77853,1.7687599999999999,1.77511,96495
2024-08-21,1.77507,1.78153,1.7709899999999998,1.77923,97947
2024-08-22,1.77925,1.78436,1.7767,1.78209,82645
2024-08-23,1.7819099999999999,1.78681,1.77983,1.7846899999999999,86581
2024-08-26,1.78192,1.78514,1.77678,1.77841,74940
2024-08-27,1.77776,1.78366,1.7766,1.78257,79530
2024-08-28,1.78244,1.7830599999999999,1.775,1.7781,84921
2024-08-29,1.7781099999999999,1.77948,1.77103,1.77562,91484
2024-08-30,1.77556,1.77805,1.76824,1.7707600000000001,89860
2024-09-02,1.7696,1.77514,1.76925,1.77359,51202
2024-09-03,1.77346,1.77983,1.7722099999999998,1.77671,91168
2024-09-04,1.77668,1.77954,1.77385,1.77525,87656
2024-09-05,1.77431,1.78118,1.7734,1.77943,86975
2024-09-06,1.7794400000000001,1.7843,1.77319,1.78148,98753
2024-09-09,1.77694,1.78196,1.77199,1.77237,81588
2024-09-10,1.7724199999999999,1.7806199999999999,1.77155,1.77992,81255
2024-09-11,1.7799399999999999,1.78248,1.7693699999999999,1.77041,94639
2024-09-12,1.77041,1.78232,1.7691400000000002,1.7817699999999999,85757
2024-09-13,1.7818100000000001,1.78613,1.78146,1.78253,82107
2024-09-16,1.78348,1.79616,1.78268,1.79541,78282
2024-09-17,1.79543,1.79851,1.78792,1.7893400000000002,83703
2024-09-18,1.7893599999999998,1.80153,1.78742,1.79748,99847
2024-09-19,1.79748,1.80264,1.79464,1.80072,115664
2024-09-20,1.8007499999999999,1.8087900000000001,1.79834,1.80711,99133
2024-09-23,1.8072,1.8079399999999999,1.7987199999999999,1.80709,90868
2024-09-24,1.80446,1.80775,1.8003900000000002,1.8013599999999999,92019
2024-09-25,1.80105,1.80237,1.7945600000000002,1.79643,98134
2024-09-26,1.7963900000000002,1.80865,1.7942399999999998,1.80587,106299
2024-09-27,1.80626,1.80991,1.80243,1.80709,107773
2024-09-30,1.80576,1.81446,1.80504,1.80869,99567
2024-10-01,1.8067600000000001,1.8101699999999998,1.7887,1.79216,112376
2024-10-02,1.79044,1.79376,1.78582,1.79112,125502
2024-10-03,1.7898399999999999,1.79161,1.7718099999999999,1.77858,174797
2024-10-04,1.7764600000000002,1.7858800000000001,1.77577,1.7815699999999999,157871
2024-10-07,1.7762099999999998,1.7831299999999999,1.77455,1.78159,148010
2024-10-08,1.78162,1.79037,1.7797800000000001,1.7878699999999998,149787
2024-10-09,1.78811,1.79271,1.78422,1.79195,127842
2024-10-10,1.79184,1.79857,1.7885900000000001,1.79407,142181
2024-10-11,1.7941500000000001,1.8012899999999998,1.78989,1.79765,102256
2024-10-14,1.79516,1.8019500000000002,1.79516,1.8012299999999999,104844
2024-10-15,1.79938,1.81041,1.79878,1.80064,119351
2024-10-16,1.8,1.80162,1.7845499999999999,1.78599,119703
2024-10-17,1.78524,1.79562,1.78481,1.79452,130443
2024-10-18,1.79268,1.8025799999999998,1.79251,1.80006,118889
2024-10-21,1.7993299999999999,1.802,1.79522,1.79568,111234
2024-10-22,1.7952,1.7995,1.78929,1.79382,114168
2024-10-23,1.7938,1.79561,1.78667,1.78752,121242
2024-10-24,1.7875999999999999,1.79776,1.7860399999999998,1.79738,121896
2024-10-25,1.79737,1.8018,1.79451,1.8003,109859
2024-10-28,1.79997,1.80657,1.7978399999999999,1.80081,108230
2024-10-29,1.80081,1.81113,1.79996,1.8089,124464
2024-10-30,1.80815,1.81497,1.80103,1.80144,144448
2024-10-31,1.80111,1.80896,1.7878500000000002,1.7957999999999998,154366
2024-11-01,1.7957999999999998,1.8066,1.79511,1.80237,136384
2024-11-04,1.80542,1.80661,1.79778,1.80101,142068
2024-11-05,1.79979,1.8048600000000001,1.79924,1.80264,110072
2024-11-06,1.8027,1.80424,1.78697,1.79493,279526
2024-11-07,1.79487,1.80271,1.7910300000000001,1.79947,173895
2024-11-08,1.79966,1.8022,1.7938399999999999,1.7960500000000001,147260
2024-11-11,1.79554,1.79807,1.79054,1.79175,113290
2024-11-12,1.79165,1.79244,1.77474,1.77726,152913
2024-11-13,1.77535,1.7803499999999999,1.77535,1.7784499999999999,153253
2024-11-14,1.77846,1.7827,1.76987,1.78042,165567
2024-11-15,1.7804600000000002,1.7833999999999999,1.7757100000000001,1.77718,165737
2024-11-18,1.7768899999999999,1.78074,1.77439,1.7766199999999999,138353
2024-11-19,1.77645,1.77783,1.76777,1.7696800000000001,152780
2024-11-20,1.7687,1.7742499999999999,1.7671999999999999,1.7675999999999998,112625
2024-11-21,1.76667,1.7681200000000001,1.7562,1.75874,104967
2024-11-22,1.75866,1.75991,1.7478799999999999,1.75023,116407
2024-11-25,1.75579,1.76017,1.75244,1.7574100000000001,111877
2024-11-26,1.75679,1.77718,1.7561900000000001,1.76605,132785
2024-11-27,1.7658399999999999,1.78049,1.76539,1.77832,114407
2024-11-28,1.7778800000000001,1.77858,1.77156,1.7774100000000002,73557
2024-11-29,1.77694,1.78504,1.7758500000000002,1.78233,118225
2024-12-02,1.77894,1.78424,1.77569,1.77668,124839
2024-12-03,1.7767,1.78431,1.7747000000000002,1.78183,106455
2024-12-04,1.78192,1.78976,1.77801,1.78607,109381
2024-12-05,1.78623,1.79184,1.78574,1.788,92113
2024-12-06,1.78813,1.8039,1.7873700000000001,1.8027600000000001,102999
2024-12-09,1.80213,1.80748,1.8001800000000001,1.80587,92468
2024-12-10,1.80576,1.8111199999999998,1.8040699999999998,1.8100399999999999,116159
2024-12-11,1.80985,1.81138,1.80044,1.80423,147169
2024-12-12,1.80325,1.8073000000000001,1.79867,1.80105,151956
2024-12-13,1.80157,1.80331,1.79423,1.79459,129253
2024-12-16,1.79398,1.80761,1.7936,1.80508,116004
2024-12-17,1.8042,1.8213599999999999,1.8041,1.81761,127796
2024-12-18,1.81595,1.82264,1.8131599999999999,1.81561,151171
2024-12-19,1.81558,1.8231600000000001,1.79773,1.79888,185923
2024-12-20,1.79911,1.80986,1.79646,1.8045900000000001,160466
2024-12-23,1.8046,1.80872,1.7986900000000001,1.80017,119324
2024-12-24,1.79947,1.81047,1.7967300000000002,1.79909,84129
2024-12-25,1.7984499999999999,1.79878,1.7984499999999999,1.7984900000000001,22
2024-12-26,1.80067,1.80586,1.7983,1.80354,86066
2024-12-27,1.80336,1.81486,1.80034,1.81122,113946
2024-12-30,1.81231,1.81355,1.7989600000000001,1.80064,111469
2024-12-31,1.8008600000000001,1.80571,1.79832,1.7985799999999998,110858
2025-01-02,1.7981099999999999,1.80383,1.78047,1.78199,111007
2025-01-03,1.78139,1.7964099999999998,1.77964,1.79338,85739
2025-01-06,1.79364,1.7999399999999999,1.78701,1.79333,116443
2025-01-07,1.7938800000000001,1.79893,1.78986,1.7915299999999998,101658
2025-01-08,1.79152,1.7924,1.77423,1.77583,109902
2025-01-09,1.77579,1.7770899999999998,1.7624499999999999,1.77108,92186
2025-01-10,1.7708599999999999,1.77522,1.75882,1.75941,113400
2025-01-13,1.75936,1.76043,1.74566,1.75347,116060
2025-01-14,1.75347,1.75848,1.7465199999999999,1.75206,117705
2025-01-15,1.75194,1.7606600000000001,1.745,1.75464,101117
2025-01-16,1.7545899999999999,1.76205,1.7510599999999998,1.76101,110760
2025-01-17,1.76104,1.76267,1.75237,1.76129,99026
2025-01-20,1.7596,1.76549,1.7567599999999999,1.7627899999999999,98418
2025-01-21,1.76207,1.77993,1.7618,1.7684199999999999,130115
2025-01-22,1.7687,1.7747199999999999,1.76429,1.76955,103556
2025-01-23,1.7694100000000001,1.77685,1.76856,1.77566,105904
2025-01-24,1.77549,1.79149,1.7748,1.7894299999999999,111107
2025-01-27,1.7899,1.799,1.7886600000000001,1.79583,126491
2025-01-28,1.7953700000000001,1.79586,1.78688,1.79077,111266
2025-01-29,1.79043,1.7976100000000002,1.7891599999999999,1.7941,116077
2025-01-30,1.7933,1.81274,1.79025,1.7977699999999999,108021
2025-01-31,1.79873,1.80401,1.7912599999999999,1.8012000000000001,131512
2025-02-03,1.81434,1.81947,1.79089,1.7956699999999999,182045
2025-02-04,1.79531,1.7969,1.78504,1.78619,123892
2025-02-05,1.78671,1.79216,1.7851,1.78987,106604
2025-02-06,1.78953,1.7919800000000001,1.77407,1.77832,98947
2025-02-07,1.77766,1.78551,1.77091,1.77199,105561
2025-02-10,1.77496,1.78128,1.7690299999999999,1.7700900000000002,93290
2025-02-11,1.76917,1.7789700000000002,1.7675800000000002,1.7776,89208
2025-02-12,1.77516,1.78158,1.77298,1.7804,108840
2025-02-13,1.7780399999999998,1.7864200000000001,1.77794,1.78323,116242
2025-02-14,1.78071,1.788,1.77948,1.78311,97403
2025-02-17,1.78308,1.79243,1.7824,1.79019,73095
2025-02-18,1.78841,1.79084,1.7863099999999998,1.79009,92456
2025-02-19,1.7895400000000001,1.79348,1.78636,1.7918500000000002,104618
2025-02-20,1.78926,1.7958699999999999,1.78926,1.79554,109065
2025-02-21,1.79446,1.79862,1.7922099999999999,1.79647,113711
2025-02-24,1.79166,1.80097,1.79166,1.7999,119497
2025-02-25,1.7996699999999999,1.81365,1.79893,1.81331,125929
2025-02-26,1.81202,1.8228499999999999,1.81046,1.81714,119046
2025-02-27,1.8165,1.8232,1.8145799999999999,1.8185799999999999,123223
2025-02-28,1.8181500000000002,1.8210899999999999,1.81285,1.81932,129151
2025-03-03,1.8138100000000001,1.84466,1.8137699999999999,1.8385500000000001,136473
2025-03-04,1.83798,1.85528,1.83285,1.84107,203378
2025-03-05,1.84021,1.8555199999999998,1.83936,1.84928,205340
2025-03-06,1.84816,1.8526099999999999,1.83771,1.8408099999999998,203221
2025-03-07,1.83994,1.8619599999999998,1.8391600000000001,1.8564500000000002,177497
2025-03-10,1.8535,1.86662,1.85039,1.8592,172179
2025-03-11,1.85881,1.8776899999999999,1.8570600000000002,1.8690099999999998,194290
2025-03-12,1.86769,1.87169,1.8609,1.86259,145973
2025-03-13,1.86145,1.8702,1.85869,1.8701699999999999,151234
2025-03-14,1.8693499999999998,1.8710499999999999,1.8563800000000001,1.85806,127120
2025-03-17,1.8559999999999999,1.8626200000000002,1.8542,1.85564,110179
2025-03-18,1.85579,1.86154,1.8477299999999999,1.85861,112466
2025-03-19,1.8573300000000001,1.86319,1.8547099999999999,1.86267,122353
2025-03-20,1.86134,1.8659,1.8548200000000001,1.85684,118497
2025-03-21,1.8570600000000002,1.8576899999999998,1.85009,1.85327,110933
2025-03-24,1.84728,1.85781,1.84449,1.84984,130589
2025-03-25,1.8499400000000001,1.85408,1.84707,1.84788,108225
2025-03-26,1.84754,1.8485800000000001,1.83454,1.83872,118172
2025-03-27,1.83786,1.85788,1.83589,1.85187,139151
2025-03-28,1.85124,1.8568500000000001,1.84764,1.85149,122550
2025-03-31,1.84842,1.86102,1.84815,1.85829,139313
2025-04-01,1.8567200000000001,1.86083,1.84772,1.84821,145127
2025-04-02,1.847,1.86498,1.84588,1.8531900000000001,138168
2025-04-03,1.8488099999999998,1.86509,1.84042,1.8464,264995
2025-04-04,1.84392,1.85246,1.83033,1.8340100000000001,204024
2025-04-07,1.82957,1.84152,1.80811,1.8125,247511
2025-04-08,1.81095,1.82268,1.80633,1.82009,187633
2025-04-09,1.81917,1.82854,1.79806,1.80494,218556
2025-04-10,1.80252,1.82146,1.8025099999999998,1.81299,199042
2025-04-11,1.8119399999999999,1.8243200000000002,1.8106,1.81247,215603
2025-04-14,1.81318,1.83284,1.81167,1.82932,159890
2025-04-15,1.82768,1.84752,1.82768,1.84667,130497
2025-04-16,1.84314,1.84979,1.83364,1.8340800000000002,141242
2025-04-17,1.83305,1.83975,1.8314,1.83493,124983
2025-04-18,1.8328600000000002,1.8414899999999998,1.8327,1.8393899999999999,268348
2025-04-21,1.83742,1.85213,1.8359,1.8515000000000001,116793
2025-04-22,1.84972,1.85307,1.84035,1.8408,118683
2025-04-23,1.84058,1.8448799999999999,1.83362,1.83913,135264
2025-04-24,1.8391600000000001,1.8500999999999999,1.8380800000000002,1.84756,107238
2025-04-25,1.8471600000000001,1.8491900000000001,1.8424399999999999,1.84337,91804
2025-04-28,1.8428,1.8594,1.84245,1.8587,95855
2025-04-29,1.8560400000000001,1.8599700000000001,1.85217,1.85439,92060
2025-04-30,1.8529499999999999,1.85458,1.8361,1.83914,99635
2025-05-01,1.83815,1.84275,1.8321800000000001,1.8389199999999999,90206
2025-05-02,1.8369900000000001,1.8406099999999999,1.8307600000000002,1.83339,103298
2025-05-05,1.82699,1.84148,1.82699,1.8377599999999998,87391
2025-05-06,1.83636,1.84932,1.83533,1.84135,95792
2025-05-07,1.84039,1.84493,1.83705,1.83906,105209
2025-05-08,1.83779,1.8525800000000001,1.83704,1.8435000000000001,106872
2025-05-09,1.84277,1.85578,1.84085,1.85377,85491
2025-05-12,1.84386,1.85206,1.8374000000000001,1.84096,116198
2025-05-13,1.84008,1.85572,1.83936,1.8537400000000002,99954
2025-05-14,1.8534899999999999,1.8597700000000001,1.85153,1.85311,105331
2025-05-15,1.85144,1.8622999999999998,1.85056,1.85667,97783
2025-05-16,1.8554,1.8591199999999999,1.8523399999999999,1.85442,87109
2025-05-19,1.85338,1.86918,1.85252,1.8636599999999999,95363
2025-05-20,1.8614000000000002,1.86713,1.8568,1.86338,96815
2025-05-21,1.8618999999999999,1.86936,1.8574000000000002,1.85955,105631
2025-05-22,1.85779,1.86466,1.85751,1.8587799999999999,101030
2025-05-23,1.85845,1.8670499999999999,1.85526,1.85805,98268
2025-05-26,1.85544,1.86335,1.8551199999999999,1.8627,68299
2025-05-27,1.8618299999999999,1.86829,1.85907,1.8655599999999999,92023
2025-05-28,1.86428,1.86787,1.8595899999999999,1.86365,91554
2025-05-29,1.8623699999999999,1.86467,1.85838,1.86242,104902
2025-05-30,1.86098,1.8648799999999999,1.84702,1.8477700000000001,102635
2025-06-02,1.84936,1.85789,1.84692,1.8569200000000001,99149
2025-06-03,1.85643,1.8592,1.85275,1.8545099999999999,89421
2025-06-04,1.85328,1.8569,1.85162,1.85373,94370
2025-06-05,1.85269,1.85752,1.8513600000000001,1.85513,99166
2025-06-06,1.85497,1.85619,1.8496700000000001,1.8523800000000001,93677
2025-06-09,1.8503699999999998,1.85694,1.8503699999999998,1.85599,74288
2025-06-10,1.85469,1.85762,1.84482,1.8449900000000001,90366
2025-06-11,1.84414,1.85266,1.8413300000000001,1.85195,94185
2025-06-12,1.8505500000000001,1.8569,1.8477000000000001,1.85113,97450
2025-06-13,1.85152,1.8531300000000002,1.84117,1.84338,116640
2025-06-16,1.84164,1.84534,1.839,1.8420999999999998,109292
2025-06-17,1.84118,1.8429600000000002,1.83064,1.83601,107305
2025-06-18,1.8346,1.84344,1.833,1.83754,111525
2025-06-19,1.83644,1.84632,1.83474,1.84463,90134
2025-06-20,1.8436,1.85297,1.8428,1.84629,100406
2025-06-23,1.84226,1.85927,1.8413,1.85724,127283
2025-06-24,1.85513,1.87054,1.8546200000000002,1.86832,108533
2025-06-25,1.8665,1.87612,1.86568,1.87519,92595
2025-06-26,1.8742299999999998,1.8830200000000001,1.8710900000000001,1.8720400000000001,107178
2025-06-27,1.8717899999999998,1.88279,1.87066,1.8769900000000002,100990
2025-06-30,1.8747,1.87901,1.86697,1.86864,100410
2025-07-01,1.86669,1.87582,1.86558,1.8755899999999999,95029
2025-07-02,1.87429,1.87615,1.85054,1.85264,93519
2025-07-03,1.85251,1.85836,1.84938,1.85473,87769
2025-07-04,1.85388,1.85874,1.85243,1.85476,107069
2025-07-07,1.8545,1.86189,1.8545,1.8607,98698
2025-07-08,1.8598400000000002,1.86304,1.85079,1.85678,112132
2025-07-09,1.8552300000000002,1.86362,1.8547799999999999,1.85914,102296
2025-07-10,1.8582800000000002,1.8622100000000001,1.8530600000000002,1.85377,95490
2025-07-11,1.8526099999999999,1.86022,1.84196,1.84595,119344
2025-07-14,1.8469,1.8484099999999999,1.8383500000000002,1.83982,106114
2025-07-15,1.838,1.8422800000000001,1.83529,1.83644,108904
2025-07-16,1.83613,1.84592,1.83426,1.83571,126367
2025-07-17,1.83572,1.84498,1.83486,1.84496,105862
2025-07-18,1.8435700000000002,1.84708,1.8399,1.84003,88698
2025-07-21,1.8388900000000001,1.8485,1.8387099999999998,1.8457,95653
2025-07-22,1.84521,1.84622,1.83958,1.84108,92034
2025-07-23,1.84024,1.8478599999999998,1.8378700000000001,1.8462399999999999,103333
2025-07-24,1.84477,1.84794,1.84155,1.84164,100640
2025-07-25,1.84189,1.84338,1.8367200000000001,1.84022,110488
2025-07-28,1.8393000000000002,1.84336,1.83301,1.8344,112906
2025-07-29,1.83443,1.84055,1.83142,1.83823,115005
2025-07-30,1.83727,1.84494,1.82833,1.8304200000000002,127623
2025-07-31,1.82976,1.83493,1.82521,1.82894,126561
2025-08-01,1.82806,1.83595,1.82267,1.83032,156947
2025-08-04,1.82919,1.83423,1.82745,1.83022,134785
2025-08-05,1.8295599999999999,1.83544,1.82821,1.83136,123289
2025-08-06,1.83102,1.83692,1.8287200000000001,1.8351,113770
2025-08-07,1.83434,1.84782,1.83334,1.84782,121968
2025-08-08,1.84729,1.85113,1.84428,1.84935,105000
2025-08-11,1.84874,1.8536899999999998,1.8469799999999998,1.85033,99036
2025-08-12,1.8494899999999999,1.86101,1.84844,1.85885,127149
2025-08-13,1.85829,1.8691200000000001,1.85771,1.86775,101895
2025-08-14,1.86654,1.8718599999999999,1.86585,1.86879,116584
2025-08-15,1.86889,1.8736000000000002,1.8676599999999999,1.87229,93530
2025-08-18,1.87214,1.87345,1.863,1.86355,93009
2025-08-19,1.8638400000000002,1.87114,1.8626800000000001,1.8708900000000002,90102
2025-08-20,1.86948,1.87388,1.86482,1.86633,95145
2025-08-21,1.8662999999999998,1.87047,1.8636300000000001,1.86525,92763
2025-08-22,1.86463,1.8732199999999999,1.86315,1.86948,96375
2025-08-25,1.86814,1.86972,1.86372,1.8641,82791
2025-08-26,1.86357,1.86758,1.86261,1.86489,102564
2025-08-27,1.86455,1.86541,1.85873,1.8614600000000001,87385
2025-08-28,1.85975,1.86157,1.8564500000000002,1.8571900000000001,91146
2025-08-29,1.8569499999999999,1.85802,1.84898,1.85504,95293
2025-09-01,1.85528,1.86383,1.85244,1.86205,74560
2025-09-02,1.86178,1.8630499999999999,1.8414000000000001,1.84578,113897
2025-09-03,1.8445399999999998,1.85564,1.84028,1.85425,98457
2025-09-04,1.85362,1.8593,1.8521800000000002,1.85603,88359
2025-09-05,1.85495,1.87223,1.85392,1.8668,98991
2025-09-08,1.8664399999999999,1.87263,1.86537,1.86916,98028
2025-09-09,1.86925,1.8755899999999999,1.86836,1.87239,96082
2025-09-10,1.8718,1.87822,1.87066,1.8754499999999998,97198
2025-09-11,1.8742299999999998,1.87931,1.87327,1.87697,100692
2025-09-12,1.8769,1.8789,1.87268,1.87671,96210
2025-09-15,1.87522,1.88252,1.87286,1.8732600000000001,96517
2025-09-16,1.87282,1.8792499999999999,1.87216,1.87431,93642
2025-09-17,1.8742100000000002,1.88418,1.87317,1.8761299999999999,84985
2025-09-18,1.87576,1.88068,1.86757,1.86924,99863
2025-09-19,1.86895,1.87019,1.85476,1.85529,111888
2025-09-22,1.85447,1.86929,1.85447,1.86684,97721
2025-09-23,1.8656899999999998,1.8721299999999998,1.86525,1.87117,110930
2025-09-24,1.8698299999999999,1.87173,1.86356,1.8683999999999998,101904
2025-09-25,1.86717,1.8712499999999999,1.8576000000000001,1.85937,110224
2025-09-26,1.85704,1.86974,1.85594,1.86772,101112
2025-09-29,1.8650600000000002,1.8747500000000001,1.86498,1.86869,103486
2025-09-30,1.86713,1.87402,1.86681,1.87126,108054
2025-10-01,1.87096,1.88401,1.86975,1.87805,121342
2025-10-02,1.8771,1.8823400000000001,1.8728500000000001,1.8766500000000002,102436
2025-10-03,1.87564,1.88179,1.87544,1.8793600000000001,101952
2025-10-06,1.8738899999999998,1.88157,1.8726500000000001,1.88008,117544
2025-10-07,1.87996,1.88061,1.8691499999999999,1.8723800000000002,103636
2025-10-08,1.8724699999999999,1.87426,1.8665699999999998,1.86993,109305
2025-10-09,1.86916,1.8709099999999999,1.8624100000000001,1.8651200000000001,120148
2025-10-10,1.8635899999999999,1.8708,1.85599,1.8679700000000001,129055
2025-10-13,1.8664800000000001,1.8723,1.86459,1.87133,117689
2025-10-14,1.86977,1.87501,1.8636300000000001,1.8704,137096
2025-10-15,1.8706399999999999,1.8830900000000002,1.8694899999999999,1.88157,114733
2025-10-16,1.88003,1.88952,1.87955,1.8879899999999998,127590
2025-10-17,1.88735,1.89147,1.8809,1.88199,119624
2025-10-20,1.88175,1.88639,1.88055,1.88164,88271
2025-10-21,1.88075,1.8830900000000002,1.8736199999999998,1.8747099999999999,104630
2025-10-22,1.87433,1.8748,1.8647,1.86905,103358
2025-10-23,1.86815,1.86914,1.8627500000000001,1.86412,84528
2025-10-24,1.86348,1.87199,1.86182,1.86218,102356
2025-10-27,1.86555,1.86723,1.8602400000000001,1.86534,91020
2025-10-28,1.86523,1.87043,1.8492,1.85034,100063
2025-10-29,1.8502100000000001,1.85101,1.83244,1.83969,115627
2025-10-30,1.8388499999999999,1.8431899999999999,1.83693,1.83864,115229
2025-10-31,1.83789,1.84287,1.8366500000000001,1.84173,100553
2025-11-03,1.83945,1.84947,1.83852,1.84661,84117
2025-11-04,1.8467500000000001,1.84751,1.8347099999999998,1.83595,96729
2025-11-05,1.83561,1.84365,1.83499,1.84117,92747
2025-11-06,1.84001,1.85463,1.83996,1.85436,101400
2025-11-07,1.85201,1.85453,1.84548,1.8485,99540
2025-11-10,1.8467099999999999,1.84921,1.84334,1.84711,104919
2025-11-11,1.84632,1.8483,1.84066,1.84329,93924
2025-11-12,1.84307,1.84419,1.83429,1.83945,95661
2025-11-13,1.8383500000000002,1.85277,1.83544,1.8509799999999998,110563
2025-11-14,1.85005,1.85212,1.8408600000000002,1.84674,114178
2025-11-17,1.84341,1.85031,1.8429799999999998,1.84871,99035
2025-11-18,1.8479,1.8497400000000002,1.83632,1.83864,117631
2025-11-19,1.8386,1.8411,1.83323,1.83443,111513
2025-11-20,1.83404,1.8441100000000001,1.8327,1.8425,118433
2025-11-21,1.8420299999999998,1.84842,1.83938,1.8464,135980
2025-11-24,1.84595,1.85004,1.8449900000000001,1.8483,103349
2025-11-25,1.8483,1.86208,1.84798,1.85595,111419
2025-11-26,1.85555,1.86189,1.84938,1.85969,119554
2025-11-27,1.85747,1.86123,1.85454,1.85686,75378
2025-11-28,1.8572899999999999,1.8583699999999999,1.8436599999999999,1.84695,184159
2025-12-01,1.8475899999999998,1.85267,1.84695,1.84928,119154
2025-12-02,1.84884,1.8513,1.84349,1.84536,89680
2025-12-03,1.84524,1.8629,1.84369,1.86263,91175
2025-12-04,1.86159,1.86674,1.85948,1.85983,94430
2025-12-05,1.8589,1.86293,1.8417599999999998,1.84214,90911
2025-12-08,1.8407900000000001,1.84661,1.83793,1.84592,98638
2025-12-09,1.8451,1.84973,1.83944,1.8409200000000001,102028
2025-12-10,1.84091,1.84815,1.84016,1.8454199999999998,112275
2025-12-11,1.8449900000000001,1.84937,1.8428900000000001,1.843,113977
2025-12-12,1.8430499999999999,1.8452899999999999,1.83868,1.84047,106376
2025-12-15,1.8409499999999999,1.8445399999999998,1.8383099999999999,1.84157,103575
2025-12-16,1.84033,1.84993,1.8391199999999999,1.84541,128833
2025-12-17,1.84575,1.8475700000000002,1.83466,1.8437999999999999,115274
2025-12-18,1.84322,1.85133,1.83834,1.84337,117477
2025-12-19,1.84266,1.8467799999999999,1.83924,1.84527,107242
2025-12-22,1.84473,1.8515899999999998,1.8436599999999999,1.85045,101361
2025-12-23,1.84935,1.85461,1.84638,1.84964,110211
2025-12-24,1.84771,1.85081,1.8448799999999999,1.84619,98763
2025-12-26,1.84943,1.84943,1.84273,1.84463,95722
2025-12-29,1.84265,1.85034,1.84191,1.8496899999999998,116292
2025-12-30,1.84833,1.85119,1.84227,1.84425,96438
2025-12-31,1.84337,1.84663,1.8385500000000001,1.84641,95455
2026-01-02,1.84733,1.8528099999999998,1.84333,1.84742,96484
2026-01-05,1.84687,1.86513,1.84609,1.865,124549
2026-01-06,1.86412,1.86666,1.85999,1.86514,107748
2026-01-07,1.8642699999999999,1.86723,1.85994,1.8651499999999999,106224
2026-01-08,1.86469,1.86728,1.85956,1.8634,102833
2026-01-09,1.86177,1.86544,1.85896,1.86399,113299
2026-01-12,1.86333,1.87119,1.8628200000000001,1.86879,108381
2026-01-13,1.8678,1.8709799999999999,1.86356,1.86414,106074
2026-01-14,1.8637700000000001,1.86952,1.86232,1.86681,100758
2026-01-15,1.86429,1.86937,1.85751,1.8589099999999998,98775
2026-01-16,1.85786,1.8639999999999999,1.8575300000000001,1.86123,95068
2026-01-19,1.85651,1.86369,1.85569,1.8618700000000001,89264
2026-01-20,1.86102,1.8664800000000001,1.85709,1.85983,126684
2026-01-21,1.85922,1.86037,1.8512499999999998,1.8575300000000001,119907
2026-01-22,1.85693,1.86245,1.8510499999999999,1.861,109448
2026-01-23,1.8599299999999999,1.86979,1.8592499999999998,1.86859,119782
2026-01-26,1.8709500000000001,1.8780999999999999,1.86778,1.87496,139337
2026-01-27,1.8738299999999999,1.88174,1.87073,1.87989,143008
2026-01-28,1.87958,1.8801999999999999,1.86463,1.87184,164529
2026-01-29,1.87087,1.87279,1.8611,1.8625500000000001,178197
2026-01-30,1.8618299999999999,1.86529,1.8555199999999998,1.8629799999999999,198353
2026-02-02,1.86285,1.87101,1.8606099999999999,1.86984,194198
2026-02-03,1.86859,1.8725,1.86673,1.8685100000000001,152968
2026-02-04,1.8669099999999998,1.87435,1.86467,1.86528,137444
2026-02-05,1.86527,1.86623,1.8485200000000002,1.8547,152839
2026-02-06,1.85465,1.86043,1.8531499999999999,1.86017,119409
2026-02-09,1.85835,1.8601100000000002,1.85155,1.85623,124402
2026-02-10,1.8563800000000001,1.85818,1.8476,1.84878,109081
2026-02-11,1.84957,1.85838,1.84667,1.85012,124832
2026-02-12,1.8482699999999999,1.85745,1.84794,1.85357,127215
2026-02-13,1.85304,1.86028,1.85256,1.85861,121527
2026-02-16,1.85629,1.85947,1.8555899999999999,1.85849,68082
2026-02-17,1.85754,1.85827,1.84659,1.84997,111196
2026-02-18,1.84814,1.85458,1.8472,1.8476,94496
2026-02-19,1.8472,1.84903,1.83962,1.8415599999999999,102762
2026-02-20,1.84148,1.8487200000000001,1.83974,1.8431600000000001,123136
2026-02-23,1.8439299999999998,1.8495599999999999,1.84247,1.84778,117529
2026-02-24,1.84751,1.8547799999999999,1.84605,1.84753,105394
2026-02-25,1.84788,1.85601,1.84702,1.85397,100219
2026-02-26,1.85379,1.85479,1.84134,1.84432,109565
2026-02-27,1.84327,1.84619,1.83308,1.83886,116661
2026-03-02,1.82959,1.8385099999999999,1.8218,1.8333300000000001,180502
2026-03-03,1.8319299999999998,1.83404,1.81947,1.8267,203001
2026-03-04,1.82579,1.83134,1.82202,1.8238699999999999,175448
2026-03-05,1.82349,1.8271199999999999,1.81826,1.82619,185897
2026-03-06,1.8258,1.82649,1.81704,1.81868,176445
2026-03-09,1.81314,1.82691,1.80206,1.8260399999999999,230874
2026-03-10,1.82485,1.83059,1.8199999999999998,1.82168,186954
2026-03-11,1.82173,1.82548,1.8182399999999999,1.8228499999999999,158147
2026-03-12,1.82211,1.82257,1.81566,1.81944,162437
2026-03-13,1.81881,1.82123,1.8103500000000001,1.81427,168529
2026-03-16,1.8159399999999999,1.8242699999999998,1.81398,1.82254,151687
2026-03-17,1.82236,1.8309199999999999,1.81795,1.82824,138564
2026-03-18,1.82785,1.83278,1.81985,1.82031,152349
2026-03-19,1.8197299999999998,1.8467,1.8186499999999999,1.8449900000000001,201285
2026-03-20,1.8437299999999999,1.84692,1.82626,1.83011,174898
2026-03-23,1.82519,1.84613,1.82318,1.84238,218857
2026-03-24,1.84374,1.8462,1.83737,1.84579,205287
2026-03-25,1.8458299999999999,1.85148,1.8414899999999998,1.84575,166571
2026-03-26,1.8448600000000002,1.8501699999999999,1.84292,1.84695,143820
2026-03-27,1.84695,1.84885,1.8400699999999999,1.84214,153293
2026-03-30,1.83955,1.8454700000000002,1.8345500000000001,1.8354,144318
2026-03-31,1.83497,1.84864,1.8336000000000001,1.84003,172883
2026-04-01,1.84008,1.85199,1.838,1.84558,159974
2026-04-02,1.8448799999999999,1.84727,1.8360699999999999,1.84084,158055
2026-04-03,1.83967,1.84375,1.83689,1.83948,51051
2026-04-06,1.83737,1.84544,1.83707,1.84094,125072
2026-04-07,1.8415,1.8484,1.83948,1.84575,157031
2026-04-08,1.8447,1.8680400000000001,1.8441999999999998,1.85425,200964
2026-04-09,1.85323,1.8590499999999999,1.85318,1.85576,136352
2026-04-10,1.8551,1.86419,1.85425,1.8614600000000001,114624
2026-04-13,1.85544,1.86296,1.85503,1.8626800000000001,134624
2026-04-14,1.86165,1.8687200000000002,1.8604500000000002,1.8672499999999999,119178
2026-04-15,1.86808,1.8694899999999999,1.8622999999999998,1.86324,126783
2026-04-16,1.86216,1.8641299999999998,1.85253,1.8533,125519
2026-04-17,1.85286,1.85703,1.8479,1.85041,135748
2026-04-20,1.8437700000000001,1.85195,1.84371,1.84631,138472
2026-04-21,1.84598,1.8471,1.84211,1.8452199999999999,143809
2026-04-22,1.8448600000000002,1.8472499999999998,1.84337,1.84592,124499
2026-04-23,1.84518,1.8485399999999998,1.84232,1.84442,152735
2026-04-24,1.8462399999999999,1.85033,1.84252,1.8492600000000001,129347
2026-04-27,1.84699,1.8507799999999999,1.8415300000000001,1.84388,116406
2026-04-28,1.84376,1.8504,1.8407200000000001,1.84962,133513
2026-04-29,1.8473899999999999,1.85038,1.84241,1.8437999999999999,135771
2026-04-30,1.8441,1.8498700000000001,1.84109,1.84711,185859
2026-05-01,1.84749,1.85289,1.84392,1.8445399999999998,130280
2026-05-04,1.84591,1.84816,1.83985,1.84338,144766
2026-05-05,1.84233,1.84762,1.8411300000000002,1.84367,117834
2026-05-06,1.84291,1.85495,1.84245,1.85298,135708
2026-05-07,1.85165,1.8585,1.85027,1.85122,121109
2026-05-08,1.85127,1.86776,1.84988,1.86376,107497
2026-05-11,1.8534199999999998,1.86584,1.85294,1.86132,106537
2026-05-12,1.8607,1.86127,1.85074,1.85447,124767
2026-05-13,1.85246,1.85576,1.847,1.85337,112060
2026-05-14,1.85264,1.85494,1.83758,1.8382,110471
2026-05-15,1.8384,1.8396599999999999,1.83023,1.8313700000000002,135710
2026-05-18,1.83009,1.84769,1.83009,1.8454199999999998,138325
2026-05-19,1.8449900000000001,1.84769,1.8406799999999999,1.8406799999999999,130828
2026-05-20,1.84082,1.849,1.83987,1.84631,139493
2026-05-21,1.8460100000000002,1.85246,1.8450600000000001,1.8498,136816
2026-05-22,1.8489200000000001,1.8578700000000001,1.84829,1.8553899999999999,111872
2026-05-25,1.85724,1.86487,1.85606,1.86409,73275
2026-05-26,1.86269,1.8641299999999998,1.85452,1.85702,111100
2026-05-27,1.8558,1.8607,1.85533,1.8582,110867
2026-05-28,1.8567200000000001,1.85981,1.8514300000000001,1.85267,123112
2026-05-29,1.8525,1.85869,1.85111,1.85568,116895
2026-06-01,1.85572,1.8635000000000002,1.85465,1.8620999999999999,121665
2026-06-02,1.86171,1.86606,1.86062,1.86307,104494
2026-06-03,1.86199,1.86636,1.8616000000000001,1.8644699999999998,112701
2026-06-04,1.86403,1.8702800000000002,1.8625099999999999,1.86697,112650
2026-06-05,1.86555,1.87036,1.8582,1.85884,123492
2026-06-08,1.85684,1.8625699999999998,1.85574,1.86096,138084
2026-06-09,1.8608099999999999,1.87032,1.8587500000000001,1.86601,129140
2026-06-10,1.8646500000000001,1.86771,1.86333,1.8637000000000001,141611
2026-06-11,1.86338,1.8740999999999999,1.862,1.87327,145443
2026-06-12,1.87241,1.8768500000000001,1.87115,1.87479,142601
2026-06-15,1.87453,1.8796,1.87317,1.87621,111580
2026-06-16,1.87564,1.8801,1.87428,1.8788200000000002,102219
2026-06-17,1.87842,1.88035,1.87144,1.87417,111108
2026-06-18,1.87275,1.87938,1.86557,1.86654,129269
2026-06-19,1.86611,1.8763100000000001,1.8633899999999999,1.87241,98752
2026-06-22,1.86722,1.87886,1.86712,1.87587,116259
2026-06-23,1.87513,1.8779599999999999,1.8723100000000001,1.87591,115981
2026-06-24,1.87364,1.87764,1.87065,1.8739,123236
2026-06-25,1.87317,1.87764,1.87146,1.87277,123670
2026-06-26,1.8732,1.87587,1.87131,1.8716599999999999,125180
2026-06-29,1.87296,1.88432,1.87067,1.88399,104596
2026-06-30,1.88191,1.88484,1.87969,1.8824,112194
2026-07-01,1.88124,1.8880400000000002,1.88055,1.88704,111482
2026-07-02,1.88547,1.8967100000000001,1.8848,1.8923999999999999,129377
2026-07-03,1.89228,1.89741,1.89092,1.89555,106280
2026-07-06,1.89344,1.90359,1.89324,1.90176,104691
2026-07-07,1.8999899999999998,1.90432,1.89621,1.89677,104749
2026-07-08,1.89372,1.90002,1.88785,1.89744,135249
2026-07-09,1.8960599999999999,1.9032200000000001,1.89501,1.8993799999999998,100913
2026-07-10,1.89869,1.9034499999999999,1.89392,1.89636,109409
2026-07-13,1.89388,1.89639,1.8888500000000001,1.8890799999999999,134510
2026-07-14,1.88873,1.89119,1.8809900000000002,1.88252,139249
2026-07-15,1.88208,1.90206,1.88077,1.90084,113224
2026-07-16,1.8988800000000001,1.90171,1.8911799999999999,1.89238,103295
2026-07-17,1.89241,1.89241,1.88253,1.8857300000000001,106615
2026-07-20,1.88378,1.89056,1.8825699999999999,1.8895300000000002,95533
2026-07-21,1.889,1.89303,1.88138,1.8870200000000001,93785
2026-07-22,1.8862100000000002,1.88819,1.88167,1.88402,95610
2026-07-23,1.8831799999999999,1.8840400000000002,1.87382,1.87486,115933
2026-07-24,1.8746399999999999,1.87904,1.87276,1.8771200000000001,109016
2026-07-27,1.87669,1.88297,1.87542,1.87664,116786
2026-07-28,1.87657,1.87822,1.8723999999999998,1.8747,104672
2026-07-29,1.8741400000000001,1.8777599999999999,1.87122,1.87755,129278
2026-07-30,1.87637,1.88647,1.87372,1.8859599999999999,138939
2026-07-31,1.88588,1.89121,1.87996,1.8885800000000001,140710
2026-08-03,1.8895,1.89192,1.8849900000000002,1.8867099999999999,115478
2026-08-04,1.88564,1.89364,1.8842400000000001,1.89139,109224
2026-08-05,1.89055,1.89533,1.8860999999999999,1.8869,110051
2026-08-06,1.88593,1.88886,1.88381,1.88497,96987
2026-08-07,1.8849200000000002,1.88726,1.8793600000000001,1.88073,106151
2026-08-10,1.8816899999999999,1.8859599999999999,1.8799000000000001,1.88287,96764
2026-08-11,1.88211,1.88288,1.8787,1.8808500000000001,93319
2026-08-12,1.87991,1.8849399999999998,1.8794300000000002,1.8809,92159
2026-08-13,1.88035,1.88376,1.8778299999999999,1.87854,93318
2026-08-14,1.87793,1.88073,1.87608,1.8773300000000002,98148
2026-08-17,1.87781,1.8812600000000002,1.87649,1.87876,93380
2026-08-18,1.8781400000000001,1.8825699999999999,1.87527,1.88023,94542
2026-08-19,1.87923,1.88513,1.87782,1.87854,120273
2026-08-20,1.8765,1.87994,1.87572,1.87927,117180
2026-08-21,1.8789799999999999,1.88025,1.87415,1.87795,108134
2026-08-24,1.8809200000000001,1.8886699999999998,1.87968,1.88693,109377
2026-08-25,1.8868,1.89127,1.8852799999999998,1.8889399999999998,94997
2026-08-26,1.88731,1.89087,1.8853900000000001,1.88656,85907
2026-08-27,1.88482,1.88774,1.88184,1.88293,92496
2026-08-28,1.88219,1.8847,1.87967,1.8816000000000002,89976
