time,open,high,low,close,volume
1994-01-31,0.5711,0.5738,0.5679,0.5726,1031
1994-02-01,0.5711,0.5738,0.5679,0.573,1922
1994-02-02,0.5727,0.5733,0.5687,0.5711,1642
1994-02-03,0.572,0.5729,0.5687,0.5698,1172
1994-02-04,0.5716,0.5728,0.5698,0.5698,421
1994-02-06,0.5703,0.5742,0.5702,0.5733,501
1994-02-07,0.5703,0.5776,0.5702,0.5736,1382
1994-02-08,0.5728,0.5776,0.5728,0.5758,1302
1994-02-09,0.5752,0.578,0.5749,0.5749,952
1994-02-10,0.5758,0.578,0.5726,0.5736,892
1994-02-11,0.5752,0.5752,0.5726,0.5736,361
1994-02-13,0.5741,0.5742,0.5712,0.5717,361
1994-02-14,0.5741,0.575,0.5712,0.5731,942
1994-02-15,0.5719,0.576,0.5715,0.5751,1262
1994-02-16,0.5747,0.577,0.5724,0.5756,1102
1994-02-17,0.5756,0.577,0.573,0.5741,902
1994-02-18,0.5767,0.5767,0.573,0.5741,481
1994-02-20,0.5733,0.5743,0.5722,0.5725,341
1994-02-21,0.5733,0.5799,0.5722,0.579,702
1994-02-22,0.5778,0.5809,0.5775,0.5801,802
1994-02-23,0.5787,0.5822,0.578,0.5786,1072
1994-02-24,0.5799,0.5822,0.577,0.5771,902
1994-02-25,0.579,0.5793,0.577,0.5771,271
1994-02-27,0.577,0.5784,0.5753,0.5764,561
1994-02-28,0.577,0.5784,0.5747,0.5747,1002
1994-03-01,0.5761,0.5776,0.568,0.5704,1732
1994-03-02,0.5751,0.5768,0.568,0.5714,1642
1994-03-03,0.5695,0.5749,0.5695,0.5721,1182
1994-03-04,0.5714,0.5749,0.5704,0.5721,831
1994-03-06,0.5738,0.5782,0.5738,0.5767,591
1994-03-07,0.5738,0.5788,0.5738,0.5746,1222
1994-03-08,0.5767,0.5788,0.5734,0.5746,1112
1994-03-09,0.5748,0.5759,0.5706,0.5709,1062
1994-03-10,0.5753,0.5757,0.5706,0.5736,972
1994-03-11,0.5717,0.5744,0.5715,0.5736,391
1994-03-13,0.5763,0.5774,0.5755,0.5761,361
1994-03-14,0.5763,0.5779,0.5755,0.5776,682
1994-03-15,0.5762,0.5781,0.5753,0.5776,872
1994-03-16,0.5775,0.5787,0.5734,0.5734,1082
1994-03-17,0.5787,0.5787,0.5726,0.5743,952
1994-03-18,0.5737,0.575,0.5726,0.5743,421
1994-03-20,0.5722,0.5747,0.5687,0.5689,871
1994-03-21,0.5722,0.5747,0.5668,0.5691,1582
1994-03-22,0.5688,0.5719,0.5668,0.5699,1592
1994-03-23,0.5707,0.5719,0.5634,0.5661,1862
1994-03-24,0.5697,0.5701,0.5634,0.5671,1592
1994-03-25,0.5664,0.569,0.5656,0.5671,611
1994-03-27,0.5708,0.571,0.5685,0.5686,281
1994-03-28,0.5708,0.571,0.5645,0.5645,942
1994-03-29,0.5689,0.57,0.5561,0.5621,2572
1994-03-30,0.564,0.5666,0.5561,0.563,2362
1994-03-31,0.5623,0.5654,0.5616,0.5641,922
1994-04-01,0.564,0.5654,0.563,0.5641,471
1994-04-03,0.5655,0.5661,0.5623,0.5623,441
1994-04-04,0.5655,0.5661,0.5612,0.5651,1082
1994-04-05,0.5629,0.5684,0.5612,0.5676,1372
1994-04-06,0.5671,0.5712,0.5645,0.5671,1842
1994-04-07,0.5678,0.5734,0.5653,0.5701,2382
1994-04-08,0.5702,0.5734,0.567,0.5701,1271
1994-04-10,0.5703,0.571,0.5687,0.5692,351
1994-04-11,0.5703,0.5714,0.5678,0.5681,1012
1994-04-12,0.5687,0.5714,0.5646,0.5657,1382
1994-04-13,0.5683,0.5695,0.5646,0.5666,1232
1994-04-14,0.5659,0.5696,0.5656,0.568,1022
1994-04-15,0.5667,0.5696,0.5664,0.568,511
1994-04-17,0.5699,0.5709,0.5666,0.5666,531
1994-04-18,0.5699,0.5709,0.5651,0.5651,1112
1994-04-19,0.5667,0.5688,0.5651,0.5671,1152
1994-04-20,0.567,0.5717,0.5652,0.5706,1312
1994-04-21,0.5674,0.5752,0.5664,0.5736,1412
1994-04-22,0.5725,0.5752,0.5713,0.5736,671
1994-04-24,0.5742,0.5765,0.5731,0.5743,671
1994-04-25,0.5742,0.5765,0.5728,0.5731,1012
1994-04-26,0.5747,0.5753,0.5728,0.5746,782
1994-04-27,0.5746,0.5774,0.573,0.5761,1142
1994-04-28,0.5747,0.578,0.5732,0.5774,1172
1994-04-29,0.5765,0.578,0.5752,0.5774,471
1994-05-01,0.5782,0.5782,0.5762,0.5771,291
1994-05-02,0.5782,0.5782,0.5741,0.5741,682
1994-05-03,0.576,0.578,0.5734,0.5761,1162
1994-05-04,0.5746,0.584,0.5734,0.578,2112
1994-05-05,0.579,0.584,0.5756,0.5781,1912
1994-05-06,0.578,0.5785,0.5756,0.5781,571
1994-05-08,0.5784,0.581,0.5768,0.5791,771
1994-05-09,0.5784,0.583,0.5768,0.5805,1692
1994-05-10,0.5791,0.583,0.5777,0.5796,1332
1994-05-11,0.5809,0.5834,0.5791,0.5811,1182
1994-05-12,0.5802,0.585,0.5791,0.5831,962
1994-05-13,0.585,0.585,0.5831,0.5831,191
1994-05-15,0.584,0.5873,0.584,0.5861,451
1994-05-16,0.584,0.5873,0.584,0.5853,812
1994-05-17,0.5867,0.5873,0.5845,0.5868,692
1994-05-18,0.5845,0.5873,0.5845,0.5856,582
1994-05-19,0.5859,0.5879,0.5856,0.5874,622
1994-05-20,0.5865,0.5879,0.5856,0.5874,371
1994-05-22,0.5879,0.5897,0.5875,0.5887,361
1994-05-23,0.5879,0.5898,0.5875,0.5879,762
1994-05-24,0.5885,0.5898,0.5875,0.5885,682
1994-05-25,0.5881,0.5894,0.5878,0.5889,572
1994-05-26,0.5886,0.5898,0.5878,0.5884,602
1994-05-27,0.5889,0.5898,0.588,0.5884,311
1994-05-29,0.5892,0.59,0.5888,0.59,161
1994-05-30,0.5892,0.5953,0.5888,0.5934,1122
1994-05-31,0.591,0.5954,0.5893,0.5945,1482
1994-06-01,0.5935,0.5954,0.5923,0.5947,1002
1994-06-02,0.5945,0.5949,0.5923,0.5937,972
1994-06-03,0.594,0.5949,0.5923,0.5937,491
1994-06-05,0.5945,0.595,0.5912,0.5922,531
1994-06-06,0.5945,0.595,0.5906,0.5914,802
1994-06-07,0.5921,0.5923,0.59,0.5904,462
1994-06-08,0.5911,0.5913,0.5878,0.5882,712
1994-06-09,0.5894,0.591,0.5878,0.5896,702
1994-06-10,0.589,0.5901,0.5889,0.5896,181
1994-06-12,0.5907,0.5908,0.5888,0.59,331
1994-06-13,0.5907,0.5908,0.5862,0.5867,762
1994-06-14,0.59,0.59,0.5857,0.5867,872
1994-06-15,0.5865,0.591,0.5857,0.5903,942
1994-06-16,0.5867,0.5932,0.5867,0.5925,902
1994-06-17,0.5903,0.5932,0.5901,0.5925,401
1994-06-19,0.5932,0.5967,0.5923,0.594,801
1994-06-20,0.5932,0.5977,0.5923,0.5957,1562
1994-06-21,0.5947,0.5978,0.5913,0.593,1622
1994-06-22,0.5974,0.5978,0.59,0.5904,1632
1994-06-23,0.5927,0.595,0.5886,0.5891,1412
1994-06-24,0.5895,0.592,0.5886,0.5891,641
1994-06-26,0.5873,0.5932,0.5857,0.5913,1101
1994-06-27,0.5873,0.5942,0.5857,0.5937,1562
1994-06-28,0.5923,0.5953,0.5912,0.595,1172
1994-06-29,0.5939,0.5968,0.5912,0.5947,1342
1994-06-30,0.595,0.599,0.5935,0.5979,1172
1994-07-01,0.5947,0.599,0.5947,0.5979,541
1994-07-03,0.598,0.5984,0.5957,0.5969,431
1994-07-04,0.598,0.5984,0.5931,0.5945,1032
1994-07-05,0.5977,0.5989,0.5924,0.5978,1592
1994-07-06,0.5947,0.6001,0.5924,0.599,1682
1994-07-07,0.5989,0.6045,0.5966,0.6038,1522
1994-07-08,0.5989,0.6045,0.5979,0.6038,831
1994-07-10,0.6033,0.6071,0.6019,0.6071,661
1994-07-11,0.6033,0.6085,0.6019,0.6064,1602
1994-07-12,0.6058,0.6085,0.6034,0.6047,1422
1994-07-13,0.6065,0.6067,0.5957,0.6007,1452
1994-07-14,0.6,0.6009,0.5957,0.5998,1272
1994-07-15,0.6006,0.6006,0.5987,0.5998,301
1994-07-17,0.5983,0.5996,0.5967,0.5977,521
1994-07-18,0.5983,0.601,0.5967,0.6001,1132
1994-07-19,0.5978,0.6024,0.5968,0.602,972
1994-07-20,0.601,0.6064,0.6001,0.6046,1122
1994-07-21,0.6018,0.6064,0.6012,0.6059,1142
1994-07-22,0.6045,0.606,0.6034,0.6059,381
1994-07-24,0.6047,0.6059,0.6034,0.6054,431
1994-07-25,0.6047,0.6059,0.6034,0.6034,682
1994-07-26,0.6055,0.6057,0.601,0.6021,732
1994-07-27,0.6043,0.6045,0.599,0.6018,1082
1994-07-28,0.6012,0.6032,0.599,0.6022,1012
1994-07-29,0.6001,0.6032,0.6001,0.6022,411
1994-07-31,0.6021,0.6042,0.6012,0.6036,451
1994-08-01,0.6021,0.6061,0.6011,0.6016,1202
1994-08-02,0.6041,0.6061,0.598,0.598,1282
1994-08-03,0.6013,0.6045,0.598,0.6032,1242
1994-08-04,0.5987,0.6057,0.5987,0.6051,1312
1994-08-05,0.6023,0.6057,0.6013,0.6051,601
1994-08-07,0.6037,0.606,0.6001,0.6022,1031
1994-08-08,0.6037,0.606,0.6001,0.601,1532
1994-08-09,0.603,0.6036,0.5965,0.5995,1342
1994-08-10,0.6011,0.6029,0.5965,0.6012,1402
1994-08-11,0.6,0.6029,0.5981,0.599,1132
1994-08-12,0.6021,0.6025,0.5981,0.599,571
1994-08-14,0.6044,0.6051,0.6,0.6008,661
1994-08-15,0.6044,0.6051,0.5992,0.6019,1002
1994-08-16,0.5999,0.6026,0.5976,0.5978,962
1994-08-17,0.6016,0.6026,0.5974,0.6014,1152
1994-08-18,0.5977,0.6019,0.5974,0.5992,952
1994-08-19,0.6008,0.6016,0.5987,0.5992,421
1994-08-21,0.599,0.6004,0.5989,0.6,201
1994-08-22,0.599,0.6018,0.5989,0.6014,602
1994-08-23,0.5998,0.6037,0.599,0.6022,1022
1994-08-24,0.601,0.6037,0.6,0.6033,912
1994-08-25,0.6024,0.6038,0.6008,0.6023,842
1994-08-26,0.6028,0.6038,0.6008,0.6023,551
1994-08-28,0.6018,0.6034,0.6004,0.6023,551
1994-08-29,0.6018,0.6034,0.6004,0.6012,872
1994-08-30,0.6022,0.6029,0.6008,0.6022,642
1994-08-31,0.6018,0.6048,0.6011,0.6041,872
1994-09-01,0.6022,0.6062,0.6011,0.6052,992
1994-09-02,0.6038,0.6062,0.6033,0.6052,441
1994-09-04,0.6047,0.6059,0.6022,0.603,571
1994-09-05,0.6047,0.6059,0.6022,0.6035,1012
1994-09-06,0.6033,0.6082,0.6023,0.6066,1112
1994-09-07,0.6031,0.6082,0.6025,0.6046,1252
1994-09-08,0.6054,0.6058,0.6025,0.6039,822
1994-09-09,0.6043,0.6051,0.6037,0.6039,241
1994-09-11,0.602,0.604,0.6012,0.6026,501
1994-09-12,0.602,0.604,0.6011,0.6034,902
1994-09-13,0.6022,0.6037,0.6011,0.6029,732
1994-09-14,0.6032,0.6043,0.6019,0.6036,612
1994-09-15,0.6022,0.6044,0.6022,0.6043,612
1994-09-16,0.6034,0.6044,0.6023,0.6043,331
1994-09-18,0.6023,0.6042,0.6016,0.6036,391
1994-09-19,0.6023,0.6042,0.6016,0.6034,752
1994-09-20,0.6034,0.6041,0.5992,0.5996,862
1994-09-21,0.603,0.6034,0.5992,0.6015,732
1994-09-22,0.5992,0.6032,0.5992,0.6027,502
1994-09-23,0.601,0.6032,0.601,0.6027,271
1994-09-25,0.6022,0.6032,0.6012,0.6025,371
1994-09-26,0.6022,0.6032,0.6011,0.6011,682
1994-09-27,0.6016,0.6033,0.6011,0.6016,742
1994-09-28,0.6017,0.6037,0.6001,0.603,982
1994-09-29,0.6013,0.6037,0.6001,0.6022,862
1994-09-30,0.6033,0.6037,0.6016,0.6022,311
1994-10-02,0.6026,0.6037,0.6022,0.6027,291
1994-10-03,0.6026,0.6041,0.6016,0.6034,712
1994-10-04,0.6026,0.6041,0.6016,0.6036,692
1994-10-05,0.6029,0.6058,0.6023,0.6043,702
1994-10-06,0.6036,0.6058,0.6033,0.605,732
1994-10-07,0.604,0.6055,0.6035,0.605,301
1994-10-09,0.6033,0.6064,0.6033,0.6062,331
1994-10-10,0.6033,0.6069,0.6033,0.6048,732
1994-10-11,0.6058,0.6069,0.6043,0.6053,712
1994-10-12,0.6048,0.6061,0.6043,0.6054,602
1994-10-13,0.6053,0.6073,0.6044,0.6073,472
1994-10-14,0.6055,0.6073,0.6055,0.6073,181
1994-10-16,0.6087,0.6125,0.6087,0.6113,501
1994-10-17,0.6087,0.6129,0.6087,0.6111,1042
1994-10-18,0.6115,0.6129,0.61,0.6126,762
1994-10-19,0.6108,0.6136,0.6107,0.612,612
1994-10-20,0.6117,0.6136,0.6112,0.6126,672
1994-10-21,0.6118,0.613,0.6112,0.6126,281
1994-10-23,0.6125,0.6133,0.6101,0.6129,601
1994-10-24,0.6125,0.6133,0.6101,0.6123,752
1994-10-25,0.6122,0.6144,0.6113,0.6141,582
1994-10-26,0.6122,0.6156,0.6113,0.6144,922
1994-10-27,0.6133,0.6161,0.6126,0.6145,1012
1994-10-28,0.6143,0.6161,0.6134,0.6145,521
1994-10-30,0.6151,0.6168,0.6151,0.6162,231
1994-10-31,0.6151,0.6168,0.6151,0.6155,512
1994-11-01,0.6157,0.6173,0.6145,0.6161,682
1994-11-02,0.6145,0.6173,0.6145,0.6154,712
1994-11-03,0.6155,0.6199,0.6144,0.6192,982
1994-11-04,0.6149,0.6199,0.6144,0.6192,671
1994-11-06,0.619,0.6208,0.6187,0.6204,281
1994-11-07,0.619,0.6241,0.6187,0.6212,992
1994-11-08,0.6201,0.6257,0.62,0.6249,1332
1994-11-09,0.6211,0.6257,0.6193,0.6211,1362
1994-11-10,0.6239,0.6244,0.6192,0.6202,1252
1994-11-11,0.6209,0.6221,0.6192,0.6202,511
1994-11-13,0.6194,0.6208,0.6186,0.6192,421
1994-11-14,0.6194,0.6208,0.6186,0.6191,802
1994-11-15,0.6187,0.6221,0.6187,0.6202,932
1994-11-16,0.6191,0.6236,0.6188,0.6227,1102
1994-11-17,0.619,0.6244,0.619,0.6235,882
1994-11-18,0.622,0.6244,0.622,0.6235,331
1994-11-20,0.6229,0.6241,0.622,0.6234,371
1994-11-21,0.6229,0.6245,0.622,0.6231,802
1994-11-22,0.623,0.6245,0.6217,0.6233,712
1994-11-23,0.6225,0.6235,0.62,0.6204,692
1994-11-24,0.6229,0.6233,0.6198,0.6207,702
1994-11-25,0.62,0.6216,0.6198,0.6207,291
1994-11-27,0.62,0.6234,0.62,0.6229,391
1994-11-28,0.62,0.6278,0.62,0.6269,1082
1994-11-29,0.6228,0.6304,0.6223,0.6296,1292
1994-11-30,0.6268,0.6308,0.626,0.6301,1002
1994-12-01,0.6293,0.6313,0.6284,0.6298,902
1994-12-02,0.63,0.6313,0.6287,0.6298,501
1994-12-04,0.6308,0.6313,0.6295,0.6312,321
1994-12-05,0.6308,0.6337,0.6295,0.6329,822
1994-12-06,0.6305,0.6352,0.63,0.6332,1012
1994-12-07,0.6327,0.6352,0.6317,0.6344,1022
1994-12-08,0.6339,0.6357,0.6317,0.6355,912
1994-12-09,0.6329,0.6357,0.6324,0.6355,401
1994-12-11,0.6349,0.6357,0.6332,0.6349,501
1994-12-12,0.6349,0.6393,0.6332,0.6378,1192
1994-12-13,0.6349,0.6403,0.6344,0.6399,1202
1994-12-14,0.638,0.6425,0.6368,0.6411,982
1994-12-15,0.6404,0.6425,0.6388,0.6394,802
1994-12-16,0.6407,0.6411,0.6388,0.6394,331
1994-12-18,0.6388,0.6409,0.6386,0.6401,331
1994-12-19,0.6388,0.6409,0.6378,0.6386,732
1994-12-20,0.64,0.6405,0.6376,0.6378,762
1994-12-21,0.638,0.6417,0.6376,0.6411,812
1994-12-22,0.6378,0.6443,0.6378,0.6432,1062
1994-12-23,0.6409,0.6443,0.6401,0.6432,611
1994-12-25,0.6432,0.6432,0.6432,0.6432,1
1994-12-26,0.6432,0.6433,0.6411,0.6413,302
1994-12-27,0.6427,0.6438,0.6411,0.6422,802
1994-12-28,0.6422,0.6438,0.6411,0.6425,902
1994-12-29,0.6419,0.6434,0.6388,0.6388,902
1994-12-30,0.642,0.6429,0.6388,0.6388,501
1995-01-01,0.6398,0.6405,0.6398,0.6405,71
1995-01-02,0.6398,0.6418,0.6389,0.6397,522
1995-01-03,0.641,0.6418,0.6376,0.638,1062
1995-01-04,0.6387,0.641,0.6367,0.6373,1252
1995-01-05,0.6379,0.6402,0.6357,0.6357,1332
1995-01-06,0.6376,0.6401,0.6357,0.6357,691
1995-01-08,0.6375,0.6378,0.6356,0.6364,331
1995-01-09,0.6375,0.6424,0.6356,0.6411,1062
1995-01-10,0.6364,0.6424,0.6364,0.6416,1032
1995-01-11,0.6412,0.6438,0.6405,0.6413,922
1995-01-12,0.6411,0.6438,0.6364,0.6385,1312
1995-01-13,0.6406,0.6409,0.6364,0.6385,691
1995-01-15,0.6383,0.6403,0.6377,0.6403,321
1995-01-16,0.6383,0.6415,0.6377,0.6403,782
1995-01-17,0.6413,0.6415,0.6387,0.6413,832
1995-01-18,0.6398,0.6435,0.6387,0.6429,762
1995-01-19,0.6408,0.6435,0.6405,0.643,802
1995-01-20,0.6425,0.6434,0.6411,0.643,411
1995-01-22,0.6419,0.6459,0.6413,0.6454,571
1995-01-23,0.6419,0.6478,0.6413,0.6473,972
1995-01-24,0.6455,0.6479,0.6429,0.6434,1032
1995-01-25,0.6471,0.6479,0.6408,0.6422,1102
1995-01-26,0.6435,0.6438,0.6387,0.6395,962
1995-01-27,0.642,0.6424,0.6387,0.6395,491
1995-01-29,0.6378,0.6413,0.6378,0.6401,471
1995-01-30,0.6378,0.6417,0.6375,0.6378,972
1995-01-31,0.6412,0.6417,0.6371,0.6398,832
1995-02-01,0.6371,0.6417,0.6371,0.641,622
1995-02-02,0.6397,0.6417,0.6359,0.6368,942
1995-02-03,0.6407,0.6411,0.6359,0.6368,651
1995-02-05,0.6371,0.638,0.6302,0.6324,1091
1995-02-06,0.6371,0.638,0.6287,0.6291,1662
1995-02-07,0.6322,0.6331,0.6287,0.6323,1032
1995-02-08,0.6297,0.6346,0.6292,0.6327,1102
1995-02-09,0.6329,0.6346,0.6313,0.6343,932
1995-02-10,0.6318,0.6345,0.6318,0.6343,291
1995-02-12,0.6346,0.635,0.6324,0.6324,301
1995-02-13,0.6346,0.6362,0.6313,0.6352,1062
1995-02-14,0.633,0.6366,0.6313,0.6341,1322
1995-02-15,0.6349,0.6366,0.6334,0.6335,1062
1995-02-16,0.6335,0.6359,0.6279,0.6292,1312
1995-02-17,0.6339,0.6343,0.6279,0.6292,811
1995-02-19,0.6302,0.6316,0.6291,0.6313,391
1995-02-20,0.6302,0.6387,0.6291,0.6366,1452
1995-02-21,0.631,0.6387,0.6306,0.6352,1602
1995-02-22,0.6368,0.6377,0.632,0.6323,1002
1995-02-23,0.6347,0.6355,0.6313,0.6328,912
1995-02-24,0.6321,0.6339,0.6313,0.6328,451
1995-02-26,0.6337,0.6362,0.6337,0.6345,421
1995-02-27,0.6337,0.6362,0.6324,0.6345,1032
1995-02-28,0.6354,0.6359,0.6324,0.6331,1092
1995-03-01,0.6339,0.6371,0.6316,0.6366,1172
1995-03-02,0.6325,0.6394,0.6316,0.6394,1002
1995-03-03,0.6363,0.6394,0.6363,0.6394,311
1995-03-05,0.6395,0.645,0.6395,0.6443,621
1995-03-06,0.6395,0.6496,0.6395,0.6491,1472
1995-03-07,0.6438,0.6496,0.6427,0.6444,1732
1995-03-08,0.6478,0.6494,0.643,0.6449,1552
1995-03-09,0.6444,0.6475,0.643,0.6468,1112
1995-03-10,0.6446,0.6475,0.6442,0.6468,441
1995-03-12,0.6464,0.6544,0.6461,0.6544,861
1995-03-13,0.6464,0.6544,0.6461,0.6504,1182
1995-03-14,0.65,0.6545,0.6478,0.6519,1462
1995-03-15,0.6499,0.6545,0.6478,0.6499,1542
1995-03-16,0.6509,0.6524,0.6467,0.6472,1082
1995-03-17,0.6496,0.6513,0.6467,0.6472,681
1995-03-19,0.6473,0.6479,0.6435,0.6453,681
1995-03-20,0.6473,0.6492,0.6435,0.6488,1292
1995-03-21,0.6451,0.6494,0.6443,0.6473,1082
1995-03-22,0.6482,0.6506,0.6464,0.65,982
1995-03-23,0.6467,0.6513,0.6464,0.651,992
1995-03-24,0.6506,0.6513,0.6487,0.651,481
1995-03-26,0.6494,0.6503,0.6477,0.6484,421
1995-03-27,0.6494,0.6517,0.6463,0.6508,1172
1995-03-28,0.6475,0.6517,0.6463,0.6473,1392
1995-03-29,0.6509,0.6517,0.6467,0.6501,1252
1995-03-30,0.6472,0.6559,0.6472,0.6547,1602
1995-03-31,0.6492,0.6559,0.6482,0.6547,991
1995-04-02,0.6553,0.6565,0.6535,0.6564,491
1995-04-03,0.6553,0.6568,0.6535,0.6564,852
1995-04-04,0.6562,0.6595,0.6549,0.6587,862
1995-04-05,0.6555,0.6601,0.6554,0.6599,822
1995-04-06,0.6585,0.664,0.6578,0.6638,1162
1995-04-07,0.6604,0.664,0.6581,0.6638,841
1995-04-09,0.663,0.6684,0.6612,0.6624,1381
1995-04-10,0.663,0.6684,0.6612,0.6648,1842
1995-04-11,0.662,0.671,0.6616,0.6703,1162
1995-04-12,0.6667,0.6758,0.6657,0.673,1702
1995-04-13,0.673,0.6758,0.6708,0.6715,1252
1995-04-14,0.672,0.673,0.6715,0.6715,251
1995-04-16,0.672,0.6769,0.672,0.675,681
1995-04-17,0.672,0.6769,0.672,0.674,1362
1995-04-18,0.6748,0.6758,0.6687,0.6701,1572
1995-04-19,0.6742,0.6752,0.6687,0.6722,1702
1995-04-20,0.6699,0.6751,0.6699,0.6725,1422
1995-04-21,0.6716,0.674,0.6705,0.6725,611
1995-04-23,0.6714,0.6735,0.6712,0.6724,361
1995-04-24,0.6714,0.6758,0.6712,0.675,852
1995-04-25,0.6725,0.6762,0.666,0.6687,2022
1995-04-26,0.6738,0.6762,0.666,0.6744,2492
1995-04-27,0.6688,0.6752,0.6676,0.6723,1402
1995-04-28,0.6741,0.675,0.6719,0.6723,441
1995-04-30,0.6711,0.6758,0.6711,0.6758,471
1995-05-01,0.6711,0.6758,0.6711,0.6751,852
1995-05-02,0.6739,0.6781,0.6732,0.677,942
1995-05-03,0.6758,0.6788,0.6747,0.6781,1072
1995-05-04,0.6766,0.6788,0.6754,0.676,1022
1995-05-05,0.6777,0.6788,0.6754,0.676,511
1995-05-07,0.6763,0.6776,0.6751,0.6759,461
1995-05-08,0.6763,0.6776,0.6738,0.6748,1042
1995-05-09,0.6758,0.6772,0.669,0.6724,1732
1995-05-10,0.6745,0.6758,0.6664,0.6678,2152
1995-05-11,0.6716,0.6733,0.6612,0.6631,2102
1995-05-12,0.6675,0.6689,0.6612,0.6631,1101
1995-05-14,0.6643,0.6644,0.6587,0.6623,941
1995-05-15,0.6643,0.6656,0.6587,0.6631,1582
1995-05-16,0.6631,0.6675,0.6623,0.6673,1262
1995-05-17,0.6631,0.6675,0.6603,0.6603,1332
1995-05-18,0.6662,0.6668,0.6545,0.657,1932
1995-05-19,0.6602,0.6622,0.6545,0.657,1221
1995-05-21,0.657,0.6588,0.6557,0.6581,511
1995-05-22,0.657,0.6613,0.6557,0.661,942
1995-05-23,0.6581,0.6613,0.6573,0.6594,1092
1995-05-24,0.66,0.6657,0.6573,0.6644,1412
1995-05-25,0.6595,0.6695,0.6595,0.669,1352
1995-05-26,0.6644,0.6695,0.6642,0.669,601
1995-05-28,0.6683,0.6695,0.6667,0.6668,411
1995-05-29,0.6683,0.6695,0.6656,0.6678,962
1995-05-30,0.6665,0.669,0.6636,0.6655,1262
1995-05-31,0.6668,0.6678,0.6603,0.6643,1682
1995-06-01,0.665,0.6693,0.6603,0.6683,1562
1995-06-02,0.6644,0.6693,0.6644,0.6683,591
1995-06-04,0.6675,0.6697,0.6661,0.6676,711
1995-06-05,0.6675,0.6732,0.6661,0.6724,1352
1995-06-06,0.6684,0.6732,0.668,0.6723,1172
1995-06-07,0.6718,0.6729,0.6647,0.6691,1882
1995-06-08,0.672,0.6729,0.6647,0.6679,1952
1995-06-09,0.6691,0.6701,0.6665,0.6679,601
1995-06-11,0.6686,0.6693,0.6667,0.6682,481
1995-06-12,0.6686,0.6712,0.6657,0.67,1242
1995-06-13,0.6666,0.6717,0.6657,0.6712,1172
1995-06-14,0.6695,0.6717,0.668,0.6703,1052
1995-06-15,0.6701,0.6713,0.668,0.6697,832
1995-06-16,0.6696,0.6703,0.6693,0.6697,191
1995-06-18,0.6717,0.6723,0.6701,0.6712,391
1995-06-19,0.6717,0.6738,0.67,0.6724,972
1995-06-20,0.6706,0.674,0.67,0.6734,852
1995-06-21,0.6727,0.6745,0.6694,0.6745,1142
1995-06-22,0.673,0.6745,0.6673,0.6709,1462
1995-06-23,0.6692,0.6711,0.6673,0.6709,591
1995-06-25,0.672,0.6731,0.6707,0.6724,441
1995-06-26,0.672,0.6739,0.67,0.6703,1022
1995-06-27,0.6723,0.6739,0.6657,0.6703,1752
1995-06-28,0.6706,0.6717,0.6657,0.6693,1652
1995-06-29,0.6695,0.6705,0.6664,0.6698,1282
1995-06-30,0.67,0.6705,0.6664,0.6698,801
1995-07-02,0.67,0.6711,0.6697,0.6697,251
1995-07-03,0.67,0.6731,0.6691,0.6723,772
1995-07-04,0.6695,0.6737,0.6691,0.6724,992
1995-07-05,0.6727,0.6776,0.6712,0.6776,1222
1995-07-06,0.6723,0.6784,0.6712,0.6779,1192
1995-07-07,0.6765,0.6784,0.6755,0.6779,441
1995-07-09,0.6761,0.6767,0.6719,0.673,651
1995-07-10,0.6761,0.6767,0.6719,0.6743,1312
1995-07-11,0.6727,0.6765,0.6724,0.6744,1312
1995-07-12,0.6753,0.6771,0.6726,0.6763,1302
1995-07-13,0.674,0.6795,0.6727,0.6765,1472
1995-07-14,0.6765,0.6795,0.6754,0.6765,821
1995-07-16,0.6767,0.6772,0.6741,0.6757,521
1995-07-17,0.6767,0.6772,0.6731,0.6734,962
1995-07-18,0.675,0.6769,0.6723,0.6759,1122
1995-07-19,0.6735,0.6769,0.6723,0.6769,1032
1995-07-20,0.6756,0.6769,0.6737,0.6754,832
1995-07-21,0.6766,0.6767,0.6737,0.6754,481
1995-07-23,0.6753,0.6768,0.6737,0.6766,491
1995-07-24,0.6753,0.6768,0.6737,0.6762,782
1995-07-25,0.6761,0.6776,0.6723,0.6723,992
1995-07-26,0.6759,0.6776,0.6665,0.6712,1862
1995-07-27,0.6734,0.6734,0.6665,0.6727,1932
1995-07-28,0.6708,0.6727,0.6679,0.6727,771
1995-07-30,0.6748,0.6755,0.673,0.6754,441
1995-07-31,0.6748,0.6755,0.6723,0.6745,982
1995-08-01,0.6755,0.6755,0.67,0.6703,1072
1995-08-02,0.675,0.675,0.6669,0.6694,1512
1995-08-03,0.6698,0.672,0.6669,0.6696,1472
1995-08-04,0.6691,0.67,0.6673,0.6696,491
1995-08-06,0.67,0.6701,0.6679,0.6679,231
1995-08-07,0.67,0.6701,0.6633,0.6637,1122
1995-08-08,0.6682,0.67,0.6618,0.6619,1302
1995-08-09,0.6646,0.6652,0.6564,0.6622,1712
1995-08-10,0.662,0.663,0.6564,0.662,1692
1995-08-11,0.6611,0.6629,0.6605,0.662,391
1995-08-13,0.661,0.664,0.6594,0.6631,711
1995-08-14,0.661,0.664,0.6533,0.6544,1842
1995-08-15,0.6635,0.6635,0.6495,0.6501,1802
1995-08-16,0.655,0.6553,0.6446,0.6482,1662
1995-08-17,0.6497,0.6503,0.6446,0.6478,1562
1995-08-18,0.6473,0.6487,0.6456,0.6478,571
1995-08-20,0.6489,0.6517,0.6485,0.65,531
1995-08-21,0.6489,0.6517,0.6474,0.6488,1162
1995-08-22,0.6503,0.6513,0.6456,0.6471,1062
1995-08-23,0.6484,0.6484,0.6433,0.646,1242
1995-08-24,0.6471,0.651,0.6433,0.6509,1092
1995-08-25,0.6487,0.651,0.6485,0.6509,281
1995-08-27,0.6511,0.6533,0.65,0.6533,441
1995-08-28,0.6511,0.6559,0.65,0.6515,1242
1995-08-29,0.6531,0.6559,0.6492,0.6506,1292
1995-08-30,0.6517,0.6528,0.6477,0.6519,1332
1995-08-31,0.6501,0.6543,0.6477,0.6541,1162
1995-09-01,0.6519,0.6543,0.6516,0.6541,321
1995-09-03,0.6533,0.6543,0.65,0.6513,661
1995-09-04,0.6533,0.6543,0.65,0.6523,1252
1995-09-05,0.6516,0.6533,0.649,0.6513,1292
1995-09-06,0.6529,0.6533,0.649,0.651,1312
1995-09-07,0.6513,0.653,0.649,0.6512,1222
1995-09-08,0.6507,0.6523,0.649,0.6512,611
1995-09-10,0.6522,0.6525,0.65,0.6516,441
1995-09-11,0.6522,0.6546,0.65,0.6543,912
1995-09-12,0.652,0.6568,0.6511,0.6549,882
1995-09-13,0.6546,0.6596,0.6546,0.6585,982
1995-09-14,0.6576,0.6596,0.6563,0.6587,992
1995-09-15,0.6587,0.6595,0.6574,0.6587,421
1995-09-17,0.6569,0.6569,0.6544,0.6557,381
1995-09-18,0.6569,0.6595,0.6533,0.6578,1332
1995-09-19,0.6549,0.6619,0.6533,0.6612,1632
1995-09-20,0.6576,0.6657,0.6567,0.6633,1852
1995-09-21,0.6616,0.6657,0.659,0.6622,1632
1995-09-22,0.6636,0.6642,0.6612,0.6622,461
1995-09-24,0.661,0.6623,0.6582,0.6588,601
1995-09-25,0.661,0.6623,0.6568,0.6571,1122
1995-09-26,0.6587,0.6602,0.6547,0.6566,1362
1995-09-27,0.6568,0.659,0.654,0.6556,1302
1995-09-28,0.6564,0.6595,0.6538,0.6575,1392
1995-09-29,0.6554,0.6595,0.6538,0.6575,931
1995-10-01,0.6569,0.6591,0.6566,0.6571,481
1995-10-02,0.6569,0.6591,0.6549,0.6549,792
1995-10-03,0.6576,0.6595,0.6549,0.6578,882
1995-10-04,0.6559,0.6622,0.6557,0.6622,1032
1995-10-05,0.658,0.6643,0.6578,0.6633,1102
1995-10-06,0.6619,0.6643,0.6604,0.6633,641
1995-10-08,0.6631,0.6636,0.6622,0.6633,261
1995-10-09,0.6631,0.6644,0.6567,0.6603,1392
1995-10-10,0.6644,0.6644,0.6567,0.6603,1422
1995-10-11,0.6606,0.6641,0.6585,0.6637,1092
1995-10-12,0.6605,0.6655,0.6585,0.661,1252
1995-10-13,0.6655,0.6655,0.661,0.661,451
1995-10-15,0.664,0.664,0.6582,0.6591,671
1995-10-16,0.664,0.664,0.6545,0.6567,1802
1995-10-17,0.6622,0.6629,0.6545,0.6578,1622
1995-10-18,0.6571,0.6595,0.6556,0.6585,1022
1995-10-19,0.6572,0.661,0.6556,0.661,892
1995-10-20,0.6584,0.661,0.6579,0.661,361
1995-10-22,0.6608,0.6616,0.6589,0.6589,351
1995-10-23,0.6608,0.6616,0.6575,0.6576,602
1995-10-24,0.6591,0.6596,0.6554,0.6559,922
1995-10-25,0.6576,0.6596,0.6554,0.6572,1062
1995-10-26,0.6585,0.6602,0.6564,0.657,1122
1995-10-27,0.6571,0.6602,0.6565,0.657,731
1995-10-29,0.6587,0.662,0.6582,0.6601,621
1995-10-30,0.6587,0.6622,0.6579,0.6589,1252
1995-10-31,0.6612,0.6622,0.6524,0.6538,1432
1995-11-01,0.659,0.659,0.6524,0.654,1802
1995-11-02,0.6538,0.6575,0.6524,0.6536,1362
1995-11-03,0.654,0.6555,0.6535,0.6536,361
1995-11-05,0.6536,0.6559,0.6533,0.6543,451
1995-11-06,0.6536,0.6559,0.6524,0.6533,992
1995-11-07,0.6543,0.6562,0.6524,0.6549,1042
1995-11-08,0.6533,0.6562,0.6501,0.6524,1262
1995-11-09,0.6544,0.6549,0.6501,0.6531,1102
1995-11-10,0.6533,0.6533,0.6515,0.6531,341
1995-11-12,0.6521,0.6522,0.6499,0.6508,331
1995-11-13,0.6521,0.6522,0.6495,0.6503,822
1995-11-14,0.6506,0.6537,0.6467,0.6478,1662
1995-11-15,0.6501,0.6537,0.6466,0.6479,1552
1995-11-16,0.6473,0.649,0.6466,0.6467,662
1995-11-17,0.6485,0.649,0.6467,0.6467,281
1995-11-19,0.6503,0.6528,0.6478,0.6526,771
1995-11-20,0.6503,0.6555,0.6478,0.6541,1462
1995-11-21,0.6522,0.6555,0.6496,0.6521,1372
1995-11-22,0.6517,0.655,0.6496,0.6531,1352
1995-11-23,0.6544,0.655,0.651,0.6515,892
1995-11-24,0.6529,0.6529,0.6511,0.6515,221
1995-11-26,0.6513,0.6528,0.6507,0.6528,271
1995-11-27,0.6513,0.6585,0.6507,0.6544,1472
1995-11-28,0.6528,0.6585,0.6517,0.6535,1572
1995-11-29,0.6546,0.6559,0.6523,0.6531,872
1995-11-30,0.6535,0.655,0.6486,0.6503,1522
1995-12-01,0.6529,0.655,0.6486,0.6503,1021
1995-12-03,0.6515,0.6515,0.6477,0.6485,461
1995-12-04,0.6515,0.6515,0.6452,0.6475,1052
1995-12-05,0.6488,0.6488,0.6452,0.6464,992
1995-12-06,0.6478,0.6488,0.6458,0.6467,772
1995-12-07,0.6464,0.6478,0.6447,0.6459,882
1995-12-08,0.6468,0.6477,0.6447,0.6459,511
1995-12-10,0.6463,0.6467,0.6447,0.6461,381
1995-12-11,0.6463,0.6467,0.6445,0.6457,732
1995-12-12,0.6464,0.653,0.6437,0.6503,1752
1995-12-13,0.6457,0.6533,0.6437,0.6519,1872
1995-12-14,0.65,0.6533,0.65,0.652,742
1995-12-15,0.6513,0.6528,0.6511,0.652,271
1995-12-17,0.6513,0.6538,0.6509,0.6524,471
1995-12-18,0.6513,0.6538,0.6509,0.6511,722
1995-12-19,0.6524,0.6531,0.6511,0.6531,532
1995-12-20,0.6519,0.6531,0.6511,0.652,532
1995-12-21,0.6529,0.6531,0.651,0.6513,542
1995-12-22,0.652,0.6528,0.651,0.6513,291
1995-12-24,0.6513,0.6513,0.6513,0.6513,1
1995-12-25,0.6513,0.6528,0.6513,0.6526,172
1995-12-26,0.6513,0.6585,0.6513,0.6549,1222
1995-12-27,0.6526,0.6585,0.6521,0.6529,1282
1995-12-28,0.6546,0.656,0.6523,0.6538,922
1995-12-29,0.6533,0.656,0.6523,0.6538,691
1995-12-31,0.6536,0.6536,0.6536,0.6536,1
1996-01-01,0.6536,0.654,0.6525,0.6533,282
1996-01-02,0.6535,0.6557,0.6525,0.6557,522
1996-01-03,0.6533,0.6559,0.6533,0.6543,682
1996-01-04,0.6551,0.6582,0.6533,0.6575,992
1996-01-05,0.6546,0.6582,0.654,0.6575,551
1996-01-07,0.6562,0.6599,0.6561,0.6589,491
1996-01-08,0.6562,0.661,0.6561,0.6579,1212
1996-01-09,0.6587,0.661,0.657,0.6575,1112
1996-01-10,0.6574,0.6613,0.657,0.6604,952
1996-01-11,0.6574,0.6638,0.657,0.6626,1232
1996-01-12,0.6603,0.6638,0.6593,0.6626,671
1996-01-14,0.6612,0.6631,0.6608,0.6624,341
1996-01-15,0.6612,0.6647,0.6608,0.6638,832
1996-01-16,0.6617,0.6647,0.6612,0.6623,882
1996-01-17,0.6634,0.664,0.6612,0.6634,772
1996-01-18,0.6626,0.6661,0.6617,0.6643,932
1996-01-19,0.6624,0.6661,0.6624,0.6643,551
1996-01-21,0.6644,0.6659,0.6633,0.6638,461
1996-01-22,0.6644,0.6659,0.6601,0.661,1062
1996-01-23,0.6634,0.6662,0.66,0.6653,1402
1996-01-24,0.6609,0.668,0.66,0.6678,1272
1996-01-25,0.6653,0.668,0.6635,0.6669,1262
1996-01-26,0.6678,0.6679,0.6635,0.6669,791
1996-01-28,0.6657,0.6693,0.6655,0.6689,441
1996-01-29,0.6657,0.6694,0.6655,0.6689,852
1996-01-30,0.6678,0.6743,0.6668,0.6712,1372
1996-01-31,0.669,0.6784,0.6684,0.6759,2252
1996-02-01,0.6722,0.6784,0.6701,0.6769,1802
1996-02-02,0.675,0.6779,0.6744,0.6769,511
1996-02-04,0.6772,0.6776,0.6748,0.6766,501
1996-02-05,0.6772,0.6776,0.6744,0.6744,872
1996-02-06,0.6761,0.6771,0.6712,0.6722,872
1996-02-07,0.6744,0.6765,0.6712,0.6755,1232
1996-02-08,0.6722,0.6765,0.6712,0.6743,1042
1996-02-09,0.6754,0.6759,0.6738,0.6743,311
1996-02-11,0.674,0.6748,0.6722,0.6731,431
1996-02-12,0.674,0.6748,0.6722,0.6723,712
1996-02-13,0.6731,0.6757,0.6722,0.6754,772
1996-02-14,0.6735,0.6779,0.6723,0.6779,952
1996-02-15,0.6757,0.6796,0.6745,0.6791,822
1996-02-16,0.6781,0.6796,0.6773,0.6791,361
1996-02-18,0.6795,0.6819,0.678,0.6819,541
1996-02-19,0.6795,0.6822,0.6768,0.6773,1192
1996-02-20,0.6816,0.6822,0.6743,0.6758,1382
1996-02-21,0.6769,0.6785,0.6733,0.6734,1072
1996-02-22,0.675,0.6769,0.6733,0.6768,652
1996-02-23,0.6741,0.6769,0.674,0.6768,311
1996-02-25,0.6755,0.6777,0.6747,0.6757,581
1996-02-26,0.6755,0.6777,0.6723,0.6731,1172
1996-02-27,0.6758,0.6766,0.6693,0.6712,1262
1996-02-28,0.6729,0.674,0.6693,0.6731,1072
1996-02-29,0.6709,0.6752,0.6709,0.6735,912
1996-03-01,0.6734,0.6752,0.6726,0.6735,511
1996-03-03,0.6729,0.6745,0.6725,0.6729,401
1996-03-04,0.6729,0.6767,0.6725,0.6754,962
1996-03-05,0.6726,0.6767,0.6725,0.6756,862
1996-03-06,0.6748,0.6762,0.6725,0.674,902
1996-03-07,0.675,0.676,0.6725,0.6757,862
1996-03-08,0.6737,0.6759,0.6736,0.6757,261
1996-03-10,0.674,0.6801,0.6738,0.679,761
1996-03-11,0.674,0.6841,0.6738,0.6819,1532
1996-03-12,0.679,0.6849,0.6788,0.6837,1292
1996-03-13,0.6811,0.6916,0.681,0.6877,1962
1996-03-14,0.6835,0.6916,0.6813,0.6813,2442
1996-03-15,0.6873,0.6893,0.6813,0.6813,1001
1996-03-17,0.6824,0.6837,0.6793,0.6826,861
1996-03-18,0.6824,0.6837,0.6793,0.6816,1242
1996-03-19,0.682,0.6897,0.681,0.6872,1542
1996-03-20,0.6818,0.6897,0.6812,0.6869,1732
1996-03-21,0.6866,0.6881,0.6848,0.6873,1022
1996-03-22,0.6866,0.6874,0.6848,0.6873,451
1996-03-24,0.6863,0.6876,0.6854,0.6862,431
1996-03-25,0.6863,0.6876,0.6817,0.6822,992
1996-03-26,0.6858,0.6865,0.6817,0.686,1122
1996-03-27,0.6826,0.6865,0.6755,0.6788,1932
1996-03-28,0.6859,0.6859,0.6755,0.6808,2072
1996-03-29,0.678,0.6818,0.6769,0.6808,701
1996-03-31,0.6824,0.6874,0.6813,0.6859,871
1996-04-01,0.6824,0.6874,0.6813,0.6833,1232
1996-04-02,0.6859,0.6859,0.6803,0.6817,962
1996-04-03,0.6827,0.684,0.6803,0.6822,1162
1996-04-04,0.6816,0.684,0.6809,0.6827,672
1996-04-05,0.683,0.683,0.6823,0.6827,111
1996-04-07,0.682,0.6838,0.6811,0.6816,501
1996-04-08,0.682,0.6841,0.6806,0.6838,972
1996-04-09,0.6815,0.6841,0.6805,0.6812,922
1996-04-10,0.6831,0.6837,0.6749,0.677,1392
1996-04-11,0.6816,0.6819,0.6749,0.6787,1622
1996-04-12,0.6771,0.6798,0.6756,0.6787,681
1996-04-14,0.6784,0.6794,0.6762,0.6793,551
1996-04-15,0.6784,0.6806,0.6762,0.6794,1032
1996-04-16,0.6794,0.6826,0.6782,0.6826,932
1996-04-17,0.6791,0.6865,0.6786,0.6844,1172
1996-04-18,0.6824,0.6872,0.6819,0.6867,1292
1996-04-19,0.6842,0.6872,0.6831,0.6867,571
1996-04-21,0.6859,0.6873,0.6831,0.6866,771
1996-04-22,0.6859,0.6873,0.6821,0.6838,1482
1996-04-23,0.6863,0.6869,0.6803,0.6816,1242
1996-04-24,0.6817,0.6831,0.6803,0.6829,762
1996-04-25,0.681,0.6878,0.681,0.6866,1222
1996-04-26,0.6829,0.6878,0.681,0.6866,991
1996-04-28,0.6865,0.6874,0.6847,0.6874,451
1996-04-29,0.6865,0.6877,0.6847,0.6873,922
1996-04-30,0.687,0.6877,0.6841,0.6854,972
1996-05-01,0.6874,0.69,0.6841,0.689,1302
1996-05-02,0.6854,0.69,0.6842,0.6876,1402
1996-05-03,0.6888,0.6892,0.6856,0.6876,601
1996-05-05,0.6865,0.6878,0.6852,0.6858,451
1996-05-06,0.6865,0.6903,0.6851,0.6894,1152
1996-05-07,0.686,0.6903,0.6839,0.6876,1592
1996-05-08,0.6891,0.6894,0.6839,0.6891,1322
1996-05-09,0.688,0.6919,0.6867,0.6897,1112
1996-05-10,0.6895,0.6919,0.6884,0.6897,681
1996-05-12,0.6881,0.6891,0.6862,0.6884,551
1996-05-13,0.6881,0.6905,0.6862,0.6904,952
1996-05-14,0.6884,0.6905,0.6869,0.6877,792
1996-05-15,0.6898,0.6899,0.685,0.6863,882
1996-05-16,0.6874,0.688,0.6847,0.6862,1022
1996-05-17,0.6865,0.6875,0.6847,0.6862,531
1996-05-19,0.686,0.6866,0.6819,0.6831,651
1996-05-20,0.686,0.6866,0.6811,0.6826,1042
1996-05-21,0.6831,0.6837,0.6811,0.6829,862
1996-05-22,0.6824,0.6851,0.6811,0.6831,1232
1996-05-23,0.6831,0.6851,0.6813,0.684,1132
1996-05-24,0.6831,0.6848,0.6825,0.684,371
1996-05-26,0.6834,0.6846,0.6824,0.6841,371
1996-05-27,0.6834,0.6858,0.6824,0.6846,942
1996-05-28,0.6841,0.6869,0.6827,0.6853,1112
1996-05-29,0.6847,0.6869,0.6814,0.6826,1202
1996-05-30,0.6854,0.6861,0.6776,0.6791,1352
1996-05-31,0.6826,0.6828,0.6776,0.6791,691
1996-06-02,0.6795,0.6824,0.6795,0.6813,401
1996-06-03,0.6795,0.6824,0.6766,0.6772,962
1996-06-04,0.6816,0.6816,0.6708,0.6717,1612
1996-06-05,0.6776,0.679,0.666,0.668,2212
1996-06-06,0.6722,0.6739,0.666,0.6705,1592
1996-06-07,0.6676,0.6712,0.6676,0.6705,431
1996-06-09,0.6701,0.6734,0.669,0.6717,721
1996-06-10,0.6701,0.674,0.669,0.6729,1342
1996-06-11,0.6719,0.6748,0.6704,0.6723,982
1996-06-12,0.6737,0.6748,0.6709,0.6719,982
1996-06-13,0.6719,0.6748,0.6709,0.6744,1142
1996-06-14,0.6718,0.6748,0.6709,0.6744,521
1996-06-16,0.6739,0.6755,0.6735,0.674,391
1996-06-17,0.6739,0.6777,0.6735,0.6753,972
1996-06-18,0.6743,0.6784,0.6743,0.6769,1282
1996-06-19,0.6759,0.6794,0.6744,0.6786,1312
1996-06-20,0.6769,0.6799,0.6755,0.6788,1192
1996-06-21,0.6788,0.6799,0.677,0.6788,581
1996-06-23,0.6775,0.6779,0.6752,0.6775,541
1996-06-24,0.6775,0.6804,0.6752,0.6797,1102
1996-06-25,0.6773,0.6833,0.6764,0.6815,1182
1996-06-26,0.6797,0.6859,0.6783,0.6843,1652
1996-06-27,0.6794,0.6878,0.6783,0.6844,2162
1996-06-28,0.6847,0.6878,0.682,0.6844,1131
1996-06-30,0.6842,0.6855,0.6827,0.6842,561
1996-07-01,0.6842,0.6855,0.6826,0.6829,932
1996-07-02,0.6842,0.6851,0.6804,0.6833,1002
1996-07-03,0.6824,0.6865,0.6804,0.6856,1062
1996-07-04,0.6831,0.6884,0.6831,0.6883,822
1996-07-05,0.6856,0.6884,0.6851,0.6883,391
1996-07-07,0.6885,0.6892,0.6867,0.6881,461
1996-07-08,0.6885,0.6892,0.6861,0.6876,982
1996-07-09,0.6884,0.6891,0.6861,0.6876,1002
1996-07-10,0.6876,0.6899,0.6866,0.6885,882
1996-07-11,0.6877,0.6899,0.686,0.687,902
1996-07-12,0.688,0.689,0.686,0.687,501
1996-07-14,0.6863,0.6866,0.6842,0.6854,391
1996-07-15,0.6863,0.6895,0.6842,0.6881,1162
1996-07-16,0.6854,0.6895,0.6843,0.6884,1342
1996-07-17,0.6885,0.6903,0.6863,0.6897,1012
1996-07-18,0.6881,0.6939,0.6873,0.6926,1122
1996-07-19,0.6902,0.6939,0.6893,0.6926,681
1996-07-21,0.6921,0.696,0.6921,0.6928,711
1996-07-22,0.6921,0.696,0.6921,0.6946,1122
1996-07-23,0.6931,0.6969,0.6921,0.6938,922
1996-07-24,0.6951,0.698,0.6928,0.6966,1302
1996-07-25,0.6941,0.698,0.6928,0.6964,1212
1996-07-26,0.6966,0.6974,0.6952,0.6964,421
1996-07-28,0.6959,0.6959,0.6939,0.6949,301
1996-07-29,0.6959,0.6959,0.6924,0.6931,762
1996-07-30,0.6945,0.6954,0.6882,0.6883,912
1996-07-31,0.6894,0.691,0.6824,0.6842,1212
1996-08-01,0.6874,0.6878,0.6818,0.6847,1552
1996-08-02,0.6844,0.6859,0.6818,0.6847,791
1996-08-04,0.6836,0.6854,0.6819,0.6826,601
1996-08-05,0.6836,0.6888,0.6809,0.6878,1712
1996-08-06,0.6831,0.689,0.6809,0.6872,1992
1996-08-07,0.6878,0.6892,0.6843,0.6885,1392
1996-08-08,0.6878,0.6898,0.6863,0.6888,892
1996-08-09,0.6884,0.6898,0.6877,0.6888,381
1996-08-11,0.6885,0.6885,0.6856,0.6862,351
1996-08-12,0.6885,0.6885,0.6834,0.6848,902
1996-08-13,0.6859,0.6867,0.6834,0.6856,942
1996-08-14,0.6853,0.6896,0.6845,0.6892,992
1996-08-15,0.6854,0.6908,0.6847,0.6883,1192
1996-08-16,0.6892,0.6908,0.6874,0.6883,591
1996-08-18,0.6888,0.6916,0.6876,0.6916,521
1996-08-19,0.6888,0.6934,0.6876,0.6882,1242
1996-08-20,0.6916,0.6934,0.6881,0.6916,1152
1996-08-21,0.6891,0.6924,0.689,0.6908,752
1996-08-22,0.6916,0.6947,0.6903,0.6938,782
1996-08-23,0.6912,0.6947,0.6911,0.6938,461
1996-08-25,0.6938,0.6951,0.6933,0.6938,361
1996-08-26,0.6938,0.6951,0.6912,0.6919,922
1996-08-27,0.6931,0.6946,0.6909,0.6924,1092
1996-08-28,0.6919,0.6938,0.6909,0.6924,952
1996-08-29,0.6924,0.6937,0.69,0.6901,792
1996-08-30,0.6924,0.693,0.69,0.6901,371
1996-09-01,0.6887,0.6906,0.6884,0.6888,431
1996-09-02,0.6887,0.6933,0.6884,0.6931,922
1996-09-03,0.689,0.6934,0.6888,0.6928,712
1996-09-04,0.6926,0.6949,0.6922,0.6942,582
1996-09-05,0.6926,0.6956,0.6923,0.6939,802
1996-09-06,0.6941,0.6956,0.6933,0.6939,441
1996-09-08,0.6949,0.6969,0.6941,0.6949,561
1996-09-09,0.6949,0.6969,0.6931,0.6938,932
1996-09-10,0.6949,0.6977,0.6931,0.6966,932
1996-09-11,0.6938,0.6977,0.693,0.6947,1212
1996-09-12,0.6964,0.6973,0.693,0.6953,1232
1996-09-13,0.6959,0.6973,0.6941,0.6953,581
1996-09-15,0.6941,0.6966,0.693,0.6953,601
1996-09-16,0.6941,0.7003,0.693,0.6985,1572
1996-09-17,0.6954,0.7028,0.6939,0.7009,1602
1996-09-18,0.6984,0.7028,0.6974,0.6991,1242
1996-09-19,0.701,0.7019,0.6974,0.6997,1132
1996-09-20,0.6991,0.7019,0.699,0.6997,521
1996-09-22,0.7003,0.7003,0.6975,0.6984,371
1996-09-23,0.7003,0.7003,0.6959,0.6978,962
1996-09-24,0.6987,0.6998,0.6959,0.6985,972
1996-09-25,0.6977,0.7023,0.6975,0.7004,1012
1996-09-26,0.6987,0.7023,0.6983,0.6998,1022
1996-09-27,0.6999,0.7007,0.6987,0.6998,391
1996-09-29,0.7,0.7004,0.6987,0.6989,231
1996-09-30,0.7,0.7013,0.6987,0.7002,642
1996-10-01,0.6993,0.7013,0.6988,0.6998,822
1996-10-02,0.7003,0.7011,0.6984,0.6988,772
1996-10-03,0.6998,0.7007,0.697,0.697,782
1996-10-04,0.6992,0.7002,0.697,0.697,421
1996-10-06,0.697,0.697,0.6905,0.6913,731
1996-10-07,0.697,0.697,0.6903,0.6914,1212
1996-10-08,0.691,0.6929,0.6888,0.6909,1002
1996-10-09,0.6915,0.6938,0.6888,0.6916,1212
1996-10-10,0.6913,0.6954,0.6902,0.6939,1382
1996-10-11,0.6916,0.6954,0.6908,0.6939,691
1996-10-13,0.6982,0.7015,0.6974,0.7006,581
1996-10-14,0.6982,0.7015,0.6946,0.6953,1382
1996-10-15,0.7007,0.7013,0.6946,0.6971,1432
1996-10-16,0.6956,0.7033,0.6948,0.7023,1402
1996-10-17,0.6966,0.7071,0.6966,0.7054,1592
1996-10-18,0.7026,0.7071,0.7016,0.7054,821
1996-10-20,0.7056,0.7146,0.7052,0.7129,1151
1996-10-21,0.7056,0.7146,0.7052,0.7099,1882
1996-10-22,0.7128,0.7142,0.7006,0.7006,1952
1996-10-23,0.7096,0.7112,0.6976,0.7012,3022
1996-10-24,0.7104,0.7112,0.6976,0.7031,2472
1996-10-25,0.701,0.7054,0.701,0.7031,671
1996-10-27,0.7031,0.7084,0.7027,0.7074,711
1996-10-28,0.7031,0.7097,0.7027,0.7049,1712
1996-10-29,0.7071,0.7097,0.7027,0.7053,1752
1996-10-30,0.705,0.7083,0.7027,0.7068,1342
1996-10-31,0.7059,0.7098,0.7049,0.7085,1192
1996-11-01,0.7071,0.7098,0.7061,0.7085,601
1996-11-03,0.7078,0.71,0.7073,0.7078,541
1996-11-04,0.7078,0.7118,0.7073,0.7088,1252
1996-11-05,0.7077,0.7128,0.7077,0.7122,1382
1996-11-06,0.7099,0.7128,0.7032,0.7097,2232
1996-11-07,0.7119,0.7121,0.7032,0.7093,2202
1996-11-08,0.7091,0.7108,0.7075,0.7093,641
1996-11-10,0.7092,0.7099,0.7068,0.7083,531
1996-11-11,0.7092,0.711,0.7061,0.7107,1102
1996-11-12,0.7066,0.7118,0.7061,0.7097,1032
1996-11-13,0.7109,0.7129,0.7088,0.7107,1122
1996-11-14,0.7091,0.7129,0.7053,0.7059,1542
1996-11-15,0.7109,0.7122,0.7053,0.7059,881
1996-11-17,0.7077,0.7121,0.7072,0.7096,791
1996-11-18,0.7077,0.7147,0.7072,0.7128,1542
1996-11-19,0.7093,0.7156,0.7084,0.7117,2012
1996-11-20,0.7135,0.7175,0.7084,0.7169,2142
1996-11-21,0.7121,0.7175,0.7107,0.7155,1552
1996-11-22,0.7156,0.7165,0.7131,0.7155,671
1996-11-24,0.7145,0.7157,0.7118,0.7118,511
1996-11-25,0.7145,0.7157,0.7075,0.7079,972
1996-11-26,0.7117,0.7117,0.7059,0.7075,1292
1996-11-27,0.7082,0.7104,0.7059,0.709,1282
1996-11-28,0.7075,0.7121,0.7068,0.7114,972
1996-11-29,0.7092,0.7121,0.7084,0.7114,521
1996-12-01,0.7124,0.7142,0.7112,0.7138,461
1996-12-02,0.7124,0.7142,0.7006,0.7103,2892
1996-12-03,0.7126,0.7142,0.7006,0.7125,3902
1996-12-04,0.7106,0.7142,0.6996,0.7038,3142
1996-12-05,0.7119,0.712,0.6984,0.7035,2882
1996-12-06,0.7038,0.7046,0.6984,0.7035,1211
1996-12-08,0.7046,0.7078,0.7034,0.7044,861
1996-12-09,0.7046,0.7088,0.6959,0.6989,2892
1996-12-10,0.7044,0.7088,0.6944,0.6973,2832
1996-12-11,0.6981,0.7036,0.6944,0.6999,1922
1996-12-12,0.6973,0.7036,0.6967,0.7012,1612
1996-12-13,0.6999,0.7029,0.6998,0.7012,491
1996-12-15,0.7012,0.7068,0.6987,0.7047,1271
1996-12-16,0.7012,0.7099,0.6987,0.7093,1902
1996-12-17,0.7052,0.7099,0.7047,0.7077,1422
1996-12-18,0.7092,0.7097,0.705,0.7077,1432
1996-12-19,0.7077,0.7099,0.7052,0.7088,1152
1996-12-20,0.7075,0.7099,0.7067,0.7088,511
1996-12-22,0.7068,0.7085,0.7067,0.7074,301
1996-12-23,0.7068,0.7089,0.7066,0.7071,752
1996-12-24,0.707,0.7089,0.7063,0.7071,782
1996-12-25,0.7086,0.7087,0.705,0.7054,552
1996-12-26,0.7066,0.7073,0.705,0.7061,592
1996-12-27,0.7056,0.7073,0.7052,0.7061,371
1996-12-29,0.7052,0.7091,0.705,0.7059,751
1996-12-30,0.7052,0.7091,0.705,0.7067,1132
1996-12-31,0.7061,0.7081,0.7059,0.706,482
1997-01-01,0.7064,0.7082,0.7059,0.7077,412
1997-01-02,0.7062,0.7085,0.7059,0.7068,552
1997-01-03,0.7078,0.7085,0.7068,0.7068,241
1997-01-05,0.7074,0.7095,0.707,0.7091,331
1997-01-06,0.7074,0.7113,0.707,0.7103,772
1997-01-07,0.7089,0.7113,0.7053,0.7072,1262
1997-01-08,0.7102,0.7109,0.7053,0.7075,1322
1997-01-09,0.7071,0.7092,0.7034,0.7059,1502
1997-01-10,0.7075,0.7092,0.7034,0.7059,1001
1997-01-12,0.7043,0.7061,0.7027,0.7041,661
1997-01-13,0.7043,0.7061,0.7006,0.7021,1202
1997-01-14,0.7043,0.7067,0.7006,0.7034,1512
1997-01-15,0.7021,0.7103,0.7012,0.7097,1742
1997-01-16,0.7036,0.7103,0.7034,0.7082,972
1997-01-17,0.7098,0.7099,0.7081,0.7082,201
1997-01-19,0.7091,0.7091,0.7045,0.705,511
1997-01-20,0.7091,0.7091,0.7031,0.7053,1412
1997-01-21,0.7049,0.7078,0.7031,0.7035,1262
1997-01-22,0.7049,0.7059,0.6919,0.6937,1712
1997-01-23,0.7034,0.7035,0.6919,0.6937,1952
1997-01-24,0.6935,0.6956,0.6925,0.6937,601
1997-01-26,0.6933,0.6943,0.6893,0.6905,721
1997-01-27,0.6933,0.6943,0.6862,0.6874,1552
1997-01-28,0.6903,0.6918,0.6859,0.6908,1612
1997-01-29,0.6876,0.6937,0.6859,0.6897,1652
1997-01-30,0.691,0.6937,0.6874,0.6887,1522
1997-01-31,0.6894,0.691,0.6874,0.6887,651
1997-02-02,0.6895,0.6916,0.6852,0.6874,1071
1997-02-03,0.6895,0.6931,0.6852,0.6923,1832
1997-02-04,0.6883,0.6931,0.6873,0.6896,1362
1997-02-05,0.6916,0.6928,0.6879,0.6894,1172
1997-02-06,0.6891,0.6909,0.6815,0.6848,1652
1997-02-07,0.6888,0.6889,0.6815,0.6848,1081
1997-02-09,0.6862,0.6873,0.6833,0.6834,521
1997-02-10,0.6862,0.6893,0.6833,0.6866,1342
1997-02-11,0.6838,0.6893,0.6838,0.6876,1552
1997-02-12,0.6869,0.6973,0.6841,0.6938,2172
1997-02-13,0.687,0.6973,0.6867,0.6935,2172
1997-02-14,0.6938,0.695,0.6912,0.6935,731
1997-02-16,0.6933,0.6943,0.6912,0.6921,501
1997-02-17,0.6933,0.6943,0.6887,0.6912,1122
1997-02-18,0.6924,0.6924,0.687,0.691,1532
1997-02-19,0.6909,0.6963,0.687,0.6959,1572
1997-02-20,0.6909,0.6978,0.6905,0.6946,1602
1997-02-21,0.6952,0.6978,0.6928,0.6946,941
1997-02-23,0.6959,0.6984,0.6955,0.6963,541
1997-02-24,0.6959,0.6984,0.6952,0.6957,872
1997-02-25,0.6968,0.6974,0.6934,0.6939,692
1997-02-26,0.6957,0.6961,0.6873,0.6914,1762
1997-02-27,0.6942,0.6957,0.6873,0.6948,2402
1997-02-28,0.6914,0.6955,0.6888,0.6948,1001
1997-03-02,0.6963,0.705,0.6942,0.7024,1551
1997-03-03,0.6963,0.7056,0.6942,0.7032,2492
1997-03-04,0.7024,0.7056,0.7005,0.7017,1312
1997-03-05,0.7028,0.7046,0.7006,0.7041,992
1997-03-06,0.7023,0.7064,0.7006,0.7032,1292
1997-03-07,0.7039,0.7064,0.7027,0.7032,671
1997-03-09,0.7024,0.7031,0.7002,0.7006,401
1997-03-10,0.7024,0.7054,0.7002,0.705,952
1997-03-11,0.7009,0.7068,0.7004,0.702,1442
1997-03-12,0.7059,0.7068,0.6964,0.6973,1672
1997-03-13,0.7021,0.7027,0.6962,0.7,1342
1997-03-14,0.698,0.7,0.6962,0.7,561
1997-03-16,0.6992,0.7005,0.6936,0.6955,1011
1997-03-17,0.6992,0.7005,0.6923,0.6945,1552
1997-03-18,0.6939,0.6953,0.6884,0.6926,1592
1997-03-19,0.6945,0.6955,0.6884,0.6921,1922
1997-03-20,0.6926,0.6955,0.6903,0.6934,1582
1997-03-21,0.6921,0.6945,0.6903,0.6934,711
1997-03-23,0.6946,0.6977,0.6939,0.6964,581
1997-03-24,0.6946,0.6977,0.6932,0.6935,1172
1997-03-25,0.6964,0.6976,0.6924,0.6946,1112
1997-03-26,0.6934,0.6965,0.6924,0.695,1052
1997-03-27,0.6949,0.6965,0.6938,0.6944,622
1997-03-28,0.6953,0.6953,0.6944,0.6944,91
1997-03-30,0.6945,0.6959,0.6944,0.6949,261
1997-03-31,0.6945,0.6988,0.6941,0.6981,882
1997-04-01,0.6949,0.6988,0.6935,0.6938,1212
1997-04-02,0.6981,0.6986,0.6912,0.6925,1082
1997-04-03,0.6942,0.6946,0.6901,0.6914,1292
1997-04-04,0.6924,0.6946,0.6901,0.6914,801
1997-04-06,0.692,0.6924,0.6891,0.6891,371
1997-04-07,0.692,0.6924,0.687,0.6884,842
1997-04-08,0.6883,0.6946,0.687,0.6928,1282
1997-04-09,0.6883,0.6946,0.6883,0.6934,1402
1997-04-10,0.6923,0.6965,0.6903,0.6938,1302
1997-04-11,0.6931,0.6965,0.6926,0.6938,711
1997-04-13,0.6945,0.695,0.6899,0.6905,621
1997-04-14,0.6945,0.695,0.6855,0.6869,1272
1997-04-15,0.6906,0.6906,0.6853,0.686,1052
1997-04-16,0.687,0.6918,0.6853,0.6909,1062
1997-04-17,0.6873,0.6925,0.6867,0.6912,1252
1997-04-18,0.6909,0.6925,0.6894,0.6912,591
1997-04-20,0.6923,0.6946,0.6913,0.6941,481
1997-04-21,0.6923,0.6953,0.6913,0.6927,992
1997-04-22,0.6942,0.6953,0.6916,0.6928,822
1997-04-23,0.6923,0.6934,0.6906,0.6928,762
1997-04-24,0.6927,0.6947,0.6906,0.6939,922
1997-04-25,0.6926,0.6947,0.6917,0.6939,471
1997-04-27,0.6934,0.6963,0.6914,0.6952,801
1997-04-28,0.6934,0.6963,0.6914,0.6945,1322
1997-04-29,0.6949,0.6955,0.6924,0.6932,852
1997-04-30,0.6949,0.6949,0.6885,0.6901,1172
1997-05-01,0.6935,0.6944,0.6885,0.691,1192
1997-05-02,0.6905,0.6912,0.6892,0.691,351
1997-05-04,0.6912,0.6913,0.6883,0.6895,431
1997-05-05,0.6912,0.6913,0.6834,0.6844,1172
1997-05-06,0.689,0.6894,0.6829,0.6849,1282
1997-05-07,0.6843,0.6868,0.6829,0.6868,1142
1997-05-08,0.6852,0.6892,0.683,0.6884,1082
1997-05-09,0.6868,0.6892,0.686,0.6884,481
1997-05-11,0.6903,0.6983,0.6902,0.6946,1191
1997-05-12,0.6903,0.6983,0.6902,0.6941,1702
1997-05-13,0.6946,0.6974,0.6933,0.6968,1102
1997-05-14,0.6945,0.6977,0.6933,0.6967,1232
1997-05-15,0.6967,0.6977,0.6923,0.6945,1462
1997-05-16,0.6967,0.6975,0.6923,0.6945,821
1997-05-18,0.6944,0.6945,0.6903,0.6923,631
1997-05-19,0.6944,0.6952,0.6903,0.6945,1132
1997-05-20,0.6923,0.6969,0.6916,0.6962,872
1997-05-21,0.6939,0.6969,0.6925,0.6927,802
1997-05-22,0.696,0.6963,0.6895,0.6923,1082
1997-05-23,0.6928,0.693,0.6895,0.6923,651
1997-05-25,0.6918,0.6929,0.6905,0.6923,431
1997-05-26,0.6918,0.6929,0.6905,0.6912,762
1997-05-27,0.6923,0.6927,0.6888,0.6906,862
1997-05-28,0.6909,0.6919,0.6888,0.6905,1132
1997-05-29,0.6903,0.6919,0.6876,0.6896,1332
1997-05-30,0.6905,0.6917,0.6876,0.6896,731
1997-06-01,0.6889,0.6895,0.6861,0.6883,621
1997-06-02,0.6889,0.6898,0.6861,0.6892,1002
1997-06-03,0.6886,0.6898,0.6876,0.6885,612
1997-06-04,0.6892,0.6896,0.6849,0.6874,942
1997-06-05,0.6885,0.6896,0.6849,0.6896,1172
1997-06-06,0.6874,0.6896,0.6862,0.6896,461
1997-06-08,0.6902,0.6913,0.6895,0.6909,291
1997-06-09,0.6902,0.6919,0.6894,0.691,792
1997-06-10,0.691,0.6937,0.6894,0.6917,1112
1997-06-11,0.691,0.6937,0.6874,0.6912,1522
1997-06-12,0.6917,0.6922,0.6874,0.6896,1362
1997-06-13,0.6909,0.692,0.6891,0.6896,451
1997-06-15,0.6885,0.6918,0.688,0.6895,661
1997-06-16,0.6885,0.6918,0.688,0.6894,1042
1997-06-17,0.6896,0.6903,0.6867,0.689,1082
1997-06-18,0.6892,0.6903,0.6867,0.6874,1012
1997-06-19,0.6887,0.6889,0.6844,0.6849,712
1997-06-20,0.6875,0.6877,0.6844,0.6849,401
1997-06-22,0.6845,0.6847,0.6815,0.6845,641
1997-06-23,0.6845,0.6855,0.6815,0.6842,1002
1997-06-24,0.684,0.6874,0.6836,0.6867,832
1997-06-25,0.6842,0.6883,0.6833,0.6834,1152
1997-06-26,0.6866,0.6883,0.6775,0.6794,1522
1997-06-27,0.6834,0.6837,0.6775,0.6794,841
1997-06-29,0.6798,0.6817,0.6767,0.6811,871
1997-06-30,0.6798,0.6818,0.6767,0.6776,1372
1997-07-01,0.681,0.6818,0.6766,0.6775,1172
1997-07-02,0.6778,0.6801,0.6744,0.6774,1532
1997-07-03,0.6774,0.6787,0.6744,0.677,1172
1997-07-04,0.6773,0.678,0.6763,0.677,311
1997-07-06,0.6769,0.6769,0.674,0.6748,371
1997-07-07,0.6769,0.6769,0.674,0.6761,842
1997-07-08,0.6752,0.677,0.6718,0.6727,1212
1997-07-09,0.6757,0.677,0.6709,0.6723,1142
1997-07-10,0.6727,0.6731,0.6684,0.6696,952
1997-07-11,0.6725,0.6726,0.6684,0.6696,551
1997-07-13,0.668,0.6683,0.6651,0.6658,421
1997-07-14,0.668,0.6683,0.6618,0.662,1162
1997-07-15,0.666,0.6675,0.6564,0.66,1632
1997-07-16,0.6617,0.6617,0.6521,0.6525,1952
1997-07-17,0.6599,0.6611,0.6467,0.6526,2622
1997-07-18,0.6526,0.6545,0.6467,0.6526,1561
1997-07-20,0.6539,0.6551,0.6475,0.6482,951
1997-07-21,0.6539,0.6551,0.6453,0.65,1822
1997-07-22,0.6479,0.653,0.6453,0.6489,2012
1997-07-23,0.6501,0.6572,0.6467,0.655,2272
1997-07-24,0.6489,0.6572,0.6485,0.6521,1782
1997-07-25,0.655,0.6568,0.6521,0.6521,651
1997-07-27,0.6513,0.6518,0.6402,0.6424,1431
1997-07-28,0.6513,0.6518,0.6402,0.6493,2332
1997-07-29,0.6417,0.6535,0.6416,0.6525,2342
1997-07-30,0.6493,0.6535,0.6447,0.6488,2342
1997-07-31,0.6522,0.6522,0.642,0.6437,1872
1997-08-01,0.649,0.6495,0.642,0.6437,971
1997-08-03,0.6411,0.6446,0.6409,0.6427,581
1997-08-04,0.6411,0.6465,0.6409,0.6438,1272
1997-08-05,0.6429,0.6465,0.638,0.6407,1572
1997-08-06,0.6441,0.6441,0.6369,0.6378,1642
1997-08-07,0.6406,0.6421,0.6348,0.6377,1832
1997-08-08,0.6378,0.6402,0.6348,0.6377,1071
1997-08-10,0.6418,0.6445,0.6405,0.6425,731
1997-08-11,0.6418,0.6445,0.6375,0.6407,1612
1997-08-12,0.6425,0.6436,0.6375,0.6425,1622
1997-08-13,0.6407,0.6438,0.639,0.6402,1302
1997-08-14,0.6424,0.6438,0.6385,0.6416,1312
1997-08-15,0.6405,0.6428,0.6385,0.6416,751
1997-08-17,0.6423,0.6468,0.6395,0.6406,1291
1997-08-18,0.6423,0.6468,0.6378,0.6428,2402
1997-08-19,0.6405,0.6445,0.6373,0.6416,2472
1997-08-20,0.6424,0.6445,0.6373,0.643,2082
1997-08-21,0.6414,0.6497,0.6388,0.6459,2182
1997-08-22,0.6423,0.6497,0.6406,0.6459,1461
1997-08-24,0.6459,0.6485,0.6458,0.6464,491
1997-08-25,0.6459,0.6485,0.6436,0.6473,1172
1997-08-26,0.6459,0.6481,0.6425,0.6439,1412
1997-08-27,0.6478,0.6481,0.6425,0.6429,1172
1997-08-28,0.6443,0.6457,0.638,0.6391,1312
1997-08-29,0.6428,0.6442,0.638,0.6391,871
1997-08-31,0.6385,0.6395,0.6332,0.6342,831
1997-09-01,0.6385,0.6395,0.6308,0.6322,1442
1997-09-02,0.6343,0.6373,0.6308,0.636,1242
1997-09-03,0.6325,0.6388,0.6324,0.6342,1352
1997-09-04,0.6362,0.6388,0.6335,0.6364,1502
1997-09-05,0.6344,0.6384,0.6335,0.6364,781
1997-09-07,0.6355,0.641,0.635,0.6359,1161
1997-09-08,0.6355,0.641,0.635,0.6368,1642
1997-09-09,0.6358,0.6382,0.6344,0.6349,862
1997-09-10,0.6371,0.6374,0.6314,0.6335,1062
1997-09-11,0.6349,0.636,0.6314,0.6349,1202
1997-09-12,0.6337,0.636,0.6328,0.6349,521
1997-09-14,0.635,0.6375,0.6346,0.6358,501
1997-09-15,0.635,0.6375,0.6324,0.6337,1122
1997-09-16,0.6357,0.6372,0.6274,0.6288,2112
1997-09-17,0.6335,0.6372,0.6274,0.6312,2212
1997-09-18,0.6294,0.6353,0.628,0.6334,1382
1997-09-19,0.631,0.6353,0.6308,0.6334,661
1997-09-21,0.635,0.6364,0.6338,0.6359,431
1997-09-22,0.635,0.6379,0.6338,0.6374,1092
1997-09-23,0.636,0.6395,0.6339,0.6388,972
1997-09-24,0.6379,0.6441,0.6375,0.6434,932
1997-09-25,0.6388,0.6467,0.6387,0.6411,1722
1997-09-26,0.6437,0.6467,0.6399,0.6411,1101
1997-09-28,0.6402,0.6408,0.6364,0.6371,571
1997-09-29,0.6402,0.6425,0.6364,0.6423,1182
1997-09-30,0.6368,0.6453,0.6367,0.6418,1512
1997-10-01,0.6418,0.6453,0.6408,0.6428,1442
1997-10-02,0.6422,0.644,0.6377,0.6418,1472
1997-10-03,0.6429,0.6429,0.6377,0.6418,931
1997-10-05,0.6391,0.6392,0.6345,0.6381,841
1997-10-06,0.6391,0.642,0.6345,0.6398,1652
1997-10-07,0.6379,0.642,0.637,0.6409,1452
1997-10-08,0.6395,0.6475,0.6381,0.6442,1772
1997-10-09,0.6409,0.6475,0.6402,0.6462,1672
1997-10-10,0.644,0.6472,0.6434,0.6462,541
1997-10-12,0.6468,0.6471,0.6463,0.6468,161
1997-10-13,0.6468,0.6518,0.6438,0.6459,1672
1997-10-14,0.6468,0.6518,0.6435,0.6452,2112
1997-10-15,0.6458,0.6468,0.6435,0.646,1092
1997-10-16,0.6449,0.6467,0.6408,0.643,1252
1997-10-17,0.6462,0.6462,0.6408,0.643,761
1997-10-19,0.6413,0.6437,0.6407,0.6418,551
1997-10-20,0.6413,0.6437,0.6303,0.6312,2032
1997-10-21,0.6418,0.643,0.6234,0.6262,3012
1997-10-22,0.6309,0.6334,0.621,0.6238,2492
1997-10-23,0.6272,0.6275,0.6176,0.6207,2332
1997-10-24,0.6238,0.626,0.6176,0.6207,1371
1997-10-26,0.6166,0.6247,0.6152,0.6182,1741
1997-10-27,0.6166,0.6313,0.6143,0.6295,4002
1997-10-28,0.6181,0.6313,0.6143,0.6216,3502
1997-10-29,0.6294,0.6302,0.6194,0.6223,2882
1997-10-30,0.6215,0.628,0.6194,0.6219,2482
1997-10-31,0.6219,0.6254,0.6212,0.6219,841
1997-11-02,0.6206,0.636,0.6181,0.6313,2511
1997-11-03,0.6206,0.636,0.6181,0.6238,3392
1997-11-04,0.6314,0.632,0.6238,0.6252,1502
1997-11-05,0.6242,0.6274,0.6223,0.6235,1182
1997-11-06,0.6245,0.6274,0.6215,0.6231,1742
1997-11-07,0.6231,0.6274,0.6215,0.6231,1181
1997-11-09,0.6228,0.628,0.6227,0.626,741
1997-11-10,0.6228,0.6315,0.6227,0.6267,1752
1997-11-11,0.6262,0.6315,0.6211,0.6223,1892
1997-11-12,0.6267,0.6279,0.6211,0.6275,1552
1997-11-13,0.6222,0.6285,0.6219,0.6244,1462
1997-11-14,0.6273,0.6285,0.6231,0.6244,791
1997-11-16,0.6245,0.6323,0.6241,0.627,1391
1997-11-17,0.6245,0.6323,0.6241,0.6284,1702
1997-11-18,0.6269,0.6285,0.6211,0.6211,1072
1997-11-19,0.6281,0.6284,0.6185,0.623,1662
1997-11-20,0.621,0.6275,0.6185,0.624,1802
1997-11-21,0.6228,0.6275,0.6224,0.624,901
1997-11-23,0.624,0.6245,0.6215,0.6219,391
1997-11-24,0.624,0.6245,0.6176,0.6179,912
1997-11-25,0.6217,0.6221,0.6165,0.6181,1132
1997-11-26,0.6174,0.6199,0.6155,0.6159,1172
1997-11-27,0.6183,0.6195,0.6136,0.6169,1392
1997-11-28,0.6162,0.6181,0.6136,0.6169,831
1997-11-30,0.6158,0.6161,0.6072,0.6102,1221
1997-12-01,0.6158,0.6161,0.6055,0.6079,2002
1997-12-02,0.6101,0.6105,0.6034,0.6068,1812
1997-12-03,0.6081,0.6092,0.5989,0.6005,2012
1997-12-04,0.6071,0.6071,0.5974,0.603,2232
1997-12-05,0.6007,0.6048,0.5974,0.603,1251
1997-12-07,0.6008,0.6015,0.5963,0.5992,881
1997-12-08,0.6008,0.6023,0.5946,0.5983,2342
1997-12-09,0.5991,0.6029,0.5946,0.6016,2352
1997-12-10,0.5989,0.603,0.5949,0.5957,1922
1997-12-11,0.6016,0.603,0.5938,0.5959,1762
1997-12-12,0.596,0.5975,0.5938,0.5959,731
1997-12-14,0.5954,0.596,0.5812,0.5815,1571
1997-12-15,0.5954,0.596,0.5723,0.5749,2912
1997-12-16,0.5825,0.5919,0.5723,0.5897,3262
1997-12-17,0.5749,0.5919,0.5749,0.5809,3522
1997-12-18,0.5895,0.5918,0.5763,0.5827,3152
1997-12-19,0.5806,0.5851,0.5763,0.5827,1551
1997-12-21,0.5782,0.58,0.5759,0.5789,751
1997-12-22,0.5782,0.5832,0.5759,0.582,1882
1997-12-23,0.5789,0.5848,0.576,0.5843,1652
1997-12-24,0.5817,0.5848,0.5809,0.5843,522
1997-12-25,0.5843,0.5843,0.583,0.5835,262
1997-12-26,0.5835,0.5843,0.583,0.5835,261
1997-12-28,0.5835,0.5847,0.582,0.5847,421
1997-12-29,0.5835,0.5848,0.581,0.5813,842
1997-12-30,0.5847,0.5848,0.58,0.5814,1192
1997-12-31,0.5811,0.584,0.58,0.5805,788
1998-01-01,0.5821,0.5821,0.5769,0.5778,78
1998-01-02,0.581,0.5815,0.5769,0.5778,61
1998-01-04,0.5778,0.5784,0.5658,0.5694,169
1998-01-05,0.5778,0.5784,0.5623,0.5626,258
1998-01-06,0.5694,0.5752,0.5612,0.5698,300
1998-01-07,0.5628,0.5752,0.5612,0.5659,314
1998-01-08,0.5699,0.5755,0.5628,0.5708,292
1998-01-09,0.5642,0.5755,0.5628,0.5708,189
1998-01-11,0.5677,0.572,0.5667,0.5681,103
1998-01-12,0.5677,0.5778,0.5655,0.5765,270
1998-01-13,0.5685,0.5809,0.5655,0.5777,280
1998-01-14,0.5763,0.5811,0.5746,0.5792,191
1998-01-15,0.5775,0.5901,0.5764,0.5877,232
1998-01-16,0.5784,0.5901,0.5778,0.5877,154
1998-01-18,0.5882,0.5908,0.5853,0.5881,110
1998-01-19,0.5882,0.5908,0.5812,0.5868,237
1998-01-20,0.5868,0.5895,0.5806,0.5839,281
1998-01-21,0.5864,0.5895,0.5773,0.5778,246
1998-01-22,0.5845,0.5852,0.5768,0.583,172
1998-01-23,0.5775,0.5835,0.5768,0.583,80
1998-01-25,0.5859,0.5898,0.5841,0.5862,112
1998-01-26,0.5859,0.5955,0.5841,0.5944,220
1998-01-27,0.5859,0.5976,0.5859,0.5943,239
1998-01-28,0.5945,0.5976,0.5789,0.5826,352
1998-01-29,0.5928,0.595,0.5765,0.5845,425
1998-01-30,0.5818,0.588,0.5765,0.5845,204
1998-02-01,0.5885,0.5929,0.5859,0.5917,109
1998-02-02,0.5885,0.5929,0.5855,0.5864,197
1998-02-03,0.5923,0.5928,0.5835,0.5897,200
1998-02-04,0.5868,0.5906,0.5835,0.5848,191
1998-02-05,0.5886,0.5906,0.5811,0.5818,195
1998-02-06,0.5849,0.5884,0.5811,0.5818,116
1998-02-08,0.5816,0.5868,0.5811,0.5845,86
1998-02-09,0.5816,0.5932,0.5811,0.5892,217
1998-02-10,0.5842,0.5932,0.5842,0.5863,216
1998-02-11,0.5893,0.5916,0.5816,0.5827,174
1998-02-12,0.5863,0.5878,0.5809,0.5832,159
1998-02-13,0.5825,0.5847,0.5809,0.5832,70
1998-02-15,0.5798,0.5818,0.575,0.5756,95
1998-02-16,0.5798,0.5824,0.5748,0.5792,213
1998-02-17,0.5757,0.5824,0.5748,0.577,208
1998-02-18,0.5791,0.5865,0.5767,0.5845,203
1998-02-19,0.5775,0.5865,0.576,0.5764,213
1998-02-20,0.5845,0.585,0.576,0.5764,100
1998-02-22,0.5765,0.5783,0.5724,0.5741,95
1998-02-23,0.5765,0.5783,0.5723,0.5763,176
1998-02-24,0.5739,0.5795,0.572,0.5752,224
1998-02-25,0.576,0.5805,0.572,0.5795,241
1998-02-26,0.5762,0.5875,0.574,0.5864,226
1998-02-27,0.5795,0.5875,0.5777,0.5864,128
1998-03-01,0.5845,0.5892,0.5845,0.5867,73
1998-03-02,0.5845,0.5906,0.5845,0.5856,172
1998-03-03,0.587,0.5906,0.5818,0.5831,200
1998-03-04,0.5857,0.5881,0.5775,0.5782,176
1998-03-05,0.5834,0.5838,0.5755,0.5789,179
1998-03-06,0.5782,0.581,0.5755,0.5789,104
1998-03-08,0.5789,0.5806,0.5755,0.5793,99
1998-03-09,0.5789,0.5852,0.5755,0.5843,171
1998-03-10,0.579,0.5861,0.578,0.5791,181
1998-03-11,0.5845,0.5861,0.578,0.5813,158
1998-03-12,0.5791,0.5871,0.5786,0.5862,131
1998-03-13,0.5813,0.5871,0.5806,0.5862,82
1998-03-15,0.586,0.5865,0.5803,0.5819,84
1998-03-16,0.586,0.5865,0.5687,0.571,279
1998-03-17,0.5822,0.584,0.5623,0.5628,304
1998-03-18,0.572,0.5723,0.5565,0.5592,260
1998-03-19,0.5632,0.566,0.5565,0.5633,225
1998-03-20,0.5588,0.5642,0.5583,0.5633,74
1998-03-22,0.5631,0.5646,0.5612,0.564,60
1998-03-23,0.5631,0.5651,0.5609,0.5627,134
1998-03-24,0.5638,0.5651,0.56,0.5615,148
1998-03-25,0.5628,0.5655,0.56,0.5645,142
1998-03-26,0.562,0.5655,0.559,0.5614,155
1998-03-27,0.5642,0.5647,0.559,0.5614,87
1998-03-29,0.5569,0.5606,0.5522,0.553,130
1998-03-30,0.5569,0.5606,0.5507,0.552,208
1998-03-31,0.5525,0.5548,0.547,0.5488,188
1998-04-01,0.5515,0.5538,0.547,0.5487,195
1998-04-02,0.5485,0.5523,0.5477,0.5515,142
1998-04-03,0.5489,0.5523,0.5482,0.5515,57
1998-04-05,0.5507,0.5518,0.5482,0.5487,53
1998-04-06,0.5507,0.5518,0.5459,0.5475,123
1998-04-07,0.5484,0.5518,0.5459,0.5507,150
1998-04-08,0.5468,0.5554,0.5459,0.5512,225
1998-04-09,0.5508,0.5554,0.548,0.5538,213
1998-04-10,0.5499,0.555,0.5497,0.5538,68
1998-04-12,0.5535,0.5555,0.5515,0.5518,64
1998-04-13,0.5535,0.5555,0.5475,0.5498,138
1998-04-14,0.5519,0.5527,0.5475,0.5519,123
1998-04-15,0.5495,0.5606,0.5491,0.5584,187
1998-04-16,0.5523,0.5613,0.5507,0.5565,211
1998-04-17,0.5589,0.5613,0.5565,0.5565,73
1998-04-19,0.5531,0.5561,0.5519,0.5545,71
1998-04-20,0.5531,0.5625,0.5519,0.5586,209
1998-04-21,0.5539,0.5625,0.5533,0.5601,216
1998-04-22,0.559,0.5626,0.5565,0.5614,151
1998-04-23,0.5602,0.5626,0.5584,0.5602,133
1998-04-24,0.5617,0.5623,0.5586,0.5602,60
1998-04-26,0.5599,0.5605,0.5517,0.5537,115
1998-04-27,0.5599,0.5605,0.5504,0.5513,168
1998-04-28,0.5531,0.5542,0.5504,0.5532,110
1998-04-29,0.5512,0.5565,0.5504,0.5532,138
1998-04-30,0.5532,0.557,0.5525,0.5538,161
1998-05-01,0.5531,0.557,0.5527,0.5538,80
1998-05-03,0.5529,0.5563,0.5498,0.5507,109
1998-05-04,0.5529,0.5563,0.5472,0.5498,206
1998-05-05,0.5494,0.5522,0.5432,0.5449,213
1998-05-06,0.5502,0.5516,0.5411,0.5437,188
1998-05-07,0.5452,0.5478,0.5408,0.5433,207
1998-05-08,0.5439,0.5478,0.5408,0.5433,135
1998-05-10,0.5401,0.5422,0.5389,0.5404,64
1998-05-11,0.5401,0.5422,0.5346,0.5366,149
1998-05-12,0.5396,0.5403,0.531,0.5343,210
1998-05-13,0.5363,0.5382,0.531,0.5369,216
1998-05-14,0.5339,0.5373,0.5313,0.5361,173
1998-05-15,0.5372,0.5372,0.5326,0.5361,82
1998-05-17,0.5341,0.5348,0.5283,0.5343,129
1998-05-18,0.5341,0.5363,0.5283,0.5309,226
1998-05-19,0.5345,0.5363,0.5297,0.5326,147
1998-05-20,0.5313,0.5388,0.5304,0.5379,134
1998-05-21,0.5326,0.5388,0.532,0.5357,162
1998-05-22,0.5382,0.5382,0.5331,0.5357,78
1998-05-24,0.5331,0.5358,0.5305,0.5342,96
1998-05-25,0.5331,0.5368,0.5305,0.5322,183
1998-05-26,0.5336,0.5368,0.5302,0.5321,158
1998-05-27,0.5317,0.5355,0.5302,0.5343,125
1998-05-28,0.5322,0.5376,0.5318,0.5342,166
1998-05-29,0.5343,0.5376,0.532,0.5342,112
1998-05-31,0.5335,0.5353,0.5269,0.528,114
1998-06-01,0.5335,0.5353,0.5233,0.527,216
1998-06-02,0.5279,0.5288,0.5232,0.5238,181
1998-06-03,0.5268,0.5286,0.5202,0.5208,203
1998-06-04,0.5233,0.5276,0.5122,0.5122,218
1998-06-05,0.5203,0.5209,0.5122,0.5122,94
1998-06-07,0.5118,0.5118,0.5051,0.5066,83
1998-06-08,0.5118,0.5118,0.5018,0.5028,196
1998-06-09,0.5072,0.5096,0.4918,0.4972,278
1998-06-10,0.5028,0.5044,0.4918,0.4954,361
1998-06-11,0.4965,0.5044,0.4931,0.5004,377
1998-06-12,0.4958,0.5044,0.4931,0.5004,181
1998-06-14,0.4985,0.4998,0.494,0.496,92
1998-06-15,0.4985,0.4998,0.4875,0.4994,296
1998-06-16,0.4953,0.5271,0.4875,0.5209,626
1998-06-17,0.499,0.5271,0.4951,0.516,547
1998-06-18,0.521,0.531,0.5145,0.5263,334
1998-06-19,0.5165,0.531,0.5157,0.5263,209
1998-06-21,0.5163,0.5196,0.511,0.5144,154
1998-06-22,0.5163,0.5196,0.5079,0.5094,270
1998-06-23,0.5145,0.5216,0.507,0.5143,365
1998-06-24,0.5099,0.5216,0.507,0.515,340
1998-06-25,0.514,0.5179,0.5035,0.5065,300
1998-06-26,0.5145,0.5179,0.5035,0.5065,209
1998-06-28,0.5045,0.5092,0.5037,0.507,86
1998-06-29,0.5045,0.521,0.5037,0.5199,272
1998-06-30,0.5064,0.525,0.505,0.5194,353
1998-07-01,0.5192,0.525,0.5124,0.5144,297
1998-07-02,0.5213,0.5223,0.5115,0.5166,309
1998-07-03,0.5146,0.5214,0.5115,0.5166,179
1998-07-05,0.5145,0.516,0.5129,0.5153,55
1998-07-06,0.5145,0.5229,0.5129,0.5229,140
1998-07-07,0.5151,0.5242,0.5148,0.5174,207
1998-07-08,0.5227,0.5242,0.512,0.5131,211
1998-07-09,0.5171,0.5184,0.512,0.5154,159
1998-07-10,0.5129,0.5169,0.5122,0.5154,70
1998-07-12,0.5094,0.5192,0.5053,0.5184,189
1998-07-13,0.5094,0.5259,0.5053,0.5232,344
1998-07-14,0.5184,0.5259,0.5158,0.5225,247
1998-07-15,0.523,0.5305,0.521,0.5274,226
1998-07-16,0.5227,0.5317,0.5215,0.5275,237
1998-07-17,0.5275,0.5317,0.5266,0.5275,103
1998-07-19,0.5252,0.5286,0.5235,0.5273,82
1998-07-20,0.5252,0.5286,0.5235,0.5249,124
1998-07-21,0.5274,0.5279,0.5199,0.5215,128
1998-07-22,0.525,0.5259,0.5153,0.5204,218
1998-07-23,0.5223,0.5228,0.5153,0.5179,223
1998-07-24,0.5205,0.5223,0.5165,0.5179,91
1998-07-26,0.5169,0.5179,0.5102,0.5118,104
1998-07-27,0.5169,0.5179,0.5099,0.5161,203
1998-07-28,0.5117,0.5177,0.5099,0.515,200
1998-07-29,0.5168,0.5193,0.5118,0.5137,217
1998-07-30,0.5158,0.5193,0.5089,0.5106,233
1998-07-31,0.5132,0.516,0.5089,0.5106,117
1998-08-02,0.5106,0.5124,0.5078,0.5083,70
1998-08-03,0.5106,0.5149,0.5078,0.5136,161
1998-08-04,0.5084,0.5185,0.5078,0.5163,187
1998-08-05,0.5138,0.5185,0.5125,0.5134,161
1998-08-06,0.5166,0.5178,0.5082,0.5107,164
1998-08-07,0.5137,0.5146,0.5082,0.5107,99
1998-08-09,0.5087,0.51,0.5055,0.5056,60
1998-08-10,0.5087,0.51,0.5008,0.5019,125
1998-08-11,0.5055,0.508,0.5008,0.502,205
1998-08-12,0.5019,0.508,0.4989,0.5034,282
1998-08-13,0.5023,0.5066,0.4989,0.5043,237
1998-08-14,0.5041,0.5066,0.5018,0.5043,95
1998-08-16,0.5034,0.5045,0.5008,0.5013,54
1998-08-17,0.5034,0.5046,0.4993,0.5044,130
1998-08-18,0.5013,0.5074,0.4987,0.4995,201
1998-08-19,0.5045,0.5074,0.4933,0.4967,282
1998-08-20,0.4983,0.5019,0.4909,0.4924,279
1998-08-21,0.4965,0.499,0.4909,0.4924,122
1998-08-23,0.4916,0.4941,0.4903,0.493,63
1998-08-24,0.4916,0.4941,0.488,0.493,173
1998-08-25,0.4933,0.4942,0.4849,0.4892,262
1998-08-26,0.4927,0.4942,0.479,0.488,361
1998-08-27,0.4884,0.5008,0.479,0.493,480
1998-08-28,0.488,0.5008,0.4848,0.493,271
1998-08-30,0.4949,0.4983,0.493,0.4951,105
1998-08-31,0.4949,0.5093,0.4918,0.5044,361
1998-09-01,0.4949,0.5093,0.4918,0.5023,421
1998-09-02,0.5035,0.5079,0.4975,0.5044,308
1998-09-03,0.502,0.5082,0.4975,0.5067,223
1998-09-04,0.5042,0.5082,0.503,0.5067,80
1998-09-06,0.5052,0.5123,0.504,0.5069,150
1998-09-07,0.5052,0.5138,0.504,0.5113,267
1998-09-08,0.5069,0.5138,0.5038,0.5076,279
1998-09-09,0.5115,0.5177,0.5038,0.5163,300
1998-09-10,0.5072,0.5231,0.5063,0.5188,315
1998-09-11,0.5172,0.5231,0.5135,0.5188,177
1998-09-13,0.5167,0.5186,0.5137,0.517,96
1998-09-14,0.5167,0.5186,0.5114,0.5116,163
1998-09-15,0.5164,0.5171,0.5062,0.5095,159
1998-09-16,0.512,0.512,0.5055,0.5089,187
1998-09-17,0.5095,0.5105,0.5026,0.5038,187
1998-09-18,0.5095,0.51,0.5026,0.5038,92
1998-09-20,0.5031,0.5035,0.4986,0.4998,66
1998-09-21,0.5031,0.5035,0.4903,0.4906,192
1998-09-22,0.4999,0.5012,0.4882,0.4937,234
1998-09-23,0.49,0.4987,0.4882,0.496,236
1998-09-24,0.4961,0.5001,0.4923,0.493,237
1998-09-25,0.4964,0.5001,0.493,0.493,109
1998-09-27,0.4942,0.4979,0.4918,0.497,95
1998-09-28,0.4942,0.5051,0.4918,0.5021,215
1998-09-29,0.4976,0.5051,0.4969,0.5008,238
1998-09-30,0.5027,0.5048,0.498,0.5028,235
1998-10-01,0.5016,0.5046,0.4982,0.4998,194
1998-10-02,0.5028,0.5044,0.4991,0.4998,77
1998-10-04,0.5017,0.5035,0.4953,0.496,108
1998-10-05,0.5017,0.5035,0.4902,0.4972,255
1998-10-06,0.4956,0.5195,0.4902,0.5158,419
1998-10-07,0.4969,0.5293,0.4965,0.5138,601
1998-10-08,0.5158,0.53,0.5119,0.5223,569
1998-10-09,0.5152,0.53,0.5145,0.5223,240
1998-10-11,0.521,0.5465,0.5207,0.5464,263
1998-10-12,0.521,0.548,0.5207,0.5368,401
1998-10-13,0.5455,0.548,0.5361,0.5388,289
1998-10-14,0.537,0.5448,0.531,0.5426,388
1998-10-15,0.5386,0.5448,0.531,0.5358,375
1998-10-16,0.5423,0.544,0.5339,0.5358,138
1998-10-18,0.5361,0.5375,0.5322,0.5325,71
1998-10-19,0.5361,0.5375,0.526,0.5288,200
1998-10-20,0.5324,0.5342,0.5246,0.5263,297
1998-10-21,0.5288,0.5342,0.521,0.5271,305
1998-10-22,0.5261,0.5297,0.521,0.5261,228
1998-10-23,0.5267,0.5297,0.5249,0.5261,91
1998-10-25,0.5235,0.5252,0.5196,0.52,78
1998-10-26,0.5235,0.5252,0.5175,0.5242,178
1998-10-27,0.5199,0.5277,0.5175,0.5232,215
1998-10-28,0.5242,0.5286,0.5215,0.5283,209
1998-10-29,0.5234,0.5315,0.5215,0.5295,160
1998-10-30,0.5276,0.5315,0.5273,0.5295,66
1998-11-01,0.5286,0.5326,0.5283,0.5299,74
1998-11-02,0.5286,0.534,0.5282,0.5333,157
1998-11-03,0.5299,0.5378,0.5282,0.5373,147
1998-11-04,0.5338,0.5412,0.5329,0.5395,155
1998-11-05,0.5385,0.5412,0.5362,0.5385,153
1998-11-06,0.539,0.5405,0.5372,0.5385,62
1998-11-08,0.5382,0.5416,0.5349,0.5357,110
1998-11-09,0.5382,0.5416,0.5272,0.5296,240
1998-11-10,0.5357,0.5367,0.5272,0.5322,196
1998-11-11,0.5299,0.5371,0.5273,0.5357,227
1998-11-12,0.5321,0.5406,0.5273,0.5368,320
1998-11-13,0.5362,0.5406,0.5324,0.5368,159
1998-11-15,0.5376,0.5402,0.5347,0.5356,91
1998-11-16,0.5376,0.5402,0.5279,0.5316,243
1998-11-17,0.5357,0.5456,0.5279,0.538,416
1998-11-18,0.5321,0.5456,0.5295,0.539,423
1998-11-19,0.5388,0.5445,0.5361,0.5371,226
1998-11-20,0.5393,0.5405,0.5361,0.5371,67
1998-11-22,0.5351,0.5354,0.5298,0.5308,70
1998-11-23,0.5351,0.5356,0.5298,0.5349,141
1998-11-24,0.5307,0.5356,0.53,0.5308,115
1998-11-25,0.5351,0.5351,0.5298,0.531,102
1998-11-26,0.5305,0.5329,0.5283,0.5297,124
1998-11-27,0.5308,0.5321,0.5283,0.5297,66
1998-11-29,0.5302,0.5303,0.5238,0.5247,76
1998-11-30,0.5302,0.5303,0.5238,0.5256,134
1998-12-01,0.5249,0.5306,0.5243,0.5264,164
1998-12-02,0.5253,0.5306,0.523,0.5252,188
1998-12-03,0.5261,0.5282,0.5197,0.5211,208
1998-12-04,0.5256,0.5282,0.5197,0.5211,126
1998-12-06,0.5208,0.5234,0.5205,0.5221,46
1998-12-07,0.5208,0.5234,0.5145,0.5172,159
1998-12-08,0.522,0.5225,0.5134,0.5191,236
1998-12-09,0.5171,0.5234,0.5134,0.5226,192
1998-12-10,0.5192,0.5251,0.5183,0.5229,126
1998-12-11,0.5223,0.5251,0.522,0.5229,57
1998-12-13,0.522,0.5225,0.5194,0.5203,46
1998-12-14,0.522,0.5254,0.5194,0.5231,130
1998-12-15,0.5206,0.5254,0.52,0.5232,134
1998-12-16,0.5235,0.5263,0.5214,0.523,134
1998-12-17,0.5231,0.5263,0.5202,0.5203,134
1998-12-18,0.5228,0.5239,0.5202,0.5203,50
1998-12-20,0.521,0.5235,0.5201,0.521,69
1998-12-21,0.521,0.5243,0.5179,0.5234,172
1998-12-22,0.5208,0.5257,0.5179,0.5216,187
1998-12-23,0.5231,0.5257,0.5195,0.5231,177
1998-12-24,0.5213,0.525,0.5195,0.523,99
1998-12-25,0.5225,0.523,0.5225,0.523,6
1998-12-27,0.5225,0.5231,0.5179,0.5195,75
1998-12-28,0.5225,0.5264,0.5179,0.5259,166
1998-12-29,0.5191,0.5282,0.5185,0.5267,169
1998-12-30,0.5256,0.5295,0.5238,0.5294,122
1998-12-31,0.5267,0.5295,0.5244,0.5294,127
1999-01-01,0.5276,0.5294,0.5244,0.5294,83
1999-01-03,0.5268,0.5402,0.5265,0.539,153
1999-01-04,0.5268,0.5402,0.5265,0.5376,242
1999-01-05,0.5388,0.5396,0.5341,0.5378,193
1999-01-06,0.5373,0.5441,0.5342,0.5415,207
1999-01-07,0.5379,0.5441,0.5372,0.5425,181
1999-01-08,0.5412,0.5432,0.5387,0.5425,78
1999-01-10,0.5416,0.5493,0.538,0.5466,177
1999-01-11,0.5416,0.5493,0.538,0.5438,269
1999-01-12,0.5469,0.5489,0.5383,0.5391,182
1999-01-13,0.5432,0.5448,0.5368,0.5385,178
1999-01-14,0.5388,0.5417,0.5368,0.5409,155
1999-01-15,0.5387,0.5417,0.5373,0.5409,67
1999-01-17,0.5376,0.5411,0.535,0.5372,119
1999-01-18,0.5376,0.5411,0.5337,0.5379,234
1999-01-19,0.5369,0.542,0.5337,0.5407,212
1999-01-20,0.5379,0.5446,0.5358,0.5425,228
1999-01-21,0.5405,0.5446,0.5356,0.5412,268
1999-01-22,0.5428,0.5432,0.5356,0.5412,137
1999-01-24,0.5365,0.5375,0.5326,0.534,74
1999-01-25,0.5365,0.5383,0.532,0.5379,164
1999-01-26,0.5342,0.5387,0.532,0.5351,153
1999-01-27,0.5379,0.5387,0.5329,0.5356,137
1999-01-28,0.5349,0.5411,0.5329,0.5379,189
1999-01-29,0.5357,0.5411,0.5343,0.5379,115
1999-01-31,0.5416,0.5445,0.539,0.5422,105
1999-02-01,0.5416,0.5469,0.539,0.5454,176
1999-02-02,0.5422,0.5523,0.5418,0.5515,181
1999-02-03,0.5454,0.5539,0.5438,0.5502,228
1999-02-04,0.5521,0.5539,0.5471,0.5488,204
1999-02-05,0.5505,0.5538,0.5487,0.5488,86
1999-02-07,0.5516,0.5608,0.5507,0.5563,156
1999-02-08,0.5516,0.5608,0.5507,0.5523,213
1999-02-09,0.5565,0.5569,0.5501,0.5517,133
1999-02-10,0.5526,0.5543,0.5497,0.5516,161
1999-02-11,0.552,0.5541,0.5451,0.5495,201
1999-02-12,0.5522,0.5522,0.5451,0.5495,116
1999-02-14,0.5493,0.5494,0.5451,0.5454,48
1999-02-15,0.5493,0.5494,0.5358,0.5388,187
1999-02-16,0.5452,0.5459,0.5358,0.5394,217
1999-02-17,0.5385,0.541,0.5362,0.5394,137
1999-02-18,0.5392,0.5445,0.538,0.5434,121
1999-02-19,0.5395,0.5445,0.5395,0.5434,62
1999-02-21,0.5435,0.5435,0.5381,0.5408,82
1999-02-22,0.5435,0.5435,0.5359,0.5392,170
1999-02-23,0.5407,0.541,0.5302,0.5328,222
1999-02-24,0.5393,0.5401,0.5243,0.5263,241
1999-02-25,0.5325,0.5327,0.5215,0.5252,224
1999-02-26,0.526,0.5277,0.5215,0.5252,117
1999-02-28,0.5212,0.5274,0.5203,0.5272,83
1999-03-01,0.5212,0.5301,0.5203,0.5292,161
1999-03-02,0.5267,0.532,0.525,0.5271,167
1999-03-03,0.5293,0.532,0.5252,0.5297,185
1999-03-04,0.5276,0.5321,0.5252,0.5308,186
1999-03-05,0.5297,0.5321,0.5271,0.5308,90
1999-03-07,0.5305,0.5329,0.5288,0.5324,64
1999-03-08,0.5305,0.536,0.5288,0.5331,178
1999-03-09,0.5324,0.5378,0.53,0.5365,179
1999-03-10,0.5331,0.5389,0.5317,0.535,189
1999-03-11,0.5371,0.5389,0.5314,0.5322,184
1999-03-12,0.5349,0.5357,0.5314,0.5322,60
1999-03-14,0.5344,0.5356,0.5293,0.5305,88
1999-03-15,0.5344,0.5356,0.5261,0.5275,199
1999-03-16,0.5293,0.5325,0.5238,0.5274,210
1999-03-17,0.5274,0.5353,0.5238,0.531,219
1999-03-18,0.5279,0.5353,0.5278,0.5324,168
1999-03-19,0.5315,0.5326,0.5298,0.5324,48
1999-03-21,0.5325,0.5373,0.5295,0.5363,119
1999-03-22,0.5325,0.539,0.5295,0.5379,197
1999-03-23,0.5368,0.5411,0.5346,0.5367,155
1999-03-24,0.5383,0.5411,0.5363,0.538,161
1999-03-25,0.5371,0.5409,0.5344,0.5349,146
1999-03-26,0.5372,0.5386,0.5344,0.5349,62
1999-03-28,0.5352,0.5353,0.5314,0.5331,58
1999-03-29,0.5352,0.5353,0.529,0.531,135
1999-03-30,0.5328,0.5362,0.529,0.535,175
1999-03-31,0.5309,0.5369,0.5293,0.5333,157
1999-04-01,0.5347,0.5369,0.5318,0.5351,105
1999-04-02,0.533,0.5351,0.5318,0.5351,46
1999-04-04,0.5335,0.535,0.5309,0.5312,60
1999-04-05,0.5335,0.535,0.5288,0.5313,157
1999-04-06,0.5313,0.5343,0.5288,0.5306,178
1999-04-07,0.531,0.5343,0.5282,0.5331,170
1999-04-08,0.5307,0.5363,0.5282,0.5361,161
1999-04-09,0.533,0.5363,0.5312,0.5361,72
1999-04-11,0.5364,0.5447,0.5353,0.5416,137
1999-04-12,0.5364,0.5447,0.5353,0.5405,220
1999-04-13,0.5419,0.5439,0.5376,0.5398,167
1999-04-14,0.5405,0.5469,0.5381,0.5446,215
1999-04-15,0.54,0.5469,0.5381,0.546,222
1999-04-16,0.5446,0.5463,0.5411,0.546,91
1999-04-18,0.5441,0.5513,0.5435,0.5488,110
1999-04-19,0.5441,0.5513,0.5435,0.5453,184
1999-04-20,0.5494,0.5509,0.5447,0.5455,146
1999-04-21,0.5452,0.5515,0.5428,0.5491,210
1999-04-22,0.5454,0.5523,0.5428,0.5483,217
1999-04-23,0.5491,0.5523,0.548,0.5483,79
1999-04-25,0.5485,0.5515,0.5464,0.5486,102
1999-04-26,0.5485,0.5515,0.5464,0.5489,163
1999-04-27,0.5487,0.5534,0.5464,0.5532,121
1999-04-28,0.5485,0.5576,0.5481,0.5567,142
1999-04-29,0.5534,0.5611,0.5519,0.5583,165
1999-04-30,0.5563,0.5611,0.556,0.5583,83
1999-05-02,0.5589,0.5618,0.5576,0.5605,69
1999-05-03,0.5589,0.5618,0.5562,0.5574,137
1999-05-04,0.5601,0.5609,0.5558,0.5592,135
1999-05-05,0.5572,0.5673,0.5558,0.5642,187
1999-05-06,0.5589,0.5673,0.5549,0.5612,290
1999-05-07,0.5641,0.5648,0.5549,0.5612,170
1999-05-09,0.5612,0.5615,0.5578,0.5587,50
1999-05-10,0.5612,0.5651,0.5563,0.5615,201
1999-05-11,0.5589,0.5651,0.5563,0.559,244
1999-05-12,0.5616,0.5637,0.5578,0.5618,146
1999-05-13,0.559,0.5639,0.5563,0.5565,156
1999-05-14,0.5615,0.5639,0.5563,0.5565,103
1999-05-16,0.5556,0.5605,0.5556,0.5594,61
1999-05-17,0.5556,0.5638,0.5553,0.5559,196
1999-05-18,0.5595,0.5638,0.5498,0.5505,218
1999-05-19,0.5563,0.5568,0.5458,0.5485,187
1999-05-20,0.5504,0.5519,0.5442,0.5445,189
1999-05-21,0.5487,0.5505,0.5442,0.5445,85
1999-05-23,0.5448,0.5481,0.5421,0.5458,111
1999-05-24,0.5448,0.5481,0.5372,0.5379,214
1999-05-25,0.5459,0.5463,0.5318,0.5326,200
1999-05-26,0.5376,0.5391,0.5318,0.5347,199
1999-05-27,0.5328,0.5397,0.5328,0.5354,216
1999-05-28,0.5345,0.5397,0.5336,0.5354,114
1999-05-30,0.5387,0.5387,0.5336,0.534,56
1999-05-31,0.5387,0.5387,0.5265,0.5281,165
1999-06-01,0.5343,0.535,0.5243,0.5261,194
1999-06-02,0.5283,0.5296,0.52,0.5282,250
1999-06-03,0.526,0.5346,0.52,0.5342,281
1999-06-04,0.5283,0.5346,0.5259,0.5342,116
1999-06-06,0.5335,0.5381,0.5311,0.5328,134
1999-06-07,0.5335,0.5381,0.5261,0.5283,252
1999-06-08,0.5328,0.5357,0.5261,0.5329,239
1999-06-09,0.5279,0.5385,0.5272,0.5369,271
1999-06-10,0.5326,0.5425,0.5289,0.5402,240
1999-06-11,0.5371,0.5425,0.5365,0.5402,90
1999-06-13,0.5405,0.5416,0.536,0.5387,95
1999-06-14,0.5405,0.5416,0.532,0.5335,179
1999-06-15,0.5388,0.5388,0.5318,0.5347,173
1999-06-16,0.5335,0.5379,0.5318,0.5346,176
1999-06-17,0.5346,0.5379,0.5293,0.5313,188
1999-06-18,0.5347,0.536,0.5293,0.5313,101
1999-06-20,0.5306,0.5337,0.5292,0.5295,80
1999-06-21,0.5306,0.5337,0.5278,0.5313,145
1999-06-22,0.5289,0.5355,0.5278,0.5354,111
1999-06-23,0.5315,0.5379,0.5313,0.5359,129
1999-06-24,0.5353,0.5379,0.5335,0.5346,145
1999-06-25,0.5359,0.5375,0.5338,0.5346,62
1999-06-27,0.5349,0.5367,0.5323,0.5335,75
1999-06-28,0.5349,0.5367,0.5286,0.529,135
1999-06-29,0.5335,0.5373,0.5279,0.5354,187
1999-06-30,0.5292,0.5373,0.5279,0.5324,202
1999-07-01,0.5354,0.5369,0.5309,0.5324,144
1999-07-02,0.5328,0.5345,0.5309,0.5324,69
1999-07-04,0.5315,0.5326,0.5277,0.5288,72
1999-07-05,0.5315,0.5327,0.5232,0.5246,219
1999-07-06,0.529,0.5327,0.5225,0.527,263
1999-07-07,0.5243,0.5299,0.5222,0.5255,258
1999-07-08,0.5268,0.5299,0.5222,0.5276,201
1999-07-09,0.5256,0.5285,0.5246,0.5276,59
1999-07-11,0.5286,0.5288,0.5236,0.524,59
1999-07-12,0.5286,0.5288,0.5193,0.5222,181
1999-07-13,0.5243,0.5264,0.5187,0.5216,219
1999-07-14,0.5224,0.5264,0.5187,0.5249,185
1999-07-15,0.5218,0.5264,0.5205,0.5238,138
1999-07-16,0.5245,0.5252,0.5224,0.5238,50
1999-07-18,0.524,0.5251,0.5196,0.522,91
1999-07-19,0.524,0.5251,0.5196,0.5225,164
1999-07-20,0.5221,0.5292,0.5212,0.5279,178
1999-07-21,0.5225,0.5292,0.5213,0.5289,161
1999-07-22,0.5282,0.5325,0.5261,0.5296,126
1999-07-23,0.5285,0.5325,0.5285,0.5296,70
1999-07-25,0.5314,0.5315,0.526,0.5266,63
1999-07-26,0.5314,0.5315,0.5215,0.5246,160
1999-07-27,0.527,0.5275,0.5215,0.5252,171
1999-07-28,0.5249,0.5305,0.5218,0.5293,202
1999-07-29,0.5252,0.5321,0.5221,0.5302,215
1999-07-30,0.5296,0.5321,0.5275,0.5302,87
1999-08-01,0.5311,0.5311,0.5239,0.5283,117
1999-08-02,0.5311,0.5346,0.5239,0.5328,231
1999-08-03,0.5285,0.5379,0.5268,0.5358,187
1999-08-04,0.5328,0.5379,0.5306,0.5311,155
1999-08-05,0.5356,0.5369,0.5281,0.5285,154
1999-08-06,0.531,0.5329,0.5281,0.5285,72
1999-08-08,0.5275,0.5301,0.5261,0.5292,64
1999-08-09,0.5275,0.5301,0.5257,0.5285,142
1999-08-10,0.5292,0.5299,0.5253,0.5294,159
1999-08-11,0.5286,0.5311,0.5253,0.5289,121
1999-08-12,0.5296,0.5314,0.5282,0.5308,85
1999-08-13,0.5288,0.5314,0.5282,0.5308,45
1999-08-15,0.5318,0.5324,0.5259,0.5275,88
1999-08-16,0.5318,0.5326,0.5229,0.5288,269
1999-08-17,0.5274,0.5351,0.5229,0.5338,323
1999-08-18,0.5289,0.5353,0.5256,0.5293,237
1999-08-19,0.5339,0.5353,0.5283,0.5318,183
1999-08-20,0.5295,0.5344,0.5289,0.5318,88
1999-08-22,0.5325,0.5338,0.5266,0.5274,94
1999-08-23,0.5325,0.5338,0.5233,0.5263,191
1999-08-24,0.5275,0.5287,0.5142,0.5168,248
1999-08-25,0.5258,0.5262,0.5087,0.5099,249
1999-08-26,0.5172,0.5172,0.5087,0.5133,168
1999-08-27,0.5102,0.5143,0.5093,0.5133,70
1999-08-29,0.5121,0.5172,0.509,0.5165,121
1999-08-30,0.5121,0.5186,0.509,0.5182,178
1999-08-31,0.5166,0.5186,0.5112,0.5118,137
1999-09-01,0.5185,0.5193,0.509,0.5182,226
1999-09-02,0.5121,0.5193,0.509,0.519,208
1999-09-03,0.5185,0.5193,0.516,0.519,62
1999-09-05,0.518,0.5251,0.5164,0.523,125
1999-09-06,0.518,0.5291,0.5164,0.5275,229
1999-09-07,0.523,0.5308,0.5217,0.5268,193
1999-09-08,0.5272,0.5357,0.5262,0.5331,219
1999-09-09,0.527,0.5357,0.5262,0.5325,209
1999-09-10,0.5331,0.535,0.5308,0.5325,79
1999-09-12,0.5321,0.5361,0.5302,0.5351,89
1999-09-13,0.5321,0.5361,0.5281,0.5282,174
1999-09-14,0.535,0.5357,0.5213,0.5245,197
1999-09-15,0.5286,0.5289,0.5213,0.5243,170
1999-09-16,0.5246,0.5275,0.5231,0.5252,115
1999-09-17,0.5242,0.5275,0.5242,0.5252,57
1999-09-19,0.5245,0.525,0.5208,0.5214,54
1999-09-20,0.5245,0.5272,0.5199,0.5251,166
1999-09-21,0.5216,0.5272,0.5199,0.5232,179
1999-09-22,0.525,0.5274,0.5195,0.5225,216
1999-09-23,0.5235,0.5274,0.5138,0.5173,300
1999-09-24,0.5223,0.5238,0.5138,0.5173,151
1999-09-26,0.5179,0.5187,0.5147,0.5166,68
1999-09-27,0.5179,0.5187,0.5105,0.5142,170
1999-09-28,0.5163,0.5185,0.5105,0.5164,178
1999-09-29,0.5139,0.5192,0.5135,0.5185,145
1999-09-30,0.5165,0.5192,0.5144,0.515,119
1999-10-01,0.5185,0.5186,0.5144,0.515,50
1999-10-03,0.5177,0.5231,0.5162,0.522,96
1999-10-04,0.5177,0.5249,0.5162,0.523,158
1999-10-05,0.5227,0.5249,0.5203,0.5213,116
1999-10-06,0.5228,0.5237,0.5181,0.5188,141
1999-10-07,0.5204,0.5232,0.5131,0.5136,150
1999-10-08,0.5188,0.5188,0.5131,0.5136,63
1999-10-10,0.5138,0.5164,0.5137,0.5158,35
1999-10-11,0.5138,0.5185,0.5137,0.5181,111
1999-10-12,0.516,0.5186,0.5067,0.5094,227
1999-10-13,0.5182,0.5186,0.5058,0.5109,261
1999-10-14,0.5094,0.5134,0.5058,0.5108,187
1999-10-15,0.511,0.5134,0.5095,0.5108,77
1999-10-17,0.51,0.5112,0.5072,0.5088,69
1999-10-18,0.51,0.5131,0.5072,0.5127,132
1999-10-19,0.5089,0.5149,0.5081,0.5135,131
1999-10-20,0.5124,0.5161,0.511,0.516,132
1999-10-21,0.5135,0.5167,0.5117,0.515,112
1999-10-22,0.5163,0.5167,0.5137,0.515,48
1999-10-24,0.514,0.5158,0.5138,0.5155,26
1999-10-25,0.514,0.5174,0.5118,0.5135,121
1999-10-26,0.5153,0.5174,0.5069,0.5088,181
1999-10-27,0.5129,0.5132,0.5069,0.5112,144
1999-10-28,0.5087,0.5124,0.5055,0.5087,179
1999-10-29,0.5105,0.5124,0.5055,0.5087,121
1999-10-31,0.5077,0.5107,0.5075,0.5097,45
1999-11-01,0.5077,0.5113,0.5075,0.5106,96
1999-11-02,0.51,0.5141,0.5083,0.513,140
1999-11-03,0.5102,0.5166,0.5083,0.5146,221
1999-11-04,0.5137,0.5166,0.5096,0.5134,194
1999-11-05,0.5145,0.5145,0.5109,0.5134,62
1999-11-07,0.5125,0.5138,0.509,0.5097,69
1999-11-08,0.5125,0.5138,0.5086,0.5102,103
1999-11-09,0.5095,0.5127,0.5086,0.5124,79
1999-11-10,0.5102,0.5148,0.5094,0.5129,108
1999-11-11,0.5123,0.5173,0.5114,0.5165,131
1999-11-12,0.5128,0.5173,0.5121,0.5165,68
1999-11-14,0.5174,0.5229,0.5172,0.5217,72
1999-11-15,0.5174,0.5229,0.5159,0.5168,154
1999-11-16,0.5217,0.5224,0.5128,0.5135,140
1999-11-17,0.517,0.5174,0.5117,0.5134,107
1999-11-18,0.5134,0.5141,0.5085,0.51,115
1999-11-19,0.5135,0.5135,0.5085,0.51,66
1999-11-21,0.5102,0.5114,0.509,0.5094,41
1999-11-22,0.5102,0.5127,0.5087,0.5115,101
1999-11-23,0.5094,0.5128,0.5087,0.51,114
1999-11-24,0.5115,0.5152,0.5094,0.5129,144
1999-11-25,0.5102,0.5152,0.5094,0.5116,140
1999-11-26,0.5129,0.5132,0.5101,0.5116,50
1999-11-28,0.5112,0.5137,0.5094,0.5116,83
1999-11-29,0.5112,0.5137,0.5076,0.5088,156
1999-11-30,0.5116,0.5126,0.5076,0.5108,129
1999-12-01,0.5089,0.5118,0.5062,0.5076,140
1999-12-02,0.5105,0.5118,0.5021,0.5045,173
1999-12-03,0.5073,0.5079,0.5021,0.5045,89
1999-12-05,0.5037,0.5075,0.5034,0.5072,48
1999-12-06,0.5037,0.5096,0.5034,0.5088,92
1999-12-07,0.5069,0.5106,0.5063,0.5072,116
1999-12-08,0.5087,0.5106,0.5058,0.5058,116
1999-12-09,0.5071,0.5086,0.4922,0.4973,237
1999-12-10,0.5057,0.506,0.4922,0.4973,193
1999-12-12,0.4939,0.4955,0.4888,0.4949,125
1999-12-13,0.4939,0.4999,0.4888,0.4922,258
1999-12-14,0.4948,0.4999,0.4911,0.4952,221
1999-12-15,0.4919,0.5087,0.4911,0.5076,240
1999-12-16,0.4947,0.51,0.4947,0.5077,263
1999-12-17,0.5069,0.51,0.5041,0.5077,111
1999-12-19,0.5064,0.5106,0.5038,0.5099,102
1999-12-20,0.5064,0.5171,0.5038,0.5162,230
1999-12-21,0.5103,0.5179,0.5078,0.5163,230
1999-12-22,0.5158,0.5191,0.5126,0.516,199
1999-12-23,0.516,0.5191,0.5142,0.5157,182
1999-12-24,0.5153,0.5186,0.5142,0.5157,85
1999-12-26,0.5162,0.5182,0.5135,0.5182,75
1999-12-27,0.5162,0.5234,0.5135,0.522,216
1999-12-28,0.5188,0.5234,0.5148,0.5203,256
1999-12-29,0.5215,0.5235,0.5166,0.5231,181
1999-12-30,0.5198,0.5235,0.5186,0.5213,127
1999-12-31,0.5227,0.523,0.5193,0.5213,61
2000-01-02,0.5245,0.5276,0.521,0.5248,133
2000-01-03,0.5245,0.5276,0.5192,0.5241,1207
2000-01-04,0.5249,0.527,0.5173,0.5192,1936
2000-01-05,0.5193,0.5213,0.5134,0.5193,2046
2000-01-06,0.5199,0.5205,0.5131,0.5144,2065
2000-01-07,0.5148,0.5188,0.5132,0.5175,1382
2000-01-09,0.5163,0.5177,0.5143,0.5165,75
2000-01-10,0.5163,0.5181,0.5143,0.516,2021
2000-01-11,0.5157,0.5196,0.5152,0.5177,1674
2000-01-12,0.5176,0.5243,0.5165,0.5195,1777
2000-01-13,0.5195,0.5247,0.5188,0.5232,2035
2000-01-14,0.5234,0.5239,0.5203,0.5216,1528
2000-01-16,0.5207,0.5213,0.5171,0.5203,87
2000-01-17,0.5207,0.522,0.5157,0.5188,1717
2000-01-18,0.5188,0.522,0.5136,0.5162,2031
2000-01-19,0.516,0.5179,0.5127,0.5148,1886
2000-01-20,0.5148,0.5163,0.5098,0.5133,1982
2000-01-21,0.5145,0.5163,0.5098,0.5114,1925
2000-01-23,0.5088,0.5106,0.5059,0.5094,94
2000-01-24,0.5097,0.5112,0.5057,0.5068,2202
2000-01-25,0.5065,0.5113,0.506,0.5085,1968
2000-01-26,0.5081,0.5107,0.5044,0.5081,1905
2000-01-27,0.508,0.513,0.4858,0.5045,2469
2000-01-28,0.5035,0.5046,0.4844,0.4912,2583
2000-01-30,0.4941,0.4969,0.4911,0.4935,121
2000-01-31,0.4921,0.4976,0.4901,0.4966,2087
2000-02-01,0.4965,0.4974,0.4877,0.4946,1711
2000-02-02,0.4936,0.5002,0.4875,0.4961,2454
2000-02-03,0.4962,0.5006,0.4887,0.4938,2954
2000-02-04,0.4944,0.4973,0.4887,0.4964,2465
2000-02-06,0.4959,0.498,0.4927,0.4966,119
2000-02-07,0.4959,0.498,0.4912,0.494,2431
2000-02-08,0.494,0.4959,0.4892,0.4915,2446
2000-02-09,0.4914,0.4963,0.4884,0.494,2532
2000-02-10,0.4942,0.4951,0.4884,0.4915,2509
2000-02-11,0.4913,0.4939,0.4894,0.491,1723
2000-02-13,0.4926,0.4954,0.4855,0.4925,165
2000-02-14,0.4926,0.4954,0.4833,0.4862,2227
2000-02-15,0.4861,0.4936,0.4832,0.4878,2526
2000-02-16,0.4876,0.4958,0.4874,0.4931,2411
2000-02-17,0.4929,0.4959,0.4907,0.4942,2409
2000-02-18,0.4944,0.4947,0.4907,0.4909,1720
2000-02-20,0.4904,0.4912,0.4874,0.4901,83
2000-02-21,0.4904,0.4931,0.4869,0.488,2346
2000-02-22,0.4874,0.4931,0.4842,0.4892,2730
2000-02-23,0.489,0.4909,0.484,0.4901,2598
2000-02-24,0.4903,0.4909,0.4843,0.4864,2676
2000-02-25,0.4873,0.4898,0.4858,0.4877,2220
2000-02-27,0.4879,0.4881,0.4825,0.4866,100
2000-02-28,0.4879,0.4905,0.4825,0.4855,1823
2000-02-29,0.4857,0.4927,0.48,0.4894,2353
2000-03-01,0.4888,0.4927,0.4797,0.4877,3072
2000-03-02,0.4884,0.4925,0.4864,0.4872,2842
2000-03-03,0.4873,0.4927,0.4869,0.4892,2392
2000-03-05,0.4894,0.4906,0.4804,0.4892,166
2000-03-06,0.4893,0.4906,0.4804,0.4831,2364
2000-03-07,0.4829,0.489,0.4812,0.485,2574
2000-03-08,0.4853,0.4945,0.4811,0.4881,2477
2000-03-09,0.4882,0.4966,0.4873,0.4936,2332
2000-03-10,0.4938,0.4971,0.4927,0.4937,1828
2000-03-12,0.4924,0.4949,0.4909,0.493,97
2000-03-13,0.4924,0.4952,0.4862,0.4926,2282
2000-03-14,0.493,0.494,0.4854,0.489,2115
2000-03-15,0.4876,0.4915,0.4851,0.4888,2238
2000-03-16,0.4889,0.4915,0.4832,0.4887,1994
2000-03-17,0.489,0.4895,0.483,0.4847,1788
2000-03-19,0.4847,0.4883,0.4823,0.4841,130
2000-03-20,0.4847,0.4913,0.4822,0.4875,2675
2000-03-21,0.4869,0.4913,0.4863,0.4889,2434
2000-03-22,0.4887,0.4903,0.4857,0.4867,2285
2000-03-23,0.4866,0.4906,0.4852,0.4872,2117
2000-03-24,0.4871,0.49,0.4863,0.4895,1862
2000-03-26,0.4903,0.5017,0.4881,0.4921,189
2000-03-27,0.4903,0.5052,0.4881,0.5008,2717
2000-03-28,0.5022,0.5058,0.4985,0.505,2929
2000-03-29,0.5053,0.5058,0.4976,0.5003,2751
2000-03-30,0.5001,0.5017,0.4926,0.5014,2625
2000-03-31,0.5012,0.5017,0.4922,0.4964,2348
2000-04-02,0.4969,0.5017,0.4965,0.4973,84
2000-04-03,0.4969,0.5023,0.4963,0.501,2184
2000-04-04,0.5011,0.5042,0.4963,0.5003,2491
2000-04-05,0.5006,0.505,0.4975,0.5028,2778
2000-04-06,0.5014,0.5032,0.4956,0.5007,2868
2000-04-07,0.5006,0.5011,0.4955,0.4982,2064
2000-04-09,0.4974,0.4995,0.4954,0.4971,106
2000-04-10,0.4974,0.5006,0.4954,0.4971,2168
2000-04-11,0.4963,0.5009,0.4961,0.4989,2581
2000-04-12,0.499,0.5004,0.496,0.4996,2354
2000-04-13,0.4995,0.5011,0.4967,0.498,2008
2000-04-14,0.4981,0.4992,0.4963,0.4979,1635
2000-04-16,0.4998,0.5015,0.4926,0.5008,151
2000-04-17,0.5014,0.5015,0.4922,0.495,2225
2000-04-18,0.4942,0.4994,0.492,0.4952,2595
2000-04-19,0.4947,0.4998,0.4933,0.4975,2196
2000-04-20,0.4979,0.4988,0.493,0.4939,2053
2000-04-21,0.4939,0.495,0.4928,0.495,465
2000-04-23,0.4943,0.4955,0.4932,0.4942,42
2000-04-24,0.4943,0.4977,0.4929,0.4946,612
2000-04-25,0.4947,0.4977,0.486,0.4942,2178
2000-04-26,0.4941,0.4945,0.4851,0.4867,2977
2000-04-27,0.4867,0.4902,0.4835,0.4863,2908
2000-04-28,0.4862,0.4902,0.4832,0.4857,2979
2000-04-30,0.4855,0.4874,0.4833,0.4853,66
2000-05-01,0.4855,0.4878,0.4832,0.4867,1098
2000-05-02,0.4874,0.4938,0.4837,0.4851,2284
2000-05-03,0.485,0.4939,0.4836,0.4899,2545
2000-05-04,0.49,0.4929,0.4876,0.4907,2743
2000-05-05,0.4905,0.4924,0.4889,0.4918,2607
2000-05-07,0.4913,0.4923,0.4823,0.4906,148
2000-05-08,0.4906,0.4923,0.4762,0.4827,3130
2000-05-09,0.4822,0.4829,0.4757,0.48,3251
2000-05-10,0.4816,0.482,0.4725,0.4756,3065
2000-05-11,0.4762,0.4802,0.4723,0.4768,3450
2000-05-12,0.4767,0.4801,0.4756,0.479,2585
2000-05-14,0.4797,0.4804,0.4704,0.4791,140
2000-05-15,0.4797,0.4807,0.4699,0.4722,2574
2000-05-16,0.4708,0.4767,0.4588,0.4698,2970
2000-05-17,0.4717,0.4718,0.4464,0.4628,2790
2000-05-18,0.4628,0.4646,0.4457,0.4536,3437
2000-05-19,0.4533,0.4579,0.4489,0.4572,2620
2000-05-21,0.4571,0.4606,0.4542,0.4563,139
2000-05-22,0.4571,0.463,0.4541,0.4603,2476
2000-05-23,0.46,0.4633,0.4502,0.4583,2670
2000-05-24,0.4556,0.4587,0.4504,0.4546,2691
2000-05-25,0.4532,0.46,0.4522,0.4538,2343
2000-05-26,0.453,0.46,0.4522,0.459,2239
2000-05-28,0.4597,0.4611,0.4565,0.4589,124
2000-05-29,0.4597,0.4621,0.4563,0.4575,1629
2000-05-30,0.4564,0.4623,0.4563,0.4587,2558
2000-05-31,0.4588,0.4607,0.4549,0.4574,2443
2000-06-01,0.4579,0.4681,0.4547,0.4565,2360
2000-06-02,0.4574,0.4683,0.4554,0.4652,1915
2000-06-04,0.4657,0.4726,0.4642,0.4656,163
2000-06-05,0.4657,0.4753,0.4642,0.4674,2656
2000-06-06,0.4674,0.4775,0.4658,0.472,2498
2000-06-07,0.471,0.4777,0.4675,0.4732,2507
2000-06-08,0.4737,0.4742,0.4668,0.4675,2683
2000-06-09,0.4683,0.4694,0.4667,0.4682,1963
2000-06-11,0.4681,0.4715,0.4665,0.4678,83
2000-06-12,0.4676,0.4733,0.4665,0.4696,2254
2000-06-13,0.4693,0.4765,0.4685,0.4719,2482
2000-06-14,0.4725,0.4767,0.4678,0.4714,2849
2000-06-15,0.4713,0.4796,0.4677,0.4693,2961
2000-06-16,0.4703,0.4796,0.468,0.4781,2772
2000-06-18,0.4785,0.4789,0.4728,0.4776,179
2000-06-19,0.4778,0.4784,0.4724,0.4733,2490
2000-06-20,0.4738,0.4777,0.4726,0.4746,2449
2000-06-21,0.4748,0.4764,0.4697,0.4745,2538
2000-06-22,0.4744,0.4756,0.4689,0.4706,2255
2000-06-23,0.4707,0.4719,0.4689,0.4697,1973
2000-06-25,0.4706,0.4718,0.4672,0.4715,145
2000-06-26,0.4714,0.4738,0.4666,0.4706,2665
2000-06-27,0.4707,0.4741,0.4645,0.472,3105
2000-06-28,0.4717,0.4724,0.464,0.4687,2849
2000-06-29,0.4679,0.471,0.4652,0.4677,2891
2000-06-30,0.4678,0.4712,0.4663,0.4691,2406
2000-07-02,0.4685,0.4699,0.4661,0.4693,125
2000-07-03,0.4689,0.4699,0.4631,0.4665,2219
2000-07-04,0.4665,0.4675,0.46,0.4646,2072
2000-07-05,0.4649,0.4655,0.4597,0.4609,2735
2000-07-06,0.4608,0.4623,0.4578,0.4606,2471
2000-07-07,0.4605,0.4615,0.4578,0.4609,2122
2000-07-09,0.4613,0.4639,0.4606,0.4618,91
2000-07-10,0.4613,0.4641,0.459,0.4617,2209
2000-07-11,0.4615,0.4622,0.4589,0.46,2219
2000-07-12,0.4597,0.4629,0.459,0.4607,2110
2000-07-13,0.4604,0.4632,0.4587,0.4608,2478
2000-07-14,0.4611,0.462,0.459,0.4602,1974
2000-07-16,0.4609,0.4627,0.4577,0.4602,143
2000-07-17,0.4609,0.463,0.4566,0.4603,2553
2000-07-18,0.46,0.4612,0.4542,0.4571,2543
2000-07-19,0.4572,0.4636,0.4541,0.4555,2518
2000-07-20,0.4554,0.4663,0.4547,0.4626,2746
2000-07-21,0.4625,0.4665,0.4614,0.4621,2065
2000-07-23,0.4617,0.464,0.4596,0.462,105
2000-07-24,0.4621,0.464,0.4586,0.4597,2246
2000-07-25,0.4611,0.4628,0.4585,0.4592,2248
2000-07-26,0.4604,0.4629,0.4571,0.4625,2721
2000-07-27,0.4623,0.4628,0.457,0.4581,2641
2000-07-28,0.4579,0.4604,0.4571,0.4581,1777
2000-07-30,0.4574,0.4576,0.4532,0.4563,125
2000-07-31,0.4574,0.4576,0.4527,0.4551,2490
2000-08-01,0.4544,0.4571,0.4502,0.4532,2352
2000-08-02,0.453,0.4574,0.4501,0.4538,2560
2000-08-03,0.4546,0.458,0.451,0.4562,2597
2000-08-04,0.456,0.4577,0.4531,0.4564,1965
2000-08-06,0.4565,0.4567,0.4535,0.456,73
2000-08-07,0.4558,0.4566,0.4527,0.4551,1903
2000-08-08,0.455,0.4558,0.4509,0.4536,1830
2000-08-09,0.4534,0.4548,0.4503,0.4514,1979
2000-08-10,0.4518,0.4538,0.4471,0.4531,1983
2000-08-11,0.453,0.4538,0.4471,0.4503,1487
2000-08-13,0.4496,0.4518,0.4474,0.4492,143
2000-08-14,0.4496,0.4522,0.4471,0.4504,2495
2000-08-15,0.4499,0.4534,0.4466,0.4471,2548
2000-08-16,0.4473,0.4538,0.4466,0.4527,2615
2000-08-17,0.4521,0.4538,0.4484,0.452,1966
2000-08-18,0.4531,0.4533,0.4483,0.4503,1693
2000-08-20,0.4507,0.4529,0.4496,0.4506,108
2000-08-21,0.4507,0.4529,0.4387,0.4503,2327
2000-08-22,0.4503,0.4505,0.4273,0.439,2769
2000-08-23,0.4392,0.44,0.4232,0.432,3168
2000-08-24,0.4286,0.4381,0.4231,0.4348,2813
2000-08-25,0.4342,0.4381,0.4332,0.4361,2303
2000-08-27,0.4349,0.4368,0.4327,0.4352,116
2000-08-28,0.4349,0.437,0.4276,0.4333,1532
2000-08-29,0.4339,0.4348,0.4252,0.4268,2622
2000-08-30,0.4269,0.432,0.425,0.4312,2715
2000-08-31,0.4319,0.4321,0.4213,0.4269,2526
2000-09-01,0.4276,0.4319,0.4215,0.4311,2707
2000-09-03,0.4302,0.4313,0.4267,0.427,100
2000-09-04,0.4302,0.4313,0.4241,0.4286,1912
2000-09-05,0.4286,0.4295,0.4237,0.4263,2556
2000-09-06,0.4258,0.4285,0.4132,0.4247,2742
2000-09-07,0.4247,0.4254,0.4129,0.4177,3115
2000-09-08,0.4186,0.4215,0.4175,0.4181,1906
2000-09-10,0.4202,0.4313,0.4201,0.4204,143
2000-09-11,0.4202,0.4313,0.4201,0.4273,2741
2000-09-12,0.4271,0.4301,0.4207,0.425,2634
2000-09-13,0.4255,0.4263,0.4158,0.422,3163
2000-09-14,0.4219,0.4251,0.416,0.4198,2780
2000-09-15,0.4202,0.4215,0.4162,0.4167,1748
2000-09-17,0.4168,0.4171,0.4074,0.415,215
2000-09-18,0.4151,0.4173,0.4077,0.409,2997
2000-09-19,0.4088,0.4155,0.4044,0.4142,3064
2000-09-20,0.415,0.415,0.401,0.4069,3227
2000-09-21,0.4072,0.4173,0.401,0.4087,2915
2000-09-22,0.41,0.4173,0.4072,0.4109,2178
2000-09-24,0.415,0.4154,0.41,0.4145,146
2000-09-25,0.415,0.4157,0.4098,0.4142,2390
2000-09-26,0.4128,0.4175,0.4112,0.414,2593
2000-09-27,0.4141,0.4184,0.4082,0.4169,2351
2000-09-28,0.4168,0.4184,0.4051,0.4066,2714
2000-09-29,0.4066,0.41,0.4048,0.4075,2430
2000-10-01,0.4075,0.4096,0.4029,0.4091,139
2000-10-02,0.4075,0.4096,0.4011,0.4064,2604
2000-10-03,0.4058,0.4083,0.3994,0.4029,2344
2000-10-04,0.4033,0.4061,0.3993,0.4039,2399
2000-10-05,0.4054,0.4055,0.3995,0.4003,1956
2000-10-06,0.4004,0.4039,0.3993,0.4017,1772
2000-10-08,0.4024,0.4123,0.4017,0.4042,189
2000-10-09,0.4043,0.4123,0.4002,0.4083,1848
2000-10-10,0.4113,0.4113,0.4001,0.4049,2781
2000-10-11,0.4051,0.4077,0.396,0.4032,2696
2000-10-12,0.4049,0.4055,0.396,0.3985,2697
2000-10-13,0.3977,0.4015,0.3975,0.3987,2185
2000-10-15,0.3985,0.3994,0.3945,0.3988,94
2000-10-16,0.3985,0.3994,0.3928,0.3954,2496
2000-10-17,0.3953,0.3963,0.39,0.3951,2636
2000-10-18,0.3955,0.3968,0.3897,0.3938,2509
2000-10-19,0.3943,0.4041,0.3915,0.3957,2794
2000-10-20,0.3956,0.4047,0.3954,0.4027,2423
2000-10-22,0.4032,0.4038,0.3988,0.4033,97
2000-10-23,0.4028,0.4053,0.3988,0.4005,2547
2000-10-24,0.4004,0.4057,0.3979,0.4021,3531
2000-10-25,0.4019,0.405,0.3963,0.3987,3257
2000-10-26,0.3986,0.404,0.3962,0.4012,2637
2000-10-27,0.4011,0.4039,0.399,0.4027,1960
2000-10-29,0.4033,0.4058,0.4017,0.4032,108
2000-10-30,0.4033,0.4058,0.3914,0.4012,2759
2000-10-31,0.4024,0.4024,0.3913,0.3939,3856
2000-11-01,0.3927,0.4018,0.3925,0.3971,3172
2000-11-02,0.3993,0.4036,0.3934,0.3976,3809
2000-11-03,0.3979,0.4037,0.396,0.3987,2404
2000-11-05,0.3997,0.4017,0.3964,0.3995,121
2000-11-06,0.3997,0.4018,0.3963,0.3974,2846
2000-11-07,0.3981,0.4015,0.3963,0.4002,2637
2000-11-08,0.4001,0.4015,0.3957,0.3977,2477
2000-11-09,0.3987,0.4018,0.3945,0.4001,2343
2000-11-10,0.4002,0.4019,0.3942,0.3945,2493
2000-11-12,0.3953,0.397,0.3936,0.3951,80
2000-11-13,0.3949,0.3986,0.3938,0.3962,2390
2000-11-14,0.3954,0.4001,0.3951,0.3971,2358
2000-11-15,0.3965,0.4029,0.3964,0.3989,2802
2000-11-16,0.3984,0.4032,0.3963,0.4009,2498
2000-11-17,0.4015,0.4033,0.3991,0.4005,2154
2000-11-19,0.4004,0.4008,0.3951,0.4003,70
2000-11-20,0.4,0.4008,0.3911,0.3953,2533
2000-11-21,0.3954,0.4027,0.3907,0.3915,2954
2000-11-22,0.3918,0.4047,0.3909,0.4013,3225
2000-11-23,0.401,0.4047,0.3982,0.4012,2940
2000-11-24,0.3999,0.4034,0.3979,0.4001,2610
2000-11-26,0.4001,0.4069,0.3984,0.3997,125
2000-11-27,0.4001,0.4094,0.398,0.4059,2593
2000-11-28,0.4057,0.4095,0.4027,0.4028,3000
2000-11-29,0.4033,0.4131,0.4027,0.4033,3035
2000-11-30,0.404,0.418,0.4035,0.4112,2570
2000-12-01,0.4128,0.418,0.4108,0.417,2696
2000-12-03,0.416,0.4254,0.4158,0.4178,142
2000-12-04,0.416,0.4263,0.4158,0.4225,3036
2000-12-05,0.4217,0.4294,0.4181,0.4212,3287
2000-12-06,0.4202,0.431,0.4202,0.4277,3582
2000-12-07,0.4281,0.4311,0.4249,0.4272,3018
2000-12-08,0.4272,0.4305,0.4247,0.4275,2627
2000-12-10,0.4266,0.4272,0.4216,0.4269,89
2000-12-11,0.4266,0.4273,0.4201,0.4231,2709
2000-12-12,0.4226,0.4256,0.4201,0.4229,3279
2000-12-13,0.4225,0.4267,0.4202,0.422,3164
2000-12-14,0.4219,0.4304,0.421,0.4271,2659
2000-12-15,0.4263,0.4305,0.4225,0.4238,2647
2000-12-17,0.4256,0.4333,0.4255,0.4269,163
2000-12-18,0.4256,0.4333,0.4255,0.4302,3060
2000-12-19,0.4308,0.4402,0.4263,0.4299,3161
2000-12-20,0.4317,0.4413,0.4295,0.4397,2904
2000-12-21,0.4401,0.4417,0.4368,0.4377,3128
2000-12-22,0.4378,0.4417,0.4368,0.4409,2050
2000-12-24,0.4408,0.4408,0.4334,0.4403,150
2000-12-25,0.4408,0.443,0.4334,0.4411,237
2000-12-26,0.4408,0.4448,0.4397,0.4423,775
2000-12-27,0.4419,0.4453,0.4388,0.4435,2030
2000-12-28,0.4453,0.4453,0.4388,0.4405,2172
2000-12-29,0.4401,0.4439,0.4395,0.4437,1581
2000-12-31,0.4433,0.4442,0.4433,0.4437,11
2001-01-01,0.4433,0.4469,0.4395,0.4442,163
2001-01-02,0.4433,0.4492,0.4373,0.4481,2668
2001-01-03,0.4464,0.4494,0.4373,0.4388,2775
2001-01-04,0.4385,0.4539,0.4384,0.4479,3003
2001-01-05,0.4457,0.4539,0.4457,0.4537,3029
2001-01-07,0.4529,0.4548,0.4498,0.454,95
2001-01-08,0.4529,0.4555,0.4437,0.4518,2667
2001-01-09,0.4516,0.4525,0.4432,0.4468,3406
2001-01-10,0.4473,0.4525,0.443,0.4442,3166
2001-01-11,0.4442,0.4527,0.443,0.4517,2977
2001-01-12,0.4514,0.4528,0.445,0.4463,2246
2001-01-14,0.447,0.4473,0.4411,0.4463,93
2001-01-15,0.4469,0.4474,0.441,0.4421,2483
2001-01-16,0.4421,0.4481,0.4417,0.4452,2707
2001-01-17,0.4448,0.4495,0.4414,0.445,2808
2001-01-18,0.4448,0.4524,0.4443,0.45,2696
2001-01-19,0.4501,0.4525,0.4463,0.4467,2276
2001-01-21,0.4469,0.4493,0.4452,0.4457,96
2001-01-22,0.4469,0.4495,0.4449,0.4479,2600
2001-01-23,0.4484,0.4495,0.4363,0.4457,2668
2001-01-24,0.4462,0.4478,0.4323,0.4379,2752
2001-01-25,0.4382,0.4386,0.4318,0.4367,2565
2001-01-26,0.4373,0.4378,0.4336,0.4367,1894
2001-01-28,0.4363,0.4381,0.4326,0.437,101
2001-01-29,0.4362,0.4421,0.4328,0.4347,2486
2001-01-30,0.4347,0.4453,0.4331,0.4407,2647
2001-01-31,0.4412,0.4493,0.4384,0.4446,2590
2001-02-01,0.4447,0.4514,0.4432,0.4475,3024
2001-02-02,0.4459,0.4514,0.444,0.4457,2299
2001-02-04,0.4448,0.4467,0.441,0.4448,125
2001-02-05,0.4449,0.4466,0.441,0.4424,2680
2001-02-06,0.4426,0.4455,0.4399,0.4421,2309
2001-02-07,0.4424,0.4455,0.4334,0.4407,3049
2001-02-08,0.4412,0.4425,0.4326,0.4337,3153
2001-02-09,0.4344,0.439,0.4326,0.4357,2805
2001-02-11,0.4355,0.4385,0.4354,0.4362,59
2001-02-12,0.436,0.4398,0.4333,0.4389,2593
2001-02-13,0.438,0.4398,0.4279,0.4336,2874
2001-02-14,0.4342,0.4344,0.4244,0.4282,3102
2001-02-15,0.4293,0.4308,0.424,0.4261,2731
2001-02-16,0.4259,0.4309,0.4254,0.43,2984
2001-02-18,0.4302,0.4322,0.4258,0.43,141
2001-02-19,0.4302,0.4324,0.4254,0.4315,2485
2001-02-20,0.4317,0.4334,0.4249,0.429,3271
2001-02-21,0.4288,0.4334,0.4266,0.4306,3370
2001-02-22,0.4305,0.4359,0.4264,0.4315,2805
2001-02-23,0.4313,0.4358,0.4282,0.4356,2660
2001-02-25,0.4363,0.4367,0.4268,0.4362,156
2001-02-26,0.4363,0.4368,0.4266,0.4308,3101
2001-02-27,0.4302,0.4347,0.4283,0.4308,2954
2001-02-28,0.4307,0.4345,0.4281,0.4308,2941
2001-03-01,0.4311,0.4383,0.4302,0.4337,2960
2001-03-02,0.4338,0.4385,0.4322,0.4358,2915
2001-03-04,0.436,0.4364,0.4309,0.4357,91
2001-03-05,0.4358,0.4367,0.4273,0.4319,2314
2001-03-06,0.4328,0.4338,0.4222,0.4312,2655
2001-03-07,0.4308,0.4317,0.4176,0.4234,3299
2001-03-08,0.4232,0.4259,0.4176,0.4233,3629
2001-03-09,0.423,0.426,0.4188,0.4203,3045
2001-03-11,0.4198,0.4198,0.419,0.4193,139
2001-03-12,0.419,0.421,0.4176,0.4204,5018
2001-03-13,0.4205,0.4219,0.415,0.4188,4842
2001-03-14,0.4187,0.4197,0.4097,0.4124,5173
2001-03-15,0.4129,0.4139,0.4093,0.4114,4973
2001-03-16,0.411,0.4159,0.4069,0.4151,4742
2001-03-18,0.418,0.4215,0.4178,0.4207,237
2001-03-19,0.4211,0.4227,0.4162,0.4181,4662
2001-03-20,0.4182,0.4229,0.4135,0.4217,4229
2001-03-21,0.422,0.4225,0.4133,0.4142,4174
2001-03-22,0.4135,0.4167,0.411,0.4157,3922
2001-03-23,0.4156,0.4198,0.4137,0.4152,3398
2001-03-25,0.4149,0.4149,0.4115,0.4124,137
2001-03-26,0.4127,0.4171,0.4041,0.4143,4707
2001-03-27,0.4143,0.4151,0.4088,0.4111,4360
2001-03-28,0.4115,0.4137,0.4081,0.4104,4075
2001-03-29,0.4106,0.4129,0.4005,0.4065,4261
2001-03-30,0.4088,0.4092,0.4002,0.4028,4202
2001-04-01,0.4033,0.404,0.3953,0.4038,159
2001-04-02,0.4036,0.4057,0.3952,0.3983,4452
2001-04-03,0.3985,0.4076,0.3969,0.4047,3889
2001-04-04,0.4049,0.4092,0.4005,0.4067,3839
2001-04-05,0.4065,0.4093,0.4017,0.4041,3565
2001-04-06,0.4042,0.4075,0.4022,0.4072,3498
2001-04-08,0.4076,0.4081,0.3997,0.4068,145
2001-04-09,0.4065,0.4077,0.3989,0.4002,3488
2001-04-10,0.4,0.4068,0.3989,0.4027,3434
2001-04-11,0.4029,0.4096,0.4019,0.4047,3192
2001-04-12,0.4041,0.4096,0.4035,0.408,2952
2001-04-13,0.4083,0.4096,0.4069,0.4071,558
2001-04-15,0.4078,0.4114,0.406,0.4077,82
2001-04-16,0.4078,0.4116,0.4025,0.4103,1375
2001-04-17,0.4111,0.4112,0.4003,0.4034,3263
2001-04-18,0.4035,0.4114,0.4001,0.4025,3258
2001-04-19,0.4044,0.4173,0.4023,0.4097,3550
2001-04-20,0.4098,0.4173,0.4087,0.4122,3325
2001-04-22,0.4115,0.4165,0.4064,0.4122,244
2001-04-23,0.4115,0.4165,0.4048,0.4115,3800
2001-04-24,0.4116,0.4123,0.4045,0.4116,3666
2001-04-25,0.4114,0.413,0.4069,0.4112,2743
2001-04-26,0.4108,0.4146,0.4079,0.413,3178
2001-04-27,0.4131,0.4147,0.4107,0.4129,2896
2001-04-29,0.4119,0.4144,0.4099,0.4118,102
2001-04-30,0.4119,0.4215,0.4097,0.4139,3114
2001-05-01,0.4137,0.4238,0.4131,0.4192,2924
2001-05-02,0.4183,0.4244,0.4183,0.4225,3648
2001-05-03,0.4228,0.4245,0.4197,0.421,3759
2001-05-04,0.4214,0.424,0.4197,0.4215,3059
2001-05-06,0.422,0.4224,0.4201,0.422,57
2001-05-07,0.4218,0.4229,0.4182,0.4206,1705
2001-05-08,0.4208,0.4288,0.4181,0.419,2743
2001-05-09,0.419,0.4288,0.4181,0.4264,3331
2001-05-10,0.4272,0.4281,0.4206,0.4253,3145
2001-05-11,0.4254,0.4261,0.4204,0.4223,2860
2001-05-13,0.4226,0.4226,0.4178,0.422,83
2001-05-14,0.4226,0.4226,0.4157,0.4191,2970
2001-05-15,0.4191,0.4234,0.4157,0.4186,3021
2001-05-16,0.4186,0.4275,0.4177,0.4234,3284
2001-05-17,0.4227,0.4288,0.422,0.4261,3039
2001-05-18,0.4262,0.4291,0.4245,0.4286,2526
2001-05-20,0.4286,0.4294,0.4258,0.4289,67
2001-05-21,0.4286,0.4295,0.4236,0.4267,2597
2001-05-22,0.4266,0.4275,0.4184,0.4241,2514
2001-05-23,0.4242,0.4247,0.4148,0.4195,3120
2001-05-24,0.4194,0.4262,0.4147,0.4236,3485
2001-05-25,0.4244,0.4264,0.4224,0.4243,2668
2001-05-27,0.4247,0.4267,0.4232,0.4246,75
2001-05-28,0.4245,0.4267,0.42,0.4229,1621
2001-05-29,0.4227,0.4234,0.4162,0.4207,3244
2001-05-30,0.4204,0.4223,0.4072,0.4165,3500
2001-05-31,0.4162,0.4171,0.4071,0.41,3715
2001-06-01,0.4095,0.4136,0.4084,0.4093,2862
2001-06-03,0.4093,0.4132,0.4082,0.4093,93
2001-06-04,0.409,0.4133,0.4081,0.41,2314
2001-06-05,0.4107,0.4155,0.4091,0.4117,2964
2001-06-06,0.4122,0.4184,0.4105,0.4126,3129
2001-06-07,0.4137,0.42,0.4102,0.4157,3489
2001-06-08,0.4158,0.4203,0.4154,0.4199,2772
2001-06-10,0.42,0.4207,0.4167,0.4202,80
2001-06-11,0.42,0.4207,0.4164,0.4173,2421
2001-06-12,0.4172,0.4236,0.4164,0.4187,2843
2001-06-13,0.4191,0.4236,0.4135,0.4227,2975
2001-06-14,0.4229,0.4233,0.413,0.4185,3656
2001-06-15,0.4179,0.4193,0.4154,0.4159,2685
2001-06-17,0.416,0.4171,0.4132,0.4161,70
2001-06-18,0.416,0.4173,0.4126,0.4143,3176
2001-06-19,0.4146,0.4157,0.4117,0.4147,3132
2001-06-20,0.4149,0.4154,0.4114,0.4146,2634
2001-06-21,0.4142,0.4151,0.4115,0.4124,2726
2001-06-22,0.4126,0.4142,0.4115,0.4127,2362
2001-06-24,0.4137,0.4144,0.4118,0.414,63
2001-06-25,0.4137,0.418,0.4115,0.413,2601
2001-06-26,0.4131,0.4197,0.4129,0.4181,3158
2001-06-27,0.4173,0.4198,0.4056,0.4167,3315
2001-06-28,0.4171,0.4172,0.4011,0.4056,3665
2001-06-29,0.4068,0.4079,0.4011,0.4076,3518
2001-07-01,0.4064,0.4078,0.4042,0.406,89
2001-07-02,0.4061,0.4094,0.4043,0.4071,2586
2001-07-03,0.4065,0.4097,0.4057,0.4084,3185
2001-07-04,0.4075,0.4099,0.4035,0.4071,2673
2001-07-05,0.4071,0.4079,0.4006,0.4037,2718
2001-07-06,0.4038,0.4065,0.4001,0.4049,2973
2001-07-08,0.4057,0.4077,0.4034,0.4057,95
2001-07-09,0.4058,0.4087,0.4034,0.4073,2953
2001-07-10,0.4065,0.4092,0.404,0.4064,3075
2001-07-11,0.4063,0.4094,0.4021,0.405,3848
2001-07-12,0.4048,0.4076,0.402,0.4059,3345
2001-07-13,0.4059,0.4079,0.4047,0.4066,2576
2001-07-15,0.4076,0.4086,0.406,0.408,56
2001-07-16,0.4076,0.4087,0.4049,0.4063,2300
2001-07-17,0.4065,0.4148,0.4049,0.4073,3387
2001-07-18,0.4071,0.4164,0.406,0.4147,4095
2001-07-19,0.4148,0.4168,0.4074,0.413,4389
2001-07-20,0.4137,0.415,0.4074,0.4092,4045
2001-07-22,0.4089,0.4106,0.4081,0.4092,92
2001-07-23,0.4089,0.413,0.408,0.4093,3425
2001-07-24,0.4092,0.4133,0.4085,0.4116,3489
2001-07-25,0.412,0.414,0.4104,0.4122,3761
2001-07-26,0.4122,0.4142,0.4104,0.4116,3645
2001-07-27,0.4122,0.4129,0.4104,0.4122,3029
2001-07-29,0.4133,0.4137,0.4107,0.413,64
2001-07-30,0.4133,0.4139,0.4097,0.4121,3103
2001-07-31,0.4123,0.4191,0.4096,0.4129,4931
2001-08-01,0.4139,0.42,0.4119,0.4178,4744
2001-08-02,0.4175,0.4226,0.4158,0.4193,3836
2001-08-03,0.4196,0.4227,0.4157,0.4181,3852
2001-08-05,0.418,0.4201,0.4161,0.4169,75
2001-08-06,0.418,0.4213,0.4161,0.4198,2764
2001-08-07,0.4197,0.4248,0.4175,0.4193,3635
2001-08-08,0.4189,0.4273,0.4181,0.4239,4084
2001-08-09,0.4238,0.4273,0.4221,0.4249,4292
2001-08-10,0.4255,0.4272,0.4239,0.4255,3554
2001-08-12,0.4255,0.429,0.4244,0.4253,82
2001-08-13,0.4255,0.4314,0.4243,0.4278,3537
2001-08-14,0.4275,0.4356,0.4255,0.4309,4197
2001-08-15,0.4308,0.437,0.4297,0.434,5146
2001-08-16,0.4341,0.4416,0.4316,0.4324,4888
2001-08-17,0.4326,0.4417,0.4317,0.4392,3796
2001-08-19,0.4395,0.4413,0.4363,0.4396,133
2001-08-20,0.4397,0.4426,0.4348,0.4369,3711
2001-08-21,0.4366,0.4451,0.4347,0.4394,3241
2001-08-22,0.4399,0.4451,0.4388,0.4409,3331
2001-08-23,0.4417,0.443,0.4374,0.4402,3400
2001-08-24,0.4414,0.443,0.4374,0.4411,3803
2001-08-26,0.4422,0.4426,0.4376,0.4406,124
2001-08-27,0.4405,0.442,0.4348,0.438,2985
2001-08-28,0.4374,0.4427,0.4346,0.4408,3663
2001-08-29,0.4408,0.4437,0.4381,0.4392,3563
2001-08-30,0.4393,0.4437,0.4367,0.4423,3781
2001-08-31,0.4427,0.4437,0.4367,0.4395,3384
2001-09-02,0.4386,0.4405,0.4358,0.4385,82
2001-09-03,0.4386,0.4405,0.4306,0.4367,2531
2001-09-04,0.4368,0.4369,0.4282,0.4316,3070
2001-09-05,0.4324,0.4365,0.4279,0.4325,3610
2001-09-06,0.4322,0.4368,0.4306,0.4327,3642
2001-09-07,0.4326,0.4369,0.4312,0.4346,2995
2001-09-09,0.4337,0.4338,0.4284,0.4336,91
2001-09-10,0.4337,0.4352,0.4254,0.4307,4070
2001-09-11,0.4308,0.4356,0.4252,0.4288,5059
2001-09-12,0.4286,0.4312,0.4198,0.4263,3560
2001-09-13,0.4268,0.427,0.4196,0.4234,4984
2001-09-14,0.4243,0.425,0.4204,0.4238,4071
2001-09-16,0.4238,0.4238,0.4096,0.4218,189
2001-09-17,0.4238,0.4238,0.4085,0.4117,4422
2001-09-18,0.411,0.4138,0.4083,0.4134,4316
2001-09-19,0.4128,0.4135,0.4092,0.4118,3322
2001-09-20,0.4115,0.4134,0.4016,0.4116,3879
2001-09-21,0.4111,0.4118,0.4013,0.4023,4160
2001-09-23,0.4042,0.4079,0.3972,0.4014,268
2001-09-24,0.4042,0.4095,0.3971,0.4022,4857
2001-09-25,0.4032,0.4097,0.4017,0.4065,4087
2001-09-26,0.4067,0.4099,0.3988,0.4046,3880
2001-09-27,0.4048,0.4086,0.3985,0.4011,3813
2001-09-28,0.4014,0.4086,0.3998,0.4073,3502
2001-09-30,0.4074,0.4076,0.4022,0.4063,110
2001-10-01,0.4074,0.4076,0.4021,0.4064,2943
2001-10-02,0.4067,0.4108,0.403,0.4047,3106
2001-10-03,0.4056,0.4108,0.4032,0.4067,3530
2001-10-04,0.4066,0.4173,0.4063,0.4098,3326
2001-10-05,0.4102,0.4175,0.4087,0.4146,3236
2001-10-07,0.4144,0.4179,0.4139,0.4142,78
2001-10-08,0.4144,0.418,0.4118,0.4165,3199
2001-10-09,0.4169,0.4173,0.4112,0.4122,3944
2001-10-10,0.4126,0.4153,0.4105,0.4132,3163
2001-10-11,0.4129,0.4166,0.4104,0.4146,4075
2001-10-12,0.4144,0.4166,0.412,0.4154,3417
2001-10-14,0.4201,0.4227,0.4183,0.4214,111
2001-10-15,0.4201,0.423,0.4179,0.4194,3725
2001-10-16,0.4197,0.4226,0.4168,0.4189,3707
2001-10-17,0.4182,0.423,0.4138,0.4178,3722
2001-10-18,0.4176,0.4184,0.4137,0.4162,3633
2001-10-19,0.4166,0.4175,0.4138,0.4169,2953
2001-10-21,0.4172,0.419,0.4146,0.4172,85
2001-10-22,0.4172,0.4197,0.4144,0.4188,2839
2001-10-23,0.4187,0.4197,0.4162,0.4197,2957
2001-10-24,0.4186,0.4196,0.4126,0.4183,2624
2001-10-25,0.4186,0.4192,0.4114,0.4122,2950
2001-10-26,0.4123,0.4137,0.4114,0.4124,2510
2001-10-28,0.411,0.4155,0.4096,0.4099,100
2001-10-29,0.411,0.4172,0.4096,0.4141,3358
2001-10-30,0.4143,0.4173,0.41,0.4125,3530
2001-10-31,0.4129,0.4184,0.4097,0.4108,2424
2001-11-01,0.411,0.4185,0.4108,0.4162,3038
2001-11-02,0.4162,0.4172,0.4123,0.4153,2901
2001-11-04,0.4148,0.4166,0.4136,0.4147,64
2001-11-05,0.4148,0.4209,0.4136,0.4163,2423
2001-11-06,0.4165,0.4213,0.4155,0.4202,2708
2001-11-07,0.4196,0.4212,0.4182,0.4204,2802
2001-11-08,0.4203,0.4213,0.4166,0.4203,2921
2001-11-09,0.4202,0.4208,0.4165,0.4191,2558
2001-11-11,0.4224,0.4238,0.4207,0.4225,67
2001-11-12,0.4224,0.4238,0.4206,0.4227,1814
2001-11-13,0.4225,0.4243,0.4194,0.4228,3197
2001-11-14,0.423,0.4244,0.4169,0.4199,3211
2001-11-15,0.42,0.4205,0.4137,0.4167,2741
2001-11-16,0.4173,0.4193,0.4137,0.4157,2973
2001-11-18,0.4166,0.4178,0.4141,0.4176,80
2001-11-19,0.4177,0.4178,0.4141,0.4163,3126
2001-11-20,0.4168,0.4171,0.4093,0.415,3282
2001-11-21,0.4149,0.4159,0.4082,0.4101,3918
2001-11-22,0.4103,0.4115,0.408,0.4107,3123
2001-11-23,0.4104,0.4117,0.4098,0.4103,2627
2001-11-25,0.4114,0.4136,0.4108,0.4113,60
2001-11-26,0.4114,0.4162,0.4106,0.4129,2755
2001-11-27,0.4129,0.4166,0.4117,0.4159,3407
2001-11-28,0.4153,0.4166,0.4115,0.414,2859
2001-11-29,0.4141,0.4173,0.4114,0.4136,3138
2001-11-30,0.4135,0.4175,0.4122,0.4169,3135
2001-12-02,0.4173,0.4173,0.413,0.4166,64
2001-12-03,0.4167,0.4173,0.4118,0.4129,2677
2001-12-04,0.4136,0.4157,0.4115,0.4127,3060
2001-12-05,0.4123,0.4176,0.4117,0.4148,2736
2001-12-06,0.4153,0.4178,0.414,0.4169,3375
2001-12-07,0.417,0.4181,0.414,0.4147,2514
2001-12-09,0.4144,0.4169,0.4137,0.4141,87
2001-12-10,0.4144,0.4189,0.4137,0.4165,2933
2001-12-11,0.4166,0.4215,0.4153,0.4185,2677
2001-12-12,0.4169,0.4215,0.4168,0.4204,3345
2001-12-13,0.4205,0.4211,0.4169,0.4183,2504
2001-12-14,0.4187,0.4191,0.4167,0.4186,2490
2001-12-16,0.4193,0.4193,0.4154,0.4189,52
2001-12-17,0.4193,0.4193,0.4154,0.4168,3095
2001-12-18,0.4161,0.4189,0.4143,0.4168,3408
2001-12-19,0.4169,0.4178,0.41,0.4146,3164
2001-12-20,0.4147,0.4168,0.41,0.4108,3468
2001-12-21,0.4107,0.417,0.4101,0.4161,3062
2001-12-23,0.4143,0.4175,0.4137,0.4139,53
2001-12-24,0.4143,0.4175,0.4133,0.4164,1769
2001-12-25,0.4165,0.4166,0.4131,0.4146,280
2001-12-26,0.4141,0.4165,0.4132,0.4143,1135
2001-12-27,0.4146,0.4163,0.4128,0.4139,2443
2001-12-28,0.4147,0.4161,0.4127,0.4154,2618
2001-12-30,0.415,0.4169,0.4145,0.4154,38
2001-12-31,0.415,0.4172,0.4145,0.4165,1589
2002-01-01,0.4171,0.4245,0.4146,0.4155,218
2002-01-02,0.4163,0.4269,0.4147,0.4219,3784
2002-01-03,0.4224,0.4299,0.4211,0.4253,3584
2002-01-04,0.4256,0.4305,0.4245,0.4303,3505
2002-01-06,0.4299,0.4305,0.4269,0.43,54
2002-01-07,0.4299,0.4323,0.4255,0.4272,3144
2002-01-08,0.4273,0.4325,0.4252,0.4301,3497
2002-01-09,0.4302,0.4313,0.4255,0.4284,3548
2002-01-10,0.4283,0.4305,0.4227,0.426,3834
2002-01-11,0.4261,0.4274,0.4224,0.4232,2980
2002-01-13,0.4224,0.4241,0.4218,0.4227,54
2002-01-14,0.4224,0.4248,0.4218,0.4222,2478
2002-01-15,0.4225,0.4248,0.4187,0.4224,2627
2002-01-16,0.4226,0.4231,0.4185,0.4208,3059
2002-01-17,0.4209,0.4243,0.4186,0.4217,3080
2002-01-18,0.4215,0.4243,0.4213,0.4234,2125
2002-01-20,0.4239,0.4294,0.4233,0.4239,76
2002-01-21,0.4239,0.4304,0.4233,0.4298,2819
2002-01-22,0.4293,0.4307,0.4262,0.4294,2828
2002-01-23,0.4292,0.4307,0.4245,0.4267,2725
2002-01-24,0.4268,0.4286,0.4228,0.4275,2961
2002-01-25,0.4273,0.4286,0.4228,0.4247,2937
2002-01-27,0.4242,0.4245,0.4208,0.4243,62
2002-01-28,0.4242,0.4245,0.4196,0.4227,2811
2002-01-29,0.4228,0.4239,0.4146,0.4193,3047
2002-01-30,0.418,0.4199,0.4136,0.4162,3487
2002-01-31,0.4169,0.4182,0.4135,0.416,3111
2002-02-01,0.416,0.418,0.4151,0.4171,2356
2002-02-03,0.4169,0.4193,0.4162,0.4167,63
2002-02-04,0.417,0.4193,0.4158,0.4178,2622
2002-02-05,0.4178,0.4193,0.4157,0.4169,2830
2002-02-06,0.4161,0.4188,0.4146,0.4157,2697
2002-02-07,0.4167,0.4196,0.4142,0.4173,3171
2002-02-08,0.4167,0.4196,0.4166,0.4181,2501
2002-02-10,0.4189,0.4215,0.4185,0.4187,52
2002-02-11,0.4186,0.4219,0.4171,0.4203,2313
2002-02-12,0.4207,0.4207,0.4164,0.4177,2711
2002-02-13,0.4174,0.4227,0.4164,0.4177,2627
2002-02-14,0.418,0.4233,0.4171,0.421,3330
2002-02-15,0.4215,0.4235,0.4198,0.4227,2874
2002-02-17,0.4217,0.4236,0.4215,0.4223,56
2002-02-18,0.4217,0.4236,0.4192,0.4216,2190
2002-02-19,0.4219,0.4226,0.4191,0.4215,3073
2002-02-20,0.4216,0.4218,0.4176,0.4194,2627
2002-02-21,0.4195,0.42,0.4172,0.419,2666
2002-02-22,0.4192,0.4199,0.4168,0.4182,2576
2002-02-24,0.4178,0.419,0.4165,0.4179,62
2002-02-25,0.4177,0.4195,0.4165,0.4178,3123
2002-02-26,0.4172,0.4205,0.4169,0.4177,2565
2002-02-27,0.418,0.4224,0.4171,0.4194,2669
2002-02-28,0.4194,0.4262,0.4182,0.4218,2789
2002-03-01,0.4215,0.4262,0.4207,0.4239,2452
2002-03-03,0.426,0.4276,0.4247,0.4262,52
2002-03-04,0.426,0.4276,0.4244,0.4253,2701
2002-03-05,0.4253,0.4296,0.424,0.4252,2685
2002-03-06,0.4252,0.4324,0.4239,0.429,2733
2002-03-07,0.4284,0.4324,0.4279,0.4306,3095
2002-03-08,0.4307,0.4316,0.4282,0.4309,2561
2002-03-10,0.4294,0.4295,0.4262,0.4278,57
2002-03-11,0.4282,0.4302,0.4262,0.4278,2648
2002-03-12,0.4284,0.4308,0.4267,0.4288,2401
2002-03-13,0.4295,0.4316,0.4279,0.4288,2272
2002-03-14,0.4289,0.4376,0.4282,0.4315,2354
2002-03-15,0.4315,0.4377,0.4308,0.4375,2641
2002-03-17,0.4368,0.4373,0.434,0.4365,69
2002-03-18,0.4363,0.4369,0.4322,0.4353,2377
2002-03-19,0.4353,0.4429,0.4321,0.433,2519
2002-03-20,0.4326,0.4432,0.4324,0.4399,3484
2002-03-21,0.4403,0.4423,0.4377,0.4388,3660
2002-03-22,0.4385,0.4412,0.4372,0.4381,3229
2002-03-24,0.4377,0.4387,0.4377,0.4384,22
2002-03-25,0.4385,0.4403,0.4369,0.4374,2885
2002-03-26,0.4374,0.4379,0.4351,0.4359,2992
2002-03-27,0.4357,0.4369,0.4351,0.4362,2715
2002-03-28,0.4355,0.4417,0.4355,0.4406,2936
2002-03-29,0.4413,0.4415,0.4402,0.4404,617
2002-03-31,0.441,0.4438,0.4406,0.4408,65
2002-04-01,0.441,0.4438,0.4406,0.4417,1856
2002-04-02,0.4417,0.4429,0.4373,0.4411,2912
2002-04-03,0.4414,0.4417,0.4372,0.4395,3498
2002-04-04,0.4397,0.4421,0.4375,0.4413,3144
2002-04-05,0.4414,0.4416,0.4372,0.4375,2711
2002-04-07,0.4365,0.4373,0.4324,0.4362,101
2002-04-08,0.4365,0.4373,0.4323,0.4345,3400
2002-04-09,0.4345,0.4392,0.4338,0.4359,3132
2002-04-10,0.4354,0.4437,0.435,0.4398,2871
2002-04-11,0.4397,0.4445,0.4387,0.4418,3544
2002-04-12,0.4428,0.4448,0.4417,0.4421,2854
2002-04-14,0.442,0.4421,0.4384,0.4407,65
2002-04-15,0.442,0.4421,0.438,0.4388,3119
2002-04-16,0.439,0.4465,0.4379,0.4412,2714
2002-04-17,0.4411,0.4471,0.4406,0.4453,3223
2002-04-18,0.4457,0.4489,0.4436,0.4469,3241
2002-04-19,0.4464,0.449,0.4461,0.4481,2559
2002-04-21,0.4473,0.4481,0.4459,0.4474,52
2002-04-22,0.4473,0.4491,0.4455,0.4481,3003
2002-04-23,0.4483,0.4496,0.4445,0.445,3061
2002-04-24,0.446,0.4517,0.4445,0.4486,3101
2002-04-25,0.4491,0.4522,0.4464,0.4482,3399
2002-04-26,0.448,0.4518,0.4473,0.451,2792
2002-04-28,0.4505,0.4514,0.446,0.4513,88
2002-04-29,0.4505,0.4514,0.4458,0.4473,3133
2002-04-30,0.4477,0.4496,0.4447,0.4475,3501
2002-05-01,0.4475,0.4498,0.4447,0.4491,3500
2002-05-02,0.4491,0.4501,0.4443,0.4458,3424
2002-05-03,0.4454,0.4499,0.4441,0.449,3042
2002-05-05,0.4488,0.4496,0.4466,0.4491,99
2002-05-06,0.4493,0.452,0.4465,0.4483,2165
2002-05-07,0.4483,0.4526,0.4475,0.4478,3575
2002-05-08,0.4486,0.453,0.4474,0.4489,3714
2002-05-09,0.4489,0.4538,0.4476,0.4516,3524
2002-05-10,0.4517,0.4538,0.4508,0.4534,2868
2002-05-12,0.4528,0.4565,0.4521,0.4524,71
2002-05-13,0.4528,0.4574,0.4519,0.4559,3396
2002-05-14,0.4559,0.4595,0.4547,0.458,3367
2002-05-15,0.4582,0.4618,0.4552,0.4585,3313
2002-05-16,0.4583,0.4651,0.4577,0.4599,3227
2002-05-17,0.4599,0.4651,0.4593,0.4644,3096
2002-05-19,0.4637,0.4681,0.4633,0.4643,109
2002-05-20,0.4637,0.4685,0.4633,0.4673,2912
2002-05-21,0.4675,0.4754,0.4652,0.466,3410
2002-05-22,0.4662,0.4766,0.466,0.473,4694
2002-05-23,0.4727,0.4766,0.4653,0.4685,4500
2002-05-24,0.472,0.4726,0.4651,0.4707,4403
2002-05-26,0.4709,0.4747,0.4697,0.4705,85
2002-05-27,0.4709,0.4775,0.4695,0.473,3266
2002-05-28,0.4731,0.4786,0.4724,0.4755,3596
2002-05-29,0.4757,0.4789,0.4743,0.4775,3397
2002-05-30,0.4767,0.4844,0.4737,0.4743,3810
2002-05-31,0.4744,0.4845,0.4737,0.4806,3916
2002-06-02,0.4805,0.4866,0.4798,0.4802,81
2002-06-03,0.4803,0.4943,0.4798,0.4859,2962
2002-06-04,0.4865,0.4943,0.485,0.4906,4123
2002-06-05,0.49,0.4927,0.4847,0.4892,4829
2002-06-06,0.4889,0.493,0.4872,0.4911,3883
2002-06-07,0.4915,0.4923,0.4874,0.4884,3893
2002-06-09,0.4877,0.4901,0.4865,0.4869,104
2002-06-10,0.4877,0.4901,0.4863,0.4867,3432
2002-06-11,0.4866,0.4934,0.4863,0.4891,3286
2002-06-12,0.4891,0.4942,0.4873,0.4926,3709
2002-06-13,0.4925,0.4942,0.4821,0.4875,4097
2002-06-14,0.487,0.49,0.4816,0.4841,3941
2002-06-16,0.4835,0.4855,0.4818,0.484,87
2002-06-17,0.4835,0.4886,0.4817,0.4836,3309
2002-06-18,0.4839,0.4896,0.482,0.4876,3890
2002-06-19,0.4874,0.4929,0.4858,0.4869,3576
2002-06-20,0.4873,0.4992,0.4866,0.4918,3333
2002-06-21,0.4922,0.5,0.4911,0.4982,3547
2002-06-23,0.4969,0.5012,0.4846,0.4966,316
2002-06-24,0.4969,0.5012,0.4846,0.4933,4493
2002-06-25,0.4936,0.4993,0.4839,0.4958,4864
2002-06-26,0.4959,0.4995,0.4828,0.4892,5377
2002-06-27,0.489,0.4927,0.4859,0.4913,4913
2002-06-28,0.4914,0.4928,0.4854,0.4871,4208
2002-06-30,0.487,0.4881,0.4853,0.4863,80
2002-07-01,0.4865,0.4894,0.4851,0.4876,2863
2002-07-02,0.4883,0.4904,0.4857,0.489,3479
2002-07-03,0.4888,0.4907,0.4825,0.4872,3600
2002-07-04,0.4874,0.4884,0.4821,0.4847,3599
2002-07-05,0.4845,0.4879,0.4819,0.4853,3348
2002-07-07,0.4872,0.4916,0.4845,0.485,128
2002-07-08,0.4872,0.4937,0.4844,0.4909,3826
2002-07-09,0.4909,0.4952,0.4862,0.4924,3674
2002-07-10,0.492,0.4952,0.4798,0.4877,4609
2002-07-11,0.4876,0.4889,0.4793,0.4833,4480
2002-07-12,0.482,0.4884,0.4797,0.4849,4245
2002-07-14,0.4851,0.4899,0.4843,0.4859,123
2002-07-15,0.4861,0.4902,0.4831,0.486,3911
2002-07-16,0.485,0.4891,0.4793,0.4863,4073
2002-07-17,0.4865,0.4869,0.4792,0.4824,4410
2002-07-18,0.4816,0.4887,0.4802,0.4827,4043
2002-07-19,0.4828,0.4887,0.4821,0.4883,3728
2002-07-21,0.4862,0.4869,0.4784,0.4854,171
2002-07-22,0.4862,0.4869,0.4719,0.4793,4654
2002-07-23,0.4794,0.48,0.4627,0.4743,5735
2002-07-24,0.474,0.4748,0.4623,0.4711,5329
2002-07-25,0.4709,0.473,0.4615,0.4675,4493
2002-07-26,0.4663,0.469,0.4615,0.4627,4012
2002-07-28,0.4648,0.4699,0.4613,0.4666,180
2002-07-29,0.4648,0.4721,0.4613,0.4686,4188
2002-07-30,0.4689,0.4725,0.4649,0.4682,4610
2002-07-31,0.4681,0.4716,0.4607,0.4651,4209
2002-08-01,0.465,0.4666,0.4606,0.4626,4568
2002-08-02,0.4614,0.467,0.4606,0.464,4622
2002-08-04,0.4636,0.4647,0.4561,0.4637,120
2002-08-05,0.4636,0.4649,0.4488,0.4574,4585
2002-08-06,0.4572,0.4581,0.4485,0.4531,6253
2002-08-07,0.4527,0.4575,0.4484,0.455,5364
2002-08-08,0.4553,0.4588,0.4521,0.4554,5494
2002-08-09,0.4553,0.4591,0.4535,0.4584,4589
2002-08-11,0.4579,0.4643,0.4567,0.4573,114
2002-08-12,0.4579,0.4653,0.4566,0.4635,5003
2002-08-13,0.4642,0.4655,0.4548,0.4576,5132
2002-08-14,0.4573,0.4681,0.4545,0.4611,5233
2002-08-15,0.4615,0.469,0.4602,0.466,4633
2002-08-16,0.466,0.4695,0.4642,0.468,4008
2002-08-18,0.4679,0.4694,0.4654,0.4679,85
2002-08-19,0.4677,0.4704,0.4651,0.4663,4401
2002-08-20,0.467,0.4726,0.4625,0.4699,4017
2002-08-21,0.4699,0.473,0.462,0.4666,4627
2002-08-22,0.4665,0.4685,0.4631,0.4663,4453
2002-08-23,0.4663,0.468,0.465,0.466,3916
2002-08-25,0.4675,0.4694,0.4663,0.4671,63
2002-08-26,0.4675,0.4736,0.4663,0.4694,2797
2002-08-27,0.4693,0.4743,0.4682,0.4739,3258
2002-08-28,0.4726,0.4742,0.4667,0.4692,4485
2002-08-29,0.469,0.4713,0.4666,0.4688,4453
2002-08-30,0.469,0.4712,0.4669,0.4692,4134
2002-09-01,0.4679,0.4712,0.4668,0.468,82
2002-09-02,0.4679,0.4715,0.466,0.4704,3308
2002-09-03,0.47,0.4719,0.4644,0.4659,4409
2002-09-04,0.4657,0.4679,0.4642,0.4655,4468
2002-09-05,0.4661,0.4707,0.4643,0.4649,4441
2002-09-06,0.4651,0.4711,0.4647,0.4701,4222
2002-09-08,0.4697,0.4714,0.4681,0.4697,73
2002-09-09,0.4697,0.4726,0.468,0.4692,3710
2002-09-10,0.4699,0.473,0.4681,0.4688,4861
2002-09-11,0.47,0.4768,0.4681,0.4728,4170
2002-09-12,0.4727,0.4768,0.4713,0.4743,4804
2002-09-13,0.4747,0.4763,0.4724,0.4736,3941
2002-09-15,0.4711,0.4722,0.4694,0.4717,78
2002-09-16,0.4711,0.4737,0.467,0.4729,4021
2002-09-17,0.4703,0.4733,0.466,0.4691,4996
2002-09-18,0.4692,0.476,0.4655,0.4709,4493
2002-09-19,0.4717,0.4765,0.4697,0.474,4252
2002-09-20,0.4742,0.4742,0.4697,0.4705,3699
2002-09-22,0.4693,0.4728,0.4682,0.4694,93
2002-09-23,0.4693,0.473,0.4671,0.4678,4059
2002-09-24,0.4676,0.4727,0.4666,0.4704,4710
2002-09-25,0.4708,0.4745,0.4649,0.4726,4646
2002-09-26,0.4732,0.4737,0.4646,0.4705,4789
2002-09-27,0.4706,0.4733,0.4687,0.4705,3776
2002-09-29,0.4689,0.4715,0.4681,0.4692,83
2002-09-30,0.4691,0.4745,0.4676,0.4691,3958
2002-10-01,0.4693,0.4764,0.4676,0.4746,3877
2002-10-02,0.4746,0.4784,0.4722,0.4735,4297
2002-10-03,0.4738,0.4794,0.4729,0.4771,4204
2002-10-04,0.4777,0.4796,0.476,0.4786,3574
2002-10-06,0.4788,0.485,0.4784,0.4786,91
2002-10-07,0.4788,0.4851,0.4784,0.4833,4035
2002-10-08,0.4832,0.4843,0.4787,0.481,4223
2002-10-09,0.4811,0.4822,0.4776,0.4803,4265
2002-10-10,0.4807,0.4818,0.4776,0.4794,3994
2002-10-11,0.479,0.482,0.4781,0.4813,2887
2002-10-13,0.4802,0.4815,0.4778,0.4806,80
2002-10-14,0.4802,0.4816,0.4755,0.4785,2767
2002-10-15,0.4785,0.4815,0.4751,0.4798,4217
2002-10-16,0.4791,0.4825,0.478,0.4796,4011
2002-10-17,0.4796,0.483,0.4794,0.4821,4301
2002-10-18,0.4816,0.4832,0.4803,0.4814,4037
2002-10-20,0.4812,0.4848,0.4797,0.4814,98
2002-10-21,0.4812,0.4854,0.4797,0.4837,4053
2002-10-22,0.4841,0.4858,0.4821,0.4829,4267
2002-10-23,0.4826,0.4874,0.4821,0.484,3578
2002-10-24,0.4841,0.4876,0.4838,0.4863,3710
2002-10-25,0.4859,0.4881,0.4855,0.4881,3206
2002-10-27,0.4875,0.4901,0.4863,0.4872,76
2002-10-28,0.4875,0.4902,0.4851,0.489,3593
2002-10-29,0.4893,0.4904,0.4813,0.4862,4013
2002-10-30,0.4863,0.4868,0.4813,0.4827,4321
2002-10-31,0.4827,0.4928,0.4823,0.4863,3912
2002-11-01,0.4856,0.493,0.4855,0.492,3749
2002-11-03,0.4924,0.4984,0.4904,0.4928,163
2002-11-04,0.4924,0.4986,0.4902,0.4962,4348
2002-11-05,0.496,0.4988,0.4933,0.4943,3821
2002-11-06,0.4942,0.5009,0.4932,0.499,3696
2002-11-07,0.4989,0.5012,0.4963,0.5003,4248
2002-11-08,0.5006,0.5012,0.4962,0.4965,3672
2002-11-10,0.4947,0.4961,0.493,0.4949,77
2002-11-11,0.4948,0.4964,0.4913,0.4932,4132
2002-11-12,0.494,0.498,0.4911,0.4926,4006
2002-11-13,0.4934,0.5016,0.4923,0.4966,4590
2002-11-14,0.4965,0.5019,0.4961,0.5,4268
2002-11-15,0.5005,0.5015,0.4988,0.4999,3482
2002-11-17,0.4975,0.4992,0.4961,0.4988,89
2002-11-18,0.4975,0.4994,0.495,0.4969,4052
2002-11-19,0.497,0.4997,0.4941,0.4963,3991
2002-11-20,0.4972,0.5044,0.4942,0.4995,3843
2002-11-21,0.499,0.5046,0.498,0.5035,3476
2002-11-22,0.5034,0.5046,0.5014,0.5027,3352
2002-11-24,0.5034,0.5035,0.4983,0.5035,65
2002-11-25,0.5034,0.5035,0.4942,0.4986,3752
2002-11-26,0.4984,0.5,0.4912,0.4958,4230
2002-11-27,0.4961,0.4985,0.4907,0.4928,4570
2002-11-28,0.4928,0.499,0.4919,0.4958,3975
2002-11-29,0.4955,0.4993,0.4946,0.498,3727
2002-12-01,0.4987,0.5018,0.4963,0.4982,106
2002-12-02,0.4987,0.502,0.4962,0.4994,4169
2002-12-03,0.4994,0.5019,0.4974,0.498,3314
2002-12-04,0.4979,0.5033,0.4974,0.5019,3642
2002-12-05,0.5019,0.5032,0.4999,0.5025,3702
2002-12-06,0.5026,0.5027,0.4997,0.5021,3588
2002-12-08,0.5022,0.5044,0.5021,0.503,79
2002-12-09,0.5022,0.5058,0.5008,0.5037,3434
2002-12-10,0.5031,0.5058,0.5005,0.5014,3973
2002-12-11,0.5007,0.5109,0.5004,0.5025,3800
2002-12-12,0.5024,0.5151,0.5019,0.5077,4537
2002-12-13,0.5077,0.5154,0.5077,0.5145,4588
2002-12-15,0.513,0.5152,0.5121,0.5128,115
2002-12-16,0.5131,0.5196,0.5122,0.5139,4411
2002-12-17,0.514,0.5198,0.5127,0.5169,4344
2002-12-18,0.5175,0.518,0.5124,0.5135,4027
2002-12-19,0.5138,0.5185,0.5132,0.5164,4004
2002-12-20,0.5165,0.5188,0.5127,0.5169,3683
2002-12-22,0.5151,0.5181,0.513,0.5157,147
2002-12-23,0.5159,0.5184,0.5136,0.5168,4324
2002-12-24,0.5164,0.5174,0.5145,0.5171,2633
2002-12-25,0.5172,0.5203,0.5166,0.5171,177
2002-12-26,0.5169,0.5203,0.5165,0.5181,1579
2002-12-27,0.5181,0.5205,0.5161,0.5197,3711
2002-12-29,0.5197,0.5275,0.5182,0.5199,156
2002-12-30,0.5197,0.5276,0.5182,0.527,4213
2002-12-31,0.5266,0.5275,0.5227,0.5242,3340
2003-01-01,0.5243,0.5272,0.5217,0.5252,323
2003-01-02,0.5255,0.5289,0.5215,0.5223,4082
2003-01-03,0.5235,0.5291,0.5219,0.5289,3710
2003-01-05,0.5266,0.5336,0.5261,0.5265,120
2003-01-06,0.5266,0.5337,0.5261,0.5322,4021
2003-01-07,0.5322,0.5338,0.5272,0.5304,3980
2003-01-08,0.5297,0.535,0.5271,0.5329,4293
2003-01-09,0.5328,0.5389,0.5296,0.5331,4289
2003-01-10,0.5332,0.539,0.5319,0.5386,3967
2003-01-12,0.5386,0.5422,0.5372,0.5388,127
2003-01-13,0.5386,0.5422,0.5367,0.5418,4438
2003-01-14,0.5416,0.5421,0.5358,0.5417,4601
2003-01-15,0.5397,0.5472,0.5357,0.5411,4596
2003-01-16,0.5413,0.5526,0.5407,0.547,4401
2003-01-17,0.5464,0.5534,0.5461,0.552,4058
2003-01-19,0.5515,0.5544,0.5491,0.5516,120
2003-01-20,0.5515,0.5544,0.5433,0.5531,4044
2003-01-21,0.553,0.5533,0.5401,0.5462,4977
2003-01-22,0.5462,0.549,0.5398,0.5411,5029
2003-01-23,0.5398,0.5528,0.5398,0.549,4817
2003-01-24,0.548,0.5529,0.5468,0.5497,3968
2003-01-26,0.5482,0.5511,0.5475,0.5495,129
2003-01-27,0.5482,0.5511,0.5447,0.5468,4749
2003-01-28,0.5469,0.5504,0.5443,0.5458,4311
2003-01-29,0.5457,0.5504,0.5433,0.5488,4271
2003-01-30,0.5491,0.5495,0.5431,0.546,4875
2003-01-31,0.5461,0.5476,0.5436,0.5446,4357
2003-02-02,0.5417,0.545,0.5406,0.5424,111
2003-02-03,0.5417,0.5501,0.5404,0.545,4717
2003-02-04,0.5451,0.552,0.5437,0.5494,4767
2003-02-05,0.5493,0.5523,0.5463,0.548,5122
2003-02-06,0.5485,0.5504,0.5466,0.549,4212
2003-02-07,0.549,0.5504,0.5466,0.5494,3601
2003-02-09,0.5492,0.553,0.5486,0.5497,112
2003-02-10,0.5492,0.553,0.546,0.549,4348
2003-02-11,0.5489,0.5528,0.5458,0.551,4299
2003-02-12,0.5507,0.5547,0.5467,0.5476,4625
2003-02-13,0.5484,0.5561,0.5479,0.5551,4853
2003-02-14,0.5554,0.5559,0.5504,0.553,4297
2003-02-16,0.5511,0.5527,0.5482,0.5513,98
2003-02-17,0.5512,0.5529,0.5481,0.5494,4561
2003-02-18,0.5495,0.5544,0.5485,0.5497,4993
2003-02-19,0.5499,0.559,0.549,0.553,5146
2003-02-20,0.5531,0.5606,0.5527,0.5584,4664
2003-02-21,0.5585,0.5613,0.557,0.5587,4293
2003-02-23,0.5576,0.5666,0.5571,0.5579,137
2003-02-24,0.5576,0.5682,0.557,0.5648,5099
2003-02-25,0.5648,0.5683,0.5626,0.564,5482
2003-02-26,0.5644,0.5669,0.561,0.5663,4806
2003-02-27,0.5662,0.567,0.5552,0.5618,4874
2003-02-28,0.5615,0.5626,0.5551,0.56,4864
2003-03-02,0.558,0.5631,0.5561,0.5582,161
2003-03-03,0.558,0.5632,0.5558,0.5608,4991
2003-03-04,0.5607,0.568,0.5597,0.5636,4986
2003-03-05,0.5634,0.5682,0.5621,0.5663,5346
2003-03-06,0.5666,0.5676,0.5606,0.5654,5309
2003-03-07,0.5653,0.5677,0.5606,0.5621,4601
2003-03-09,0.5619,0.5643,0.5586,0.5627,119
2003-03-10,0.5619,0.5646,0.5528,0.56,4971
2003-03-11,0.5597,0.5614,0.5465,0.5538,5281
2003-03-12,0.5535,0.5553,0.5418,0.5469,6418
2003-03-13,0.5471,0.5519,0.5413,0.5474,5800
2003-03-14,0.5473,0.5521,0.5455,0.5515,4395
2003-03-16,0.5508,0.5563,0.5476,0.5515,159
2003-03-17,0.5515,0.5565,0.5434,0.5479,5432
2003-03-18,0.548,0.5516,0.5433,0.5485,5590
2003-03-19,0.5485,0.5547,0.5467,0.5494,5323
2003-03-20,0.5512,0.5549,0.5477,0.5529,5573
2003-03-21,0.552,0.5538,0.5477,0.5494,4688
2003-03-23,0.5518,0.5532,0.55,0.5526,195
2003-03-24,0.5518,0.5554,0.5488,0.5522,4926
2003-03-25,0.5523,0.5556,0.5456,0.5502,5037
2003-03-26,0.5491,0.5517,0.5456,0.5471,5682
2003-03-27,0.5472,0.5519,0.5453,0.5508,5496
2003-03-28,0.5506,0.5514,0.5486,0.5511,3669
2003-03-30,0.5504,0.5553,0.5503,0.5508,60
2003-03-31,0.5504,0.5563,0.5501,0.5551,4652
2003-04-01,0.5551,0.5565,0.5491,0.5546,4443
2003-04-02,0.5543,0.5563,0.5457,0.5519,4976
2003-04-03,0.5516,0.5532,0.5388,0.548,5226
2003-04-04,0.5465,0.5486,0.5387,0.5406,5381
2003-04-06,0.5382,0.5416,0.5324,0.5381,258
2003-04-07,0.5381,0.5457,0.5321,0.54,5114
2003-04-08,0.5399,0.5486,0.5391,0.5454,5038
2003-04-09,0.5452,0.5485,0.5435,0.5481,4947
2003-04-10,0.5469,0.5487,0.543,0.5475,5224
2003-04-11,0.5477,0.548,0.5427,0.5459,4159
2003-04-13,0.5458,0.5484,0.5434,0.5444,186
2003-04-14,0.5458,0.5547,0.5433,0.5472,4469
2003-04-15,0.5475,0.558,0.5453,0.5539,4939
2003-04-16,0.5532,0.558,0.5521,0.558,4628
2003-04-17,0.5571,0.558,0.5544,0.5558,3995
2003-04-18,0.5558,0.5573,0.5554,0.5566,1262
2003-04-20,0.5569,0.558,0.5545,0.5569,51
2003-04-21,0.5569,0.5623,0.554,0.5545,2573
2003-04-22,0.5541,0.5624,0.5531,0.5613,4615
2003-04-23,0.5616,0.5621,0.5514,0.5526,4797
2003-04-24,0.5526,0.5567,0.5508,0.5541,4571
2003-04-25,0.5538,0.5557,0.5502,0.5548,4119
2003-04-27,0.5555,0.5581,0.5534,0.5551,153
2003-04-28,0.5555,0.5592,0.5534,0.5559,4715
2003-04-29,0.556,0.5622,0.5545,0.559,4401
2003-04-30,0.5588,0.5644,0.5578,0.562,4352
2003-05-01,0.562,0.5645,0.5595,0.5632,4149
2003-05-02,0.563,0.5645,0.5611,0.564,4413
2003-05-04,0.5634,0.5681,0.5624,0.5628,117
2003-05-05,0.5627,0.5745,0.5624,0.5677,6234
2003-05-06,0.5673,0.5753,0.5645,0.5729,8744
2003-05-07,0.5732,0.5757,0.5643,0.5684,9070
2003-05-08,0.5692,0.5784,0.5658,0.575,9024
2003-05-09,0.5742,0.5784,0.5726,0.5767,8445
2003-05-11,0.5795,0.5822,0.5773,0.5796,180
2003-05-12,0.5796,0.5823,0.5739,0.5795,6526
2003-05-13,0.5795,0.5812,0.5719,0.5759,6958
2003-05-14,0.5757,0.577,0.5706,0.5748,4715
2003-05-15,0.575,0.5824,0.5699,0.5706,4813
2003-05-16,0.5708,0.5824,0.5698,0.582,4547
2003-05-18,0.586,0.5868,0.5814,0.586,206
2003-05-19,0.586,0.5877,0.5813,0.5843,4799
2003-05-20,0.5836,0.589,0.5798,0.5879,5455
2003-05-21,0.5879,0.5884,0.5792,0.5804,5349
2003-05-22,0.5812,0.5865,0.5791,0.5828,5171
2003-05-23,0.5824,0.5867,0.58,0.5843,4686
2003-05-25,0.5847,0.5858,0.5828,0.5841,90
2003-05-26,0.5847,0.5873,0.5808,0.5852,2982
2003-05-27,0.5853,0.5873,0.572,0.5809,5142
2003-05-28,0.581,0.5829,0.5707,0.5763,5828
2003-05-29,0.5761,0.5797,0.5706,0.5793,5724
2003-05-30,0.5784,0.5797,0.5733,0.577,5422
2003-06-01,0.5752,0.582,0.573,0.5757,176
2003-06-02,0.5752,0.5821,0.5727,0.5805,5058
2003-06-03,0.5802,0.5848,0.5768,0.58,5736
2003-06-04,0.5805,0.5849,0.5741,0.5819,6032
2003-06-05,0.5818,0.5846,0.5738,0.5783,7586
2003-06-06,0.5784,0.582,0.5747,0.5767,6562
2003-06-08,0.5766,0.5781,0.5719,0.5763,91
2003-06-09,0.5766,0.5784,0.5719,0.573,4880
2003-06-10,0.5733,0.5785,0.571,0.5717,5422
2003-06-11,0.5725,0.5811,0.571,0.5769,5104
2003-06-12,0.5769,0.5813,0.5754,0.5786,5794
2003-06-13,0.5793,0.5814,0.5767,0.5806,5229
2003-06-15,0.5812,0.5839,0.5804,0.5821,134
2003-06-16,0.5812,0.5862,0.5801,0.5827,5105
2003-06-17,0.5825,0.5871,0.5817,0.5842,4882
2003-06-18,0.5846,0.5872,0.5799,0.5849,5284
2003-06-19,0.5851,0.5874,0.58,0.5835,6026
2003-06-20,0.583,0.5875,0.5818,0.5857,5622
2003-06-22,0.5831,0.5881,0.5824,0.5827,133
2003-06-23,0.5832,0.5881,0.5824,0.5865,6187
2003-06-24,0.5869,0.5887,0.5826,0.5865,5936
2003-06-25,0.5866,0.5889,0.5784,0.5853,5376
2003-06-26,0.5853,0.5869,0.5782,0.5804,5253
2003-06-27,0.5803,0.584,0.5789,0.5809,5451
2003-06-29,0.5825,0.5879,0.5809,0.5823,148
2003-06-30,0.5824,0.5969,0.5805,0.5874,5668
2003-07-01,0.5877,0.5969,0.5867,0.5928,5828
2003-07-02,0.5929,0.5978,0.5916,0.5946,5352
2003-07-03,0.5943,0.5978,0.5926,0.596,5138
2003-07-04,0.5959,0.597,0.5934,0.5946,3579
2003-07-06,0.5946,0.6022,0.5945,0.5956,125
2003-07-07,0.5953,0.6024,0.5859,0.5989,5302
2003-07-08,0.5998,0.6002,0.5834,0.5913,7317
2003-07-09,0.5914,0.5932,0.5753,0.5878,6602
2003-07-10,0.588,0.5948,0.5755,0.5894,6244
2003-07-11,0.5882,0.5949,0.5864,0.5915,5105
2003-07-13,0.5895,0.5919,0.5882,0.5896,92
2003-07-14,0.5895,0.5918,0.5797,0.5854,5158
2003-07-15,0.5855,0.5887,0.5776,0.5796,6562
2003-07-16,0.5804,0.5863,0.5775,0.5842,6341
2003-07-17,0.5845,0.5856,0.5685,0.5732,5833
2003-07-18,0.5731,0.5798,0.5698,0.5729,5827
2003-07-20,0.5725,0.5771,0.5709,0.5729,99
2003-07-21,0.5725,0.5806,0.5708,0.5742,5536
2003-07-22,0.5742,0.5819,0.5732,0.5757,5747
2003-07-23,0.5752,0.5878,0.5736,0.5828,5917
2003-07-24,0.5824,0.5897,0.5823,0.5867,5990
2003-07-25,0.5874,0.5898,0.5842,0.5873,5087
2003-07-27,0.5857,0.5896,0.5847,0.5864,117
2003-07-28,0.5857,0.5934,0.5844,0.5868,5208
2003-07-29,0.587,0.5934,0.5821,0.5888,5555
2003-07-30,0.5887,0.5892,0.5783,0.5827,5582
2003-07-31,0.5832,0.5873,0.5764,0.5826,6401
2003-08-01,0.5825,0.5874,0.5764,0.5841,5527
2003-08-03,0.5841,0.5867,0.5759,0.5844,189
2003-08-04,0.5841,0.5867,0.5757,0.5803,5474
2003-08-05,0.58,0.587,0.5771,0.5816,5585
2003-08-06,0.5817,0.5874,0.5724,0.5788,5840
2003-08-07,0.5791,0.5857,0.5724,0.5799,6787
2003-08-08,0.58,0.5849,0.5792,0.5811,4616
2003-08-10,0.5809,0.5897,0.5806,0.5812,132
2003-08-11,0.5809,0.5901,0.5806,0.5883,5387
2003-08-12,0.5884,0.5902,0.5835,0.586,4721
2003-08-13,0.5865,0.59,0.5835,0.5891,5385
2003-08-14,0.5889,0.5912,0.5853,0.5878,4925
2003-08-15,0.587,0.5912,0.5864,0.5908,4258
2003-08-17,0.5902,0.5918,0.5843,0.5908,197
2003-08-18,0.5902,0.5918,0.5823,0.5856,4702
2003-08-19,0.5857,0.5914,0.5821,0.5845,4946
2003-08-20,0.5843,0.5914,0.5827,0.5886,4573
2003-08-21,0.589,0.5899,0.5808,0.5849,4984
2003-08-22,0.5855,0.5864,0.5802,0.5851,5010
2003-08-24,0.5841,0.5853,0.5813,0.5835,77
2003-08-25,0.5836,0.5861,0.5735,0.5784,3873
2003-08-26,0.5785,0.5792,0.569,0.5744,5453
2003-08-27,0.5743,0.5773,0.5637,0.5676,5741
2003-08-28,0.5671,0.5788,0.5635,0.5728,6181
2003-08-29,0.5717,0.579,0.5702,0.5784,4362
2003-08-31,0.5775,0.5807,0.576,0.5773,101
2003-09-01,0.5772,0.581,0.5641,0.5774,3611
2003-09-02,0.5776,0.5779,0.5639,0.5658,5733
2003-09-03,0.5659,0.5714,0.5643,0.5673,5745
2003-09-04,0.5698,0.5774,0.5656,0.5703,5572
2003-09-05,0.5711,0.5775,0.5695,0.5769,4883
2003-09-07,0.5757,0.579,0.575,0.5771,134
2003-09-08,0.5757,0.5868,0.5749,0.5764,4998
2003-09-09,0.5774,0.587,0.5751,0.5843,5929
2003-09-10,0.5838,0.5858,0.5805,0.5814,5397
2003-09-11,0.5814,0.5864,0.5786,0.583,5543
2003-09-12,0.5835,0.5851,0.5786,0.5834,4748
2003-09-14,0.584,0.5881,0.5824,0.5834,191
2003-09-15,0.584,0.5897,0.5824,0.5875,4443
2003-09-16,0.5873,0.5902,0.5788,0.5846,5033
2003-09-17,0.585,0.5868,0.5788,0.5837,5379
2003-09-18,0.5838,0.593,0.583,0.5865,5128
2003-09-19,0.5846,0.5933,0.5844,0.5925,4941
2003-09-21,0.5949,0.6008,0.5937,0.5979,247
2003-09-22,0.598,0.6011,0.5922,0.5969,5686
2003-09-23,0.5957,0.5995,0.5913,0.5918,5295
2003-09-24,0.5923,0.5994,0.5911,0.5954,4979
2003-09-25,0.5953,0.5997,0.5877,0.5947,4975
2003-09-26,0.5948,0.5962,0.5874,0.5885,4667
2003-09-28,0.5885,0.5948,0.5859,0.5901,161
2003-09-29,0.5885,0.5977,0.5859,0.5944,5317
2003-09-30,0.5944,0.6014,0.5921,0.5957,5521
2003-10-01,0.5958,0.6017,0.5946,0.6,5542
2003-10-02,0.5999,0.602,0.5907,0.5986,5452
2003-10-03,0.5984,0.6002,0.5905,0.5925,5482
2003-10-05,0.592,0.5963,0.5916,0.5925,136
2003-10-06,0.592,0.5996,0.5917,0.5947,4971
2003-10-07,0.5951,0.6,0.5942,0.5986,5304
2003-10-08,0.5986,0.6041,0.5961,0.5983,4751
2003-10-09,0.5982,0.6046,0.5948,0.5982,5146
2003-10-10,0.5982,0.6024,0.5972,0.6,4213
2003-10-12,0.6007,0.6015,0.5943,0.6005,140
2003-10-13,0.6007,0.6015,0.5924,0.596,4662
2003-10-14,0.5961,0.5988,0.5915,0.5952,4888
2003-10-15,0.5955,0.5977,0.5913,0.594,4864
2003-10-16,0.5949,0.5987,0.5925,0.594,4666
2003-10-17,0.5942,0.5988,0.5924,0.5969,3935
2003-10-19,0.598,0.5985,0.5927,0.5974,147
2003-10-20,0.598,0.6047,0.5925,0.597,4427
2003-10-21,0.5964,0.6076,0.5946,0.6037,5128
2003-10-22,0.6036,0.6125,0.6005,0.6068,5042
2003-10-23,0.6068,0.6126,0.6059,0.61,5778
2003-10-24,0.6101,0.6117,0.6072,0.6099,4321
2003-10-26,0.6077,0.6122,0.6066,0.6092,238
2003-10-27,0.609,0.6137,0.6077,0.6119,4677
2003-10-28,0.6121,0.6156,0.609,0.6121,5437
2003-10-29,0.6122,0.6166,0.6101,0.6114,5155
2003-10-30,0.6116,0.6169,0.6086,0.6104,5448
2003-10-31,0.6105,0.6164,0.609,0.6136,4420
2003-11-02,0.613,0.6156,0.6061,0.6136,144
2003-11-03,0.613,0.6158,0.6054,0.6073,5829
2003-11-04,0.6061,0.6193,0.6054,0.6141,5000
2003-11-05,0.6141,0.6194,0.6122,0.6154,5899
2003-11-06,0.6153,0.6196,0.6118,0.6129,5030
2003-11-07,0.6129,0.6183,0.6117,0.6166,5033
2003-11-09,0.6165,0.6229,0.616,0.6176,127
2003-11-10,0.6179,0.6269,0.6167,0.6222,4611
2003-11-11,0.6226,0.6281,0.6212,0.6251,4844
2003-11-12,0.626,0.6316,0.6238,0.6274,5432
2003-11-13,0.6275,0.6324,0.6259,0.6299,5147
2003-11-14,0.631,0.6327,0.6291,0.6317,4765
2003-11-16,0.6317,0.6335,0.6251,0.6327,184
2003-11-17,0.6317,0.638,0.6249,0.6253,5711
2003-11-18,0.6252,0.6395,0.625,0.6371,5665
2003-11-19,0.6378,0.6463,0.6338,0.6368,5804
2003-11-20,0.6368,0.6467,0.6363,0.6389,5929
2003-11-21,0.6392,0.6439,0.6385,0.6421,5227
2003-11-23,0.6423,0.6423,0.6358,0.641,162
2003-11-24,0.6423,0.6425,0.6352,0.6364,5369
2003-11-25,0.6365,0.6428,0.6352,0.6376,5839
2003-11-26,0.6364,0.6441,0.6359,0.6416,5757
2003-11-27,0.6421,0.6441,0.6375,0.6395,5364
2003-11-28,0.6398,0.6421,0.6376,0.6396,5740
2003-11-30,0.6406,0.6497,0.6395,0.6404,245
2003-12-01,0.6406,0.6497,0.6395,0.6428,5242
2003-12-02,0.6427,0.6512,0.6419,0.6462,5217
2003-12-03,0.646,0.6511,0.6429,0.646,5445
2003-12-04,0.6461,0.6507,0.6428,0.6454,5359
2003-12-05,0.6459,0.6462,0.6428,0.6452,4511
2003-12-07,0.6457,0.6486,0.6445,0.6448,130
2003-12-08,0.6457,0.6495,0.6444,0.6471,4498
2003-12-09,0.6472,0.6497,0.6452,0.6484,4913
2003-12-10,0.6485,0.6495,0.6411,0.6474,5036
2003-12-11,0.6473,0.6494,0.6413,0.6475,5134
2003-12-12,0.6476,0.6499,0.6461,0.6468,4415
2003-12-14,0.6443,0.6495,0.6437,0.6451,122
2003-12-15,0.6443,0.6523,0.6438,0.6493,4357
2003-12-16,0.649,0.6526,0.6443,0.6508,4954
2003-12-17,0.6503,0.6518,0.643,0.6464,5353
2003-12-18,0.6468,0.6506,0.6426,0.6485,5564
2003-12-19,0.6488,0.6492,0.6425,0.6444,4816
2003-12-21,0.6435,0.6451,0.6403,0.6424,203
2003-12-22,0.6424,0.6457,0.6398,0.641,4808
2003-12-23,0.6409,0.648,0.6394,0.6433,4921
2003-12-24,0.6435,0.6483,0.6429,0.6473,3244
2003-12-25,0.647,0.6486,0.6462,0.6471,524
2003-12-26,0.6469,0.6486,0.6459,0.6463,2157
2003-12-28,0.6468,0.652,0.6451,0.6478,211
2003-12-29,0.6479,0.6546,0.6471,0.6505,4251
2003-12-30,0.6504,0.6567,0.6501,0.656,4518
2003-12-31,0.6559,0.6572,0.6529,0.6557,3825
2004-01-01,0.6568,0.6595,0.6525,0.6549,273
2004-01-02,0.6543,0.6598,0.6525,0.6594,3932
2004-01-04,0.6595,0.6733,0.659,0.6616,297
2004-01-05,0.6616,0.6747,0.6611,0.6704,5273
2004-01-06,0.6704,0.6749,0.6678,0.6708,5484
2004-01-07,0.6707,0.6779,0.6676,0.6705,5257
2004-01-08,0.6708,0.6827,0.6693,0.6773,5661
2004-01-09,0.6779,0.683,0.6753,0.682,5309
2004-01-11,0.6823,0.6848,0.6789,0.6825,255
2004-01-12,0.6826,0.6871,0.6787,0.68,6098
2004-01-13,0.6801,0.6874,0.6788,0.6846,6961
2004-01-14,0.685,0.6855,0.6708,0.6798,6515
2004-01-15,0.6798,0.6805,0.6632,0.6726,6902
2004-01-16,0.6727,0.6738,0.6632,0.6656,6592
2004-01-18,0.6637,0.6661,0.6522,0.6614,449
2004-01-19,0.6611,0.6688,0.6522,0.6546,6680
2004-01-20,0.6547,0.6749,0.6544,0.6662,7470
2004-01-21,0.6663,0.6791,0.6651,0.6716,6624
2004-01-22,0.6722,0.6795,0.6693,0.6767,6437
2004-01-23,0.6769,0.6798,0.6713,0.6724,6179
2004-01-25,0.6709,0.6759,0.6685,0.6715,233
2004-01-26,0.6714,0.6798,0.6678,0.6691,6553
2004-01-27,0.669,0.6801,0.6678,0.6779,6943
2004-01-28,0.6781,0.6801,0.6655,0.6734,7687
2004-01-29,0.6735,0.6776,0.6637,0.6693,8123
2004-01-30,0.6694,0.6747,0.6636,0.6747,6829
2004-02-01,0.6731,0.6774,0.6705,0.6732,214
2004-02-02,0.6731,0.6817,0.6704,0.6728,6381
2004-02-03,0.6726,0.6845,0.6724,0.6794,7276
2004-02-04,0.6811,0.6905,0.6773,0.6816,6662
2004-02-05,0.6815,0.6948,0.6802,0.6855,6550
2004-02-06,0.6858,0.6953,0.6839,0.6949,6178
2004-02-08,0.6887,0.6969,0.6881,0.6887,282
2004-02-09,0.6887,0.7005,0.6882,0.6959,6812
2004-02-10,0.6961,0.7018,0.6921,0.6962,6458
2004-02-11,0.6963,0.702,0.6921,0.6994,7271
2004-02-12,0.6994,0.7061,0.6963,0.6981,6434
2004-02-13,0.6983,0.7061,0.6966,0.7009,6522
2004-02-15,0.7012,0.7086,0.701,0.7014,204
2004-02-16,0.7015,0.7099,0.701,0.7055,5723
2004-02-17,0.7051,0.7101,0.6985,0.7081,7557
2004-02-18,0.7081,0.7091,0.6983,0.7002,8408
2004-02-19,0.7,0.7036,0.6741,0.7028,8528
2004-02-20,0.7032,0.7038,0.6739,0.6834,9774
2004-02-22,0.6832,0.6872,0.6768,0.6812,470
2004-02-23,0.6811,0.6932,0.6764,0.6841,8944
2004-02-24,0.6841,0.696,0.6783,0.6903,8965
2004-02-25,0.6901,0.6964,0.6837,0.6863,9122
2004-02-26,0.6871,0.6933,0.6802,0.6872,8521
2004-02-27,0.687,0.6888,0.6798,0.6863,8054
2004-02-29,0.6868,0.6951,0.6863,0.688,347
2004-03-01,0.688,0.6953,0.6786,0.6902,8139
2004-03-02,0.6903,0.6926,0.6619,0.675,9068
2004-03-03,0.6749,0.6775,0.6617,0.6677,11068
2004-03-04,0.6677,0.6787,0.6656,0.6665,8993
2004-03-05,0.6668,0.6789,0.6653,0.674,8297
2004-03-07,0.6756,0.6788,0.6713,0.6751,338
2004-03-08,0.6751,0.6844,0.6708,0.6795,8377
2004-03-09,0.6796,0.6847,0.6557,0.6765,9171
2004-03-10,0.6777,0.6788,0.642,0.6605,10629
2004-03-11,0.6605,0.6609,0.6341,0.6456,11495
2004-03-12,0.6457,0.6474,0.6337,0.644,9468
2004-03-14,0.6417,0.6482,0.6398,0.6427,343
2004-03-15,0.643,0.6526,0.6393,0.6465,8519
2004-03-16,0.6462,0.6546,0.6456,0.6503,8159
2004-03-17,0.6501,0.6619,0.6461,0.6504,9093
2004-03-18,0.6503,0.6627,0.6498,0.6586,8764
2004-03-19,0.6586,0.6593,0.6521,0.6564,8109
2004-03-21,0.6553,0.6646,0.6515,0.6553,409
2004-03-22,0.6552,0.6651,0.6519,0.6615,7778
2004-03-23,0.6618,0.6632,0.6507,0.6608,8384
2004-03-24,0.6607,0.6619,0.6447,0.6513,9268
2004-03-25,0.6515,0.653,0.642,0.6473,8933
2004-03-26,0.6471,0.6529,0.6416,0.6515,8015
2004-03-28,0.6501,0.6536,0.6465,0.6481,398
2004-03-29,0.6478,0.6589,0.647,0.6508,7909
2004-03-30,0.6508,0.6689,0.6503,0.6568,8408
2004-03-31,0.6571,0.6705,0.6567,0.668,8587
2004-04-01,0.6679,0.6706,0.6565,0.6681,8475
2004-04-02,0.6681,0.6683,0.6563,0.6592,7081
2004-04-04,0.6574,0.6621,0.6481,0.6558,477
2004-04-05,0.6557,0.6596,0.6472,0.6512,7954
2004-04-06,0.6512,0.6638,0.6468,0.656,8491
2004-04-07,0.6564,0.6639,0.6524,0.6592,7556
2004-04-08,0.6593,0.6623,0.6554,0.6577,7328
2004-04-09,0.6582,0.6612,0.6566,0.6601,3659
2004-04-11,0.6607,0.6639,0.6594,0.6602,87
2004-04-12,0.6601,0.6644,0.6523,0.6629,5352
2004-04-13,0.6625,0.6647,0.6303,0.6523,8096
2004-04-14,0.6523,0.6533,0.6299,0.6346,8956
2004-04-15,0.6347,0.6429,0.6322,0.6388,8357
2004-04-16,0.6389,0.6431,0.635,0.6393,7582
2004-04-18,0.6414,0.6483,0.6397,0.6401,257
2004-04-19,0.6414,0.6487,0.6281,0.6432,6971
2004-04-20,0.6433,0.6442,0.6185,0.6286,8280
2004-04-21,0.6287,0.6298,0.6182,0.6213,8939
2004-04-22,0.6217,0.6322,0.6182,0.6284,8359
2004-04-23,0.6285,0.6325,0.6237,0.6277,6466
2004-04-25,0.6267,0.6313,0.6242,0.6251,236
2004-04-26,0.6251,0.6316,0.6239,0.63,6434
2004-04-27,0.6303,0.6322,0.6208,0.6304,6592
2004-04-28,0.6305,0.6327,0.6144,0.623,6657
2004-04-29,0.6231,0.6279,0.6141,0.6209,8064
2004-04-30,0.6203,0.6281,0.6193,0.6261,6490
2004-05-02,0.6274,0.6285,0.6236,0.6277,229
2004-05-03,0.6277,0.6337,0.624,0.6252,6184
2004-05-04,0.6256,0.6382,0.6244,0.6325,6715
2004-05-05,0.6324,0.6384,0.6299,0.636,7363
2004-05-06,0.6359,0.6369,0.6166,0.6301,7482
2004-05-07,0.6301,0.6308,0.6162,0.6177,7442
2004-05-09,0.6165,0.6173,0.6016,0.6165,415
2004-05-10,0.6165,0.617,0.6012,0.6054,8443
2004-05-11,0.6055,0.6158,0.6015,0.608,7926
2004-05-12,0.608,0.616,0.5981,0.612,8250
2004-05-13,0.6119,0.6133,0.5963,0.5997,8092
2004-05-14,0.5998,0.6061,0.5961,0.6046,6359
2004-05-16,0.6051,0.6077,0.5939,0.6035,358
2004-05-17,0.6034,0.608,0.5914,0.5968,7390
2004-05-18,0.5968,0.6106,0.5911,0.5987,8179
2004-05-19,0.5987,0.6109,0.5982,0.6067,7728
2004-05-20,0.6073,0.6145,0.6016,0.6082,7480
2004-05-21,0.6077,0.6147,0.6063,0.6097,7035
2004-05-23,0.6094,0.6114,0.6067,0.6096,283
2004-05-24,0.6095,0.6192,0.6064,0.6086,6706
2004-05-25,0.6084,0.6233,0.6078,0.617,7239
2004-05-26,0.6166,0.6373,0.6165,0.6215,7527
2004-05-27,0.6212,0.6377,0.6202,0.6337,8054
2004-05-28,0.6338,0.6356,0.628,0.6331,7217
2004-05-30,0.6314,0.6343,0.6285,0.6308,243
2004-05-31,0.6308,0.6375,0.6273,0.6339,5948
2004-06-01,0.6338,0.6379,0.6203,0.6293,7675
2004-06-02,0.6291,0.6319,0.6155,0.6225,8232
2004-06-03,0.6228,0.627,0.6163,0.6184,7951
2004-06-04,0.6186,0.6239,0.6172,0.6231,7423
2004-06-06,0.623,0.6346,0.623,0.6257,279
2004-06-07,0.6259,0.6348,0.6235,0.6323,7140
2004-06-08,0.6323,0.6339,0.6162,0.6272,6791
2004-06-09,0.6273,0.6352,0.6161,0.6213,7825
2004-06-10,0.6214,0.6354,0.6188,0.6334,8000
2004-06-11,0.6339,0.635,0.6261,0.6288,6418
2004-06-13,0.6285,0.6306,0.6214,0.6256,339
2004-06-14,0.6257,0.6401,0.6204,0.6248,7302
2004-06-15,0.6248,0.6401,0.6202,0.6359,8028
2004-06-16,0.6358,0.6374,0.6213,0.6279,7505
2004-06-17,0.6289,0.6316,0.6193,0.621,7725
2004-06-18,0.6213,0.6284,0.619,0.627,6336
2004-06-20,0.6271,0.6303,0.626,0.6276,281
2004-06-21,0.6279,0.6305,0.6231,0.6301,6539
2004-06-22,0.6299,0.6307,0.6229,0.6279,6559
2004-06-23,0.6284,0.6356,0.6225,0.6247,6866
2004-06-24,0.6246,0.6403,0.6237,0.6356,7223
2004-06-25,0.6358,0.6406,0.6328,0.637,6816
2004-06-27,0.6363,0.6437,0.6355,0.6361,295
2004-06-28,0.6361,0.6439,0.6305,0.6416,7388
2004-06-29,0.642,0.6421,0.6267,0.6317,7290
2004-06-30,0.6314,0.6425,0.6265,0.6358,7737
2004-07-01,0.6357,0.6497,0.6345,0.6409,7679
2004-07-02,0.6408,0.6497,0.637,0.6481,6765
2004-07-04,0.6478,0.649,0.6461,0.6474,150
2004-07-05,0.6478,0.6548,0.6458,0.6483,5971
2004-07-06,0.6485,0.6574,0.6474,0.6496,7118
2004-07-07,0.6497,0.6579,0.6489,0.6568,6969
2004-07-08,0.6568,0.6591,0.6525,0.6571,7053
2004-07-09,0.6569,0.6592,0.6533,0.6576,6485
2004-07-11,0.6573,0.6623,0.6566,0.6584,259
2004-07-12,0.6585,0.6626,0.6549,0.6597,6795
2004-07-13,0.6598,0.6609,0.6514,0.657,6958
2004-07-14,0.657,0.6597,0.648,0.6529,7113
2004-07-15,0.6529,0.66,0.6475,0.6499,7313
2004-07-16,0.65,0.6602,0.6482,0.6593,6576
2004-07-18,0.6594,0.6611,0.6553,0.6606,250
2004-07-19,0.6607,0.6613,0.6508,0.6549,6350
2004-07-20,0.6547,0.6577,0.6362,0.6525,7797
2004-07-21,0.6527,0.6538,0.6358,0.6388,8150
2004-07-22,0.6388,0.6445,0.6338,0.6406,7476
2004-07-23,0.6411,0.6419,0.6337,0.6357,6165
2004-07-25,0.635,0.6408,0.6335,0.6353,251
2004-07-26,0.6354,0.6409,0.6258,0.6366,7352
2004-07-27,0.6364,0.6408,0.6237,0.6289,7464
2004-07-28,0.6277,0.6355,0.6234,0.6289,8500
2004-07-29,0.6293,0.6393,0.6284,0.6329,7836
2004-07-30,0.6328,0.6396,0.6294,0.6373,7047
2004-08-01,0.6379,0.6425,0.6356,0.6362,267
2004-08-02,0.6379,0.6479,0.6356,0.638,6580
2004-08-03,0.6396,0.6481,0.6364,0.6458,7394
2004-08-04,0.647,0.6471,0.6412,0.6458,6986
2004-08-05,0.6458,0.6556,0.642,0.6424,6874
2004-08-06,0.6424,0.656,0.6416,0.654,6388
2004-08-08,0.6526,0.6553,0.6522,0.6525,200
2004-08-09,0.6527,0.6566,0.6492,0.6543,6896
2004-08-10,0.6529,0.6567,0.6472,0.6524,6795
2004-08-11,0.6521,0.6595,0.6471,0.6544,6936
2004-08-12,0.6541,0.6669,0.6524,0.6576,7065
2004-08-13,0.6575,0.6674,0.6517,0.6664,7897
2004-08-15,0.6641,0.6672,0.6629,0.6654,219
2004-08-16,0.6655,0.6678,0.6626,0.6645,6356
2004-08-17,0.6645,0.668,0.6618,0.6638,6873
2004-08-18,0.6639,0.6725,0.6614,0.6639,6954
2004-08-19,0.6639,0.6747,0.6623,0.6722,7499
2004-08-20,0.6708,0.6749,0.6679,0.674,7621
2004-08-22,0.6723,0.6732,0.6604,0.6723,398
2004-08-23,0.6724,0.6734,0.6459,0.6621,7248
2004-08-24,0.6622,0.6628,0.6453,0.6473,8887
2004-08-25,0.6475,0.6549,0.6451,0.6494,7749
2004-08-26,0.6487,0.6586,0.6481,0.6503,7258
2004-08-27,0.6517,0.6589,0.6502,0.6529,7431
2004-08-29,0.6531,0.6546,0.6464,0.6544,304
2004-08-30,0.6543,0.6579,0.646,0.6494,6556
2004-08-31,0.6495,0.6592,0.6485,0.6551,6542
2004-09-01,0.6555,0.6594,0.6473,0.6546,6277
2004-09-02,0.6548,0.6559,0.6443,0.6468,7567
2004-09-03,0.6467,0.6544,0.6441,0.6482,7319
2004-09-05,0.6467,0.6513,0.6464,0.6472,218
2004-09-06,0.6473,0.6514,0.6444,0.6497,5692
2004-09-07,0.6497,0.651,0.6413,0.6463,7453
2004-09-08,0.6458,0.6558,0.6411,0.6536,8124
2004-09-09,0.6537,0.6608,0.6498,0.6532,8136
2004-09-10,0.6533,0.6607,0.6505,0.6561,6773
2004-09-12,0.6561,0.6581,0.6553,0.6558,182
2004-09-13,0.6561,0.6638,0.6551,0.6582,5137
2004-09-14,0.6584,0.6641,0.6562,0.6631,5883
2004-09-15,0.6631,0.6639,0.6544,0.6571,6162
2004-09-16,0.6571,0.6628,0.6542,0.6611,6466
2004-09-17,0.6611,0.6631,0.6577,0.6604,5260
2004-09-19,0.6605,0.6619,0.6587,0.6601,195
2004-09-20,0.66,0.6642,0.6584,0.6614,5230
2004-09-21,0.6615,0.6652,0.6597,0.6642,5480
2004-09-22,0.664,0.6687,0.6603,0.6622,6132
2004-09-23,0.6622,0.6692,0.6618,0.6676,6609
2004-09-24,0.6675,0.6694,0.6656,0.6682,5426
2004-09-26,0.6684,0.6689,0.6639,0.6683,195
2004-09-27,0.6682,0.6708,0.6636,0.6675,5821
2004-09-28,0.6676,0.6709,0.6658,0.6698,5850
2004-09-29,0.6699,0.6783,0.6672,0.6698,6286
2004-09-30,0.6707,0.6789,0.6681,0.6765,6526
2004-10-01,0.6766,0.679,0.6697,0.6753,6306
2004-10-03,0.6715,0.6731,0.6675,0.6727,131
2004-10-04,0.6715,0.6747,0.6672,0.6685,5825
2004-10-05,0.6684,0.6763,0.668,0.673,6163
2004-10-06,0.673,0.6781,0.6701,0.674,6156
2004-10-07,0.6741,0.6867,0.6731,0.6766,6087
2004-10-08,0.6767,0.6868,0.6749,0.6845,6232
2004-10-10,0.6841,0.6855,0.6811,0.6842,265
2004-10-11,0.6843,0.6845,0.6767,0.682,5324
2004-10-12,0.6821,0.6826,0.6713,0.6769,5848
2004-10-13,0.677,0.6836,0.6712,0.6774,6541
2004-10-14,0.6775,0.6898,0.6754,0.6819,6642
2004-10-15,0.6817,0.69,0.6807,0.6866,6454
2004-10-17,0.6856,0.6894,0.6847,0.6866,292
2004-10-18,0.6865,0.6895,0.6823,0.6843,5843
2004-10-19,0.6854,0.6936,0.6822,0.6853,6565
2004-10-20,0.6852,0.6954,0.6847,0.69,6656
2004-10-21,0.6899,0.6972,0.6899,0.6938,6717
2004-10-22,0.6939,0.6973,0.6908,0.6952,5617
2004-10-24,0.6972,0.7054,0.6963,0.6971,344
2004-10-25,0.6972,0.7057,0.6955,0.7006,6579
2004-10-26,0.7006,0.7021,0.6859,0.6974,6576
2004-10-27,0.6974,0.7018,0.6782,0.6874,7653
2004-10-28,0.6875,0.6912,0.678,0.6834,7793
2004-10-29,0.6832,0.6862,0.6812,0.684,6462
2004-10-31,0.6866,0.6883,0.6822,0.6873,279
2004-11-01,0.6873,0.6875,0.6815,0.6826,6149
2004-11-02,0.6829,0.6913,0.6811,0.686,6713
2004-11-03,0.6861,0.6927,0.6824,0.6905,7294
2004-11-04,0.6904,0.6961,0.6847,0.6908,6147
2004-11-05,0.6909,0.6961,0.6846,0.6941,6092
2004-11-07,0.6972,0.6972,0.6907,0.6953,300
2004-11-08,0.6952,0.6966,0.6884,0.6914,6189
2004-11-09,0.6913,0.6955,0.682,0.6889,6466
2004-11-10,0.6891,0.6898,0.6819,0.6847,6851
2004-11-11,0.6847,0.6953,0.6827,0.6882,6077
2004-11-12,0.6881,0.6956,0.6878,0.6937,6130
2004-11-14,0.6933,0.7018,0.693,0.6943,250
2004-11-15,0.6942,0.7028,0.6941,0.6997,6499
2004-11-16,0.6996,0.71,0.6969,0.6989,6611
2004-11-17,0.6991,0.7122,0.6986,0.7073,7082
2004-11-18,0.7072,0.7127,0.7014,0.7047,7323
2004-11-19,0.7048,0.7129,0.7014,0.7084,6287
2004-11-21,0.71,0.712,0.7082,0.7103,208
2004-11-22,0.7106,0.7152,0.7043,0.7097,6327
2004-11-23,0.7098,0.7154,0.7042,0.7135,7166
2004-11-24,0.7138,0.7182,0.7079,0.7117,6510
2004-11-25,0.7108,0.7208,0.71,0.7166,5796
2004-11-26,0.7165,0.721,0.7121,0.7161,6938
2004-11-28,0.7165,0.7192,0.7142,0.7152,292
2004-11-29,0.7152,0.7193,0.7093,0.7145,7278
2004-11-30,0.7146,0.7201,0.7094,0.7158,8666
2004-12-01,0.7158,0.7259,0.7128,0.7191,7325
2004-12-02,0.7191,0.726,0.715,0.716,7931
2004-12-03,0.7161,0.7233,0.7152,0.7207,6694
2004-12-05,0.7215,0.7268,0.7188,0.7214,312
2004-12-06,0.7211,0.7269,0.7164,0.7189,6938
2004-12-07,0.719,0.7261,0.702,0.7185,7484
2004-12-08,0.7183,0.7186,0.7016,0.7128,9452
2004-12-09,0.7127,0.7154,0.6969,0.7087,8986
2004-12-10,0.7087,0.7092,0.6968,0.7025,7387
2004-12-12,0.7016,0.7118,0.7012,0.7031,337
2004-12-13,0.7031,0.7141,0.7028,0.7099,7111
2004-12-14,0.7098,0.7198,0.7074,0.7097,6920
2004-12-15,0.7093,0.7207,0.707,0.718,6901
2004-12-16,0.7177,0.7209,0.707,0.7099,7678
2004-12-17,0.7098,0.7157,0.7092,0.7123,6568
2004-12-19,0.7148,0.7191,0.7124,0.7152,279
2004-12-20,0.7152,0.7193,0.7086,0.7107,6438
2004-12-21,0.7105,0.7159,0.7084,0.7105,6663
2004-12-22,0.7104,0.7151,0.71,0.7114,6278
2004-12-23,0.7114,0.7178,0.7106,0.7135,5789
2004-12-24,0.7135,0.7179,0.7125,0.7177,4812
2004-12-26,0.7171,0.7233,0.7161,0.7166,143
2004-12-27,0.7168,0.7247,0.7162,0.7244,5067
2004-12-28,0.7244,0.7249,0.7108,0.7191,5845
2004-12-29,0.719,0.7212,0.7104,0.7133,7075
2004-12-30,0.7132,0.7225,0.7118,0.7178,6590
2004-12-31,0.7178,0.7225,0.7167,0.7182,5490
2005-01-02,0.7176,0.7206,0.7102,0.7183,232
2005-01-03,0.7176,0.7206,0.7003,0.7139,7434
2005-01-04,0.7137,0.7157,0.695,0.7023,8656
2005-01-05,0.7022,0.7038,0.6939,0.6997,8232
2005-01-06,0.6997,0.7056,0.6923,0.6991,7752
2005-01-07,0.6991,0.7058,0.692,0.6943,7514
2005-01-09,0.6945,0.697,0.6927,0.6953,289
2005-01-10,0.6954,0.7011,0.6926,0.6955,7239
2005-01-11,0.6954,0.7089,0.6934,0.6985,7331
2005-01-12,0.6985,0.7093,0.6932,0.7068,6841
2005-01-13,0.7068,0.7079,0.6966,0.7042,7199
2005-01-14,0.7042,0.7045,0.6962,0.6994,7457
2005-01-16,0.6993,0.701,0.6955,0.6984,233
2005-01-17,0.6984,0.7011,0.6904,0.6946,6573
2005-01-18,0.6945,0.706,0.6902,0.6975,7150
2005-01-19,0.6975,0.7064,0.6974,0.7013,6946
2005-01-20,0.7012,0.7148,0.7006,0.7042,8312
2005-01-21,0.7044,0.7153,0.7041,0.7146,7776
2005-01-23,0.7138,0.7166,0.7128,0.7152,294
2005-01-24,0.715,0.7165,0.7085,0.7152,6854
2005-01-25,0.7152,0.7194,0.7081,0.7107,7483
2005-01-26,0.7107,0.7195,0.7105,0.7167,7341
2005-01-27,0.7167,0.7188,0.7098,0.7165,7518
2005-01-28,0.7166,0.7166,0.7096,0.7116,6349
2005-01-30,0.7105,0.7144,0.7093,0.711,283
2005-01-31,0.7111,0.7148,0.7091,0.7105,6485
2005-02-01,0.7105,0.7148,0.709,0.7122,6248
2005-02-02,0.7121,0.715,0.7079,0.7145,6422
2005-02-03,0.7139,0.7157,0.7076,0.7103,6468
2005-02-04,0.7102,0.7158,0.708,0.7108,6586
2005-02-06,0.7088,0.7089,0.6999,0.7075,246
2005-02-07,0.7073,0.7092,0.6956,0.7011,7412
2005-02-08,0.7011,0.7052,0.6954,0.6987,7383
2005-02-09,0.6987,0.7126,0.6967,0.7042,7442
2005-02-10,0.7043,0.7149,0.7032,0.711,7693
2005-02-11,0.711,0.7151,0.7092,0.7132,7000
2005-02-13,0.7139,0.7181,0.7118,0.7128,459
2005-02-14,0.7129,0.7181,0.7123,0.715,7460
2005-02-15,0.715,0.7176,0.7098,0.7142,7306
2005-02-16,0.714,0.7198,0.7097,0.7127,7526
2005-02-17,0.7129,0.7248,0.7123,0.7164,6889
2005-02-18,0.7163,0.725,0.716,0.7232,7058
2005-02-20,0.723,0.7279,0.7221,0.7229,364
2005-02-21,0.7228,0.7304,0.7219,0.7255,6886
2005-02-22,0.7258,0.7307,0.7214,0.7281,7225
2005-02-23,0.7284,0.7289,0.7196,0.722,8383
2005-02-24,0.7221,0.7255,0.7185,0.72,8109
2005-02-25,0.7199,0.724,0.7184,0.7227,7315
2005-02-27,0.7212,0.7297,0.7211,0.723,334
2005-02-28,0.723,0.7298,0.7221,0.7262,7326
2005-03-01,0.7265,0.728,0.7216,0.7253,7618
2005-03-02,0.7254,0.7296,0.7214,0.7266,8147
2005-03-03,0.7265,0.7366,0.7242,0.7269,6707
2005-03-04,0.7269,0.7368,0.726,0.7329,6799
2005-03-06,0.7331,0.7359,0.7325,0.7344,211
2005-03-07,0.7346,0.7407,0.7325,0.7363,5993
2005-03-08,0.7362,0.7415,0.7318,0.7387,6826
2005-03-09,0.7384,0.7449,0.7317,0.7382,8336
2005-03-10,0.7379,0.745,0.7354,0.7369,8913
2005-03-11,0.7371,0.7416,0.7351,0.7396,7463
2005-03-13,0.739,0.7421,0.7358,0.7418,314
2005-03-14,0.7417,0.7445,0.7356,0.7381,5829
2005-03-15,0.7381,0.7466,0.737,0.7397,7818
2005-03-16,0.7398,0.7469,0.7382,0.7446,7127
2005-03-17,0.7445,0.7452,0.7384,0.7424,7173
2005-03-18,0.7423,0.7454,0.7381,0.7446,6501
2005-03-20,0.7429,0.7431,0.7355,0.7427,250
2005-03-21,0.7426,0.7432,0.7299,0.7345,7720
2005-03-22,0.7346,0.7409,0.7146,0.727,8714
2005-03-23,0.7266,0.7295,0.7118,0.7166,8678
2005-03-24,0.7167,0.7193,0.7117,0.7124,7454
2005-03-25,0.7126,0.7154,0.7118,0.7141,4503
2005-03-27,0.7142,0.7147,0.7059,0.7139,137
2005-03-28,0.7142,0.7146,0.7038,0.7055,7136
2005-03-29,0.7055,0.713,0.705,0.7105,7591
2005-03-30,0.7106,0.7152,0.7064,0.7085,7770
2005-03-31,0.7083,0.7162,0.7073,0.7113,8131
2005-04-01,0.7114,0.7163,0.7074,0.7089,8003
2005-04-03,0.7084,0.7096,0.7035,0.7071,306
2005-04-04,0.7071,0.7097,0.7016,0.7064,7233
2005-04-05,0.7063,0.7136,0.7015,0.7094,7837
2005-04-06,0.7093,0.7178,0.7073,0.7111,7636
2005-04-07,0.711,0.7187,0.7099,0.7116,7585
2005-04-08,0.7115,0.7188,0.7106,0.7165,6419
2005-04-10,0.7163,0.722,0.7157,0.7161,274
2005-04-11,0.7162,0.7233,0.7157,0.7203,6954
2005-04-12,0.7202,0.7257,0.7169,0.7217,7214
2005-04-13,0.7218,0.7268,0.7196,0.7261,7214
2005-04-14,0.7261,0.7269,0.7124,0.7158,7996
2005-04-15,0.7158,0.7182,0.7124,0.7154,7253
2005-04-17,0.7161,0.7183,0.711,0.7165,356
2005-04-18,0.7166,0.7251,0.7109,0.7169,7063
2005-04-19,0.717,0.729,0.716,0.7242,7464
2005-04-20,0.7241,0.7294,0.7224,0.7269,7408
2005-04-21,0.727,0.7333,0.7251,0.7262,7212
2005-04-22,0.7262,0.7334,0.7258,0.7324,6478
2005-04-24,0.7323,0.7336,0.7278,0.7325,262
2005-04-25,0.7326,0.7337,0.7223,0.7278,6710
2005-04-26,0.7275,0.7301,0.7194,0.7232,7520
2005-04-27,0.7232,0.73,0.719,0.7234,7591
2005-04-28,0.7231,0.7349,0.722,0.7279,7004
2005-04-29,0.728,0.735,0.7268,0.7302,6160
2005-05-01,0.7303,0.7312,0.7278,0.7304,225
2005-05-02,0.7305,0.7315,0.7242,0.73,5390
2005-05-03,0.7305,0.7343,0.724,0.726,7336
2005-05-04,0.7259,0.7379,0.7256,0.7334,7895
2005-05-05,0.7334,0.7379,0.7304,0.7344,8093
2005-05-06,0.7344,0.7365,0.7311,0.7317,7049
2005-05-08,0.7322,0.7327,0.7286,0.7317,283
2005-05-09,0.7318,0.733,0.7258,0.7305,6899
2005-05-10,0.7306,0.7341,0.7257,0.7321,7320
2005-05-11,0.7324,0.7341,0.7174,0.7271,7601
2005-05-12,0.7271,0.7303,0.7107,0.7162,8071
2005-05-13,0.7162,0.7195,0.7096,0.7096,7011
2005-05-15,0.7122,0.7127,0.7045,0.7109,317
2005-05-16,0.7107,0.7116,0.7041,0.7095,7594
2005-05-17,0.7094,0.7148,0.7046,0.7064,7659
2005-05-18,0.7064,0.715,0.7043,0.7129,8108
2005-05-19,0.7129,0.714,0.7064,0.7095,7689
2005-05-20,0.7093,0.714,0.7064,0.7083,6885
2005-05-22,0.7077,0.7119,0.7062,0.7085,319
2005-05-23,0.7083,0.715,0.7062,0.7107,6649
2005-05-24,0.7106,0.7152,0.71,0.7119,7223
2005-05-25,0.7118,0.7168,0.7087,0.7146,7517
2005-05-26,0.7144,0.717,0.7085,0.7095,7348
2005-05-27,0.7094,0.7158,0.7088,0.7155,6007
2005-05-29,0.7138,0.7149,0.7111,0.7128,335
2005-05-30,0.7129,0.715,0.7033,0.7111,5990
2005-05-31,0.7111,0.7119,0.6954,0.7047,8612
2005-06-01,0.7047,0.7066,0.6952,0.6968,8256
2005-06-02,0.6966,0.7049,0.6964,0.7006,7330
2005-06-03,0.7006,0.7052,0.6979,0.6988,6985
2005-06-05,0.6995,0.7098,0.699,0.6995,352
2005-06-06,0.6996,0.716,0.6992,0.7084,7143
2005-06-07,0.7083,0.7172,0.7069,0.7143,7519
2005-06-08,0.7142,0.7175,0.7098,0.7138,8496
2005-06-09,0.7138,0.7165,0.7053,0.7124,7489
2005-06-10,0.7126,0.7136,0.7052,0.7057,7083
2005-06-12,0.7061,0.7086,0.7032,0.7074,351
2005-06-13,0.7066,0.7117,0.703,0.7054,7321
2005-06-14,0.7053,0.7139,0.7039,0.7074,7416
2005-06-15,0.7073,0.7177,0.707,0.713,7447
2005-06-16,0.713,0.7185,0.7102,0.7142,7876
2005-06-17,0.7139,0.7186,0.7124,0.7164,7535
2005-06-19,0.717,0.7192,0.7138,0.7161,282
2005-06-20,0.716,0.7194,0.7115,0.7158,7343
2005-06-21,0.7159,0.7186,0.7111,0.7167,7840
2005-06-22,0.7166,0.7179,0.706,0.7134,7586
2005-06-23,0.7134,0.7165,0.7033,0.7036,8738
2005-06-24,0.7037,0.7121,0.7031,0.7041,7897
2005-06-26,0.7054,0.7097,0.7047,0.7063,279
2005-06-27,0.7062,0.7099,0.6998,0.7061,7443
2005-06-28,0.706,0.7083,0.6969,0.7018,8141
2005-06-29,0.7016,0.7024,0.693,0.6997,7715
2005-06-30,0.6995,0.7015,0.6807,0.6957,8553
2005-07-01,0.6956,0.6964,0.6805,0.6833,8773
2005-07-03,0.684,0.6845,0.678,0.6813,270
2005-07-04,0.6813,0.6827,0.6737,0.6795,6935
2005-07-05,0.6794,0.6803,0.6715,0.6782,8439
2005-07-06,0.6783,0.6803,0.6693,0.6725,8020
2005-07-07,0.6725,0.6808,0.6686,0.6727,8649
2005-07-08,0.6728,0.675,0.6684,0.6733,7700
2005-07-10,0.6746,0.6804,0.6737,0.6754,293
2005-07-11,0.6755,0.6874,0.6734,0.6785,7417
2005-07-12,0.6783,0.6875,0.6704,0.6837,8469
2005-07-13,0.6836,0.684,0.6702,0.6728,8313
2005-07-14,0.6727,0.6797,0.6715,0.6747,7988
2005-07-15,0.6749,0.6798,0.6713,0.674,6990
2005-07-17,0.6732,0.6791,0.672,0.6746,354
2005-07-18,0.6746,0.6795,0.6718,0.6768,7488
2005-07-19,0.6769,0.6786,0.6716,0.6746,8274
2005-07-20,0.6745,0.6878,0.6713,0.6788,8837
2005-07-21,0.6788,0.6887,0.677,0.6846,9687
2005-07-22,0.6847,0.6888,0.6834,0.6855,8374
2005-07-24,0.6842,0.6854,0.6811,0.6829,190
2005-07-25,0.6829,0.6854,0.6805,0.6843,7286
2005-07-26,0.6843,0.6855,0.6776,0.6803,8453
2005-07-27,0.6804,0.6849,0.677,0.6802,8751
2005-07-28,0.6799,0.6852,0.677,0.6833,8050
2005-07-29,0.6834,0.6852,0.6793,0.681,7142
2005-07-31,0.6794,0.6865,0.678,0.6787,319
2005-08-01,0.679,0.6884,0.6783,0.6832,7215
2005-08-02,0.6833,0.6922,0.683,0.6869,7477
2005-08-03,0.6869,0.6926,0.6851,0.691,7171
2005-08-04,0.6914,0.693,0.6877,0.6912,7448
2005-08-05,0.6909,0.6932,0.6875,0.6903,8079
2005-08-07,0.6896,0.6949,0.6889,0.6895,338
2005-08-08,0.6895,0.696,0.689,0.6927,7737
2005-08-09,0.6925,0.6965,0.6894,0.6926,7221
2005-08-10,0.6927,0.7057,0.6905,0.6969,7697
2005-08-11,0.6967,0.7093,0.6965,0.7066,7815
2005-08-12,0.7068,0.7096,0.7038,0.7069,7707
2005-08-14,0.7075,0.7111,0.7042,0.71,498
2005-08-15,0.7107,0.7109,0.7023,0.7052,7825
2005-08-16,0.7051,0.7071,0.7,0.7044,7769
2005-08-17,0.7045,0.7052,0.6943,0.7005,8293
2005-08-18,0.7004,0.7017,0.692,0.6961,7392
2005-08-19,0.6961,0.6977,0.692,0.6941,7880
2005-08-21,0.6946,0.6982,0.692,0.6938,306
2005-08-22,0.6937,0.6989,0.6919,0.6972,7178
2005-08-23,0.6971,0.7002,0.6939,0.698,6777
2005-08-24,0.698,0.7009,0.6935,0.6954,7207
2005-08-25,0.6954,0.701,0.6942,0.6984,7118
2005-08-26,0.6983,0.6993,0.694,0.6952,6774
2005-08-28,0.6956,0.6981,0.6927,0.6946,274
2005-08-29,0.6947,0.6981,0.6868,0.6944,7498
2005-08-30,0.6943,0.6966,0.6867,0.6876,8205
2005-08-31,0.6875,0.7062,0.6866,0.6952,8234
2005-09-01,0.695,0.709,0.6938,0.7048,7829
2005-09-02,0.7049,0.7091,0.7027,0.7062,7504
2005-09-04,0.7066,0.7121,0.7049,0.7063,253
2005-09-05,0.7066,0.7123,0.7049,0.7095,7359
2005-09-06,0.7092,0.7103,0.7034,0.709,7374
2005-09-07,0.7088,0.7099,0.7028,0.7041,7909
2005-09-08,0.7036,0.7085,0.7028,0.7049,7748
2005-09-09,0.7048,0.7085,0.7031,0.7073,7487
2005-09-11,0.709,0.709,0.7021,0.7079,217
2005-09-12,0.7081,0.709,0.701,0.7031,7387
2005-09-13,0.7029,0.7105,0.7007,0.7045,7919
2005-09-14,0.7044,0.711,0.7038,0.7081,8071
2005-09-15,0.7082,0.7088,0.7027,0.7056,7472
2005-09-16,0.7057,0.7078,0.7026,0.7047,7176
2005-09-18,0.7006,0.7019,0.6971,0.7001,359
2005-09-19,0.6999,0.7031,0.697,0.7003,7475
2005-09-20,0.7003,0.7034,0.6952,0.6963,11692
2005-09-21,0.6962,0.7024,0.6913,0.7004,11711
2005-09-22,0.7007,0.7016,0.6854,0.6938,11014
2005-09-23,0.6938,0.6948,0.6854,0.6873,7994
2005-09-25,0.6861,0.6883,0.6832,0.6858,3211
2005-09-26,0.6859,0.6884,0.6781,0.6851,11475
2005-09-27,0.6851,0.688,0.678,0.6804,11994
2005-09-28,0.6806,0.694,0.6787,0.69,11241
2005-09-29,0.69,0.6945,0.688,0.6898,10515
2005-09-30,0.6897,0.6945,0.6894,0.692,7715
2005-10-02,0.6929,0.6936,0.689,0.6928,2618
2005-10-03,0.6929,0.6975,0.6891,0.6921,9746
2005-10-04,0.6919,0.699,0.6911,0.6968,10174
2005-10-05,0.6971,0.7006,0.6924,0.6945,10963
2005-10-06,0.6945,0.7015,0.6939,0.6972,10611
2005-10-07,0.6973,0.7016,0.6942,0.696,10295
2005-10-09,0.6949,0.7002,0.6945,0.6948,1644
2005-10-10,0.6947,0.7003,0.6913,0.6974,9014
2005-10-11,0.6974,0.6992,0.691,0.6918,9613
2005-10-12,0.6918,0.6986,0.6881,0.6972,10424
2005-10-13,0.6972,0.6978,0.6882,0.692,11415
2005-10-14,0.692,0.6982,0.6894,0.6962,7885
2005-10-16,0.6966,0.6991,0.6945,0.6962,2850
2005-10-17,0.6961,0.6996,0.6934,0.6958,10366
2005-10-18,0.6958,0.6992,0.6924,0.6949,9934
2005-10-19,0.6949,0.702,0.6927,0.6969,10035
2005-10-20,0.6968,0.7043,0.6967,0.7,10103
2005-10-21,0.7,0.7047,0.6987,0.6998,7162
2005-10-23,0.6989,0.704,0.6987,0.6994,2349
2005-10-24,0.6995,0.7061,0.6992,0.7037,9510
2005-10-25,0.7036,0.7069,0.7,0.7056,10225
2005-10-26,0.706,0.7087,0.6989,0.7003,10890
2005-10-27,0.7003,0.7091,0.7001,0.707,10413
2005-10-28,0.707,0.709,0.7028,0.7028,7078
2005-10-30,0.7023,0.7055,0.6985,0.7029,2423
2005-10-31,0.703,0.7057,0.6964,0.6999,9905
2005-11-01,0.6999,0.7017,0.6913,0.6964,11360
2005-11-02,0.6964,0.699,0.6867,0.692,10573
2005-11-03,0.692,0.6951,0.6807,0.6897,10499
2005-11-04,0.6898,0.6903,0.6811,0.6834,7754
2005-11-06,0.6823,0.6847,0.678,0.6819,2778
2005-11-07,0.6819,0.6847,0.6738,0.6804,10862
2005-11-08,0.6803,0.6885,0.674,0.6822,10509
2005-11-09,0.6823,0.6908,0.6804,0.6877,10520
2005-11-10,0.6874,0.6912,0.6849,0.6858,9905
2005-11-11,0.6858,0.6894,0.6852,0.6866,6231
2005-11-13,0.686,0.6877,0.6777,0.6865,2530
2005-11-14,0.6864,0.6881,0.6778,0.6804,10021
2005-11-15,0.6802,0.6862,0.6798,0.6847,9887
2005-11-16,0.6847,0.6886,0.6819,0.6846,9816
2005-11-17,0.6845,0.6889,0.6835,0.6875,9944
2005-11-18,0.6874,0.688,0.6844,0.6864,7258
2005-11-20,0.6872,0.6917,0.6866,0.6887,2388
2005-11-21,0.6887,0.6927,0.6838,0.6893,10365
2005-11-22,0.6894,0.6939,0.6839,0.6918,10564
2005-11-23,0.6918,0.696,0.6899,0.6938,9744
2005-11-24,0.6937,0.6975,0.6931,0.6947,9075
2005-11-25,0.6948,0.6978,0.6935,0.6966,7449
2005-11-27,0.6948,0.707,0.6946,0.6971,3220
2005-11-28,0.697,0.7074,0.6949,0.7039,10958
2005-11-29,0.7037,0.7052,0.6991,0.7012,10770
2005-11-30,0.7012,0.7057,0.7002,0.7044,10308
2005-12-01,0.7044,0.7137,0.7031,0.7052,10052
2005-12-02,0.7054,0.7141,0.7046,0.7126,7758
2005-12-04,0.7121,0.7198,0.7119,0.7134,2738
2005-12-05,0.7134,0.7202,0.7129,0.7189,10026
2005-12-06,0.7188,0.7192,0.7003,0.717,12813
2005-12-07,0.7167,0.7174,0.6964,0.7035,12048
2005-12-08,0.7035,0.7044,0.6965,0.7005,9930
2005-12-09,0.7004,0.7048,0.7001,0.7027,7385
2005-12-11,0.702,0.7117,0.7017,0.703,2434
2005-12-12,0.7031,0.7121,0.703,0.7106,9515
2005-12-13,0.7106,0.7118,0.7048,0.7054,10676
2005-12-14,0.7055,0.7107,0.6905,0.7077,13205
2005-12-15,0.7078,0.709,0.686,0.6916,12330
2005-12-16,0.6916,0.6927,0.6859,0.6906,7842
2005-12-18,0.6893,0.6938,0.6875,0.6895,2256
2005-12-19,0.6895,0.694,0.6806,0.6885,10659
2005-12-20,0.6884,0.6899,0.6766,0.6821,10056
2005-12-21,0.6822,0.6842,0.6713,0.6785,11465
2005-12-22,0.6785,0.6789,0.6702,0.6713,10077
2005-12-23,0.671,0.6759,0.6702,0.6734,7442
2005-12-25,0.6723,0.6763,0.6721,0.6742,1620
2005-12-26,0.674,0.6768,0.671,0.6749,4072
2005-12-27,0.6749,0.6844,0.6711,0.6723,9724
2005-12-28,0.6723,0.6851,0.672,0.6822,9916
2005-12-29,0.6823,0.6852,0.6783,0.6838,9495
2005-12-30,0.6839,0.6857,0.6801,0.6819,6532
2006-01-01,0.6819,0.6836,0.6789,0.6826,477
2006-01-02,0.6819,0.6857,0.6779,0.6815,6349
2006-01-03,0.6807,0.6901,0.678,0.6857,10394
2006-01-04,0.6858,0.6903,0.6832,0.6873,10940
2006-01-05,0.6873,0.6919,0.6832,0.6863,9732
2006-01-06,0.6863,0.6922,0.6833,0.6916,7085
2006-01-08,0.6912,0.6943,0.6899,0.691,2048
2006-01-09,0.6908,0.6951,0.6898,0.6932,9623
2006-01-10,0.6932,0.6979,0.6899,0.6946,10190
2006-01-11,0.6945,0.6996,0.6921,0.6975,10207
2006-01-12,0.6975,0.6998,0.692,0.6938,10133
2006-01-13,0.6938,0.6994,0.693,0.6979,7168
2006-01-15,0.6992,0.7004,0.6952,0.6996,1938
2006-01-16,0.7002,0.7003,0.6891,0.6952,9823
2006-01-17,0.6955,0.6965,0.6847,0.6892,11381
2006-01-18,0.6892,0.6908,0.6766,0.6866,12600
2006-01-19,0.6868,0.6871,0.6766,0.6811,12092
2006-01-20,0.681,0.6828,0.6771,0.6789,8255
2006-01-22,0.6804,0.6856,0.6802,0.6815,2802
2006-01-23,0.6804,0.6857,0.6761,0.6841,14202
2006-01-24,0.6842,0.6884,0.676,0.6824,12712
2006-01-25,0.6824,0.6896,0.6813,0.6868,10861
2006-01-26,0.6868,0.6899,0.6755,0.6844,12686
2006-01-27,0.6844,0.6869,0.6755,0.6811,8745
2006-01-29,0.6802,0.6812,0.68,0.6812,44
2006-01-30,0.6802,0.6886,0.6792,0.6816,6694
2006-01-31,0.6819,0.6886,0.6792,0.688,7560
2006-02-01,0.6881,0.6906,0.6833,0.6851,6165
2006-02-02,0.6843,0.6917,0.6838,0.6903,9131
2006-02-03,0.6904,0.6917,0.685,0.6878,3745
2006-02-05,0.6874,0.6876,0.6805,0.6874,2689
2006-02-06,0.6873,0.6876,0.6775,0.6807,6816
2006-02-07,0.6806,0.6846,0.6773,0.6783,7645
2006-02-08,0.6776,0.6802,0.6741,0.6756,4369
2006-02-09,0.6747,0.6816,0.6736,0.6808,4321
2006-02-10,0.681,0.6836,0.6776,0.6783,4541
2006-02-12,0.6782,0.6807,0.674,0.6786,2532
2006-02-13,0.6782,0.6807,0.674,0.6747,5999
2006-02-14,0.6746,0.6779,0.671,0.6766,4352
2006-02-15,0.6771,0.6799,0.6735,0.6746,3827
2006-02-16,0.6747,0.6747,0.6672,0.6716,4582
2006-02-17,0.6717,0.6719,0.6622,0.6682,7598
2006-02-19,0.6684,0.6694,0.6677,0.6691,84
2006-02-20,0.6684,0.6715,0.6677,0.6703,2299
2006-02-21,0.67,0.6706,0.6599,0.6623,5123
2006-02-22,0.6611,0.6626,0.6562,0.658,4794
2006-02-23,0.6582,0.6623,0.6573,0.6613,4733
2006-02-24,0.6612,0.6649,0.6608,0.6626,3954
2006-02-26,0.6576,0.6582,0.657,0.6576,162
2006-02-27,0.6576,0.6617,0.6571,0.6602,3762
2006-02-28,0.6603,0.667,0.6581,0.6625,6434
2006-03-01,0.6624,0.667,0.662,0.6647,6326
2006-03-02,0.6655,0.6686,0.6639,0.6666,3519
2006-03-03,0.6665,0.6676,0.6639,0.6655,3442
2006-03-05,0.6656,0.6674,0.6654,0.6673,114
2006-03-06,0.6656,0.6675,0.6554,0.6563,4103
2006-03-07,0.656,0.6568,0.647,0.6477,8461
2006-03-08,0.6473,0.6525,0.6472,0.6505,8142
2006-03-09,0.6506,0.6517,0.6455,0.6462,4270
2006-03-10,0.6461,0.6468,0.6399,0.6412,4379
2006-03-12,0.6416,0.6431,0.6416,0.643,80
2006-03-13,0.6429,0.6435,0.6353,0.6366,3833
2006-03-14,0.6364,0.6437,0.632,0.642,4791
2006-03-15,0.643,0.6473,0.6353,0.6453,8592
2006-03-16,0.6463,0.6464,0.6302,0.6403,13408
2006-03-17,0.6402,0.6405,0.6302,0.6347,8565
2006-03-19,0.6344,0.6346,0.6234,0.6322,4313
2006-03-20,0.6321,0.6342,0.6208,0.6238,8457
2006-03-21,0.6239,0.6274,0.6208,0.6247,4546
2006-03-22,0.6243,0.6287,0.6177,0.625,5598
2006-03-23,0.6252,0.6293,0.6148,0.6171,5110
2006-03-24,0.6163,0.6168,0.6077,0.6082,5727
2006-03-26,0.6102,0.6116,0.6048,0.6093,3585
2006-03-27,0.6095,0.6116,0.6048,0.6058,4422
2006-03-28,0.6057,0.6121,0.6015,0.6036,5181
2006-03-29,0.6037,0.6058,0.5992,0.6051,5156
2006-03-30,0.6049,0.6145,0.6041,0.6131,4384
2006-03-31,0.6135,0.6168,0.6092,0.6153,4626
2006-04-02,0.615,0.6177,0.6087,0.6153,3576
2006-04-03,0.615,0.6177,0.6054,0.606,8018
2006-04-04,0.6059,0.6166,0.6012,0.6086,8669
2006-04-05,0.6088,0.6166,0.6084,0.6158,3970
2006-04-06,0.6156,0.6186,0.6119,0.6122,4339
2006-04-07,0.6124,0.6166,0.6075,0.6082,3893
2006-04-09,0.6084,0.6116,0.6066,0.6092,2644
2006-04-10,0.6095,0.6119,0.6066,0.6104,3532
2006-04-11,0.6078,0.6132,0.6061,0.6125,3981
2006-04-12,0.6118,0.626,0.6117,0.6246,8730
2006-04-13,0.6242,0.626,0.6148,0.619,5392
2006-04-14,0.6191,0.6198,0.6159,0.6177,1558
2006-04-16,0.6175,0.6246,0.6174,0.6175,1684
2006-04-17,0.6175,0.6246,0.6174,0.6239,3991
2006-04-18,0.6238,0.6319,0.6234,0.6304,4176
2006-04-19,0.6303,0.6357,0.6239,0.6333,7957
2006-04-20,0.6334,0.6355,0.6239,0.6255,7502
2006-04-21,0.6257,0.6355,0.6243,0.6331,7065
2006-04-23,0.6344,0.6371,0.6267,0.6343,2689
2006-04-24,0.6344,0.6371,0.623,0.628,6217
2006-04-25,0.6284,0.6306,0.623,0.6256,3640
2006-04-26,0.6257,0.6351,0.6254,0.63,7988
2006-04-27,0.6301,0.6387,0.6269,0.6324,6628
2006-04-28,0.6323,0.6387,0.6317,0.6383,3645
2006-04-30,0.6376,0.6427,0.635,0.6372,2584
2006-05-01,0.6376,0.646,0.6338,0.6342,6056
2006-05-02,0.6341,0.6412,0.6337,0.6401,3525
2006-05-03,0.6402,0.6443,0.6362,0.6396,7369
2006-05-04,0.641,0.6437,0.6362,0.6386,10883
2006-05-05,0.6407,0.6435,0.6381,0.641,8893
2006-05-07,0.6419,0.6429,0.6418,0.6424,117
2006-05-08,0.6423,0.6429,0.6313,0.6334,5478
2006-05-09,0.6335,0.6337,0.624,0.6305,6533
2006-05-10,0.631,0.6318,0.6234,0.6248,6691
2006-05-11,0.6247,0.633,0.6203,0.6296,8369
2006-05-12,0.6295,0.6331,0.6252,0.6276,5912
2006-05-14,0.6293,0.6297,0.6183,0.6283,4511
2006-05-15,0.6285,0.6296,0.6183,0.6202,5028
2006-05-16,0.6203,0.6281,0.6192,0.6262,5659
2006-05-17,0.6261,0.6297,0.6183,0.6225,6008
2006-05-18,0.6224,0.6264,0.6208,0.6215,5490
2006-05-19,0.6214,0.6235,0.6154,0.6197,5635
2006-05-21,0.6187,0.6201,0.6187,0.6199,32
2006-05-22,0.6187,0.6308,0.6141,0.6223,8621
2006-05-23,0.6224,0.6308,0.6203,0.6219,5104
2006-05-24,0.6218,0.6362,0.6214,0.6348,6077
2006-05-25,0.6349,0.6416,0.6321,0.6405,5489
2006-05-26,0.6406,0.6406,0.6316,0.6343,4008
2006-05-28,0.6344,0.6357,0.6328,0.635,2250
2006-05-29,0.6344,0.6412,0.6328,0.6348,10052
2006-05-30,0.6348,0.6412,0.6328,0.639,10807
2006-05-31,0.6391,0.6427,0.6338,0.635,5300
2006-06-01,0.6351,0.6352,0.6255,0.629,5855
2006-06-02,0.6274,0.6331,0.6229,0.6303,7090
2006-06-04,0.6309,0.6352,0.6303,0.6305,3477
2006-06-05,0.6309,0.6352,0.626,0.632,12330
2006-06-06,0.6321,0.6326,0.6225,0.6279,10095
2006-06-07,0.6278,0.6304,0.6225,0.6301,5710
2006-06-08,0.6302,0.6304,0.6242,0.6253,6728
2006-06-09,0.6261,0.6345,0.625,0.6334,5167
2006-06-11,0.6322,0.6336,0.6282,0.6319,3830
2006-06-12,0.6322,0.6336,0.6241,0.6245,8246
2006-06-13,0.6247,0.6287,0.6191,0.6204,6755
2006-06-14,0.6205,0.6263,0.619,0.6231,4921
2006-06-15,0.6233,0.6238,0.6201,0.6237,4386
2006-06-16,0.6229,0.6251,0.6156,0.6175,3835
2006-06-18,0.6158,0.618,0.6147,0.616,3665
2006-06-19,0.6159,0.618,0.6147,0.6162,4116
2006-06-20,0.6161,0.6222,0.6158,0.6189,7633
2006-06-21,0.6193,0.6222,0.6075,0.6172,8344
2006-06-22,0.6171,0.6201,0.6075,0.6087,5176
2006-06-23,0.6086,0.6116,0.6042,0.6077,5355
2006-06-25,0.6071,0.6081,0.6062,0.6078,92
2006-06-26,0.6079,0.6089,0.6025,0.6044,4328
2006-06-27,0.604,0.6086,0.6009,0.6014,4728
2006-06-28,0.6015,0.6046,0.5928,0.5951,6228
2006-06-29,0.5952,0.6121,0.593,0.6047,11611
2006-06-30,0.6048,0.6121,0.6032,0.6081,6802
2006-07-02,0.6085,0.6089,0.6076,0.6081,49
2006-07-03,0.6079,0.6108,0.6045,0.6069,3791
2006-07-04,0.6067,0.6114,0.6063,0.6084,3953
2006-07-05,0.6086,0.6117,0.6032,0.6041,4403
2006-07-06,0.6045,0.6061,0.6024,0.6053,4093
2006-07-07,0.6054,0.6118,0.6034,0.6108,4565
2006-07-09,0.6107,0.6154,0.6099,0.6105,3400
2006-07-10,0.6107,0.6154,0.6099,0.6111,7315
2006-07-11,0.6109,0.6172,0.61,0.6167,4363
2006-07-12,0.6166,0.6191,0.6135,0.6186,5306
2006-07-13,0.6185,0.6199,0.6154,0.6182,4756
2006-07-14,0.6183,0.6214,0.6151,0.6199,5722
2006-07-16,0.6205,0.6225,0.6202,0.6221,102
2006-07-17,0.622,0.6225,0.6187,0.6212,3801
2006-07-18,0.6209,0.628,0.6207,0.624,4459
2006-07-19,0.6241,0.6255,0.6164,0.6247,5693
2006-07-20,0.6246,0.6255,0.6191,0.6221,8408
2006-07-21,0.6222,0.6255,0.6207,0.6233,7222
2006-07-23,0.6242,0.6242,0.6235,0.6237,31
2006-07-24,0.6242,0.6273,0.619,0.6228,8447
2006-07-25,0.6224,0.6273,0.6219,0.6254,5214
2006-07-26,0.6256,0.6264,0.6203,0.6211,5118
2006-07-27,0.621,0.6235,0.6142,0.6193,10804
2006-07-28,0.6191,0.6206,0.6143,0.6175,5843
2006-07-30,0.6183,0.6187,0.618,0.6183,33
2006-07-31,0.6182,0.6207,0.6153,0.6192,7340
2006-08-01,0.619,0.6207,0.6153,0.6201,4049
2006-08-02,0.6202,0.6227,0.6159,0.622,4431
2006-08-03,0.6221,0.6265,0.6174,0.6182,7747
2006-08-04,0.6181,0.6265,0.6174,0.625,8205
2006-08-06,0.6264,0.6272,0.6221,0.6258,3127
2006-08-07,0.6264,0.6272,0.6221,0.624,6798
2006-08-08,0.6239,0.6314,0.622,0.6225,11131
2006-08-09,0.6223,0.6324,0.6222,0.6318,5727
2006-08-10,0.6317,0.6362,0.6282,0.633,9842
2006-08-11,0.6345,0.6362,0.6323,0.6332,5015
2006-08-13,0.6314,0.6373,0.6274,0.634,3969
2006-08-14,0.6314,0.6373,0.6274,0.6303,8100
2006-08-15,0.6288,0.6353,0.628,0.6349,5055
2006-08-16,0.6348,0.6439,0.634,0.6417,7268
2006-08-17,0.6417,0.6428,0.6375,0.6378,7312
2006-08-18,0.638,0.642,0.6368,0.6393,3234
2006-08-20,0.6394,0.6425,0.6376,0.6389,2198
2006-08-21,0.6388,0.6425,0.6376,0.6396,2897
2006-08-22,0.6397,0.6418,0.636,0.6374,8456
2006-08-23,0.6373,0.6418,0.634,0.6363,11991
2006-08-24,0.6397,0.6398,0.6335,0.6339,10003
2006-08-25,0.634,0.6379,0.6329,0.6364,5943
2006-08-27,0.6362,0.6389,0.6355,0.6359,2148
2006-08-28,0.6362,0.6451,0.6355,0.6381,7849
2006-08-29,0.638,0.6451,0.6376,0.6444,3758
2006-08-30,0.6437,0.6562,0.6435,0.6487,6413
2006-08-31,0.6501,0.6563,0.6486,0.6556,3558
2006-09-01,0.656,0.6567,0.6527,0.6549,3797
2006-09-03,0.6551,0.6579,0.6484,0.657,2352
2006-09-04,0.6569,0.6579,0.6439,0.6509,6683
2006-09-05,0.651,0.6519,0.6439,0.6449,8046
2006-09-06,0.6452,0.6502,0.6444,0.6498,8176
2006-09-07,0.6499,0.6501,0.6356,0.6466,8109
2006-09-08,0.6464,0.6466,0.6356,0.6374,8576
2006-09-10,0.6367,0.6416,0.6342,0.6372,3970
2006-09-11,0.6376,0.6416,0.6342,0.6389,4567
2006-09-12,0.6388,0.6461,0.6376,0.6432,4940
2006-09-13,0.6434,0.6556,0.6387,0.6539,4853
2006-09-14,0.6538,0.665,0.6532,0.6605,7574
2006-09-15,0.6604,0.6641,0.6565,0.6622,3597
2006-09-17,0.663,0.6656,0.661,0.6636,2901
2006-09-18,0.6635,0.6656,0.6575,0.6637,8057
2006-09-19,0.6639,0.6654,0.6575,0.6585,9751
2006-09-20,0.6584,0.6641,0.6547,0.6572,8826
2006-09-21,0.6571,0.6641,0.6565,0.6615,4926
2006-09-22,0.6616,0.6632,0.6566,0.6616,3686
2006-09-24,0.6615,0.6619,0.6612,0.6616,37
2006-09-25,0.6614,0.6706,0.6604,0.6675,3398
2006-09-26,0.6676,0.6721,0.6565,0.6599,5385
2006-09-27,0.6598,0.6613,0.6534,0.6566,7691
2006-09-28,0.6567,0.6592,0.6535,0.6546,3989
2006-09-29,0.6544,0.6591,0.6504,0.653,3663
2006-10-01,0.6514,0.6595,0.6485,0.6518,2448
2006-10-02,0.6514,0.6604,0.6485,0.6592,5508
2006-10-03,0.6591,0.6616,0.656,0.6574,3272
2006-10-04,0.6573,0.6642,0.6565,0.6625,4969
2006-10-05,0.663,0.6657,0.6571,0.6634,7350
2006-10-06,0.6631,0.6653,0.6571,0.6584,4707
2006-10-08,0.6582,0.6602,0.654,0.6575,2572
2006-10-09,0.6574,0.6612,0.654,0.6593,3546
2006-10-10,0.6591,0.662,0.6576,0.6585,3887
2006-10-11,0.6586,0.6618,0.6563,0.6589,3628
2006-10-12,0.6587,0.6617,0.6565,0.6587,4152
2006-10-13,0.6589,0.6608,0.6555,0.6571,3728
2006-10-15,0.657,0.6598,0.6544,0.6563,2942
2006-10-16,0.657,0.6611,0.6544,0.6595,6824
2006-10-17,0.6602,0.6659,0.6587,0.6626,4572
2006-10-18,0.6613,0.6644,0.6611,0.6632,3303
2006-10-19,0.6641,0.6692,0.6623,0.6675,3711
2006-10-20,0.6676,0.6693,0.6667,0.6681,2620
2006-10-22,0.6684,0.6688,0.6623,0.6683,1981
2006-10-23,0.6684,0.6688,0.6594,0.6626,7514
2006-10-24,0.6627,0.6641,0.6594,0.661,6605
2006-10-25,0.6609,0.663,0.6545,0.6563,4536
2006-10-26,0.6562,0.6633,0.6531,0.6581,7500
2006-10-27,0.658,0.6633,0.6562,0.6628,6482
2006-10-29,0.661,0.6671,0.6605,0.6656,2530
2006-10-30,0.661,0.6671,0.6605,0.6653,6039
2006-10-31,0.6655,0.6726,0.6642,0.6706,3893
2006-11-01,0.6705,0.6751,0.6686,0.6719,5144
2006-11-02,0.6728,0.6747,0.6684,0.674,6254
2006-11-03,0.6738,0.6747,0.6684,0.6695,6104
2006-11-05,0.6697,0.6701,0.665,0.67,2343
2006-11-06,0.6701,0.6701,0.665,0.6694,3270
2006-11-07,0.6695,0.6726,0.6652,0.6697,6530
2006-11-08,0.6694,0.6706,0.6612,0.6667,10553
2006-11-09,0.6668,0.6672,0.6612,0.6651,6390
2006-11-10,0.665,0.6665,0.6621,0.6661,2945
2006-11-12,0.6648,0.6663,0.6584,0.6647,2663
2006-11-13,0.6648,0.6663,0.6584,0.6602,3553
2006-11-14,0.6601,0.6637,0.6573,0.6628,6426
2006-11-15,0.6622,0.6637,0.6573,0.659,5699
2006-11-16,0.6593,0.6662,0.6582,0.6641,5759
2006-11-17,0.6642,0.6654,0.6616,0.6648,2948
2006-11-19,0.6657,0.6697,0.6645,0.6659,2251
2006-11-20,0.6658,0.6713,0.6645,0.6686,5165
2006-11-21,0.6685,0.6722,0.6675,0.6696,7453
2006-11-22,0.6698,0.6722,0.6674,0.6703,8932
2006-11-23,0.6704,0.6717,0.6674,0.6688,3631
2006-11-24,0.6687,0.6737,0.6683,0.6718,3329
2006-11-26,0.6724,0.6733,0.668,0.6725,2378
2006-11-27,0.6724,0.6823,0.668,0.6687,8875
2006-11-28,0.6687,0.6823,0.6685,0.6788,7636
2006-11-29,0.6789,0.68,0.6774,0.6776,3406
2006-11-30,0.6777,0.6885,0.6776,0.6837,7914
2006-12-01,0.6835,0.6885,0.6825,0.688,6998
2006-12-03,0.6876,0.6887,0.6869,0.6872,94
2006-12-04,0.6871,0.6904,0.6842,0.6894,6353
2006-12-05,0.6901,0.6903,0.6842,0.6865,6451
2006-12-06,0.6864,0.692,0.6816,0.6853,7101
2006-12-07,0.6852,0.692,0.6845,0.688,7083
2006-12-08,0.6879,0.6939,0.6855,0.6866,4196
2006-12-10,0.6848,0.6857,0.6845,0.6854,62
2006-12-11,0.6848,0.6928,0.6841,0.6882,5521
2006-12-12,0.6888,0.693,0.6882,0.6919,7825
2006-12-13,0.6917,0.6942,0.6889,0.6933,3716
2006-12-14,0.6932,0.6945,0.6862,0.6885,3581
2006-12-15,0.6883,0.6923,0.6865,0.6897,3592
2006-12-17,0.6884,0.6894,0.6881,0.6888,58
2006-12-18,0.6887,0.6919,0.6881,0.691,2922
2006-12-19,0.6909,0.6987,0.6896,0.6969,5992
2006-12-20,0.6968,0.6987,0.6924,0.6966,8681
2006-12-21,0.6943,0.7013,0.6925,0.6972,7401
2006-12-22,0.697,0.7013,0.6963,0.7004,2746
2006-12-25,0.7016,0.7027,0.6989,0.6998,604
2006-12-26,0.7016,0.7029,0.6989,0.7,1616
2006-12-27,0.6999,0.704,0.6992,0.7006,2697
2006-12-28,0.7005,0.7068,0.7003,0.705,4840
2006-12-29,0.7051,0.707,0.7018,0.7036,4778
2007-01-01,0.7074,0.7096,0.7061,0.7068,1616
2007-01-02,0.7074,0.7096,0.7036,0.7063,6539
2007-01-03,0.7066,0.7093,0.6969,0.7074,9208
2007-01-04,0.7058,0.7074,0.6853,0.6987,7660
2007-01-05,0.6985,0.6985,0.6853,0.6859,8382
2007-01-07,0.6881,0.6883,0.6864,0.6864,31
2007-01-08,0.6865,0.6914,0.6841,0.6901,3615
2007-01-09,0.691,0.6938,0.6859,0.692,5869
2007-01-10,0.6919,0.6928,0.6859,0.6872,6656
2007-01-11,0.6871,0.6928,0.6866,0.6885,6846
2007-01-12,0.6884,0.6925,0.688,0.6905,3301
2007-01-14,0.6924,0.6968,0.6913,0.6921,1979
2007-01-15,0.6924,0.6974,0.6886,0.6962,7497
2007-01-16,0.6962,0.6974,0.6886,0.6895,6515
2007-01-17,0.6894,0.6964,0.6893,0.6926,6559
2007-01-18,0.6927,0.6964,0.692,0.695,8637
2007-01-19,0.6947,0.6961,0.6934,0.6949,3236
2007-01-21,0.6946,0.6949,0.6942,0.6945,58
2007-01-22,0.6946,0.7007,0.6942,0.6992,3139
2007-01-23,0.699,0.7035,0.6923,0.7005,7033
2007-01-24,0.701,0.7033,0.6923,0.6998,12609
2007-01-25,0.6997,0.7033,0.6921,0.6964,7648
2007-01-26,0.696,0.698,0.6921,0.6954,3887
2007-01-28,0.6949,0.6984,0.6934,0.6955,2123
2007-01-29,0.6949,0.6984,0.6934,0.696,5076
2007-01-30,0.6961,0.6989,0.6863,0.6873,4760
2007-01-31,0.6872,0.6912,0.6811,0.6893,5496
2007-02-01,0.6897,0.6904,0.6767,0.6824,8067
2007-02-02,0.6824,0.6832,0.6767,0.6811,7583
2007-02-04,0.6841,0.6842,0.6832,0.6836,110
2007-02-05,0.6835,0.6863,0.6782,0.6845,6867
2007-02-06,0.6844,0.6878,0.6779,0.6805,6542
2007-02-07,0.6804,0.689,0.6779,0.6877,8268
2007-02-08,0.6877,0.689,0.6822,0.6846,8961
2007-02-09,0.6838,0.6863,0.6799,0.6833,3501
2007-02-11,0.6834,0.684,0.6828,0.6838,84
2007-02-12,0.6834,0.6905,0.6817,0.6826,5121
2007-02-13,0.6827,0.6905,0.6824,0.6895,5113
2007-02-14,0.6896,0.697,0.6892,0.6927,7464
2007-02-15,0.6928,0.6981,0.6918,0.6928,6257
2007-02-16,0.6927,0.6981,0.6924,0.6973,5226
2007-02-18,0.6999,0.7009,0.6992,0.7,155
2007-02-19,0.7001,0.7028,0.6988,0.7002,4492
2007-02-20,0.6998,0.7067,0.6989,0.7016,7334
2007-02-21,0.7013,0.7067,0.6989,0.706,7492
2007-02-22,0.7059,0.7066,0.702,0.7049,3077
2007-02-23,0.7043,0.7073,0.7027,0.7064,2719
2007-02-25,0.7081,0.7121,0.7065,0.7085,1870
2007-02-26,0.7084,0.7121,0.6973,0.7103,6943
2007-02-27,0.7104,0.7111,0.6968,0.6972,9465
2007-02-28,0.6971,0.7025,0.6968,0.7008,5641
2007-03-01,0.7007,0.7031,0.6913,0.6937,5408
2007-03-02,0.6929,0.6945,0.6849,0.6881,4969
2007-03-04,0.6887,0.6887,0.6843,0.6847,166
2007-03-05,0.6844,0.6886,0.6719,0.6725,6300
2007-03-06,0.6732,0.6858,0.6729,0.684,10569
2007-03-07,0.6844,0.6857,0.6755,0.6786,5539
2007-03-08,0.6774,0.6877,0.6755,0.6875,5254
2007-03-09,0.6859,0.6914,0.6856,0.6904,4359
2007-03-11,0.6937,0.6986,0.689,0.6939,3677
2007-03-12,0.6937,0.6986,0.689,0.6958,4553
2007-03-13,0.6959,0.6982,0.6831,0.685,10959
2007-03-14,0.6843,0.6961,0.6831,0.6936,10861
2007-03-15,0.6938,0.6966,0.6909,0.6956,4158
2007-03-16,0.6957,0.7002,0.6925,0.6973,4071
2007-03-18,0.6956,0.6969,0.6956,0.6968,104
2007-03-19,0.6956,0.7047,0.6956,0.7034,4034
2007-03-20,0.7035,0.7067,0.6999,0.7065,4514
2007-03-21,0.7058,0.7112,0.7034,0.7098,4470
2007-03-22,0.7099,0.7158,0.7077,0.7113,7546
2007-03-23,0.7108,0.7158,0.7095,0.7111,7325
2007-03-25,0.7086,0.7116,0.7086,0.7106,126
2007-03-26,0.7105,0.7204,0.7088,0.7166,7423
2007-03-27,0.7169,0.7204,0.7157,0.717,4186
2007-03-28,0.7171,0.7176,0.708,0.7101,10119
2007-03-29,0.7109,0.7187,0.7092,0.7124,11733
2007-03-30,0.7123,0.7187,0.7112,0.714,4700
2007-04-01,0.7145,0.7151,0.7128,0.7146,129
2007-04-02,0.7145,0.7239,0.7131,0.7236,7562
2007-04-03,0.7237,0.7239,0.7188,0.7192,4055
2007-04-04,0.7193,0.7251,0.7165,0.7208,8020
2007-04-05,0.7209,0.7251,0.7195,0.723,5028
2007-04-06,0.7231,0.7241,0.72,0.7202,1334
2007-04-08,0.721,0.7239,0.7186,0.7213,1707
2007-04-09,0.721,0.7239,0.7186,0.7204,4456
2007-04-10,0.7202,0.7313,0.7188,0.7288,4548
2007-04-11,0.7287,0.7321,0.725,0.7284,6271
2007-04-12,0.7284,0.7356,0.725,0.7351,6928
2007-04-13,0.7352,0.7381,0.7306,0.7375,4182
2007-04-15,0.7392,0.7411,0.7392,0.741,139
2007-04-16,0.7392,0.7455,0.7374,0.7386,6667
2007-04-17,0.7393,0.7477,0.7374,0.7464,7479
2007-04-18,0.7465,0.7492,0.7364,0.7475,9439
2007-04-19,0.7474,0.7478,0.7364,0.7451,5521
2007-04-20,0.7452,0.7482,0.7422,0.7476,3769
2007-04-22,0.7481,0.7482,0.7427,0.748,2759
2007-04-23,0.7481,0.7481,0.7427,0.7452,3632
2007-04-24,0.7453,0.7473,0.7385,0.7427,8274
2007-04-25,0.7428,0.7473,0.7417,0.7443,4911
2007-04-26,0.7442,0.7484,0.7367,0.7392,5567
2007-04-27,0.7395,0.7444,0.7349,0.7417,6556
2007-04-29,0.7395,0.7433,0.737,0.7391,3432
2007-04-30,0.739,0.7444,0.737,0.7408,7388
2007-05-01,0.7406,0.7444,0.7362,0.74,10073
2007-05-02,0.7399,0.7408,0.7341,0.7375,6961
2007-05-03,0.7374,0.7397,0.733,0.7355,9676
2007-05-04,0.736,0.7378,0.733,0.7363,3822
2007-05-06,0.7361,0.7368,0.7346,0.7351,109
2007-05-07,0.7352,0.7399,0.7344,0.7367,5681
2007-05-08,0.7368,0.7399,0.7349,0.7359,3937
2007-05-09,0.7352,0.7369,0.7324,0.7326,4378
2007-05-10,0.7325,0.7353,0.725,0.727,5551
2007-05-11,0.7271,0.7346,0.7257,0.7338,5115
2007-05-13,0.7333,0.7375,0.7328,0.7371,208
2007-05-14,0.7372,0.7399,0.7331,0.737,3663
2007-05-15,0.7371,0.7404,0.7346,0.7377,4496
2007-05-16,0.7378,0.7392,0.7279,0.7329,7417
2007-05-17,0.7329,0.7342,0.7265,0.7297,10481
2007-05-18,0.7293,0.7317,0.7265,0.7304,4223
2007-05-20,0.731,0.7318,0.7304,0.7306,83
2007-05-21,0.731,0.7318,0.7259,0.7299,6796
2007-05-22,0.7298,0.7305,0.7259,0.7266,6527
2007-05-23,0.7265,0.7314,0.7236,0.7293,7949
2007-05-24,0.7294,0.7299,0.7236,0.7244,8205
2007-05-25,0.7245,0.7282,0.7239,0.7257,3740
2007-05-27,0.7255,0.7266,0.7254,0.726,38
2007-05-28,0.7259,0.7275,0.7254,0.7272,1851
2007-05-29,0.7271,0.7309,0.7248,0.7261,6540
2007-05-30,0.7262,0.7375,0.7259,0.7307,8323
2007-05-31,0.7308,0.7456,0.7285,0.7372,8457
2007-06-01,0.7364,0.7456,0.7364,0.7449,7886
2007-06-03,0.7448,0.7448,0.7441,0.7443,14
2007-06-04,0.7448,0.7479,0.7438,0.747,2598
2007-06-05,0.7474,0.7567,0.7463,0.7494,7231
2007-06-06,0.7492,0.7567,0.7484,0.753,7224
2007-06-07,0.7531,0.7576,0.7481,0.7515,4578
2007-06-08,0.7513,0.7638,0.7472,0.7634,6929
2007-06-10,0.7621,0.7632,0.7465,0.761,4700
2007-06-11,0.7621,0.7632,0.7465,0.7509,10452
2007-06-12,0.7508,0.754,0.7478,0.7485,4205
2007-06-13,0.7483,0.7522,0.7452,0.7486,5978
2007-06-14,0.7487,0.7525,0.747,0.7503,4620
2007-06-15,0.7504,0.755,0.7496,0.7549,4241
2007-06-17,0.752,0.7526,0.7517,0.7525,131
2007-06-18,0.7524,0.7592,0.7517,0.7542,5146
2007-06-19,0.7535,0.7634,0.7533,0.7578,7230
2007-06-20,0.7584,0.7659,0.7573,0.7581,9550
2007-06-21,0.758,0.7682,0.758,0.7632,6445
2007-06-22,0.7637,0.7682,0.7601,0.7639,6570
2007-06-24,0.7641,0.7684,0.7634,0.7653,2618
2007-06-25,0.7641,0.7691,0.7634,0.7648,8825
2007-06-26,0.7649,0.7691,0.7571,0.7663,7245
2007-06-27,0.7662,0.771,0.7571,0.7639,8550
2007-06-28,0.7637,0.7738,0.761,0.7695,8474
2007-06-29,0.7695,0.7738,0.7679,0.7725,7764
2007-07-01,0.7724,0.7744,0.7724,0.7734,60
2007-07-02,0.7738,0.7834,0.7725,0.7823,4071
2007-07-03,0.7823,0.784,0.7791,0.7813,6694
2007-07-04,0.7814,0.7829,0.7806,0.7815,3254
2007-07-05,0.7814,0.7879,0.7807,0.7819,3727
2007-07-06,0.782,0.7865,0.7798,0.782,3646
2007-07-08,0.7826,0.783,0.7824,0.7829,72
2007-07-09,0.7828,0.7833,0.7776,0.7797,3217
2007-07-10,0.7796,0.7811,0.7714,0.7745,4875
2007-07-11,0.7746,0.7846,0.7732,0.7822,7949
2007-07-12,0.7815,0.7872,0.779,0.787,3510
2007-07-13,0.7869,0.7877,0.7815,0.7871,4189
2007-07-15,0.7858,0.7941,0.7856,0.7883,2747
2007-07-16,0.7858,0.7941,0.7856,0.7927,7880
2007-07-17,0.7928,0.7944,0.7883,0.7894,6522
2007-07-18,0.7896,0.7944,0.7883,0.7932,7748
2007-07-19,0.7933,0.799,0.7906,0.7934,8888
2007-07-20,0.7935,0.799,0.7928,0.7972,3889
2007-07-22,0.7973,0.7984,0.7962,0.7963,74
2007-07-23,0.7973,0.8108,0.7959,0.8062,7239
2007-07-24,0.8063,0.8108,0.7988,0.8054,10296
2007-07-25,0.8053,0.8079,0.7781,0.8015,13232
2007-07-26,0.8012,0.8024,0.7781,0.7815,7780
2007-07-27,0.7813,0.7872,0.7628,0.7651,8505
2007-07-29,0.7602,0.7642,0.756,0.7639,366
2007-07-30,0.7635,0.7718,0.7552,0.7709,8412
2007-07-31,0.7708,0.7732,0.7594,0.761,5667
2007-08-01,0.7612,0.7716,0.7531,0.7663,10104
2007-08-02,0.7662,0.7716,0.7603,0.7682,7625
2007-08-03,0.7684,0.7688,0.7603,0.7603,4232
2007-08-06,0.757,0.7664,0.7556,0.7655,4493
2007-08-07,0.7654,0.766,0.7553,0.7616,2761
2007-08-08,0.7617,0.7691,0.7591,0.7677,2726
2007-08-09,0.7678,0.7704,0.7502,0.7508,12518
2007-08-10,0.7506,0.7519,0.7398,0.7452,12434
2007-08-13,0.7465,0.7472,0.7361,0.7386,8550
2007-08-14,0.7387,0.74,0.726,0.726,8414
2007-08-15,0.7262,0.7265,0.7057,0.706,6124
2007-08-16,0.7059,0.7075,0.6712,0.6956,10964
2007-08-17,0.6958,0.7015,0.664,0.6971,10401
2007-08-20,0.6982,0.7028,0.6826,0.6981,7055
2007-08-21,0.698,0.7023,0.6919,0.6955,11682
2007-08-22,0.6953,0.7066,0.6887,0.7057,9006
2007-08-23,0.7059,0.7181,0.7052,0.7136,10298
2007-08-24,0.7138,0.7217,0.7086,0.7214,4027
2007-08-27,0.7228,0.7272,0.7138,0.7143,2881
2007-08-28,0.7142,0.7158,0.6949,0.6958,10418
2007-08-29,0.6959,0.7107,0.6867,0.7078,5561
2007-08-30,0.7077,0.7082,0.6982,0.7019,4687
2007-08-31,0.7021,0.7102,0.6987,0.7016,4471
2007-09-03,0.7003,0.7064,0.7002,0.7035,5186
2007-09-04,0.7034,0.7048,0.694,0.6958,8338
2007-09-05,0.696,0.6973,0.685,0.6874,5221
2007-09-06,0.687,0.6937,0.6834,0.6928,7650
2007-09-07,0.6927,0.6939,0.6858,0.6908,8484
2007-09-10,0.688,0.6986,0.6824,0.6953,11792
2007-09-11,0.6955,0.707,0.6922,0.7054,6976
2007-09-12,0.7055,0.7159,0.7045,0.7123,5072
2007-09-13,0.7129,0.7185,0.7064,0.7078,8494
2007-09-14,0.7075,0.7157,0.7075,0.7129,7498
2007-09-17,0.7131,0.715,0.7028,0.7059,5696
2007-09-18,0.7064,0.7283,0.7005,0.7253,8552
2007-09-19,0.7249,0.7366,0.7226,0.7352,9934
2007-09-20,0.7351,0.7451,0.7326,0.7386,4409
2007-09-21,0.7375,0.7463,0.7373,0.744,6324
2007-09-24,0.7437,0.7487,0.7422,0.7466,5090
2007-09-25,0.7464,0.7468,0.7307,0.7425,9256
2007-09-26,0.7423,0.7463,0.7404,0.7444,5574
2007-09-27,0.7443,0.7522,0.7438,0.7502,6702
2007-09-28,0.7501,0.7587,0.7499,0.7578,7530
2007-10-01,0.7604,0.7668,0.7585,0.7666,3400
2007-10-02,0.7665,0.7666,0.7542,0.7555,8222
2007-10-03,0.7553,0.7635,0.7517,0.754,4015
2007-10-04,0.7539,0.7571,0.7501,0.7551,3950
2007-10-05,0.7553,0.7632,0.7524,0.7607,8410
2007-10-08,0.7642,0.7673,0.7605,0.7619,6722
2007-10-09,0.762,0.7662,0.7585,0.7654,4337
2007-10-10,0.7653,0.7655,0.7594,0.7619,9510
2007-10-11,0.7618,0.7747,0.761,0.7712,5233
2007-10-12,0.7711,0.7768,0.7673,0.7766,10540
2007-10-15,0.7734,0.7751,0.7591,0.7633,5683
2007-10-16,0.7631,0.7649,0.7391,0.748,9656
2007-10-17,0.7481,0.7555,0.7409,0.7521,9297
2007-10-18,0.7522,0.7557,0.7461,0.7525,13774
2007-10-19,0.7526,0.7554,0.743,0.7474,13698
2007-10-22,0.7451,0.75,0.7365,0.7476,9021
2007-10-23,0.7475,0.7585,0.7466,0.756,13984
2007-10-24,0.7558,0.7602,0.7467,0.7551,16648
2007-10-25,0.755,0.7623,0.7523,0.7614,13102
2007-10-26,0.761,0.7674,0.7606,0.766,12576
2007-10-29,0.7695,0.7738,0.767,0.7704,5132
2007-10-30,0.7703,0.7712,0.7623,0.7649,14050
2007-10-31,0.7652,0.7736,0.7636,0.7729,6979
2007-11-01,0.7728,0.7736,0.757,0.7586,16310
2007-11-02,0.7584,0.7666,0.7584,0.7652,14074
2007-11-05,0.7654,0.772,0.7618,0.7711,6924
2007-11-06,0.771,0.7832,0.7694,0.7823,10924
2007-11-07,0.7822,0.7891,0.7662,0.7694,9563
2007-11-08,0.7693,0.7804,0.7665,0.7766,8720
2007-11-09,0.7765,0.7817,0.7623,0.764,17380
2007-11-12,0.7585,0.7621,0.7434,0.7464,9495
2007-11-13,0.7465,0.7635,0.745,0.7622,8222
2007-11-14,0.7624,0.7675,0.759,0.7612,8893
2007-11-15,0.761,0.7662,0.7529,0.7542,14098
2007-11-16,0.7541,0.7621,0.7523,0.7573,6859
2007-11-19,0.7584,0.7615,0.7499,0.753,11518
2007-11-20,0.7529,0.7667,0.749,0.7654,8043
2007-11-21,0.7658,0.7658,0.7456,0.7519,8260
2007-11-22,0.7518,0.7579,0.7485,0.7525,8628
2007-11-23,0.7526,0.7593,0.7505,0.7587,8562
2007-11-26,0.7589,0.7628,0.7487,0.7504,13862
2007-11-27,0.7502,0.7613,0.7502,0.7592,8398
2007-11-28,0.7595,0.776,0.7564,0.7728,8077
2007-11-29,0.7729,0.7746,0.7674,0.7711,13894
2007-11-30,0.7713,0.7752,0.7594,0.7636,12952
2007-12-03,0.7641,0.7684,0.7609,0.764,4913
2007-12-04,0.7639,0.7653,0.7594,0.7628,4710
2007-12-05,0.7631,0.773,0.7577,0.7724,14414
2007-12-06,0.7723,0.7781,0.7682,0.7764,9846
2007-12-07,0.7763,0.7815,0.7744,0.7765,4772
2007-12-10,0.7742,0.7832,0.7718,0.7824,9252
2007-12-11,0.7825,0.7855,0.7714,0.7743,10196
2007-12-12,0.7742,0.7935,0.7742,0.7862,7501
2007-12-13,0.7863,0.7873,0.7779,0.7802,5641
2007-12-14,0.7804,0.7854,0.7643,0.7651,10736
2007-12-17,0.7685,0.7689,0.7523,0.7547,4904
2007-12-18,0.7548,0.7586,0.7506,0.7551,4911
2007-12-19,0.7553,0.7585,0.7529,0.7535,9492
2007-12-20,0.7537,0.7633,0.7535,0.7614,6846
2007-12-21,0.7613,0.7675,0.7599,0.7633,2984
2007-12-24,0.7637,0.7672,0.7622,0.7663,4404
2007-12-26,0.7655,0.7691,0.7652,0.7669,2626
2007-12-27,0.7668,0.7714,0.7656,0.7706,6278
2007-12-28,0.7707,0.7749,0.7683,0.774,6262
2007-12-31,0.7747,0.7784,0.7664,0.7671,5488
2008-01-02,0.7726,0.7755,0.7709,0.7738,5388
2008-01-03,0.7741,0.7786,0.7692,0.7701,7428
2008-01-04,0.7706,0.775,0.765,0.7663,10700
2008-01-07,0.7664,0.7699,0.761,0.7689,8370
2008-01-08,0.7691,0.7731,0.767,0.7693,5097
2008-01-09,0.7691,0.7748,0.7672,0.7742,10786
2008-01-10,0.7741,0.7868,0.7725,0.7847,4951
2008-01-11,0.7848,0.7877,0.7809,0.7824,9464
2008-01-14,0.7831,0.7913,0.7821,0.7897,7708
2008-01-15,0.7895,0.7931,0.7725,0.7759,5733
2008-01-16,0.7761,0.7806,0.7642,0.7695,19396
2008-01-17,0.7694,0.7762,0.7636,0.7665,7405
2008-01-18,0.7663,0.7686,0.7558,0.7598,9761
2008-01-21,0.76,0.7614,0.7414,0.7418,7276
2008-01-22,0.7417,0.7672,0.7384,0.7652,13142
2008-01-23,0.7651,0.7688,0.7544,0.764,19932
2008-01-24,0.7636,0.7743,0.7615,0.7734,6288
2008-01-25,0.7736,0.7749,0.7662,0.7679,5023
2008-01-28,0.7702,0.7786,0.7665,0.7772,9740
2008-01-29,0.7773,0.7794,0.7752,0.7768,8488
2008-01-30,0.7767,0.7915,0.7759,0.7821,10682
2008-01-31,0.7824,0.7896,0.7752,0.7866,7554
2008-02-01,0.7867,0.7958,0.7861,0.7946,6762
2008-02-04,0.7915,0.7966,0.7898,0.793,11212
2008-02-05,0.7929,0.7945,0.7782,0.7807,7389
2008-02-06,0.7808,0.789,0.7789,0.7865,13398
2008-02-07,0.7867,0.7926,0.7824,0.7874,17758
2008-02-08,0.7873,0.7912,0.7836,0.7883,5111
2008-02-11,0.7875,0.7912,0.7867,0.7888,5691
2008-02-12,0.7887,0.7956,0.7864,0.7894,9010
2008-02-13,0.7893,0.7907,0.7813,0.7835,6672
2008-02-14,0.7836,0.7918,0.7835,0.7859,13342
2008-02-15,0.7857,0.7915,0.7841,0.79,5989
2008-02-18,0.7903,0.7977,0.7895,0.796,4920
2008-02-19,0.7961,0.8022,0.7952,0.798,7206
2008-02-20,0.7981,0.799,0.7902,0.7984,7365
2008-02-21,0.7986,0.8016,0.7971,0.8013,6551
2008-02-22,0.8012,0.8098,0.7995,0.8086,6205
2008-02-25,0.8077,0.814,0.8059,0.8137,9742
2008-02-26,0.8139,0.8184,0.8065,0.8172,6801
2008-02-27,0.8173,0.8214,0.8125,0.8154,7398
2008-02-28,0.8153,0.8181,0.8105,0.8132,15274
2008-02-29,0.8135,0.8169,0.797,0.7986,8741
2008-03-03,0.7953,0.8081,0.7923,0.8074,14846
2008-03-04,0.8072,0.8076,0.7955,0.7987,16236
2008-03-05,0.7988,0.805,0.7921,0.8031,7745
2008-03-06,0.8027,0.8046,0.7944,0.7958,11882
2008-03-07,0.7956,0.8016,0.7906,0.7936,7124
2008-03-10,0.7918,0.7958,0.7875,0.7903,12822
2008-03-11,0.7904,0.8051,0.7875,0.803,6986
2008-03-12,0.8029,0.8086,0.7996,0.8056,6945
2008-03-13,0.8059,0.8182,0.801,0.817,7243
2008-03-14,0.8169,0.8213,0.8114,0.8131,13726
2008-03-17,0.8155,0.82,0.792,0.8002,11085
2008-03-18,0.8003,0.8148,0.798,0.8115,14972
2008-03-19,0.811,0.8172,0.7969,0.7989,16634
2008-03-20,0.7988,0.8043,0.7866,0.7919,8242
2008-03-21,0.792,0.7954,0.7896,0.7917,3236
2008-03-24,0.7895,0.8006,0.7883,0.7991,5990
2008-03-25,0.799,0.808,0.7985,0.8056,7009
2008-03-26,0.8055,0.8101,0.7986,0.8046,7103
2008-03-27,0.8045,0.8065,0.7999,0.8055,5773
2008-03-28,0.8057,0.8066,0.794,0.7972,6593
2008-03-31,0.7955,0.7955,0.7845,0.7851,8279
2008-04-01,0.7852,0.7878,0.7782,0.7871,17446
2008-04-02,0.7872,0.7924,0.7841,0.7895,15112
2008-04-03,0.7892,0.7909,0.7809,0.7849,14574
2008-04-04,0.7848,0.7895,0.7812,0.7892,12780
2008-04-07,0.7886,0.7987,0.7866,0.7943,12160
2008-04-08,0.794,0.8004,0.7917,0.7999,6082
2008-04-09,0.8,0.8,0.7931,0.7981,6388
2008-04-10,0.7979,0.8024,0.7961,0.7984,14746
2008-04-11,0.7983,0.8009,0.7924,0.793,13692
2008-04-14,0.789,0.7931,0.7852,0.7927,14024
2008-04-15,0.7926,0.7946,0.7825,0.7862,14276
2008-04-16,0.7863,0.7926,0.7832,0.7926,15106
2008-04-17,0.7927,0.7933,0.7851,0.7885,15500
2008-04-18,0.7886,0.794,0.785,0.7897,7418
2008-04-21,0.7905,0.797,0.7894,0.7935,4775
2008-04-22,0.7933,0.7985,0.7901,0.7974,11602
2008-04-23,0.7973,0.8033,0.793,0.7933,6986
2008-04-24,0.7932,0.7951,0.786,0.7865,7229
2008-04-25,0.7864,0.7884,0.7781,0.7817,7723
2008-04-28,0.7829,0.7877,0.7821,0.7845,8807
2008-04-29,0.7846,0.7855,0.7725,0.7748,15814
2008-04-30,0.7747,0.7852,0.7727,0.7813,12746
2008-05-01,0.7815,0.7837,0.7738,0.777,11460
2008-05-02,0.7769,0.7843,0.7754,0.7796,12042
2008-05-05,0.7803,0.7864,0.7789,0.7847,4114
2008-05-06,0.7846,0.7935,0.7843,0.79,12060
2008-05-07,0.7901,0.7915,0.781,0.7812,10894
2008-05-08,0.7814,0.7823,0.769,0.7721,10009
2008-05-09,0.7723,0.7747,0.7649,0.7693,15178
2008-05-12,0.7674,0.7727,0.7629,0.7707,5954
2008-05-13,0.7711,0.7713,0.7632,0.7641,13272
2008-05-14,0.764,0.7644,0.7591,0.7611,13168
2008-05-15,0.761,0.7642,0.7536,0.7625,16616
2008-05-16,0.7622,0.7744,0.7618,0.7741,14520
2008-05-19,0.7745,0.7773,0.7705,0.7719,8049
2008-05-20,0.7721,0.7772,0.7713,0.7742,12322
2008-05-21,0.7745,0.7808,0.7725,0.7775,5821
2008-05-22,0.7773,0.7895,0.7759,0.7831,13312
2008-05-23,0.7835,0.7901,0.7821,0.7847,10262
2008-05-26,0.7851,0.7879,0.7826,0.7863,4754
2008-05-27,0.786,0.7922,0.7856,0.7891,13534
2008-05-28,0.7892,0.7902,0.7831,0.7852,5888
2008-05-29,0.7851,0.7866,0.7767,0.7791,13468
2008-05-30,0.7793,0.7845,0.7786,0.7828,11400
2008-06-02,0.7829,0.7867,0.782,0.7851,11014
2008-06-03,0.7853,0.7891,0.78,0.78,12276
2008-06-04,0.7801,0.7839,0.7684,0.7701,15268
2008-06-05,0.77,0.7704,0.7613,0.7655,8123
2008-06-06,0.7656,0.7697,0.7647,0.7674,5562
2008-06-09,0.7686,0.7703,0.7572,0.7575,11452
2008-06-10,0.7577,0.7602,0.75,0.7523,18368
2008-06-11,0.7524,0.7581,0.7522,0.7564,12748
2008-06-12,0.7563,0.7565,0.748,0.7502,14042
2008-06-13,0.7504,0.7522,0.7446,0.7493,5433
2008-06-16,0.7512,0.7542,0.7485,0.7525,4849
2008-06-17,0.7526,0.7572,0.7511,0.7556,13118
2008-06-18,0.7558,0.7596,0.7534,0.7585,9980
2008-06-19,0.7582,0.7631,0.7566,0.7616,9718
2008-06-20,0.7615,0.7646,0.7601,0.7609,8324
2008-06-23,0.7605,0.7635,0.7558,0.7568,4359
2008-06-24,0.7567,0.7597,0.7552,0.7588,4644
2008-06-25,0.7587,0.7602,0.7544,0.7586,10022
2008-06-26,0.7587,0.7598,0.7542,0.7546,6019
2008-06-27,0.7545,0.7631,0.7532,0.7608,6383
2008-06-30,0.7606,0.7663,0.7589,0.7614,5415
2008-07-01,0.7615,0.7626,0.7555,0.7577,6452
2008-07-02,0.7578,0.7613,0.7562,0.7602,4913
2008-07-03,0.7603,0.7608,0.755,0.756,8498
2008-07-04,0.7555,0.7603,0.7541,0.7591,5340
2008-07-07,0.7585,0.7593,0.7502,0.7529,9917
2008-07-08,0.753,0.7538,0.7484,0.7521,5789
2008-07-09,0.7522,0.7618,0.7515,0.7565,5935
2008-07-10,0.7566,0.7603,0.7539,0.7585,10314
2008-07-11,0.7586,0.7647,0.757,0.7612,10322
2008-07-14,0.7616,0.7646,0.7565,0.7637,8368
2008-07-15,0.7636,0.7761,0.7621,0.7711,15382
2008-07-16,0.771,0.7736,0.7683,0.7711,12200
2008-07-17,0.7708,0.7726,0.7586,0.7631,12916
2008-07-18,0.763,0.7661,0.7609,0.7609,9170
2008-07-21,0.761,0.7633,0.7586,0.7613,10228
2008-07-22,0.7611,0.7632,0.757,0.7591,10970
2008-07-23,0.7593,0.7595,0.7416,0.7439,9259
2008-07-24,0.7438,0.7451,0.7385,0.7428,9725
2008-07-25,0.7427,0.7467,0.7401,0.7415,14754
2008-07-28,0.7427,0.7452,0.7408,0.7446,8748
2008-07-29,0.7445,0.7466,0.7345,0.7391,6478
2008-07-30,0.739,0.7395,0.7314,0.7344,13346
2008-07-31,0.7342,0.7361,0.7308,0.7329,13746
2008-08-01,0.7331,0.7333,0.7242,0.7272,16108
2008-08-04,0.7283,0.7333,0.7267,0.7287,9094
2008-08-05,0.7288,0.729,0.7219,0.7258,14212
2008-08-06,0.7257,0.727,0.7164,0.7175,5846
2008-08-07,0.7176,0.7215,0.713,0.7134,12358
2008-08-08,0.7136,0.7147,0.6982,0.7042,20154
2008-08-11,0.701,0.7082,0.6971,0.6976,7070
2008-08-12,0.6972,0.7011,0.692,0.693,9118
2008-08-13,0.6932,0.7057,0.6824,0.7026,11660
2008-08-14,0.7027,0.7056,0.6968,0.6985,8373
2008-08-15,0.6983,0.7077,0.6944,0.706,15482
2008-08-18,0.7047,0.7159,0.7031,0.7094,7010
2008-08-19,0.709,0.7149,0.7038,0.7128,14386
2008-08-20,0.7132,0.7159,0.7082,0.7122,5420
2008-08-21,0.7121,0.7215,0.7101,0.7205,7311
2008-08-22,0.7206,0.7206,0.7078,0.7086,7398
2008-08-25,0.7091,0.7096,0.7034,0.7044,4869
2008-08-26,0.7041,0.7045,0.6897,0.6958,17898
2008-08-27,0.6959,0.7045,0.6941,0.7019,7448
2008-08-28,0.7018,0.7068,0.7003,0.7015,7407
2008-08-29,0.7018,0.7067,0.6979,0.7003,6455
2008-09-01,0.6996,0.7001,0.694,0.6952,11244
2008-09-02,0.695,0.6957,0.6802,0.6867,10216
2008-09-03,0.6868,0.6897,0.6734,0.6843,20333
2008-09-04,0.6846,0.6879,0.6645,0.6649,18284
2008-09-05,0.665,0.6708,0.659,0.6684,13014
2008-09-08,0.6823,0.6836,0.6645,0.6694,11258
2008-09-09,0.6693,0.679,0.6606,0.6653,24190
2008-09-10,0.6652,0.6719,0.6525,0.6531,11838
2008-09-11,0.6533,0.6575,0.6436,0.6563,13281
2008-09-12,0.6559,0.669,0.6494,0.6679,11075
2008-09-15,0.667,0.6717,0.6532,0.6585,23590
2008-09-16,0.6584,0.6632,0.6487,0.6568,13451
2008-09-17,0.6573,0.6683,0.6524,0.6583,12373
2008-09-18,0.6587,0.6788,0.6587,0.674,12493
2008-09-19,0.6746,0.6895,0.6693,0.6881,20406
2008-09-22,0.69,0.695,0.6816,0.6894,9697
2008-09-23,0.6896,0.6921,0.6775,0.6823,18192
2008-09-24,0.6824,0.6886,0.6786,0.6823,8719
2008-09-25,0.6825,0.6903,0.6795,0.6804,16120
2008-09-26,0.6805,0.6897,0.6793,0.6857,16606
2008-09-29,0.6851,0.6889,0.6688,0.6692,17590
2008-09-30,0.669,0.6793,0.6641,0.6705,9525
2008-10-01,0.6704,0.6789,0.6661,0.6725,10455
2008-10-02,0.6726,0.674,0.6553,0.6561,9627
2008-10-03,0.6558,0.6681,0.6553,0.6614,20884
2008-10-06,0.6585,0.6588,0.6167,0.6275,28232
2008-10-07,0.6273,0.6424,0.6168,0.6258,17212
2008-10-08,0.6254,0.6278,0.5788,0.6047,22632
2008-10-09,0.6049,0.6266,0.5906,0.6037,16170
2008-10-10,0.604,0.6073,0.5884,0.5944,17112
2008-10-13,0.6084,0.62,0.5907,0.614,30396
2008-10-14,0.6141,0.6346,0.6135,0.6195,19472
2008-10-15,0.6196,0.6275,0.5911,0.5953,17519
2008-10-16,0.5954,0.6206,0.5936,0.6174,15849
2008-10-17,0.6178,0.6216,0.6075,0.6125,19300
2008-10-20,0.6091,0.6259,0.6076,0.6198,9861
2008-10-21,0.6199,0.6217,0.6049,0.6086,19806
2008-10-22,0.6089,0.6115,0.5814,0.5932,31346
2008-10-23,0.5935,0.6012,0.5795,0.5968,18251
2008-10-24,0.5969,0.5973,0.5493,0.5563,20208
2008-10-27,0.5562,0.5597,0.535,0.5416,28020
2008-10-28,0.5415,0.5756,0.5409,0.5749,36030
2008-10-29,0.5748,0.5935,0.567,0.5803,17608
2008-10-30,0.5805,0.6028,0.5792,0.5893,38056
2008-10-31,0.5892,0.5899,0.5744,0.5822,15331
2008-11-03,0.5869,0.5972,0.5814,0.5898,9907
2008-11-04,0.5899,0.6125,0.5841,0.6059,20962
2008-11-05,0.606,0.6106,0.5943,0.5954,10459
2008-11-06,0.5962,0.6038,0.5849,0.585,23458
2008-11-07,0.5851,0.5928,0.5785,0.5918,10433
2008-11-10,0.5981,0.6046,0.5773,0.5833,10150
2008-11-11,0.5828,0.5887,0.5685,0.5712,18172
2008-11-12,0.5711,0.5809,0.5543,0.5559,22928
2008-11-13,0.5568,0.5754,0.5508,0.5712,14856
2008-11-14,0.5713,0.5738,0.552,0.5533,12224
2008-11-17,0.5485,0.562,0.548,0.5488,9856
2008-11-18,0.5494,0.5552,0.5457,0.5516,18648
2008-11-19,0.5515,0.5563,0.5406,0.5421,9437
2008-11-20,0.5422,0.5432,0.5186,0.5221,10558
2008-11-21,0.5219,0.5383,0.52,0.5365,11280
2008-11-24,0.538,0.5509,0.5283,0.5484,18986
2008-11-25,0.5486,0.5586,0.5343,0.5486,25146
2008-11-26,0.5487,0.554,0.5439,0.5505,9994
2008-11-27,0.5506,0.5544,0.5461,0.5508,15164
2008-11-28,0.5507,0.5538,0.5451,0.5485,24384
2008-12-01,0.5444,0.5458,0.5269,0.5287,21390
2008-12-02,0.5284,0.5354,0.5247,0.5319,12379
2008-12-03,0.5318,0.5343,0.5248,0.5337,12033
2008-12-04,0.5336,0.539,0.5278,0.5324,21974
2008-12-05,0.5323,0.5359,0.52,0.5328,11009
2008-12-08,0.5357,0.5483,0.5317,0.5462,24068
2008-12-09,0.5463,0.5463,0.536,0.5417,11338
2008-12-10,0.5418,0.5497,0.5389,0.5429,11281
2008-12-11,0.543,0.5569,0.5427,0.5513,10966
2008-12-12,0.5515,0.5541,0.5417,0.547,11114
2008-12-15,0.5445,0.5564,0.5444,0.5533,24630
2008-12-16,0.5525,0.5794,0.5522,0.5779,12501
2008-12-17,0.578,0.5943,0.5764,0.5923,13773
2008-12-18,0.5922,0.608,0.5776,0.5841,12458
2008-12-19,0.584,0.5866,0.5706,0.5741,18974
2008-12-22,0.5749,0.5814,0.5712,0.5718,10735
2008-12-23,0.5719,0.5744,0.5657,0.5662,11327
2008-12-24,0.5661,0.5773,0.5659,0.5743,5098
2008-12-26,0.576,0.5779,0.5727,0.5741,4568
2008-12-29,0.5743,0.5848,0.5707,0.5763,7113
2008-12-30,0.5761,0.5819,0.5736,0.5756,16528
2008-12-31,0.5757,0.5836,0.5727,0.5804,5203
2009-01-02,0.5795,0.5865,0.5773,0.5856,8748
2009-01-05,0.5883,0.5915,0.5803,0.5886,10373
2009-01-06,0.5885,0.5987,0.581,0.5972,11131
2009-01-07,0.5974,0.6031,0.5893,0.591,10289
2009-01-08,0.5909,0.5964,0.5811,0.5934,22930
2009-01-09,0.5936,0.5951,0.5885,0.5923,12954
2009-01-12,0.5884,0.5885,0.5719,0.573,14220
2009-01-13,0.5729,0.5734,0.5456,0.5534,39558
2009-01-14,0.5533,0.5592,0.5386,0.5406,18321
2009-01-15,0.5407,0.5448,0.5275,0.5406,19433
2009-01-16,0.5407,0.5524,0.5383,0.5462,32104
2009-01-19,0.5511,0.554,0.5344,0.5352,10430
2009-01-20,0.535,0.5376,0.5164,0.5167,15790
2009-01-21,0.5166,0.536,0.5164,0.5333,16742
2009-01-22,0.5334,0.5337,0.5223,0.5266,17061
2009-01-23,0.5265,0.5318,0.517,0.5281,15200
2009-01-26,0.527,0.5339,0.5214,0.5284,12104
2009-01-27,0.5288,0.5338,0.5247,0.5275,14222
2009-01-28,0.5276,0.5369,0.5183,0.5244,17511
2009-01-29,0.5245,0.5252,0.5112,0.5127,12940
2009-01-30,0.5128,0.5135,0.5045,0.5084,15133
2009-02-02,0.5075,0.5085,0.4958,0.5013,13130
2009-02-03,0.5014,0.5149,0.501,0.5129,14082
2009-02-04,0.5129,0.5149,0.502,0.5078,34817
2009-02-05,0.5077,0.5207,0.5046,0.5151,14704
2009-02-06,0.515,0.5361,0.5106,0.5311,14090
2009-02-09,0.5295,0.5443,0.52399,0.53735,21348
2009-02-10,0.53745,0.5388,0.51755,0.52275,15773
2009-02-11,0.52265,0.5285,0.5208,0.52515,10643
2009-02-12,0.52555,0.53125,0.51325,0.52185,11488
2009-02-13,0.52175,0.5294,0.51985,0.5223,8023
2009-02-16,0.5199,0.52185,0.51532,0.51747,14594
2009-02-17,0.51762,0.52025,0.50565,0.50765,13938
2009-02-18,0.5077,0.5133,0.5067,0.51017,25910
2009-02-19,0.5103,0.5187,0.5079,0.50825,14117
2009-02-20,0.50835,0.51555,0.5005,0.5113,9536
2009-02-23,0.50924,0.51796,0.5062,0.50708,24590
2009-02-24,0.50695,0.5157,0.50445,0.51413,14097
2009-02-25,0.51415,0.5191,0.50765,0.5086,25553
2009-02-26,0.50865,0.5126,0.50673,0.50722,22936
2009-02-27,0.5071,0.5078,0.4981,0.50032,20893
2009-03-02,0.49675,0.497,0.4908,0.49195,22206
2009-03-03,0.49184,0.50138,0.49134,0.49395,23591
2009-03-04,0.49378,0.50748,0.48901,0.50425,17980
2009-03-05,0.5041,0.5048,0.49625,0.4972,13715
2009-03-06,0.4972,0.50908,0.4972,0.50202,13500
2009-03-09,0.5034,0.50578,0.4911,0.49235,13298
2009-03-10,0.49225,0.50553,0.49217,0.5053,14340
2009-03-11,0.5052,0.514,0.49733,0.5115,16693
2009-03-12,0.51157,0.52323,0.50688,0.5186,18261
2009-03-13,0.51865,0.52677,0.51845,0.52465,15893
2009-03-16,0.52053,0.53435,0.52053,0.52892,13763
2009-03-17,0.5289,0.53243,0.52743,0.53067,18610
2009-03-18,0.53079,0.54667,0.52592,0.54457,24700
2009-03-19,0.54449,0.56087,0.53955,0.55644,30484
2009-03-20,0.55643,0.5624,0.55445,0.5583,18353
2009-03-23,0.56085,0.57245,0.55995,0.5697,13984
2009-03-24,0.56964,0.57433,0.55998,0.56365,14643
2009-03-25,0.56367,0.57203,0.5548,0.56855,19874
2009-03-26,0.56865,0.57995,0.5675,0.57765,23073
2009-03-27,0.57756,0.5787,0.56678,0.57025,19265
2009-03-30,0.56705,0.56897,0.5586,0.56125,14993
2009-03-31,0.56208,0.573,0.55815,0.5587,22391
2009-04-01,0.55866,0.56922,0.55275,0.5663,22521
2009-04-02,0.5663,0.58343,0.5633,0.5793,19064
2009-04-03,0.57925,0.58955,0.57715,0.5855,17987
2009-04-06,0.5878,0.59765,0.58465,0.58666,19725
2009-04-07,0.58665,0.58673,0.57328,0.57492,18720
2009-04-08,0.57497,0.58009,0.56911,0.57845,18958
2009-04-09,0.57848,0.58432,0.57675,0.583,20489
2009-04-10,0.58297,0.5837,0.58085,0.58365,7546
2009-04-13,0.58535,0.59298,0.58285,0.592,14853
2009-04-14,0.59202,0.5923,0.5807,0.58173,16742
2009-04-15,0.5816,0.5836,0.5736,0.5802,23549
2009-04-16,0.58015,0.58066,0.56768,0.57215,24925
2009-04-17,0.57229,0.575,0.56493,0.5676,14733
2009-04-20,0.5689,0.5704,0.5486,0.5529,16952
2009-04-21,0.55286,0.5654,0.5506,0.56195,20755
2009-04-22,0.5619,0.5623,0.5531,0.5549,21985
2009-04-23,0.555,0.56231,0.55265,0.5608,15146
2009-04-24,0.5605,0.57387,0.55981,0.57212,11729
2009-04-27,0.568,0.57065,0.5622,0.56435,13005
2009-04-28,0.56445,0.5653,0.55255,0.55744,21322
2009-04-29,0.55743,0.57755,0.55733,0.56385,24704
2009-04-30,0.56383,0.57515,0.56238,0.56305,27879
2009-05-01,0.5629,0.57408,0.56273,0.5692,14160
2009-05-04,0.57245,0.577,0.57093,0.57663,9605
2009-05-05,0.57695,0.58622,0.57405,0.57925,30048
2009-05-06,0.57932,0.58563,0.5751,0.584,31076
2009-05-07,0.58401,0.59868,0.58227,0.59273,32086
2009-05-08,0.5927,0.60527,0.59046,0.60343,18517
2009-05-11,0.6045,0.61275,0.59955,0.6005,18134
2009-05-12,0.60047,0.60953,0.59619,0.60331,20618
2009-05-13,0.60327,0.61015,0.58813,0.59205,26757
2009-05-14,0.592,0.59838,0.5859,0.5957,23283
2009-05-15,0.59593,0.59642,0.58314,0.58487,28826
2009-05-18,0.5864,0.59564,0.58311,0.59432,21008
2009-05-19,0.59429,0.60604,0.59345,0.60035,25202
2009-05-20,0.6003,0.61116,0.59883,0.60381,25760
2009-05-21,0.6036,0.61243,0.60148,0.61154,24742
2009-05-22,0.6116,0.62346,0.611,0.61981,28916
2009-05-25,0.6155,0.62103,0.61466,0.6205,14536
2009-05-26,0.62049,0.62589,0.60895,0.6242,32001
2009-05-27,0.6243,0.6243,0.61321,0.61447,34983
2009-05-28,0.6144,0.62713,0.61186,0.62315,37891
2009-05-29,0.6231,0.6409,0.6226,0.6398,32568
2009-06-01,0.64108,0.65618,0.63705,0.64938,35105
2009-06-02,0.64936,0.65915,0.64448,0.65537,35103
2009-06-03,0.65559,0.65599,0.62688,0.63297,43336
2009-06-04,0.63294,0.63765,0.62265,0.63415,41474
2009-06-05,0.63408,0.64185,0.6251,0.62607,36235
2009-06-08,0.62468,0.6284,0.61522,0.6202,35847
2009-06-09,0.62017,0.62921,0.61658,0.62652,42065
2009-06-10,0.62647,0.63628,0.62315,0.62921,36830
2009-06-11,0.62937,0.64678,0.6291,0.64281,48076
2009-06-12,0.64286,0.6463,0.63556,0.64279,28797
2009-06-15,0.6381,0.63955,0.62765,0.63002,34633
2009-06-16,0.63,0.63934,0.62369,0.62831,39917
2009-06-17,0.6282,0.63646,0.62441,0.6317,44614
2009-06-18,0.63174,0.64414,0.62958,0.6391,27174
2009-06-19,0.6388,0.64805,0.63725,0.64225,20602
2009-06-22,0.64243,0.6427,0.62722,0.62894,28783
2009-06-23,0.62887,0.64164,0.62534,0.63803,38831
2009-06-24,0.63802,0.6486,0.63703,0.639,33837
2009-06-25,0.63917,0.64654,0.63461,0.6465,26695
2009-06-26,0.6464,0.64775,0.6408,0.6453,30116
2009-06-29,0.645,0.6521,0.64198,0.64947,24580
2009-06-30,0.64949,0.65483,0.6436,0.64502,33258
2009-07-01,0.64496,0.64729,0.63849,0.64067,29744
2009-07-02,0.64068,0.64136,0.62613,0.62659,38738
2009-07-03,0.62662,0.63462,0.6261,0.62956,16623
2009-07-06,0.62799,0.63759,0.62405,0.63502,29219
2009-07-07,0.63523,0.63927,0.6282,0.6289,28824
2009-07-08,0.62892,0.63114,0.61936,0.62611,40495
2009-07-09,0.6261,0.63371,0.62375,0.63073,32410
2009-07-10,0.63036,0.63286,0.6234,0.62735,31829
2009-07-13,0.62726,0.63371,0.61942,0.63371,31770
2009-07-14,0.63378,0.64224,0.63167,0.6406,25713
2009-07-15,0.64045,0.65117,0.63835,0.64844,27113
2009-07-16,0.6483,0.64961,0.63861,0.64768,34739
2009-07-17,0.6478,0.64782,0.64174,0.6443,26850
2009-07-20,0.64517,0.65862,0.64457,0.65683,27388
2009-07-21,0.65689,0.66067,0.64961,0.65638,32057
2009-07-22,0.65646,0.66283,0.65279,0.65909,31057
2009-07-23,0.65894,0.6625,0.65138,0.65393,28273
2009-07-24,0.6539,0.65854,0.65334,0.6555,24445
2009-07-27,0.65686,0.66133,0.65271,0.65701,32020
2009-07-28,0.657,0.66324,0.65361,0.65763,34421
2009-07-29,0.65755,0.65907,0.64936,0.64966,42590
2009-07-30,0.64979,0.65419,0.64745,0.65165,33525
2009-07-31,0.6517,0.66236,0.65101,0.66141,30840
2009-08-03,0.66005,0.66867,0.65893,0.6679,32328
2009-08-04,0.66791,0.67438,0.66456,0.67324,37186
2009-08-05,0.6732,0.67605,0.67056,0.67366,28740
2009-08-06,0.6736,0.67407,0.66835,0.66948,32922
2009-08-07,0.6694,0.68202,0.669,0.67211,25368
2009-08-10,0.669,0.67761,0.669,0.67641,26593
2009-08-11,0.67634,0.67672,0.66607,0.66721,32826
2009-08-12,0.66728,0.67629,0.65983,0.67052,39477
2009-08-13,0.67072,0.68105,0.67034,0.67757,34604
2009-08-14,0.67755,0.68847,0.67415,0.6779,33663
2009-08-17,0.6744,0.67581,0.6642,0.6675,37412
2009-08-18,0.6673,0.6758,0.6666,0.67437,33389
2009-08-19,0.67444,0.67683,0.66628,0.67519,40220
2009-08-20,0.6751,0.67787,0.67258,0.67685,31432
2009-08-21,0.67675,0.68663,0.67119,0.6824,31204
2009-08-24,0.6854,0.68837,0.68142,0.68428,31161
2009-08-25,0.68427,0.68952,0.68327,0.68403,28580
2009-08-26,0.68412,0.68922,0.67868,0.68056,31273
2009-08-27,0.68057,0.68928,0.67731,0.68708,32136
2009-08-28,0.68706,0.68924,0.68337,0.68381,29792
2009-08-31,0.68396,0.68648,0.67915,0.6848,27894
2009-09-01,0.68487,0.6886,0.67202,0.67509,34933
2009-09-02,0.67505,0.67768,0.66838,0.67245,32585
2009-09-03,0.6724,0.68269,0.6717,0.67743,31581
2009-09-04,0.6774,0.68941,0.67716,0.68704,29410
2009-09-07,0.6882,0.69352,0.68752,0.69237,18282
2009-09-08,0.69235,0.69815,0.6905,0.69584,28878
2009-09-09,0.69586,0.70056,0.69154,0.6971,30608
2009-09-10,0.69715,0.70416,0.69239,0.70378,30291
2009-09-11,0.7037,0.70864,0.70106,0.70717,31262
2009-09-14,0.70547,0.70559,0.69626,0.70077,28594
2009-09-15,0.7007,0.70597,0.69777,0.7045,27081
2009-09-16,0.70454,0.7151,0.704,0.71325,26346
2009-09-17,0.71326,0.71565,0.70796,0.71018,27484
2009-09-18,0.71022,0.71241,0.70739,0.70906,25689
2009-09-21,0.70735,0.70916,0.70161,0.706,28656
2009-09-22,0.70597,0.72419,0.70597,0.7185,38038
2009-09-23,0.71853,0.73099,0.71647,0.71704,37259
2009-09-24,0.71698,0.7269,0.71496,0.71615,33801
2009-09-25,0.71612,0.72127,0.71057,0.71894,37830
2009-09-28,0.71714,0.72217,0.71122,0.71594,34223
2009-09-29,0.7159,0.7225,0.71279,0.7151,37240
2009-09-30,0.71508,0.72512,0.71443,0.723,37716
2009-10-01,0.72293,0.72459,0.71335,0.71494,35976
2009-10-02,0.7149,0.72098,0.70778,0.71562,35906
2009-10-05,0.71633,0.73126,0.71369,0.7304,37999
2009-10-06,0.73048,0.7377,0.72848,0.73477,36725
2009-10-07,0.73477,0.7396,0.73193,0.73666,34193
2009-10-08,0.73667,0.74519,0.73585,0.74227,35396
2009-10-09,0.74228,0.74228,0.73013,0.73396,34193
2009-10-12,0.73376,0.73653,0.72548,0.73612,33126
2009-10-13,0.7362,0.74144,0.73128,0.7391,35196
2009-10-14,0.73905,0.74481,0.73571,0.74394,34737
2009-10-15,0.74394,0.74852,0.7404,0.74457,38562
2009-10-16,0.74456,0.74938,0.73506,0.74045,37496
2009-10-19,0.7385,0.75734,0.73674,0.75645,38271
2009-10-20,0.75644,0.7567,0.74399,0.7495,36168
2009-10-21,0.7495,0.76325,0.74629,0.75774,41495
2009-10-22,0.75772,0.76,0.74986,0.75727,41408
2009-10-23,0.75725,0.75941,0.75224,0.75423,37236
2009-10-26,0.75358,0.75656,0.7451,0.74601,34893
2009-10-27,0.74602,0.75142,0.74134,0.744,40132
2009-10-28,0.74408,0.74614,0.7195,0.72182,47833
2009-10-29,0.72181,0.73667,0.716,0.73034,44452
2009-10-30,0.73033,0.7331,0.71531,0.71778,41478
2009-11-02,0.71376,0.72668,0.71278,0.71854,45877
2009-11-03,0.71854,0.72355,0.70948,0.72127,44716
2009-11-04,0.72132,0.73076,0.71673,0.72392,41005
2009-11-05,0.72391,0.72419,0.71583,0.7209,37424
2009-11-06,0.72088,0.72751,0.71928,0.72473,33819
2009-11-09,0.73435,0.7444,0.73163,0.74422,36584
2009-11-10,0.74423,0.74592,0.73754,0.74166,40531
2009-11-11,0.74174,0.74371,0.73795,0.73968,40198
2009-11-12,0.7397,0.74395,0.73064,0.73236,44478
2009-11-13,0.73235,0.74422,0.73136,0.74316,38081
2009-11-16,0.7421,0.7521,0.73965,0.74745,37573
2009-11-17,0.74748,0.74999,0.74075,0.74427,45565
2009-11-18,0.74424,0.74971,0.74299,0.74501,35913
2009-11-19,0.745,0.74621,0.72714,0.73094,47629
2009-11-20,0.73088,0.73246,0.71997,0.72384,48856
2009-11-23,0.72108,0.73656,0.72105,0.73137,41115
2009-11-24,0.73139,0.73336,0.72199,0.7259,43616
2009-11-25,0.72583,0.733,0.72479,0.7319,34317
2009-11-26,0.73195,0.732,0.71288,0.71529,32047
2009-11-27,0.71531,0.71543,0.70243,0.71078,43505
2009-11-30,0.7137,0.72179,0.71181,0.71663,44419
2009-12-01,0.71657,0.72917,0.71416,0.72543,38802
2009-12-02,0.72547,0.72936,0.72029,0.72296,34461
2009-12-03,0.72291,0.72996,0.72072,0.72156,35015
2009-12-04,0.72147,0.7271,0.7132,0.71605,35367
2009-12-07,0.7176,0.71868,0.708,0.71528,50752
2009-12-08,0.71525,0.71692,0.70473,0.70657,53738
2009-12-09,0.70653,0.72337,0.70426,0.72225,47573
2009-12-10,0.72224,0.73171,0.72136,0.72795,39849
2009-12-11,0.72792,0.72888,0.72216,0.72494,34579
2009-12-14,0.72403,0.72971,0.72098,0.72679,33899
2009-12-15,0.72684,0.72769,0.71895,0.72118,32436
2009-12-16,0.72116,0.72241,0.71541,0.7194,34997
2009-12-17,0.71943,0.71991,0.70827,0.71042,34129
2009-12-18,0.71045,0.71313,0.70639,0.71123,35476
2009-12-21,0.71043,0.71156,0.70301,0.70429,27708
2009-12-22,0.7042,0.70737,0.69739,0.69819,28431
2009-12-23,0.69818,0.70626,0.69794,0.70372,25452
2009-12-24,0.70368,0.70805,0.70323,0.70568,15099
2009-12-28,0.70535,0.70923,0.70487,0.70718,20198
2009-12-29,0.70726,0.72114,0.70669,0.71697,25189
2009-12-30,0.7167,0.72279,0.71419,0.72279,26664
2009-12-31,0.7228,0.72879,0.72102,0.72565,25471
2010-01-04,0.72504,0.73517,0.71936,0.734,25144
2010-01-05,0.73399,0.73883,0.73146,0.73348,28055
2010-01-06,0.73353,0.73842,0.73022,0.73694,26686
2010-01-07,0.73695,0.74271,0.73095,0.73128,28288
2010-01-08,0.73138,0.73676,0.72852,0.73633,20609
2010-01-11,0.73885,0.74352,0.73812,0.74113,25829
2010-01-12,0.74117,0.74305,0.73633,0.7391,27723
2010-01-13,0.73909,0.74238,0.73698,0.73975,25767
2010-01-14,0.7398,0.74401,0.73837,0.7422,25125
2010-01-15,0.74215,0.74249,0.73593,0.73756,24935
2010-01-18,0.73472,0.74012,0.73275,0.73868,19127
2010-01-19,0.73857,0.74067,0.73331,0.73433,27661
2010-01-20,0.73426,0.73441,0.7185,0.72196,35460
2010-01-21,0.72195,0.72314,0.70961,0.71144,36808
2010-01-22,0.71145,0.71754,0.70905,0.70939,32648
2010-01-25,0.71211,0.71674,0.7112,0.71367,27375
2010-01-26,0.71374,0.7168,0.70229,0.70698,35411
2010-01-27,0.70701,0.71046,0.70294,0.70666,34295
2010-01-28,0.70667,0.71363,0.70365,0.70391,33309
2010-01-29,0.70399,0.70877,0.70062,0.70072,36010
2010-02-01,0.70287,0.70938,0.69942,0.70899,29613
2010-02-02,0.709,0.71343,0.70422,0.7122,30114
2010-02-03,0.7121,0.71489,0.69685,0.69806,29904
2010-02-04,0.69787,0.69971,0.68439,0.68756,35764
2010-02-05,0.68762,0.69306,0.68068,0.68921,38059
2010-02-08,0.68878,0.69192,0.68158,0.68281,29864
2010-02-09,0.68277,0.69656,0.68227,0.69597,35694
2010-02-10,0.69592,0.69665,0.68938,0.6932,29428
2010-02-11,0.69312,0.70232,0.6928,0.69764,32235
2010-02-12,0.69774,0.69926,0.68983,0.69722,32142
2010-02-15,0.69534,0.69879,0.6952,0.69691,21935
2010-02-16,0.69693,0.70779,0.69642,0.70611,36817
2010-02-17,0.70611,0.70784,0.70076,0.70179,36464
2010-02-18,0.70181,0.70597,0.69563,0.69599,42403
2010-02-19,0.69604,0.69933,0.69298,0.6992,44856
2010-02-22,0.69987,0.70353,0.69908,0.70123,33925
2010-02-23,0.7012,0.70575,0.6894,0.69268,41656
2010-02-24,0.6927,0.69497,0.68703,0.69287,43301
2010-02-25,0.6929,0.69443,0.68463,0.69089,40820
2010-02-26,0.69088,0.70148,0.69031,0.69774,35801
2010-03-01,0.6992,0.70146,0.69295,0.70012,34471
2010-03-02,0.7001,0.70012,0.69229,0.6955,37649
2010-03-03,0.69549,0.69851,0.68916,0.69406,36735
2010-03-04,0.6941,0.69429,0.68507,0.68535,37735
2010-03-05,0.68539,0.69747,0.6852,0.69664,29664
2010-03-08,0.69917,0.70346,0.69847,0.69963,26733
2010-03-09,0.69952,0.70343,0.69608,0.70279,26667
2010-03-10,0.7027,0.70966,0.70076,0.70206,27015
2010-03-11,0.70206,0.70218,0.69626,0.69875,25246
2010-03-12,0.69868,0.70486,0.69828,0.70148,24725
2010-03-15,0.7025,0.70538,0.69862,0.70107,25465
2010-03-16,0.70106,0.71309,0.70098,0.71257,28601
2010-03-17,0.71256,0.71768,0.71024,0.71345,24394
2010-03-18,0.7136,0.71725,0.71174,0.7142,25280
2010-03-19,0.71426,0.7155,0.7064,0.70769,20738
2010-03-22,0.7061,0.70709,0.70003,0.70633,21618
2010-03-23,0.70654,0.7078,0.70288,0.70553,22729
2010-03-24,0.70558,0.70563,0.69933,0.70203,24215
2010-03-25,0.70205,0.71003,0.70144,0.70305,22507
2010-03-26,0.70314,0.70907,0.70147,0.70339,25800
2010-03-29,0.70405,0.71153,0.70333,0.70911,19550
2010-03-30,0.7091,0.71304,0.7081,0.70959,19322
2010-03-31,0.70944,0.71144,0.70694,0.71063,22835
2010-04-01,0.71059,0.71093,0.70338,0.70788,20805
2010-04-02,0.70776,0.70818,0.70492,0.70584,9589
2010-04-05,0.7062,0.70707,0.70192,0.70315,10856
2010-04-06,0.7031,0.7072,0.69641,0.70538,21341
2010-04-07,0.70538,0.70934,0.70261,0.70686,18931
2010-04-08,0.70685,0.70762,0.7006,0.70689,17522
2010-04-09,0.70683,0.71727,0.70652,0.71586,19114
2010-04-12,0.71754,0.71927,0.71086,0.71093,18930
2010-04-13,0.71107,0.71454,0.70952,0.71311,18502
2010-04-14,0.71303,0.71521,0.7084,0.71435,20818
2010-04-15,0.71435,0.71586,0.71024,0.71206,20229
2010-04-16,0.7121,0.71551,0.70644,0.70808,23773
2010-04-19,0.70731,0.71424,0.70526,0.71366,24482
2010-04-20,0.71359,0.71367,0.7082,0.71174,23257
2010-04-21,0.71173,0.71308,0.70743,0.71003,19736
2010-04-22,0.70998,0.71384,0.70692,0.71034,22792
2010-04-23,0.7105,0.71757,0.7083,0.71697,24382
2010-04-26,0.71683,0.72538,0.71634,0.72244,24384
2010-04-27,0.72249,0.72313,0.70979,0.71111,25915
2010-04-28,0.71119,0.72251,0.71099,0.71845,29449
2010-04-29,0.71854,0.72425,0.71502,0.72343,25651
2010-04-30,0.72345,0.73241,0.7232,0.72655,24009
2010-05-03,0.72899,0.73222,0.72654,0.73045,17772
2010-05-04,0.73046,0.73111,0.71871,0.7197,26666
2010-05-05,0.71967,0.72179,0.71421,0.7188,29540
2010-05-06,0.71889,0.72752,0.70084,0.71209,44981
2010-05-07,0.71206,0.71662,0.70379,0.7141,47692
2010-05-10,0.72043,0.72951,0.71397,0.72181,33165
2010-05-11,0.72186,0.72214,0.7156,0.71603,33195
2010-05-12,0.7159,0.71982,0.71043,0.71381,30593
2010-05-13,0.7141,0.71912,0.71265,0.71324,23918
2010-05-14,0.7133,0.71515,0.70595,0.70665,27784
2010-05-17,0.7057,0.70725,0.6915,0.69773,101354
2010-05-18,0.69762,0.70387,0.68876,0.68993,30533
2010-05-19,0.68971,0.69017,0.6658,0.6811,24651
2010-05-20,0.681,0.6875,0.66193,0.66723,24416
2010-05-21,0.66726,0.6817,0.66383,0.67839,38201
2010-05-24,0.67607,0.67859,0.6684,0.67027,32859
2010-05-25,0.6703,0.6724,0.65602,0.67031,30512
2010-05-26,0.67027,0.67415,0.66042,0.66467,27557
2010-05-27,0.66464,0.68573,0.66269,0.68304,28893
2010-05-28,0.68281,0.68601,0.67538,0.67869,28515
2010-05-31,0.677,0.68459,0.67097,0.68152,19591
2010-06-01,0.68152,0.68376,0.67011,0.67518,38275
2010-06-02,0.6754,0.68216,0.67182,0.68111,33281
2010-06-03,0.6811,0.68976,0.67833,0.68296,29712
2010-06-04,0.68299,0.68629,0.66817,0.67047,27311
2010-06-07,0.67014,0.67102,0.65805,0.65844,34825
2010-06-08,0.65852,0.66825,0.65721,0.66687,36620
2010-06-09,0.66684,0.67465,0.66114,0.6714,30652
2010-06-10,0.67124,0.68751,0.66954,0.68481,34061
2010-06-11,0.68467,0.6909,0.68015,0.68973,32761
2010-06-14,0.69024,0.70188,0.69011,0.69458,24541
2010-06-15,0.69457,0.69918,0.68859,0.69848,43466
2010-06-16,0.69834,0.7001,0.69295,0.69655,24464
2010-06-17,0.69657,0.70608,0.69466,0.70427,22944
2010-06-18,0.70432,0.70713,0.70173,0.70652,18607
2010-06-21,0.71164,0.71511,0.70677,0.70793,24276
2010-06-22,0.7079,0.71176,0.70315,0.70344,24522
2010-06-23,0.70371,0.71578,0.70255,0.71295,23425
2010-06-24,0.71275,0.7141,0.70349,0.70777,29621
2010-06-25,0.70794,0.71545,0.69945,0.71353,22140
2010-06-28,0.7146,0.71465,0.7058,0.70812,20214
2010-06-29,0.70812,0.70821,0.69085,0.69223,24484
2010-06-30,0.69232,0.6953,0.68405,0.68488,29089
2010-07-01,0.68487,0.69266,0.67937,0.69222,31097
2010-07-02,0.69214,0.697,0.6871,0.68818,26028
2010-07-05,0.68817,0.69378,0.6853,0.68806,15235
2010-07-06,0.68793,0.69731,0.68234,0.69298,22874
2010-07-07,0.6931,0.70504,0.68856,0.70285,22435
2010-07-08,0.70265,0.7101,0.70217,0.70844,21125
2010-07-09,0.70859,0.71147,0.70616,0.71037,17515
2010-07-12,0.7106,0.71343,0.70561,0.71265,16722
2010-07-13,0.71271,0.72053,0.70748,0.71977,17211
2010-07-14,0.71948,0.72531,0.7158,0.72335,20085
2010-07-15,0.72331,0.7301,0.71729,0.72731,24937
2010-07-16,0.72709,0.7275,0.70948,0.71039,24006
2010-07-19,0.7086,0.71123,0.70271,0.70633,23498
2010-07-20,0.70633,0.7173,0.70433,0.71702,23288
2010-07-21,0.71723,0.71942,0.71132,0.71184,22838
2010-07-22,0.71179,0.72718,0.70952,0.72439,23185
2010-07-23,0.72446,0.72882,0.72253,0.72694,23040
2010-07-26,0.7268,0.73526,0.72449,0.73299,20847
2010-07-27,0.73292,0.7394,0.73117,0.7319,21093
2010-07-28,0.73182,0.73374,0.72002,0.72095,25989
2010-07-29,0.72081,0.72853,0.72043,0.7238,23599
2010-07-30,0.72379,0.72666,0.71893,0.7257,22164
2010-08-02,0.72679,0.73398,0.72605,0.7315,19005
2010-08-03,0.7315,0.73536,0.72978,0.7331,19714
2010-08-04,0.73301,0.73535,0.7297,0.73424,20805
2010-08-05,0.73427,0.73535,0.72464,0.72941,23270
2010-08-06,0.72951,0.73427,0.72696,0.73315,20315
2010-08-09,0.73342,0.73351,0.7266,0.7283,17369
2010-08-10,0.72822,0.72902,0.7166,0.7234,25302
2010-08-11,0.7234,0.7236,0.7115,0.71232,25201
2010-08-12,0.71226,0.71588,0.70633,0.70851,26094
2010-08-13,0.70845,0.71813,0.70483,0.70556,22077
2010-08-16,0.7076,0.71024,0.69951,0.706,22431
2010-08-17,0.70601,0.71465,0.70387,0.71186,22365
2010-08-18,0.71195,0.7191,0.71012,0.71373,21448
2010-08-19,0.71335,0.71544,0.70549,0.70696,24617
2010-08-20,0.70702,0.70813,0.70015,0.70638,21840
2010-08-23,0.70523,0.71222,0.70404,0.70569,19670
2010-08-24,0.70569,0.70772,0.69923,0.70271,26574
2010-08-25,0.70282,0.70618,0.69471,0.702,27678
2010-08-26,0.70196,0.70878,0.69815,0.70306,22808
2010-08-27,0.70293,0.7136,0.7016,0.71055,22037
2010-08-30,0.71226,0.7134,0.70348,0.70358,17737
2010-08-31,0.70357,0.7049,0.69643,0.69914,25833
2010-09-01,0.69896,0.71298,0.69857,0.71198,20399
2010-09-02,0.71203,0.71767,0.70963,0.71459,19402
2010-09-03,0.71455,0.72166,0.71282,0.7204,16088
2010-09-06,0.71883,0.72552,0.7181,0.72304,14590
2010-09-07,0.72303,0.72401,0.71745,0.71854,18051
2010-09-08,0.71837,0.7239,0.7158,0.72272,21191
2010-09-09,0.72216,0.72857,0.71993,0.7251,20255
2010-09-10,0.72499,0.72994,0.72263,0.7282,18701
2010-09-13,0.731,0.73442,0.72827,0.73345,18744
2010-09-14,0.73435,0.73928,0.72674,0.73381,23337
2010-09-15,0.73375,0.73555,0.72545,0.7267,24369
2010-09-16,0.72657,0.7284,0.72139,0.72404,26963
2010-09-17,0.72394,0.73309,0.72368,0.72538,22676
2010-09-20,0.7269,0.73195,0.725,0.72829,15359
2010-09-21,0.72827,0.73511,0.72578,0.73287,23903
2010-09-22,0.73265,0.74152,0.73168,0.7377,19221
2010-09-23,0.73769,0.73815,0.72628,0.72821,26645
2010-09-24,0.72821,0.73584,0.72711,0.7339,10548
2010-09-27,0.73595,0.73666,0.7325,0.73379,20333
2010-09-28,0.73387,0.74027,0.73033,0.7391,24542
2010-09-29,0.73915,0.74049,0.73442,0.73528,21488
2010-09-30,0.7351,0.74068,0.73041,0.73359,27712
2010-10-01,0.73384,0.74614,0.73272,0.74406,23234
2010-10-04,0.74376,0.74393,0.73793,0.7382,23812
2010-10-05,0.7382,0.74955,0.73564,0.74888,26068
2010-10-06,0.74884,0.75469,0.74574,0.75119,23121
2010-10-07,0.75133,0.75905,0.74668,0.74963,24667
2010-10-08,0.74967,0.7551,0.74265,0.7545,23975
2010-10-11,0.7563,0.7572,0.75007,0.7511,12195
2010-10-12,0.75115,0.75581,0.74785,0.7546,24620
2010-10-13,0.75469,0.7631,0.75461,0.75734,23010
2010-10-14,0.75729,0.7642,0.75541,0.75831,24617
2010-10-15,0.75818,0.76164,0.7532,0.75591,24525
2010-10-18,0.7547,0.75946,0.75,0.75649,21407
2010-10-19,0.75649,0.75988,0.74273,0.74432,32416
2010-10-20,0.74447,0.75664,0.7426,0.75351,29656
2010-10-21,0.75355,0.75377,0.74335,0.7463,27236
2010-10-22,0.7463,0.75068,0.74371,0.74644,23105
2010-10-25,0.74761,0.75602,0.74647,0.75176,31437
2010-10-26,0.75178,0.75416,0.74695,0.74859,34453
2010-10-27,0.74855,0.74986,0.74043,0.74611,35854
2010-10-28,0.74617,0.75544,0.74571,0.7522,31015
2010-10-29,0.75227,0.76644,0.752,0.76615,33520
2010-11-01,0.76559,0.76908,0.76321,0.76661,34957
2010-11-02,0.76662,0.77406,0.76335,0.77123,39411
2010-11-03,0.77127,0.78838,0.77022,0.78644,45444
2010-11-04,0.78644,0.79737,0.78274,0.79411,42390
2010-11-05,0.79415,0.7972,0.7882,0.79518,38079
2010-11-08,0.79133,0.79296,0.78406,0.78678,36010
2010-11-09,0.78682,0.79111,0.77517,0.77616,40582
2010-11-10,0.77616,0.78478,0.7736,0.78031,42680
2010-11-11,0.78033,0.78718,0.77716,0.77899,35091
2010-11-12,0.77896,0.7809,0.76982,0.77302,43559
2010-11-15,0.7744,0.77755,0.76822,0.77275,33712
2010-11-16,0.77287,0.77546,0.76511,0.76781,42109
2010-11-17,0.76785,0.77246,0.76307,0.7705,34316
2010-11-18,0.7705,0.77859,0.76933,0.77842,33787
2010-11-19,0.77839,0.77987,0.77459,0.77841,31242
2010-11-22,0.7801,0.78344,0.76935,0.7722,33839
2010-11-23,0.77228,0.77231,0.7576,0.75897,45901
2010-11-24,0.75895,0.76419,0.75811,0.76041,40832
2010-11-25,0.76043,0.76264,0.75578,0.75973,29531
2010-11-26,0.75973,0.76201,0.74784,0.74962,35122
2010-11-29,0.75184,0.7534,0.74278,0.7448,37345
2010-11-30,0.74479,0.74688,0.73967,0.74219,49716
2010-12-01,0.74224,0.75096,0.74003,0.74878,47681
2010-12-02,0.74879,0.75626,0.74536,0.75545,48133
2010-12-03,0.75546,0.76728,0.75428,0.76571,42195
2010-12-06,0.76438,0.76521,0.75852,0.76091,35518
2010-12-07,0.76091,0.7665,0.75622,0.75659,44205
2010-12-08,0.7566,0.75764,0.74336,0.74681,47469
2010-12-09,0.74682,0.75139,0.74506,0.7489,41581
2010-12-10,0.74893,0.75282,0.74691,0.74758,28677
2010-12-13,0.74665,0.75744,0.74646,0.75152,30143
2010-12-14,0.75152,0.75741,0.74908,0.75158,34671
2010-12-15,0.75157,0.75158,0.73721,0.73963,39349
2010-12-16,0.73975,0.74053,0.73423,0.74014,35351
2010-12-17,0.74014,0.74239,0.73495,0.73593,31860
2010-12-20,0.73569,0.74346,0.73451,0.74032,33354
2010-12-21,0.74032,0.74826,0.74013,0.74341,34161
2010-12-22,0.74303,0.74492,0.73858,0.7411,32844
2010-12-23,0.74106,0.74993,0.74095,0.7463,28732
2010-12-24,0.74637,0.7495,0.74637,0.74778,15505
2010-12-27,0.74686,0.75068,0.74536,0.74928,27362
2010-12-28,0.74933,0.76036,0.749,0.75414,29542
2010-12-29,0.75416,0.76884,0.75402,0.76659,26917
2010-12-30,0.76655,0.77251,0.7664,0.77053,28542
2010-12-31,0.77056,0.78119,0.77035,0.78021,21102
2011-01-03,0.77728,0.77825,0.77264,0.77347,24354
2011-01-04,0.77346,0.77402,0.7639,0.76643,29807
2011-01-05,0.76643,0.76791,0.75604,0.75749,33215
2011-01-06,0.75747,0.76028,0.75527,0.75649,28809
2011-01-07,0.75654,0.76367,0.75494,0.75955,33826
2011-01-10,0.75977,0.76454,0.75714,0.76261,29969
2011-01-11,0.7626,0.76316,0.75602,0.75874,34451
2011-01-12,0.7587,0.76409,0.75621,0.76304,32146
2011-01-13,0.76302,0.77243,0.76077,0.77156,33746
2011-01-14,0.77157,0.77249,0.7634,0.76582,31906
2011-01-17,0.76794,0.77456,0.76709,0.77152,26616
2011-01-18,0.77154,0.77404,0.76922,0.77143,36222
2011-01-19,0.77148,0.77859,0.76414,0.76525,39029
2011-01-20,0.76527,0.7658,0.75317,0.75448,46209
2011-01-21,0.75443,0.75925,0.75246,0.75791,38582
2011-01-24,0.75816,0.76555,0.75653,0.76276,31723
2011-01-25,0.76285,0.76901,0.76217,0.76785,41788
2011-01-26,0.76785,0.77331,0.76423,0.77165,37106
2011-01-27,0.77164,0.77452,0.76706,0.77139,39456
2011-01-28,0.7714,0.7792,0.77043,0.77341,35169
2011-01-31,0.76911,0.77416,0.76832,0.7723,37461
2011-02-01,0.7723,0.78228,0.77109,0.78049,40735
2011-02-02,0.78053,0.7823,0.77153,0.77293,32955
2011-02-03,0.77295,0.77474,0.76891,0.77292,33781
2011-02-04,0.77294,0.77455,0.76658,0.7697,24221
2011-02-07,0.76922,0.77234,0.76771,0.77007,20896
2011-02-08,0.77005,0.77857,0.76944,0.77494,21373
2011-02-09,0.77487,0.77547,0.7702,0.77126,23226
2011-02-10,0.77121,0.77186,0.75948,0.76004,30343
2011-02-11,0.76005,0.76265,0.75528,0.7601,22421
2011-02-14,0.75655,0.75922,0.75437,0.75612,26110
2011-02-15,0.75596,0.75851,0.75032,0.75195,28891
2011-02-16,0.75187,0.75634,0.75055,0.75388,31825
2011-02-17,0.75387,0.76047,0.7536,0.7582,23797
2011-02-18,0.75837,0.76545,0.75817,0.76135,23518
2011-02-21,0.7626,0.76517,0.76064,0.76263,23714
2011-02-22,0.76272,0.76392,0.74315,0.74369,45578
2011-02-23,0.74373,0.75111,0.74265,0.74567,36573
2011-02-24,0.74564,0.75085,0.74287,0.74766,38456
2011-02-25,0.74762,0.75263,0.7475,0.75147,30965
2011-02-28,0.75108,0.7552,0.74933,0.75211,31953
2011-03-01,0.75213,0.75283,0.74595,0.74688,35213
2011-03-02,0.74688,0.74794,0.73914,0.74226,35016
2011-03-03,0.74228,0.74722,0.73872,0.73992,34255
2011-03-04,0.73997,0.74043,0.73383,0.73806,28498
2011-03-07,0.73709,0.74002,0.73498,0.73686,31102
2011-03-08,0.73687,0.74163,0.7365,0.73942,32017
2011-03-09,0.73949,0.74148,0.73332,0.73624,38691
2011-03-10,0.73624,0.73769,0.73212,0.73503,37542
2011-03-11,0.73503,0.74537,0.73248,0.74246,39811
2011-03-14,0.73908,0.7412,0.73617,0.73882,31917
2011-03-15,0.7389,0.7393,0.72648,0.72961,56012
2011-03-16,0.72957,0.73565,0.71159,0.71948,55206
2011-03-17,0.71946,0.72514,0.71626,0.71873,53072
2011-03-18,0.71873,0.73202,0.71812,0.73073,39620
2011-03-21,0.73045,0.73598,0.73013,0.73508,33007
2011-03-22,0.73509,0.74459,0.73364,0.73975,34704
2011-03-23,0.73975,0.74316,0.73738,0.7425,35184
2011-03-24,0.7425,0.75197,0.74234,0.75121,38212
2011-03-25,0.75117,0.75731,0.74844,0.75314,30771
2011-03-28,0.75095,0.75526,0.74877,0.75044,29855
2011-03-29,0.75044,0.75787,0.74925,0.75651,31291
2011-03-30,0.7568,0.76356,0.75461,0.76168,31702
2011-03-31,0.76168,0.76456,0.75816,0.761,33450
2011-04-01,0.761,0.7681,0.758,0.76746,34005
2011-04-04,0.76766,0.77027,0.76592,0.76739,29751
2011-04-05,0.76736,0.77225,0.76684,0.76701,28358
2011-04-06,0.76706,0.78058,0.76689,0.77741,32892
2011-04-07,0.77737,0.78044,0.77359,0.77819,34431
2011-04-08,0.77813,0.78326,0.77622,0.78248,30023
2011-04-11,0.78208,0.78463,0.77832,0.78044,24062
2011-04-12,0.78045,0.78828,0.77453,0.78295,35388
2011-04-13,0.78286,0.79262,0.78242,0.78808,32442
2011-04-14,0.788,0.79551,0.78631,0.79329,36807
2011-04-15,0.79328,0.79984,0.79252,0.79923,28067
2011-04-18,0.79907,0.79911,0.78397,0.78859,35832
2011-04-19,0.78865,0.79009,0.78206,0.78791,31105
2011-04-20,0.78794,0.80066,0.78791,0.79709,32146
2011-04-21,0.79705,0.80366,0.7953,0.80076,29026
2011-04-22,0.80078,0.80332,0.80043,0.80148,22144
2011-04-25,0.80259,0.80359,0.79736,0.8,24932
2011-04-26,0.80007,0.8072,0.79758,0.80659,29621
2011-04-27,0.80656,0.81044,0.80023,0.80229,38666
2011-04-28,0.80223,0.80818,0.79701,0.80251,37744
2011-04-29,0.80248,0.81059,0.80022,0.80971,25272
2011-05-02,0.80962,0.81181,0.80304,0.80542,30404
2011-05-03,0.80542,0.80607,0.79694,0.79822,35055
2011-05-04,0.79821,0.79936,0.78683,0.78962,43348
2011-05-05,0.78976,0.79402,0.78161,0.7872,45780
2011-05-06,0.78723,0.79719,0.78537,0.79035,48802
2011-05-09,0.78983,0.79579,0.78866,0.79414,42786
2011-05-10,0.79411,0.79596,0.78885,0.79418,47833
2011-05-11,0.79416,0.79726,0.78703,0.78971,40570
2011-05-12,0.7897,0.79873,0.78405,0.79465,39233
2011-05-13,0.79465,0.79636,0.78351,0.78674,26587
2011-05-16,0.786,0.78677,0.77547,0.78043,31563
2011-05-17,0.78055,0.78462,0.77642,0.78444,27967
2011-05-18,0.78394,0.79112,0.78369,0.78936,12759
2011-05-19,0.78947,0.79354,0.78604,0.79072,13167
2011-05-20,0.79072,0.79983,0.79056,0.79547,11968
2011-05-23,0.79435,0.79506,0.78579,0.79001,14116
2011-05-24,0.78993,0.80144,0.78821,0.79684,12436
2011-05-25,0.79664,0.80114,0.79012,0.79669,23495
2011-05-26,0.79667,0.81233,0.7965,0.80976,44559
2011-05-27,0.80966,0.81973,0.80693,0.81874,43121
2011-05-30,0.81832,0.82146,0.81512,0.81619,23480
2011-05-31,0.81621,0.82614,0.81621,0.82284,37714
2011-06-01,0.82285,0.82571,0.81272,0.81362,42289
2011-06-02,0.81361,0.81788,0.81077,0.81591,39417
2011-06-03,0.81598,0.81925,0.80722,0.81552,26497
2011-06-06,0.81563,0.81804,0.81184,0.81394,28434
2011-06-07,0.81391,0.82298,0.81362,0.82064,26271
2011-06-08,0.82066,0.82236,0.81419,0.82083,28953
2011-06-09,0.82085,0.82972,0.81743,0.82562,26409
2011-06-10,0.8256,0.82786,0.82044,0.82093,23535
2011-06-13,0.82032,0.82169,0.81134,0.81616,41686
2011-06-14,0.81619,0.82131,0.81365,0.81828,38297
2011-06-15,0.81824,0.82048,0.8032,0.80544,40228
2011-06-16,0.80553,0.8071,0.79715,0.80568,52629
2011-06-17,0.80561,0.81346,0.80131,0.81198,43233
2011-06-20,0.81034,0.81167,0.8044,0.80962,39869
2011-06-21,0.80962,0.81451,0.80825,0.81207,40274
2011-06-22,0.81207,0.81929,0.81097,0.8141,45445
2011-06-23,0.8141,0.81765,0.80809,0.81462,49335
2011-06-24,0.81466,0.81724,0.80933,0.81223,42112
2011-06-27,0.8076,0.80805,0.80074,0.80603,43699
2011-06-28,0.80599,0.8123,0.80246,0.8111,40666
2011-06-29,0.81106,0.82588,0.81005,0.82487,36390
2011-06-30,0.82489,0.83167,0.82462,0.82786,39209
2011-07-01,0.82787,0.82913,0.82402,0.82709,33282
2011-07-04,0.82722,0.83252,0.82708,0.83226,31948
2011-07-05,0.83229,0.83243,0.82326,0.82583,38620
2011-07-06,0.82589,0.82999,0.82366,0.82662,38313
2011-07-07,0.82663,0.83413,0.82545,0.83245,33733
2011-07-08,0.83248,0.8382,0.82889,0.83752,37592
2011-07-11,0.83443,0.83579,0.82729,0.8294,46655
2011-07-12,0.82935,0.83006,0.81095,0.81774,59801
2011-07-13,0.81774,0.84174,0.81666,0.84167,53208
2011-07-14,0.84179,0.85028,0.83916,0.84205,55162
2011-07-15,0.84185,0.84689,0.83787,0.84477,38284
2011-07-18,0.84482,0.84906,0.84107,0.8438,43811
2011-07-19,0.84386,0.8571,0.84275,0.85496,35967
2011-07-20,0.85498,0.85648,0.85258,0.85604,29774
2011-07-21,0.85608,0.86412,0.85353,0.86259,34707
2011-07-22,0.86259,0.86732,0.85816,0.86424,28464
2011-07-25,0.86497,0.86759,0.86155,0.86381,28324
2011-07-26,0.86376,0.87408,0.86102,0.87189,33127
2011-07-27,0.87192,0.87646,0.86684,0.87254,34990
2011-07-28,0.87239,0.87513,0.86782,0.87092,32025
2011-07-29,0.87082,0.87973,0.86216,0.87906,35748
2011-08-01,0.87847,0.88414,0.87321,0.87595,33183
2011-08-02,0.87591,0.87828,0.86309,0.86367,39458
2011-08-03,0.86365,0.86773,0.85752,0.86426,43745
2011-08-04,0.86432,0.8664,0.83097,0.83129,52233
2011-08-05,0.83129,0.84652,0.82738,0.84316,65238
2011-08-08,0.84112,0.8414,0.81896,0.81944,69643
2011-08-09,0.81948,0.84094,0.79641,0.83985,86974
2011-08-10,0.83982,0.83998,0.80654,0.81049,69268
2011-08-11,0.81049,0.83266,0.80758,0.82984,80006
2011-08-12,0.82987,0.83406,0.81799,0.83193,63668
2011-08-15,0.83419,0.83889,0.82719,0.83374,47351
2011-08-16,0.83379,0.83794,0.82703,0.83474,57120
2011-08-17,0.83474,0.84235,0.83119,0.83661,50996
2011-08-18,0.83659,0.83762,0.81941,0.82183,58209
2011-08-19,0.82184,0.82877,0.81702,0.81715,60998
2011-08-22,0.81784,0.8277,0.81601,0.82333,51544
2011-08-23,0.82333,0.83651,0.8212,0.83476,51951
2011-08-24,0.83476,0.83505,0.82609,0.82787,51052
2011-08-25,0.82792,0.83281,0.82562,0.82785,48301
2011-08-26,0.82785,0.84162,0.8278,0.84017,48107
2011-08-29,0.83996,0.84827,0.83845,0.84804,35150
2011-08-30,0.84813,0.85586,0.84769,0.85187,42457
2011-08-31,0.85187,0.85724,0.85031,0.85246,43793
2011-09-01,0.85247,0.85266,0.84721,0.85147,46320
2011-09-02,0.85147,0.85434,0.84352,0.84774,50715
2011-09-05,0.84309,0.84492,0.82688,0.82741,59547
2011-09-06,0.82743,0.8385,0.82046,0.82458,72886
2011-09-07,0.82457,0.83359,0.82399,0.83345,57040
2011-09-08,0.83349,0.83814,0.83027,0.83521,57580
2011-09-09,0.83524,0.83686,0.8192,0.82156,62397
2011-09-12,0.82019,0.82487,0.81177,0.82406,75857
2011-09-13,0.82405,0.82696,0.81794,0.82246,67641
2011-09-14,0.82243,0.82628,0.81411,0.81729,78073
2011-09-15,0.81741,0.82785,0.81194,0.82341,66654
2011-09-16,0.82335,0.83399,0.82073,0.82843,56773
2011-09-19,0.82401,0.82849,0.81709,0.82343,61933
2011-09-20,0.82341,0.82628,0.81629,0.82338,70780
2011-09-21,0.8234,0.82365,0.79952,0.80326,69035
2011-09-22,0.80327,0.80624,0.77515,0.78101,97920
2011-09-23,0.78102,0.78916,0.77232,0.77562,87661
2011-09-26,0.77316,0.78065,0.76367,0.77955,89503
2011-09-27,0.77954,0.79561,0.77667,0.78877,73026
2011-09-28,0.78877,0.79,0.77401,0.77414,74070
2011-09-29,0.7741,0.7831,0.76499,0.76981,74856
2011-09-30,0.76982,0.77031,0.76067,0.76099,62745
2011-10-03,0.7622,0.76403,0.75094,0.7521,74457
2011-10-04,0.75212,0.76275,0.74691,0.76012,83707
2011-10-05,0.76015,0.76801,0.75532,0.76668,74584
2011-10-06,0.76667,0.77237,0.76236,0.76993,68127
2011-10-07,0.7699,0.77961,0.7674,0.76977,60150
2011-10-10,0.76793,0.78574,0.76793,0.78407,55453
2011-10-11,0.78403,0.78403,0.776,0.77976,61605
2011-10-12,0.77963,0.79942,0.77405,0.79367,61532
2011-10-13,0.79369,0.79657,0.78895,0.79405,61402
2011-10-14,0.79407,0.80542,0.79075,0.80512,55726
2011-10-17,0.8034,0.80666,0.79065,0.79202,59130
2011-10-18,0.79202,0.80067,0.78595,0.79534,70931
2011-10-19,0.79538,0.80054,0.78979,0.79212,69196
2011-10-20,0.79212,0.79889,0.78714,0.79276,73783
2011-10-21,0.7928,0.80308,0.78998,0.80257,61972
2011-10-24,0.80188,0.81077,0.80003,0.80443,59434
2011-10-25,0.80442,0.8075,0.79411,0.79622,66641
2011-10-26,0.79617,0.80101,0.7913,0.79966,72545
2011-10-27,0.79964,0.82288,0.79846,0.8222,77682
2011-10-28,0.8222,0.8239,0.8164,0.82034,59651
2011-10-31,0.82018,0.82258,0.806,0.80735,68074
2011-11-01,0.80731,0.81044,0.79191,0.79464,80886
2011-11-02,0.79457,0.79796,0.78653,0.7879,73427
2011-11-03,0.78787,0.79668,0.78059,0.7946,79051
2011-11-04,0.79457,0.79632,0.78818,0.79327,65398
2011-11-07,0.79587,0.79965,0.79156,0.79665,65524
2011-11-08,0.79665,0.79875,0.79219,0.79754,64842
2011-11-09,0.79754,0.79842,0.77888,0.77894,73433
2011-11-10,0.77903,0.78199,0.77314,0.77707,79549
2011-11-11,0.77702,0.78704,0.77438,0.78628,57066
2011-11-14,0.78911,0.79158,0.77607,0.77791,65431
2011-11-15,0.77793,0.77798,0.76697,0.771,69142
2011-11-16,0.77103,0.77215,0.76253,0.76481,73995
2011-11-17,0.76479,0.76832,0.75651,0.75912,80633
2011-11-18,0.75915,0.76483,0.75514,0.75598,69301
2011-11-21,0.75621,0.757,0.74479,0.74731,73519
2011-11-22,0.7473,0.75124,0.74398,0.74798,68280
2011-11-23,0.74803,0.75006,0.73846,0.73924,72164
2011-11-24,0.73925,0.74537,0.73903,0.7409,60276
2011-11-25,0.74089,0.7439,0.73693,0.73957,54660
2011-11-28,0.74823,0.75727,0.74804,0.75448,60100
2011-11-29,0.75449,0.76497,0.75105,0.76419,63867
2011-11-30,0.76418,0.78205,0.7575,0.77877,69583
2011-12-01,0.77879,0.78104,0.77225,0.77825,61395
2011-12-02,0.77833,0.78346,0.77593,0.77677,41562
2011-12-05,0.77846,0.78342,0.776,0.77985,63209
2011-12-06,0.77986,0.78153,0.77375,0.77862,69889
2011-12-07,0.77861,0.78248,0.77483,0.78025,64539
2011-12-08,0.78022,0.78762,0.77095,0.77149,71240
2011-12-09,0.77147,0.77568,0.76357,0.77491,71600
2011-12-12,0.77332,0.77461,0.76092,0.76183,63119
2011-12-13,0.76181,0.76724,0.75509,0.75665,70530
2011-12-14,0.75665,0.75764,0.74864,0.74904,73203
2011-12-15,0.74907,0.75534,0.74598,0.75463,67442
2011-12-16,0.75461,0.76432,0.75445,0.76153,61596
2011-12-19,0.76202,0.76277,0.75415,0.75547,54087
2011-12-20,0.75547,0.77165,0.75542,0.76746,50019
2011-12-21,0.76742,0.77736,0.76522,0.76932,69413
2011-12-22,0.7693,0.77499,0.76637,0.77346,60363
2011-12-23,0.77344,0.77542,0.77172,0.77406,41135
2011-12-26,0.77362,0.7746,0.77266,0.77401,25967
2011-12-27,0.77404,0.7744,0.77028,0.77209,43726
2011-12-28,0.77214,0.77807,0.76722,0.76765,50218
2011-12-29,0.76763,0.7717,0.76515,0.77093,52377
2011-12-30,0.77092,0.78101,0.77079,0.77654,50160
2012-01-02,0.77733,0.77948,0.77443,0.77946,43764
2012-01-03,0.77946,0.79058,0.77944,0.78929,52040
2012-01-04,0.78927,0.78992,0.78518,0.78679,56793
2012-01-05,0.78679,0.78741,0.77921,0.7806,63516
2012-01-06,0.78059,0.78366,0.77719,0.78023,55272
2012-01-09,0.78004,0.78853,0.77756,0.78688,60281
2012-01-10,0.78688,0.79636,0.78684,0.7935,57718
2012-01-11,0.79345,0.79737,0.79236,0.79671,54136
2012-01-12,0.79672,0.79789,0.79077,0.7939,49927
2012-01-13,0.7939,0.79518,0.78643,0.7943,53948
2012-01-16,0.79391,0.7965,0.79159,0.79292,43419
2012-01-17,0.79291,0.80298,0.79283,0.79998,59581
2012-01-18,0.8,0.80801,0.79955,0.80219,65617
2012-01-19,0.80218,0.8042,0.80006,0.80272,61827
2012-01-20,0.80271,0.8062,0.79938,0.80599,47110
2012-01-23,0.80524,0.81406,0.80444,0.81044,55987
2012-01-24,0.81049,0.81171,0.80536,0.811,48436
2012-01-25,0.81101,0.8191,0.80395,0.81632,61032
2012-01-26,0.81628,0.82338,0.81611,0.82086,52126
2012-01-27,0.82088,0.82482,0.8187,0.82447,54494
2012-01-30,0.82295,0.82374,0.81543,0.81918,61073
2012-01-31,0.8192,0.82997,0.81851,0.82589,58828
2012-02-01,0.82588,0.83553,0.82114,0.83242,62357
2012-02-02,0.83241,0.83674,0.8309,0.83162,58568
2012-02-03,0.8316,0.83768,0.82933,0.8345,57010
2012-02-06,0.83389,0.83476,0.82851,0.83313,61417
2012-02-07,0.83312,0.83719,0.83117,0.83528,61376
2012-02-08,0.83527,0.84057,0.83246,0.83289,57807
2012-02-09,0.8329,0.83766,0.83187,0.83335,61864
2012-02-10,0.83336,0.83408,0.82483,0.82625,56574
2012-02-13,0.83031,0.83737,0.82878,0.83291,58315
2012-02-14,0.83292,0.8349,0.8272,0.8343,60891
2012-02-15,0.83429,0.84203,0.83186,0.83203,62360
2012-02-16,0.83205,0.83395,0.82441,0.83318,64790
2012-02-17,0.83317,0.83811,0.83158,0.83186,51314
2012-02-20,0.83996,0.84269,0.83784,0.83785,45805
2012-02-21,0.83787,0.84025,0.83246,0.83287,59661
2012-02-22,0.83284,0.83566,0.82615,0.82792,56810
2012-02-23,0.82791,0.83695,0.82612,0.83651,52295
2012-02-24,0.83652,0.83952,0.8348,0.83556,46098
2012-02-27,0.83658,0.8416,0.83201,0.83957,51873
2012-02-28,0.83956,0.84163,0.83482,0.83757,49823
2012-02-29,0.83756,0.84696,0.83287,0.83423,57567
2012-03-01,0.83424,0.84043,0.83211,0.83949,54794
2012-03-02,0.83945,0.83953,0.82843,0.82871,47822
2012-03-05,0.82886,0.83009,0.82006,0.82077,49567
2012-03-06,0.8208,0.82214,0.80985,0.81184,57880
2012-03-07,0.81183,0.81995,0.81155,0.8151,55849
2012-03-08,0.8151,0.82784,0.81383,0.82414,55373
2012-03-09,0.82413,0.82736,0.81919,0.82108,50525
2012-03-12,0.81907,0.81951,0.81352,0.81912,49111
2012-03-13,0.81909,0.82455,0.81799,0.82238,50391
2012-03-14,0.82236,0.82237,0.80676,0.80856,54252
2012-03-15,0.80857,0.82126,0.8059,0.81869,54229
2012-03-16,0.81868,0.82569,0.81761,0.82436,45077
2012-03-19,0.82687,0.8286,0.82313,0.82544,45299
2012-03-20,0.82539,0.82659,0.81365,0.81672,50818
2012-03-21,0.81672,0.82162,0.81002,0.8118,52467
2012-03-22,0.81181,0.81519,0.80568,0.81023,53761
2012-03-23,0.81022,0.81869,0.80967,0.81794,49932
2012-03-26,0.81746,0.82359,0.81413,0.8232,47677
2012-03-27,0.82319,0.82621,0.81973,0.82012,43645
2012-03-28,0.82011,0.82123,0.81478,0.81729,51850
2012-03-29,0.81732,0.81929,0.81145,0.81679,53222
2012-03-30,0.81678,0.82273,0.81631,0.81764,46541
2012-04-02,0.8237,0.82539,0.81835,0.82359,47373
2012-04-03,0.82357,0.82606,0.81655,0.81929,55826
2012-04-04,0.81928,0.81935,0.81237,0.81415,56734
2012-04-05,0.81416,0.81869,0.8123,0.81572,52077
2012-04-06,0.81574,0.82031,0.81418,0.8186,37282
2012-04-09,0.81806,0.82356,0.81511,0.82147,35391
2012-04-10,0.82142,0.82379,0.812,0.8154,57691
2012-04-11,0.81543,0.82192,0.8138,0.8182,53017
2012-04-12,0.8182,0.82781,0.81786,0.82733,56458
2012-04-13,0.82732,0.83165,0.82254,0.82267,54080
2012-04-16,0.82303,0.82318,0.81708,0.81979,60931
2012-04-17,0.8198,0.82333,0.81482,0.82132,52014
2012-04-18,0.82133,0.82254,0.81449,0.8155,53809
2012-04-19,0.81549,0.81947,0.81202,0.81431,58849
2012-04-20,0.8143,0.81854,0.81206,0.81804,47415
2012-04-23,0.81736,0.81865,0.8086,0.81303,46288
2012-04-24,0.81306,0.81574,0.80964,0.81291,52093
2012-04-25,0.8129,0.8175,0.81041,0.81624,52681
2012-04-26,0.8162,0.81883,0.81159,0.81296,51134
2012-04-27,0.81297,0.8231,0.81048,0.82146,53389
2012-04-30,0.82263,0.82331,0.81606,0.81833,48098
2012-05-01,0.81834,0.81857,0.81188,0.81482,44004
2012-05-02,0.8148,0.81534,0.8084,0.80843,53232
2012-05-03,0.80842,0.80904,0.79857,0.80015,55023
2012-05-04,0.80014,0.80175,0.79368,0.79535,50344
2012-05-07,0.79325,0.79672,0.79056,0.79519,51584
2012-05-08,0.79518,0.79716,0.78577,0.78742,55874
2012-05-09,0.78743,0.78774,0.7811,0.7837,63281
2012-05-10,0.78371,0.79012,0.78276,0.78367,61481
2012-05-11,0.78367,0.7878,0.78094,0.78249,57468
2012-05-14,0.78099,0.78224,0.77559,0.77689,52974
2012-05-15,0.77688,0.77966,0.76796,0.76905,54890
2012-05-16,0.76904,0.76945,0.76222,0.76412,61353
2012-05-17,0.7641,0.768,0.76212,0.76318,62511
2012-05-18,0.76316,0.76475,0.75201,0.75574,68051
2012-05-21,0.75657,0.76556,0.75395,0.76451,64646
2012-05-22,0.76452,0.76747,0.75196,0.75423,67205
2012-05-23,0.75422,0.75491,0.74565,0.75137,76374
2012-05-24,0.75138,0.75724,0.74801,0.75421,75163
2012-05-25,0.75421,0.75836,0.75126,0.75314,63744
2012-05-28,0.75827,0.7644,0.75735,0.76146,49032
2012-05-29,0.76147,0.76466,0.75765,0.76144,64189
2012-05-30,0.76144,0.76189,0.7523,0.75269,67557
2012-05-31,0.7527,0.75745,0.74989,0.75283,69169
2012-06-01,0.7529,0.75642,0.7455,0.75359,73392
2012-06-04,0.75486,0.75935,0.74992,0.75554,60962
2012-06-05,0.75554,0.76017,0.75193,0.75641,64311
2012-06-06,0.75643,0.77081,0.75579,0.77013,66652
2012-06-07,0.77013,0.77514,0.76622,0.76691,67215
2012-06-08,0.76692,0.77185,0.7617,0.76989,68690
2012-06-11,0.77672,0.77796,0.76765,0.76768,64905
2012-06-12,0.7677,0.77789,0.76683,0.77659,68547
2012-06-13,0.77658,0.78077,0.77212,0.77591,67075
2012-06-14,0.77596,0.78308,0.77478,0.78212,65154
2012-06-15,0.78211,0.78989,0.78124,0.78697,59011
2012-06-18,0.79178,0.79425,0.78854,0.79194,64305
2012-06-19,0.79193,0.79889,0.79071,0.79802,61962
2012-06-20,0.79803,0.79849,0.79156,0.79568,64327
2012-06-21,0.79568,0.80142,0.78519,0.78743,68978
2012-06-22,0.78744,0.7917,0.78459,0.78971,58417
2012-06-25,0.78936,0.78944,0.78425,0.78731,55378
2012-06-26,0.78726,0.793,0.78669,0.79061,59888
2012-06-27,0.7906,0.79231,0.78746,0.79154,62941
2012-06-28,0.79155,0.79611,0.78382,0.78765,70350
2012-06-29,0.78767,0.80395,0.78471,0.80094,74094
2012-07-02,0.80132,0.80494,0.79989,0.8032,61191
2012-07-03,0.8032,0.806,0.80123,0.80363,58780
2012-07-04,0.80362,0.80621,0.80223,0.80384,51763
2012-07-05,0.80383,0.80739,0.80045,0.80358,64429
2012-07-06,0.80358,0.80461,0.79547,0.79732,61020
2012-07-09,0.7957,0.79776,0.79265,0.79649,57436
2012-07-10,0.79651,0.79858,0.79281,0.79382,59394
2012-07-11,0.79384,0.79969,0.79301,0.79731,61582
2012-07-12,0.79733,0.79772,0.78592,0.78966,66168
2012-07-13,0.78967,0.79645,0.78873,0.79576,61378
2012-07-16,0.7972,0.79855,0.79343,0.79729,56130
2012-07-17,0.79728,0.80026,0.79286,0.79669,64163
2012-07-18,0.79669,0.80047,0.79223,0.79979,60917
2012-07-19,0.79977,0.80534,0.79904,0.80292,65390
2012-07-20,0.80292,0.80342,0.79775,0.7993,62502
2012-07-23,0.79764,0.79805,0.78656,0.78771,68093
2012-07-24,0.7877,0.79212,0.78381,0.78434,69228
2012-07-25,0.7843,0.79139,0.78065,0.79057,71398
2012-07-26,0.79056,0.80272,0.78906,0.80051,72276
2012-07-27,0.80054,0.81028,0.79889,0.80924,70946
2012-07-30,0.81002,0.81011,0.80698,0.80775,63607
2012-07-31,0.80775,0.81198,0.80775,0.80845,64659
2012-08-01,0.80844,0.8142,0.80658,0.80797,66790
2012-08-02,0.80798,0.81685,0.80694,0.80941,72908
2012-08-03,0.80937,0.81972,0.80845,0.81845,66828
2012-08-06,0.81888,0.82215,0.81609,0.81973,61663
2012-08-07,0.81974,0.82187,0.81445,0.81547,60215
2012-08-08,0.81546,0.81618,0.81156,0.81522,63084
2012-08-09,0.81527,0.8159,0.80959,0.81164,63897
2012-08-10,0.81167,0.81377,0.80819,0.81309,58659
2012-08-13,0.81209,0.81272,0.80749,0.80887,55978
2012-08-14,0.80886,0.81131,0.8042,0.80518,58708
2012-08-15,0.80519,0.80731,0.80354,0.80701,57170
2012-08-16,0.80702,0.81162,0.80535,0.81077,58782
2012-08-17,0.81074,0.81219,0.80598,0.80698,56247
2012-08-20,0.80713,0.81043,0.80616,0.80871,55058
2012-08-21,0.8087,0.81427,0.80861,0.81083,56086
2012-08-22,0.81084,0.81422,0.80752,0.81372,63906
2012-08-23,0.81374,0.81844,0.81209,0.8125,58078
2012-08-24,0.81251,0.81392,0.80789,0.81085,51590
2012-08-27,0.812,0.81241,0.80807,0.80828,40581
2012-08-28,0.80826,0.80869,0.80307,0.80411,51213
2012-08-29,0.80411,0.80559,0.79996,0.80021,45806
2012-08-30,0.8003,0.80301,0.7968,0.79859,48072
2012-08-31,0.79858,0.80412,0.79721,0.80298,54663
2012-09-03,0.80039,0.8015,0.79689,0.79752,43812
2012-09-04,0.79753,0.79952,0.79202,0.79444,54417
2012-09-05,0.79444,0.79574,0.79125,0.79517,59048
2012-09-06,0.79516,0.80304,0.79381,0.80139,60309
2012-09-07,0.80139,0.81234,0.80006,0.81215,59729
2012-09-10,0.81012,0.81318,0.80784,0.80859,47514
2012-09-11,0.8086,0.81922,0.80799,0.81707,56232
2012-09-12,0.81708,0.82352,0.81677,0.81977,64639
2012-09-13,0.81977,0.83207,0.81955,0.83065,63172
2012-09-14,0.83067,0.8351,0.82848,0.82867,65726
2012-09-17,0.82955,0.83037,0.82485,0.8263,56348
2012-09-18,0.82629,0.82835,0.82354,0.827,61292
2012-09-19,0.82701,0.8294,0.82542,0.82584,58185
2012-09-20,0.82584,0.83008,0.82069,0.82855,67185
2012-09-21,0.82853,0.83356,0.82778,0.8288,59738
2012-09-24,0.82956,0.82956,0.81823,0.82234,54195
2012-09-25,0.82234,0.82824,0.82001,0.82129,64325
2012-09-26,0.82127,0.82469,0.81824,0.82415,65330
2012-09-27,0.82411,0.83244,0.82397,0.83129,69230
2012-09-28,0.83128,0.8355,0.82742,0.82977,67178
2012-10-01,0.82873,0.83218,0.82638,0.82763,61599
2012-10-02,0.82765,0.8336,0.82555,0.82629,65030
2012-10-03,0.82627,0.82631,0.81722,0.81923,63024
2012-10-04,0.81922,0.82318,0.8165,0.82157,69521
2012-10-05,0.82159,0.82647,0.81504,0.81772,64531
2012-10-08,0.81739,0.82227,0.81475,0.81916,66249
2012-10-09,0.81917,0.82358,0.81581,0.81734,59228
2012-10-10,0.81732,0.82054,0.81441,0.81632,58460
2012-10-11,0.81636,0.81895,0.81519,0.81747,46532
2012-10-12,0.81741,0.8208,0.81549,0.8163,42341
2012-10-15,0.81726,0.81946,0.81277,0.81579,41411
2012-10-16,0.81581,0.8179,0.81074,0.81694,41248
2012-10-17,0.81698,0.8225,0.81508,0.82139,44374
2012-10-18,0.8214,0.82293,0.81751,0.81856,42609
2012-10-19,0.81855,0.82053,0.81477,0.81543,39323
2012-10-22,0.81568,0.81873,0.81449,0.81788,39912
2012-10-23,0.81787,0.81819,0.8099,0.81175,42193
2012-10-24,0.81178,0.82077,0.8104,0.81907,46168
2012-10-25,0.81909,0.82412,0.81551,0.81885,46172
2012-10-26,0.81883,0.8234,0.81674,0.82245,52451
2012-10-29,0.8207,0.8221,0.81793,0.81853,36231
2012-10-30,0.81857,0.82313,0.81828,0.82232,36170
2012-10-31,0.82229,0.82268,0.81982,0.82117,61012
2012-11-01,0.82115,0.82781,0.82094,0.82748,73052
2012-11-02,0.82747,0.82867,0.82372,0.82493,71310
2012-11-05,0.8243,0.82636,0.82294,0.82587,67371
2012-11-06,0.82586,0.82906,0.82466,0.82684,70700
2012-11-07,0.8268,0.83078,0.81739,0.81904,85913
2012-11-08,0.81904,0.8196,0.8143,0.8145,76465
2012-11-09,0.81446,0.81753,0.81224,0.81384,70619
2012-11-12,0.81475,0.81848,0.81399,0.81745,55251
2012-11-13,0.81744,0.82014,0.81551,0.81609,66912
2012-11-14,0.81608,0.81801,0.80862,0.80994,70853
2012-11-15,0.80993,0.8129,0.80778,0.80939,70811
2012-11-16,0.8094,0.81254,0.80509,0.81235,67929
2012-11-19,0.81279,0.82009,0.81193,0.81837,61803
2012-11-20,0.81836,0.81964,0.81432,0.81688,64824
2012-11-21,0.81689,0.81724,0.81106,0.81462,65026
2012-11-22,0.81463,0.81646,0.81318,0.81556,52717
2012-11-23,0.81555,0.82493,0.81506,0.8233,55389
2012-11-26,0.82377,0.82442,0.82116,0.82212,58102
2012-11-27,0.82214,0.82364,0.81908,0.82025,64982
2012-11-28,0.82022,0.82378,0.81929,0.82368,69505
2012-11-29,0.82367,0.82662,0.82076,0.82218,47881
2012-11-30,0.82216,0.82358,0.81727,0.81964,61852
2012-12-03,0.82002,0.8224,0.81689,0.82086,61705
2012-12-04,0.82083,0.82589,0.81996,0.82378,61914
2012-12-05,0.82377,0.82919,0.82359,0.82912,42833
2012-12-06,0.82914,0.83477,0.82816,0.831,65451
2012-12-07,0.83099,0.83345,0.83086,0.83217,55932
2012-12-10,0.83303,0.8353,0.83219,0.83419,53135
2012-12-11,0.83418,0.83953,0.83333,0.83912,57710
2012-12-12,0.83913,0.84507,0.83843,0.84305,58746
2012-12-13,0.84302,0.84588,0.8419,0.84265,57098
2012-12-14,0.84268,0.84751,0.83934,0.84606,59263
2012-12-17,0.84736,0.8474,0.84243,0.84413,56995
2012-12-18,0.84412,0.84497,0.83934,0.83944,59133
2012-12-19,0.83943,0.8407,0.83284,0.83405,63919
2012-12-20,0.83408,0.83652,0.83172,0.83358,63115
2012-12-21,0.83357,0.83407,0.82179,0.82217,64463
2012-12-24,0.82413,0.82437,0.82097,0.82218,35829
2012-12-26,0.82128,0.82281,0.8154,0.81899,43037
2012-12-27,0.81899,0.82259,0.81606,0.82066,61047
2012-12-28,0.82067,0.82258,0.81803,0.81956,56112
2012-12-31,0.82072,0.82687,0.82052,0.82597,43739
2013-01-01,0.82592,0.82836,0.82587,0.82613,680
2013-01-02,0.82615,0.83938,0.82602,0.83345,70502
2013-01-03,0.83341,0.83506,0.82679,0.8269,64912
2013-01-04,0.82689,0.83218,0.82122,0.83139,66147
2013-01-07,0.83239,0.83746,0.8285,0.83707,63408
2013-01-08,0.83706,0.83795,0.83341,0.83638,68620
2013-01-09,0.83637,0.84085,0.83486,0.83922,72165
2013-01-10,0.8392,0.84583,0.8382,0.84496,76432
2013-01-11,0.84495,0.84529,0.83607,0.83613,72469
2013-01-14,0.83644,0.84375,0.83609,0.84203,72747
2013-01-15,0.84203,0.84384,0.83715,0.83902,77863
2013-01-16,0.83903,0.84269,0.83668,0.84055,75132
2013-01-17,0.84056,0.84242,0.8349,0.83602,73172
2013-01-18,0.836,0.83801,0.83338,0.83635,68398
2013-01-21,0.83613,0.83719,0.8332,0.83567,48200
2013-01-22,0.83566,0.84287,0.83536,0.84098,68678
2013-01-23,0.84097,0.84396,0.83992,0.84157,64568
2013-01-24,0.8416,0.84449,0.8373,0.83791,69505
2013-01-25,0.83793,0.83931,0.83529,0.83717,67415
2013-01-28,0.83563,0.83634,0.8279,0.83286,64548
2013-01-29,0.83285,0.83947,0.83276,0.83858,67076
2013-01-30,0.83859,0.8386,0.82935,0.83611,71746
2013-01-31,0.83609,0.84214,0.83418,0.83931,74618
2013-02-01,0.8393,0.84701,0.83857,0.84515,75694
2013-02-04,0.84666,0.847,0.84174,0.84202,68444
2013-02-05,0.84202,0.84643,0.84095,0.84436,73317
2013-02-06,0.84433,0.84591,0.83818,0.83895,73118
2013-02-07,0.83894,0.83895,0.8296,0.83339,77546
2013-02-08,0.8334,0.83872,0.83242,0.83518,66343
2013-02-11,0.83607,0.83781,0.83085,0.83603,66425
2013-02-12,0.83605,0.84363,0.83319,0.8411,73087
2013-02-13,0.84105,0.84604,0.83934,0.84499,69239
2013-02-14,0.84498,0.8532,0.8448,0.85244,73679
2013-02-15,0.85245,0.85324,0.84319,0.84446,65246
2013-02-18,0.84358,0.84632,0.84182,0.84464,55395
2013-02-19,0.84459,0.84878,0.84036,0.84601,64005
2013-02-20,0.84597,0.84677,0.83259,0.83607,74729
2013-02-21,0.83605,0.83625,0.83126,0.83432,70753
2013-02-22,0.83436,0.83969,0.8339,0.83765,61987
2013-02-25,0.83567,0.84164,0.832,0.83316,78614
2013-02-26,0.8331,0.83512,0.82233,0.8239,85640
2013-02-27,0.82383,0.82827,0.82246,0.8268,82622
2013-02-28,0.82675,0.83223,0.82392,0.82496,76533
2013-03-01,0.82492,0.82936,0.82148,0.82488,70790
2013-03-04,0.82317,0.82774,0.81876,0.82693,11165
2013-03-05,0.82699,0.8331,0.82554,0.83095,11966
2013-03-06,0.83089,0.83466,0.82724,0.82732,18370
2013-03-07,0.82734,0.8313,0.826,0.82839,23152
2013-03-08,0.82839,0.8294,0.81866,0.82197,19826
2013-03-11,0.81982,0.82843,0.81913,0.82612,18986
2013-03-12,0.82614,0.82736,0.8231,0.8237,21674
2013-03-13,0.8237,0.82758,0.81617,0.81667,27472
2013-03-14,0.81671,0.82345,0.81646,0.82155,31133
2013-03-15,0.82155,0.8278,0.8193,0.82717,23606
2013-03-18,0.82311,0.82673,0.82165,0.82626,28559
2013-03-19,0.82624,0.82687,0.82273,0.82476,30389
2013-03-20,0.82476,0.82777,0.821,0.82569,30195
2013-03-21,0.82575,0.83449,0.82495,0.83142,32047
2013-03-22,0.83145,0.83621,0.83066,0.83522,23254
2013-03-25,0.83509,0.83706,0.83345,0.83517,28001
2013-03-26,0.83519,0.8395,0.83382,0.83946,25950
2013-03-27,0.83953,0.83961,0.83429,0.83707,24394
2013-03-28,0.83706,0.83849,0.8351,0.83691,26226
2013-03-29,0.83692,0.8377,0.83483,0.83674,14361
2013-04-01,0.83599,0.83845,0.83496,0.83781,15439
2013-04-02,0.83785,0.84446,0.83714,0.84163,24310
2013-04-03,0.84164,0.84479,0.83964,0.84157,24285
2013-04-04,0.84163,0.84367,0.83632,0.8417,30039
2013-04-05,0.8417,0.84355,0.83735,0.84281,28801
2013-04-08,0.84115,0.84746,0.8405,0.84627,28053
2013-04-09,0.84626,0.85362,0.84584,0.85217,26126
2013-04-10,0.85216,0.8592,0.85141,0.85894,26061
2013-04-11,0.85897,0.86759,0.85705,0.86296,26352
2013-04-12,0.86297,0.86424,0.85462,0.85847,22350
2013-04-15,0.85717,0.85803,0.83771,0.84213,37394
2013-04-16,0.84215,0.85071,0.84126,0.84899,34603
2013-04-17,0.84907,0.85089,0.84264,0.84449,35395
2013-04-18,0.84449,0.84686,0.84011,0.84105,37466
2013-04-19,0.84109,0.84904,0.84022,0.84171,31393
2013-04-22,0.83999,0.84606,0.83932,0.84244,29041
2013-04-23,0.84244,0.84565,0.836,0.84326,35630
2013-04-24,0.84317,0.84869,0.84119,0.84757,32965
2013-04-25,0.84757,0.85621,0.84671,0.85005,32281
2013-04-26,0.85005,0.85378,0.8469,0.84746,29770
2013-04-29,0.84875,0.85755,0.84842,0.85548,26345
2013-04-30,0.85549,0.85854,0.85407,0.85627,27075
2013-05-01,0.85638,0.8582,0.84806,0.85046,28045
2013-05-02,0.85047,0.85112,0.8455,0.84931,29617
2013-05-03,0.84933,0.85487,0.84729,0.85299,23848
2013-05-06,0.8537,0.85561,0.8485,0.85119,21059
2013-05-07,0.85119,0.8523,0.84226,0.84434,29182
2013-05-08,0.84433,0.84606,0.83602,0.84096,31777
2013-05-09,0.84098,0.84804,0.83521,0.84001,34453
2013-05-10,0.84001,0.84181,0.82583,0.82965,40180
2013-05-13,0.82888,0.83174,0.82284,0.82523,35653
2013-05-14,0.82524,0.83014,0.81807,0.82041,37359
2013-05-15,0.82026,0.82563,0.81743,0.8231,42218
2013-05-16,0.8231,0.82712,0.81392,0.81704,43419
2013-05-17,0.81722,0.81767,0.80581,0.80616,39917
2013-05-20,0.80992,0.8179,0.80783,0.81735,36042
2013-05-21,0.81736,0.82122,0.81174,0.81662,41041
2013-05-22,0.81665,0.8205,0.8056,0.80572,48348
2013-05-23,0.80577,0.81708,0.80058,0.81245,59387
2013-05-24,0.81245,0.8127,0.80662,0.80849,47228
2013-05-27,0.81047,0.81071,0.80615,0.80856,35936
2013-05-28,0.80858,0.81269,0.80604,0.80882,55535
2013-05-29,0.80888,0.81622,0.80493,0.81007,61982
2013-05-30,0.81015,0.81245,0.80038,0.80766,64006
2013-05-31,0.80766,0.81027,0.79357,0.79357,62814
2013-06-03,0.79553,0.81183,0.79425,0.80979,61562
2013-06-04,0.80979,0.8105,0.79675,0.80171,62474
2013-06-05,0.80167,0.80604,0.79277,0.79718,69107
2013-06-06,0.79669,0.80999,0.79018,0.80157,71931
2013-06-07,0.8018,0.80275,0.78578,0.78787,75789
2013-06-10,0.78232,0.79224,0.782,0.79002,58893
2013-06-11,0.79003,0.79088,0.77596,0.78685,73286
2013-06-12,0.78689,0.80226,0.78597,0.79815,65859
2013-06-13,0.79887,0.81092,0.78946,0.80959,71717
2013-06-14,0.80967,0.81369,0.80381,0.80389,58920
2013-06-17,0.80457,0.80987,0.79666,0.80009,47458
2013-06-18,0.80017,0.80209,0.79475,0.79917,55041
2013-06-19,0.79913,0.80528,0.78554,0.78857,57396
2013-06-20,0.78855,0.78931,0.77117,0.77633,77330
2013-06-21,0.77631,0.78063,0.76998,0.77337,68058
2013-06-24,0.77542,0.77896,0.76826,0.77491,73595
2013-06-25,0.77491,0.77954,0.76968,0.77427,64639
2013-06-26,0.77427,0.78605,0.77173,0.77823,63336
2013-06-27,0.7785,0.78524,0.7768,0.77918,62814
2013-06-28,0.77921,0.78206,0.77067,0.77243,68622
2013-07-01,0.77333,0.78303,0.77253,0.78193,52196
2013-07-02,0.78193,0.78294,0.7737,0.77619,61736
2013-07-03,0.77619,0.77903,0.77097,0.77671,67527
2013-07-04,0.77672,0.78585,0.77631,0.78276,56740
2013-07-05,0.78283,0.78418,0.76873,0.77051,55028
2013-07-08,0.77094,0.78197,0.76987,0.78037,43854
2013-07-09,0.78018,0.78842,0.77619,0.78477,57616
2013-07-10,0.7849,0.79011,0.77791,0.78995,61437
2013-07-11,0.78995,0.79687,0.77647,0.78452,76077
2013-07-12,0.78452,0.78784,0.77525,0.77633,54216
2013-07-15,0.77987,0.7826,0.7731,0.78142,51700
2013-07-16,0.78142,0.78997,0.77905,0.78858,56242
2013-07-17,0.78857,0.7939,0.78407,0.79045,61824
2013-07-18,0.79049,0.7913,0.78481,0.79009,54654
2013-07-19,0.7901,0.79897,0.78867,0.78999,48921
2013-07-22,0.79079,0.79761,0.79005,0.79703,50153
2013-07-23,0.79705,0.80085,0.79542,0.7992,53749
2013-07-24,0.7992,0.80125,0.79048,0.79771,57072
2013-07-25,0.79766,0.81055,0.79576,0.80627,57208
2013-07-26,0.80624,0.81044,0.80539,0.8069,46898
2013-07-29,0.80741,0.80988,0.80112,0.80338,45942
2013-07-30,0.80339,0.80364,0.7957,0.79863,49957
2013-07-31,0.79863,0.80152,0.79309,0.79645,60465
2013-08-01,0.79645,0.79824,0.7852,0.78963,49946
2013-08-02,0.78963,0.79348,0.78159,0.78239,48076
2013-08-05,0.77663,0.78631,0.77361,0.78487,48892
2013-08-06,0.78487,0.79175,0.78264,0.79045,49789
2013-08-07,0.79038,0.79976,0.78834,0.79562,56909
2013-08-08,0.79581,0.80467,0.79332,0.79983,52102
2013-08-09,0.79983,0.80564,0.79832,0.80342,44794
2013-08-12,0.80263,0.80567,0.79923,0.79974,38762
2013-08-13,0.79973,0.8007,0.79341,0.79641,48601
2013-08-14,0.79641,0.80505,0.79583,0.80309,45945
2013-08-15,0.80317,0.81033,0.79942,0.80711,57349
2013-08-16,0.80711,0.81277,0.80535,0.80994,47922
2013-08-19,0.81047,0.81628,0.80571,0.80662,43597
2013-08-20,0.80667,0.80749,0.7952,0.79593,51821
2013-08-21,0.79594,0.79672,0.78407,0.78507,54328
2013-08-22,0.78505,0.78649,0.78042,0.78361,52519
2013-08-23,0.78359,0.78577,0.77609,0.77994,44950
2013-08-26,0.78109,0.78729,0.77915,0.78521,36290
2013-08-27,0.78522,0.78585,0.7765,0.77848,49181
2013-08-28,0.77847,0.78077,0.77432,0.77982,49609
2013-08-29,0.77998,0.78399,0.77398,0.77542,44215
2013-08-30,0.77546,0.77965,0.77164,0.77164,39751
2013-09-02,0.776,0.78396,0.77372,0.78315,35465
2013-09-03,0.78316,0.78381,0.77754,0.77963,44408
2013-09-04,0.77971,0.7927,0.77929,0.7894,41483
2013-09-05,0.78941,0.79143,0.7855,0.78853,35605
2013-09-06,0.78854,0.80218,0.78819,0.7994,34373
2013-09-09,0.80013,0.80308,0.79607,0.8016,32006
2013-09-10,0.80163,0.80754,0.80057,0.80639,35453
2013-09-11,0.80639,0.81355,0.80366,0.81226,36217
2013-09-12,0.81222,0.81569,0.81096,0.81342,38251
2013-09-13,0.81346,0.81695,0.80948,0.8124,32347
2013-09-16,0.82137,0.82236,0.81559,0.81709,36242
2013-09-17,0.81731,0.82481,0.81583,0.82315,30965
2013-09-18,0.82328,0.83827,0.82058,0.83403,35633
2013-09-19,0.8342,0.84351,0.83256,0.83789,41203
2013-09-20,0.83792,0.84001,0.83539,0.83577,32103
2013-09-23,0.83511,0.83895,0.83472,0.83701,36562
2013-09-24,0.83706,0.83717,0.82555,0.82756,35550
2013-09-25,0.82759,0.8278,0.82165,0.82405,34608
2013-09-26,0.82408,0.83014,0.82351,0.82872,34799
2013-09-27,0.82872,0.83187,0.82476,0.82672,33280
2013-09-30,0.82661,0.8333,0.82502,0.82979,34643
2013-10-01,0.82979,0.83409,0.82467,0.82714,39133
2013-10-02,0.8271,0.83399,0.81933,0.83149,39452
2013-10-03,0.83149,0.83386,0.82758,0.82933,34922
2013-10-04,0.82931,0.83502,0.82791,0.8314,30961
2013-10-07,0.83174,0.83357,0.82701,0.83005,31117
2013-10-08,0.83008,0.83325,0.82693,0.82849,34885
2013-10-09,0.82849,0.83199,0.82718,0.82999,35110
2013-10-10,0.83002,0.83085,0.8231,0.82851,35731
2013-10-11,0.82856,0.83538,0.82663,0.83161,32855
2013-10-14,0.83144,0.83804,0.83071,0.83574,30606
2013-10-15,0.83575,0.84049,0.83457,0.83964,35005
2013-10-16,0.83963,0.84446,0.83735,0.84227,35230
2013-10-17,0.84227,0.85241,0.84151,0.84782,40977
2013-10-18,0.84782,0.85128,0.8447,0.84938,34277
2013-10-21,0.84836,0.85077,0.84366,0.84455,31192
2013-10-22,0.84463,0.85428,0.84349,0.85107,33879
2013-10-23,0.85107,0.85188,0.83567,0.83986,43302
2013-10-24,0.83992,0.84448,0.83192,0.83405,42354
2013-10-25,0.83407,0.83451,0.82725,0.82775,37316
2013-10-28,0.82825,0.83318,0.82713,0.82931,33408
2013-10-29,0.82931,0.82994,0.82337,0.8256,39051
2013-10-30,0.82558,0.82864,0.81922,0.82425,38696
2013-10-31,0.8242,0.831,0.82308,0.82614,41143
2013-11-01,0.82613,0.82852,0.82099,0.82638,33024
2013-11-04,0.82519,0.83126,0.82488,0.82833,28221
2013-11-05,0.82836,0.83758,0.82589,0.83611,38869
2013-11-06,0.83616,0.84142,0.8351,0.83743,32239
2013-11-07,0.83745,0.83953,0.83064,0.83249,41918
2013-11-08,0.83249,0.83484,0.82242,0.82438,42610
2013-11-11,0.82536,0.82877,0.82273,0.82511,33607
2013-11-12,0.82514,0.82606,0.81684,0.82187,42483
2013-11-13,0.82188,0.83005,0.81945,0.82749,39139
2013-11-14,0.82749,0.83561,0.82312,0.82714,41834
2013-11-15,0.82715,0.83422,0.82655,0.83289,32365
2013-11-18,0.83479,0.84045,0.83144,0.83173,36064
2013-11-19,0.8318,0.83739,0.83088,0.83601,37895
2013-11-20,0.836,0.83924,0.82527,0.82702,42540
2013-11-21,0.82688,0.82721,0.81751,0.82251,45948
2013-11-22,0.82251,0.82434,0.81242,0.81883,41333
2013-11-25,0.81834,0.82335,0.81834,0.82222,35726
2013-11-26,0.82225,0.8265,0.81533,0.81987,37389
2013-11-27,0.81962,0.82109,0.81146,0.81363,37701
2013-11-28,0.81363,0.81766,0.81099,0.81106,35231
2013-11-29,0.8111,0.81647,0.80838,0.81235,37750
2013-12-02,0.81594,0.82233,0.81507,0.8188,36204
2013-12-03,0.8188,0.82597,0.81551,0.82364,40404
2013-12-04,0.82364,0.82429,0.81655,0.81968,42450
2013-12-05,0.8197,0.8232,0.81517,0.82152,39071
2013-12-06,0.8213,0.82917,0.81394,0.82748,38644
2013-12-09,0.8288,0.83204,0.82567,0.82794,35989
2013-12-10,0.82796,0.8334,0.82705,0.82986,34193
2013-12-11,0.82986,0.83096,0.82001,0.82571,38151
2013-12-12,0.82573,0.83195,0.81862,0.82051,41212
2013-12-13,0.82051,0.82703,0.82028,0.82604,31831
2013-12-16,0.82625,0.8287,0.82419,0.82504,30346
2013-12-17,0.82505,0.82872,0.82385,0.82708,33248
2013-12-18,0.82712,0.82884,0.81722,0.81904,37988
2013-12-19,0.81904,0.82197,0.81512,0.81863,37754
2013-12-20,0.81863,0.82228,0.81486,0.81868,36140
2013-12-23,0.82016,0.82158,0.81878,0.81893,30170
2013-12-24,0.8189,0.81963,0.81709,0.81879,22482
2013-12-26,0.81642,0.81727,0.81461,0.81498,15144
2013-12-27,0.81633,0.81934,0.81392,0.81425,83537
2013-12-30,0.81576,0.82227,0.81165,0.81988,80061
2013-12-31,0.82016,0.82428,0.8196,0.8234,55503
2014-01-01,0.82129,0.8217,0.81877,0.82004,1666
2014-01-02,0.81935,0.82334,0.81382,0.8185,92510
2014-01-03,0.81829,0.83166,0.81777,0.82708,100790
2014-01-06,0.82732,0.83052,0.825,0.82879,98597
2014-01-07,0.82895,0.83025,0.82534,0.82788,106394
2014-01-08,0.82811,0.83176,0.82507,0.82599,102387
2014-01-09,0.82635,0.82723,0.82309,0.82375,98006
2014-01-10,0.82522,0.8308,0.82041,0.82992,99061
2014-01-13,0.82893,0.83894,0.82815,0.83763,104128
2014-01-14,0.83756,0.8432,0.83578,0.83613,102387
2014-01-15,0.83804,0.83863,0.83231,0.83296,99080
2014-01-16,0.83358,0.83602,0.82957,0.83461,106389
2014-01-17,0.83508,0.83567,0.82439,0.82439,88625
2014-01-20,0.82503,0.83375,0.82108,0.83304,84072
2014-01-21,0.83228,0.83409,0.82954,0.83099,88085
2014-01-22,0.83155,0.83456,0.82958,0.83044,87230
2014-01-23,0.83069,0.83379,0.826,0.82944,110859
2014-01-24,0.83007,0.83123,0.82116,0.82116,107885
2014-01-27,0.82261,0.82608,0.81966,0.82239,96512
2014-01-28,0.82306,0.83034,0.8219,0.82699,94568
2014-01-29,0.82555,0.82981,0.81762,0.82142,117436
2014-01-30,0.8211,0.82176,0.81253,0.81634,109454
2014-01-31,0.81632,0.81804,0.80615,0.80758,111264
2014-02-03,0.81016,0.81369,0.80753,0.8077,102003
2014-02-04,0.80825,0.82563,0.80492,0.82238,118124
2014-02-05,0.82403,0.82511,0.81869,0.82204,105696
2014-02-06,0.82113,0.82824,0.8208,0.8239,97982
2014-02-07,0.82455,0.82958,0.82115,0.82923,95193
2014-02-10,0.82814,0.82868,0.82563,0.82661,61565
2014-02-11,0.82657,0.83435,0.8262,0.83151,79845
2014-02-12,0.83172,0.83678,0.83019,0.83226,74569
2014-02-13,0.83184,0.8357,0.82921,0.83371,83599
2014-02-14,0.83402,0.83842,0.83311,0.83648,70203
2014-02-17,0.83651,0.83919,0.83526,0.83637,60940
2014-02-18,0.83646,0.83803,0.82963,0.82993,94984
2014-02-19,0.83026,0.83424,0.82646,0.8271,119393
2014-02-20,0.82726,0.83148,0.8242,0.82993,121369
2014-02-21,0.83017,0.83145,0.82639,0.82743,90870
2014-02-24,0.82826,0.83414,0.82599,0.83266,93411
2014-02-25,0.83296,0.83444,0.83164,0.83249,87732
2014-02-26,0.83281,0.83444,0.82809,0.83042,92195
2014-02-27,0.83121,0.83911,0.82911,0.83643,106030
2014-02-28,0.83679,0.84248,0.83581,0.83792,101952
2014-03-03,0.83577,0.83841,0.83422,0.83647,95848
2014-03-04,0.83683,0.83997,0.83513,0.83843,96983
2014-03-05,0.83891,0.84317,0.83747,0.84122,95371
2014-03-06,0.84147,0.8503,0.84061,0.84731,103047
2014-03-07,0.84748,0.85226,0.84443,0.84614,96285
2014-03-10,0.84526,0.84803,0.84398,0.84704,107152
2014-03-11,0.84687,0.85054,0.84575,0.84579,118171
2014-03-12,0.84685,0.85245,0.84337,0.85174,146848
2014-03-13,0.85231,0.86048,0.85113,0.85409,162733
2014-03-14,0.85411,0.85634,0.85234,0.85264,127911
2014-03-17,0.85267,0.8582,0.85242,0.8561,113145
2014-03-18,0.85636,0.86395,0.85408,0.86195,139134
2014-03-19,0.86211,0.86357,0.85282,0.85302,140170
2014-03-20,0.85602,0.85718,0.85009,0.85312,135578
2014-03-21,0.85317,0.85677,0.85191,0.85308,112778
2014-03-24,0.85425,0.85664,0.85146,0.85457,133087
2014-03-25,0.85405,0.85881,0.85319,0.85704,120156
2014-03-26,0.85706,0.86201,0.85673,0.85965,136383
2014-03-27,0.85895,0.86854,0.85859,0.86674,140257
2014-03-28,0.86703,0.86964,0.86476,0.86476,122205
2014-03-31,0.86595,0.8684,0.86407,0.86715,139976
2014-04-01,0.86698,0.8701,0.8619,0.86212,115426
2014-04-02,0.86361,0.86373,0.85463,0.85741,131248
2014-04-03,0.85705,0.85803,0.85136,0.85389,127353
2014-04-04,0.85439,0.86032,0.85306,0.85925,119665
2014-04-07,0.85763,0.86148,0.85762,0.86062,100768
2014-04-08,0.85952,0.86809,0.8591,0.86682,126406
2014-04-09,0.8671,0.87262,0.86452,0.87128,123615
2014-04-10,0.87091,0.87452,0.86659,0.86709,119197
2014-04-11,0.86807,0.87056,0.86236,0.86813,111118
2014-04-14,0.86805,0.86944,0.86302,0.86811,96125
2014-04-15,0.8687,0.86945,0.86253,0.8647,112876
2014-04-16,0.86422,0.86482,0.85781,0.86271,124154
2014-04-17,0.86237,0.86478,0.85614,0.85709,91933
2014-04-18,0.85671,0.85919,0.85655,0.85754,44387
2014-04-21,0.8569,0.86014,0.85548,0.85698,53716
2014-04-22,0.85706,0.862,0.85604,0.86065,92865
2014-04-23,0.85969,0.86234,0.85649,0.86193,100525
2014-04-24,0.85819,0.86364,0.85459,0.85656,99936
2014-04-25,0.85627,0.85929,0.85517,0.85755,78680
2014-04-28,0.85751,0.8587,0.85246,0.85372,95494
2014-04-29,0.85376,0.85565,0.8516,0.85485,97322
2014-04-30,0.85494,0.86326,0.85455,0.86155,102067
2014-05-01,0.86158,0.86393,0.85995,0.86286,74642
2014-05-02,0.86313,0.86692,0.85918,0.86552,110853
2014-05-05,0.86625,0.86862,0.86475,0.86808,79584
2014-05-06,0.86763,0.8779,0.86752,0.87069,133428
2014-05-07,0.87395,0.87435,0.86482,0.86544,161698
2014-05-08,0.86594,0.86712,0.86247,0.86421,174370
2014-05-09,0.86454,0.86512,0.86035,0.86085,110525
2014-05-12,0.86165,0.86373,0.86077,0.86183,99088
2014-05-13,0.86179,0.86686,0.86091,0.86413,105761
2014-05-14,0.86256,0.86776,0.86098,0.86649,109633
2014-05-15,0.8667,0.86951,0.86259,0.86447,114356
2014-05-16,0.86412,0.86543,0.86203,0.86206,99082
2014-05-19,0.8632,0.86543,0.86198,0.86253,88247
2014-05-20,0.86263,0.86345,0.85597,0.85721,115422
2014-05-21,0.85724,0.85942,0.85368,0.85717,114089
2014-05-22,0.85751,0.85882,0.85508,0.85636,103413
2014-05-23,0.85643,0.85739,0.85302,0.85458,107504
2014-05-26,0.8538,0.85574,0.85262,0.85508,95062
2014-05-27,0.85451,0.85786,0.8529,0.85629,92655
2014-05-28,0.85615,0.8571,0.84693,0.84959,111931
2014-05-29,0.84934,0.85079,0.84506,0.84896,109286
2014-05-30,0.84846,0.8516,0.84713,0.84945,96658
2014-06-02,0.84866,0.84969,0.84401,0.84497,108156
2014-06-03,0.845,0.84767,0.84178,0.84325,121439
2014-06-04,0.84298,0.8442,0.84014,0.84194,126894
2014-06-05,0.84196,0.85134,0.84175,0.84957,150161
2014-06-06,0.84984,0.85536,0.84806,0.84975,133370
2014-06-09,0.84976,0.85304,0.84799,0.84933,103730
2014-06-10,0.84919,0.85309,0.84896,0.85251,120634
2014-06-11,0.85245,0.8627,0.85172,0.86124,142585
2014-06-12,0.85313,0.86998,0.85166,0.86862,146587
2014-06-13,0.86866,0.86915,0.8644,0.86499,111062
2014-06-16,0.8662,0.86992,0.86593,0.86762,122672
2014-06-17,0.86738,0.86837,0.86416,0.86543,121092
2014-06-18,0.86582,0.87358,0.86515,0.8728,140031
2014-06-19,0.8731,0.87357,0.87029,0.87111,139313
2014-06-20,0.87135,0.87224,0.86807,0.86953,120480
2014-06-23,0.86895,0.8748,0.86895,0.87206,115728
2014-06-24,0.87101,0.8723,0.86681,0.86702,119559
2014-06-25,0.86708,0.87407,0.86614,0.87304,111738
2014-06-26,0.87375,0.87876,0.87269,0.87761,110893
2014-06-27,0.87792,0.87934,0.87533,0.87763,92837
2014-06-30,0.87684,0.87813,0.87273,0.87588,108971
2014-07-01,0.87562,0.87905,0.87478,0.87687,126472
2014-07-02,0.87732,0.87747,0.87457,0.87708,136960
2014-07-03,0.87721,0.87768,0.87169,0.87467,155981
2014-07-04,0.87527,0.87569,0.87304,0.87322,102147
2014-07-07,0.87428,0.87676,0.87131,0.87491,130012
2014-07-08,0.87564,0.88056,0.87387,0.87855,132293
2014-07-09,0.87867,0.88285,0.87808,0.88188,143113
2014-07-10,0.88217,0.88351,0.87932,0.88159,149582
2014-07-11,0.88207,0.88328,0.87985,0.88129,151185
2014-07-14,0.88018,0.88224,0.87938,0.88038,134888
2014-07-15,0.88051,0.88176,0.87493,0.87622,169532
2014-07-16,0.87653,0.87698,0.86889,0.87115,141719
2014-07-17,0.87108,0.87192,0.86616,0.86637,146954
2014-07-18,0.86682,0.86937,0.86484,0.86811,126198
2014-07-21,0.86975,0.87191,0.86814,0.86842,97711
2014-07-22,0.86873,0.86967,0.86521,0.86681,119531
2014-07-23,0.86656,0.87077,0.86082,0.86189,127959
2014-07-24,0.87,0.87,0.85592,0.85643,145865
2014-07-25,0.85717,0.85857,0.8538,0.85653,139405
2014-07-28,0.85514,0.85603,0.85289,0.85481,144678
2014-07-29,0.85464,0.85566,0.84931,0.85056,176337
2014-07-30,0.85032,0.85146,0.84624,0.84847,196553
2014-07-31,0.84903,0.85184,0.84714,0.84977,163627
2014-08-01,0.84977,0.85349,0.84589,0.84986,172797
2014-08-04,0.84968,0.8527,0.84951,0.85245,129466
2014-08-05,0.85226,0.85303,0.8451,0.84635,168155
2014-08-06,0.84656,0.84862,0.84224,0.84726,147213
2014-08-07,0.84754,0.84936,0.84513,0.84661,134815
2014-08-08,0.84758,0.84889,0.84307,0.84595,141110
2014-08-11,0.84631,0.84745,0.84545,0.84572,84438
2014-08-12,0.84571,0.84624,0.84077,0.84308,108624
2014-08-13,0.84339,0.84786,0.84182,0.84573,115532
2014-08-14,0.84566,0.8514,0.84543,0.84877,113750
2014-08-15,0.84912,0.85014,0.84664,0.84802,102865
2014-08-18,0.84866,0.85002,0.84669,0.8478,75163
2014-08-19,0.84776,0.84833,0.84133,0.84216,121770
2014-08-20,0.84172,0.84341,0.83657,0.83668,142643
2014-08-21,0.83727,0.84124,0.8347,0.84048,121714
2014-08-22,0.84046,0.84299,0.83796,0.83961,124308
2014-08-25,0.83943,0.83967,0.83348,0.83408,124264
2014-08-26,0.83418,0.83493,0.83102,0.83332,139227
2014-08-27,0.83311,0.83807,0.83277,0.83738,145894
2014-08-28,0.83731,0.84069,0.83623,0.8382,152470
2014-08-29,0.83811,0.83975,0.83451,0.83548,116698
2014-09-01,0.83486,0.83884,0.83473,0.83781,111968
2014-09-02,0.83761,0.83902,0.82909,0.83188,150294
2014-09-03,0.8314,0.83325,0.82865,0.83254,157939
2014-09-04,0.83256,0.83512,0.82958,0.83028,172105
2014-09-05,0.8305,0.83478,0.82692,0.83245,165095
2014-09-08,0.83065,0.8329,0.82611,0.82788,151309
2014-09-09,0.82728,0.82853,0.82228,0.82467,201456
2014-09-10,0.82432,0.82668,0.81752,0.81988,195497
2014-09-11,0.82187,0.82226,0.81603,0.81856,188480
2014-09-12,0.81841,0.81959,0.81407,0.81441,159918
2014-09-15,0.81461,0.8182,0.81226,0.81778,136593
2014-09-16,0.81745,0.82302,0.81447,0.81937,181241
2014-09-17,0.81999,0.82029,0.80768,0.80938,202041
2014-09-18,0.80958,0.81788,0.80775,0.81632,186061
2014-09-19,0.81519,0.8178,0.81101,0.81153,181607
2014-09-22,0.81522,0.817,0.80981,0.81115,216921
2014-09-23,0.81193,0.81464,0.8041,0.80667,235538
2014-09-24,0.80501,0.80936,0.80437,0.80754,143333
2014-09-25,0.80741,0.80778,0.7912,0.79327,217980
2014-09-26,0.79215,0.79564,0.78584,0.78631,174844
2014-09-29,0.78617,0.78685,0.77074,0.7768,196211
2014-09-30,0.77622,0.78304,0.7738,0.78138,196115
2014-10-01,0.78071,0.78605,0.77595,0.77828,210265
2014-10-02,0.77856,0.79292,0.77658,0.7898,229782
2014-10-03,0.79013,0.79119,0.77368,0.77662,164419
2014-10-06,0.77611,0.7867,0.77135,0.78346,172082
2014-10-07,0.78387,0.78728,0.7782,0.7823,215705
2014-10-08,0.78326,0.79145,0.77824,0.78981,221814
2014-10-09,0.79055,0.79745,0.78442,0.78639,234878
2014-10-10,0.78626,0.78783,0.77997,0.78143,189966
2014-10-13,0.78209,0.78984,0.77946,0.78883,184665
2014-10-14,0.78901,0.79174,0.782,0.78389,177012
2014-10-15,0.78413,0.79954,0.78057,0.79744,260119
2014-10-16,0.79868,0.79971,0.78856,0.79373,288990
2014-10-17,0.79524,0.7968,0.78756,0.79099,193680
2014-10-20,0.79214,0.79798,0.79141,0.79652,152884
2014-10-21,0.79657,0.80346,0.79439,0.79585,191776
2014-10-22,0.79584,0.79908,0.78656,0.78704,163734
2014-10-23,0.79283,0.79285,0.77927,0.78122,187416
2014-10-24,0.78225,0.78809,0.77939,0.78291,143540
2014-10-27,0.78425,0.7902,0.78414,0.78845,138296
2014-10-28,0.78933,0.7958,0.7883,0.79141,132593
2014-10-29,0.79169,0.79772,0.7768,0.78114,165622
2014-10-30,0.78011,0.78596,0.77649,0.7834,205859
2014-10-31,0.78443,0.788,0.77747,0.77826,214703
2014-11-03,0.77684,0.77927,0.76968,0.77399,180928
2014-11-04,0.77184,0.78411,0.77092,0.78374,194054
2014-11-05,0.78098,0.7842,0.76839,0.77056,234259
2014-11-06,0.77283,0.77581,0.7667,0.76941,223546
2014-11-07,0.76907,0.77676,0.76594,0.77499,245281
2014-11-10,0.77635,0.78225,0.77389,0.77485,155277
2014-11-11,0.77478,0.78414,0.77121,0.78089,191549
2014-11-12,0.78074,0.79051,0.77972,0.78627,224943
2014-11-13,0.78782,0.7928,0.78399,0.78659,175805
2014-11-14,0.78802,0.79389,0.78228,0.7906,197098
2014-11-17,0.79403,0.79742,0.79001,0.79149,173439
2014-11-18,0.79095,0.79737,0.7908,0.79192,161478
2014-11-19,0.79219,0.79249,0.78359,0.78424,178312
2014-11-20,0.78475,0.78809,0.78059,0.78615,200007
2014-11-21,0.78656,0.79457,0.78462,0.78782,183837
2014-11-24,0.78797,0.79106,0.78452,0.78588,127093
2014-11-25,0.78594,0.78653,0.77652,0.78085,189376
2014-11-26,0.78089,0.7893,0.7802,0.78698,178365
2014-11-27,0.78697,0.79264,0.78565,0.78656,145519
2014-11-28,0.78656,0.7868,0.78227,0.78319,162337
2014-12-01,0.7811,0.79106,0.77756,0.78623,195605
2014-12-02,0.78621,0.789,0.77833,0.78023,162350
2014-12-03,0.78042,0.78072,0.77357,0.77558,168726
2014-12-04,0.77572,0.78212,0.77285,0.77809,181761
2014-12-05,0.77813,0.77834,0.76987,0.77097,167776
2014-12-08,0.7695,0.77034,0.76228,0.76502,175684
2014-12-09,0.76496,0.77614,0.76081,0.76768,248299
2014-12-10,0.76822,0.78322,0.76602,0.78109,231250
2014-12-11,0.78117,0.78705,0.77777,0.78022,238810
2014-12-12,0.78168,0.78402,0.77565,0.77765,182503
2014-12-15,0.77735,0.77927,0.77265,0.77377,182401
2014-12-16,0.77438,0.78489,0.77199,0.77907,228257
2014-12-17,0.77954,0.77998,0.76847,0.77014,211005
2014-12-18,0.77008,0.77665,0.76805,0.7751,178427
2014-12-19,0.77587,0.77955,0.77261,0.77301,154085
2014-12-22,0.77444,0.77697,0.77139,0.7726,221222
2014-12-23,0.77263,0.77554,0.76935,0.77067,206260
2014-12-24,0.77061,0.77354,0.77038,0.77245,150748
2014-12-26,0.77334,0.77627,0.7724,0.7755,113706
2014-12-29,0.77525,0.7799,0.77413,0.77841,136056
2014-12-30,0.77859,0.7848,0.77702,0.7818,104681
2014-12-31,0.78286,0.78467,0.77907,0.7794,79148
2015-01-02,0.77956,0.77978,0.76876,0.76931,135098
2015-01-05,0.76818,0.77191,0.76174,0.76821,187446
2015-01-06,0.76836,0.78095,0.7677,0.77574,207582
2015-01-07,0.77598,0.77941,0.77123,0.77794,195155
2015-01-08,0.7778,0.78284,0.77608,0.782,179090
2015-01-09,0.78222,0.78502,0.77879,0.78293,186785
2015-01-12,0.78426,0.78647,0.77354,0.77787,173333
2015-01-13,0.77825,0.78023,0.77109,0.7734,201590
2015-01-14,0.77359,0.77795,0.76886,0.77118,225996
2015-01-15,0.77141,0.78897,0.76953,0.78196,271631
2015-01-16,0.78221,0.78558,0.77455,0.77818,182327
2015-01-19,0.77802,0.78075,0.77676,0.77757,123210
2015-01-20,0.77789,0.77819,0.76196,0.76329,134368
2015-01-21,0.76371,0.77097,0.75482,0.75491,167456
2015-01-22,0.75508,0.75829,0.74786,0.74985,176496
2015-01-23,0.75026,0.75265,0.74301,0.74455,179448
2015-01-26,0.74337,0.74686,0.73964,0.74224,128327
2015-01-27,0.7424,0.74769,0.74067,0.74478,148782
2015-01-28,0.74489,0.74944,0.73125,0.7313,175193
2015-01-29,0.73151,0.73473,0.72318,0.72597,154408
2015-01-30,0.72613,0.72947,0.72138,0.72491,125849
2015-02-02,0.72469,0.73232,0.72414,0.73014,141077
2015-02-03,0.73037,0.74371,0.71754,0.7357,219115
2015-02-04,0.73549,0.74488,0.72874,0.73629,193396
2015-02-05,0.73597,0.74267,0.73408,0.73933,175399
2015-02-06,0.73891,0.74442,0.7332,0.7359,166438
2015-02-09,0.73557,0.74388,0.73377,0.74079,142193
2015-02-10,0.7406,0.74392,0.7383,0.74006,149936
2015-02-11,0.74037,0.74461,0.73508,0.73638,148508
2015-02-12,0.73612,0.74853,0.73131,0.74226,179338
2015-02-13,0.7423,0.74714,0.74108,0.74527,136352
2015-02-16,0.74773,0.75281,0.74693,0.74977,159494
2015-02-17,0.74969,0.75551,0.74812,0.75358,175868
2015-02-18,0.7538,0.75731,0.75015,0.75414,161429
2015-02-19,0.75454,0.75722,0.75061,0.75156,158985
2015-02-20,0.75156,0.75531,0.7511,0.75219,169899
2015-02-23,0.75209,0.75468,0.74865,0.75214,151409
2015-02-24,0.75219,0.75344,0.74208,0.74888,180934
2015-02-25,0.74908,0.75622,0.7474,0.75539,164367
2015-02-26,0.75541,0.76132,0.75153,0.75317,162096
2015-02-27,0.75299,0.757,0.75144,0.75603,145026
2015-03-02,0.75497,0.75617,0.75027,0.75059,122658
2015-03-03,0.75063,0.7573,0.75004,0.75467,133777
2015-03-04,0.75443,0.76098,0.75416,0.75863,144281
2015-03-05,0.75847,0.7596,0.74531,0.74783,149131
2015-03-06,0.74756,0.75149,0.73567,0.73601,155239
2015-03-09,0.73613,0.73898,0.73218,0.73523,132498
2015-03-10,0.73559,0.73587,0.7253,0.72704,200424
2015-03-11,0.72703,0.73067,0.71874,0.72754,210414
2015-03-12,0.72913,0.74434,0.72725,0.73857,211381
2015-03-13,0.73851,0.74076,0.73116,0.73185,159031
2015-03-16,0.73179,0.74091,0.73125,0.73677,146959
2015-03-17,0.73643,0.74042,0.72997,0.73172,150160
2015-03-18,0.73046,0.75467,0.72744,0.74679,192915
2015-03-19,0.74782,0.75374,0.73717,0.74114,243443
2015-03-20,0.74082,0.75918,0.74015,0.75642,197297
2015-03-23,0.75747,0.76748,0.75478,0.76523,236582
2015-03-24,0.76515,0.76966,0.76113,0.76392,211705
2015-03-25,0.76519,0.76919,0.75858,0.76076,181325
2015-03-26,0.76038,0.76641,0.75546,0.75917,223155
2015-03-27,0.7596,0.76071,0.75424,0.75652,197052
2015-03-30,0.75532,0.75658,0.74858,0.74947,165433
2015-03-31,0.74962,0.75101,0.74554,0.74664,168196
2015-04-01,0.74656,0.74902,0.73904,0.74511,185810
2015-04-02,0.74496,0.75163,0.74238,0.75068,182999
2015-04-03,0.75042,0.76298,0.74957,0.76082,113511
2015-04-06,0.75713,0.76222,0.75163,0.75375,89227
2015-04-07,0.75401,0.75607,0.74858,0.74917,179269
2015-04-08,0.74931,0.76074,0.74849,0.75505,189003
2015-04-09,0.75492,0.76069,0.75256,0.75633,162065
2015-04-10,0.75633,0.75976,0.75132,0.75374,146649
2015-04-13,0.75186,0.75371,0.74213,0.74523,161117
2015-04-14,0.7453,0.75528,0.74376,0.75178,187910
2015-04-15,0.75164,0.76177,0.74859,0.75945,187658
2015-04-16,0.75889,0.76977,0.75779,0.76702,228870
2015-04-17,0.76669,0.774,0.76447,0.76807,203503
2015-04-20,0.7702,0.77232,0.76416,0.76631,166624
2015-04-21,0.76582,0.77123,0.76338,0.76644,195660
2015-04-22,0.76692,0.77369,0.76564,0.76667,217171
2015-04-23,0.76631,0.76667,0.75358,0.75926,240832
2015-04-24,0.75895,0.76092,0.75422,0.75945,207450
2015-04-27,0.75822,0.76654,0.75791,0.76411,198464
2015-04-28,0.76443,0.77403,0.76157,0.77177,225276
2015-04-29,0.77105,0.77438,0.76509,0.7691,278937
2015-04-30,0.7673,0.76765,0.75743,0.76112,278183
2015-05-01,0.76136,0.76272,0.7506,0.75364,197196
2015-05-04,0.75259,0.75572,0.75072,0.75343,129543
2015-05-05,0.75314,0.7577,0.74892,0.75586,160674
2015-05-06,0.75561,0.75681,0.74584,0.7494,182707
2015-05-07,0.74939,0.75278,0.74248,0.74465,156545
2015-05-08,0.74475,0.75002,0.74208,0.74878,148544
2015-05-11,0.74713,0.74713,0.73315,0.7332,153565
2015-05-12,0.73324,0.74015,0.73276,0.73596,193472
2015-05-13,0.73606,0.75055,0.7317,0.74813,218205
2015-05-14,0.74813,0.75634,0.74746,0.74946,228942
2015-05-15,0.74943,0.75021,0.74285,0.74605,182735
2015-05-18,0.74486,0.74576,0.73695,0.73869,151268
2015-05-19,0.7386,0.74438,0.73355,0.73422,207720
2015-05-20,0.73419,0.73713,0.72803,0.73041,236185
2015-05-21,0.73046,0.73485,0.72909,0.73472,210768
2015-05-22,0.73479,0.73946,0.72955,0.73024,212521
2015-05-25,0.73073,0.73162,0.7291,0.7307,136886
2015-05-26,0.73058,0.73216,0.72199,0.72243,202698
2015-05-27,0.72244,0.7268,0.72107,0.7263,211614
2015-05-28,0.72664,0.72711,0.71271,0.7174,261565
2015-05-29,0.71735,0.71942,0.70798,0.70986,217347
2015-06-01,0.70804,0.71495,0.70794,0.70854,193593
2015-06-02,0.70836,0.72006,0.70836,0.71792,303165
2015-06-03,0.718,0.71924,0.71167,0.71505,226041
2015-06-04,0.71502,0.71677,0.71028,0.71286,153921
2015-06-05,0.71275,0.71561,0.70241,0.70444,249973
2015-06-08,0.70393,0.71565,0.70393,0.71424,190341
2015-06-09,0.71392,0.71791,0.70862,0.713,225346
2015-06-10,0.71307,0.72318,0.71064,0.7194,285484
2015-06-11,0.70738,0.70804,0.69652,0.70095,238193
2015-06-12,0.701,0.70268,0.69416,0.69842,143989
2015-06-15,0.6985,0.70088,0.69589,0.69965,152617
2015-06-16,0.69971,0.70088,0.69716,0.69855,156302
2015-06-17,0.69847,0.70117,0.6878,0.69852,204277
2015-06-18,0.69857,0.69905,0.68794,0.69251,220997
2015-06-19,0.69251,0.69382,0.68891,0.69083,159655
2015-06-22,0.69028,0.69294,0.68614,0.68618,169147
2015-06-23,0.68617,0.68738,0.68143,0.68514,194021
2015-06-24,0.6852,0.69066,0.68446,0.68873,194696
2015-06-25,0.68877,0.69234,0.68764,0.69029,191805
2015-06-26,0.69012,0.69077,0.68172,0.68364,167727
2015-06-29,0.68241,0.68818,0.6784,0.68489,236573
2015-06-30,0.68487,0.68516,0.67467,0.67631,215575
2015-07-01,0.67633,0.681,0.67288,0.67325,185294
2015-07-02,0.67317,0.6736,0.66578,0.67181,193716
2015-07-03,0.67194,0.67311,0.66763,0.66829,152532
2015-07-06,0.66609,0.67141,0.66464,0.66845,157328
2015-07-07,0.66856,0.66859,0.66189,0.6646,207900
2015-07-08,0.66471,0.67497,0.66211,0.67258,243734
2015-07-09,0.6727,0.67539,0.66975,0.67375,181210
2015-07-10,0.67392,0.67707,0.66831,0.67102,157352
2015-07-13,0.66965,0.67528,0.66795,0.66906,204030
2015-07-14,0.6692,0.67418,0.66658,0.67076,158815
2015-07-15,0.671,0.67226,0.65817,0.65875,209078
2015-07-16,0.65881,0.66019,0.64969,0.65106,213518
2015-07-17,0.65121,0.65558,0.6506,0.65259,186589
2015-07-20,0.65169,0.66005,0.65036,0.65613,251180
2015-07-21,0.65624,0.66534,0.65547,0.66228,321041
2015-07-22,0.66213,0.66442,0.6557,0.65742,313986
2015-07-23,0.65498,0.66945,0.65498,0.66057,272379
2015-07-24,0.66053,0.66237,0.65543,0.65729,203305
2015-07-27,0.65663,0.66385,0.65653,0.66025,216151
2015-07-28,0.66032,0.6708,0.6596,0.66895,247182
2015-07-29,0.66896,0.67379,0.66556,0.66637,260246
2015-07-30,0.6663,0.66677,0.65653,0.6602,250025
2015-07-31,0.66006,0.6673,0.65342,0.6591,271282
2015-08-03,0.66033,0.66126,0.65562,0.65617,240993
2015-08-04,0.65607,0.66159,0.65241,0.65376,299268
2015-08-05,0.65365,0.65654,0.64898,0.65095,263490
2015-08-06,0.65102,0.65573,0.65046,0.6552,246771
2015-08-07,0.6551,0.66365,0.65282,0.6619,248478
2015-08-10,0.66119,0.66265,0.65556,0.66121,188360
2015-08-11,0.66164,0.66324,0.65191,0.6528,249436
2015-08-12,0.65336,0.66491,0.64666,0.66141,265692
2015-08-13,0.66166,0.66407,0.65497,0.65637,214265
2015-08-14,0.65693,0.65722,0.65131,0.6532,226968
2015-08-17,0.6534,0.65833,0.65258,0.65653,226492
2015-08-18,0.65715,0.66047,0.65555,0.65956,264526
2015-08-19,0.66009,0.66233,0.65491,0.65944,294207
2015-08-20,0.65998,0.66463,0.65778,0.66208,282811
2015-08-21,0.6627,0.67079,0.66059,0.66832,281943
2015-08-24,0.66582,0.66857,0.6084,0.64708,349795
2015-08-25,0.64772,0.65606,0.64282,0.6465,261381
2015-08-26,0.64686,0.65144,0.64082,0.64256,238713
2015-08-27,0.64365,0.64898,0.64236,0.64613,232816
2015-08-28,0.64659,0.65051,0.64351,0.64567,191021
2015-08-31,0.64602,0.64667,0.6319,0.63381,186580
2015-09-01,0.63378,0.63884,0.63154,0.63284,242121
2015-09-02,0.63283,0.63687,0.63109,0.63457,223836
2015-09-03,0.63463,0.64141,0.63294,0.63971,236846
2015-09-04,0.63967,0.64052,0.62678,0.62814,216292
2015-09-07,0.62989,0.63001,0.62432,0.62551,192275
2015-09-08,0.62571,0.63552,0.62566,0.634,177845
2015-09-09,0.6341,0.64247,0.63363,0.63871,195933
2015-09-10,0.63865,0.63872,0.6255,0.62875,237668
2015-09-11,0.62873,0.63266,0.6281,0.6313,151144
2015-09-14,0.63045,0.63437,0.62971,0.63292,148055
2015-09-15,0.63262,0.63684,0.62919,0.63545,151689
2015-09-16,0.63525,0.63782,0.63323,0.63646,166118
2015-09-17,0.63632,0.64452,0.63107,0.63478,205848
2015-09-18,0.63424,0.6457,0.6337,0.63947,206300
2015-09-21,0.63906,0.63998,0.62982,0.6315,177295
2015-09-22,0.63144,0.63316,0.62706,0.62912,168644
2015-09-23,0.62903,0.63046,0.62354,0.62722,169945
2015-09-24,0.62711,0.63734,0.62619,0.63526,203030
2015-09-25,0.63517,0.63897,0.62939,0.63812,177688
2015-09-28,0.6356,0.6402,0.63241,0.63241,196151
2015-09-29,0.63233,0.63929,0.6288,0.63452,196865
2015-09-30,0.63447,0.64066,0.6338,0.63964,195241
2015-10-01,0.63954,0.64492,0.63851,0.63965,199753
2015-10-02,0.63932,0.64555,0.63826,0.64432,200187
2015-10-05,0.6457,0.65306,0.64363,0.64883,226322
2015-10-06,0.64881,0.65558,0.64777,0.65404,222667
2015-10-07,0.65427,0.6647,0.6535,0.66069,212928
2015-10-08,0.66091,0.66986,0.65845,0.66667,223274
2015-10-09,0.66648,0.67209,0.66547,0.66918,217065
2015-10-12,0.6678,0.67395,0.66714,0.67153,166294
2015-10-13,0.67155,0.67158,0.66177,0.66398,207716
2015-10-14,0.66389,0.68142,0.66174,0.67851,239861
2015-10-15,0.67877,0.68967,0.67825,0.68503,241402
2015-10-16,0.68463,0.68922,0.67833,0.6803,221144
2015-10-19,0.67984,0.68195,0.67817,0.67876,169769
2015-10-20,0.67897,0.68455,0.67345,0.67517,165079
2015-10-21,0.67513,0.67583,0.66973,0.67045,193210
2015-10-22,0.6705,0.68205,0.66998,0.67917,212834
2015-10-23,0.67908,0.68647,0.67342,0.67488,218546
2015-10-26,0.6741,0.6805,0.67379,0.6773,217634
2015-10-27,0.67883,0.68127,0.67456,0.6767,214477
2015-10-28,0.67618,0.67753,0.66208,0.66824,257695
2015-10-29,0.66984,0.6713,0.66474,0.66914,240875
2015-10-30,0.66911,0.67913,0.66873,0.67719,259948
2015-11-02,0.6731,0.6785,0.67237,0.67431,239188
2015-11-03,0.6743,0.67786,0.66505,0.66583,268622
2015-11-04,0.66618,0.66669,0.65726,0.65915,270104
2015-11-05,0.65908,0.6642,0.65799,0.66093,266762
2015-11-06,0.66094,0.66248,0.64976,0.65206,276957
2015-11-09,0.65151,0.65662,0.65115,0.65321,184531
2015-11-10,0.65286,0.65553,0.64997,0.65313,170425
2015-11-11,0.65226,0.65877,0.65183,0.65552,177323
2015-11-12,0.65555,0.65786,0.64995,0.65396,242843
2015-11-13,0.65393,0.65533,0.6508,0.65333,163789
2015-11-16,0.65443,0.65465,0.6468,0.64927,166237
2015-11-17,0.64898,0.64949,0.64515,0.64686,197407
2015-11-18,0.64658,0.64893,0.64278,0.64709,204877
2015-11-19,0.64699,0.65923,0.64643,0.65632,232774
2015-11-20,0.65632,0.66051,0.65504,0.65606,210381
2015-11-23,0.65505,0.65606,0.64922,0.65182,188464
2015-11-24,0.65167,0.65586,0.6502,0.65537,191775
2015-11-25,0.65541,0.65821,0.65458,0.65773,214968
2015-11-26,0.65754,0.65962,0.65615,0.65699,153756
2015-11-27,0.65681,0.65776,0.65198,0.65293,173376
2015-11-30,0.65333,0.65904,0.65135,0.65823,165934
2015-12-01,0.65801,0.66877,0.65794,0.6675,241003
2015-12-02,0.66731,0.66796,0.66123,0.66383,253766
2015-12-03,0.66367,0.67052,0.66071,0.66862,301765
2015-12-04,0.6685,0.6787,0.6634,0.67442,289588
2015-12-07,0.67379,0.67412,0.66263,0.66398,216649
2015-12-08,0.66386,0.66576,0.66105,0.66414,207634
2015-12-09,0.66427,0.67593,0.65655,0.67192,240151
2015-12-10,0.67146,0.67815,0.67078,0.6752,241853
2015-12-11,0.67505,0.67811,0.67021,0.67132,197024
2015-12-14,0.67139,0.67894,0.66903,0.67551,198576
2015-12-15,0.67544,0.68253,0.67399,0.67632,229787
2015-12-16,0.67594,0.68354,0.67132,0.6795,250717
2015-12-17,0.67874,0.67995,0.66871,0.66995,256687
2015-12-18,0.66957,0.67517,0.66802,0.67246,207606
2015-12-21,0.67228,0.67796,0.67197,0.67592,125645
2015-12-22,0.67586,0.68355,0.67569,0.6805,164124
2015-12-23,0.68023,0.68286,0.67607,0.6792,150196
2015-12-24,0.67882,0.68423,0.6769,0.68357,74770
2015-12-28,0.68255,0.68528,0.68233,0.68441,81969
2015-12-29,0.68425,0.68826,0.68371,0.68674,105259
2015-12-30,0.68635,0.68715,0.68291,0.68375,135275
2015-12-31,0.68374,0.68664,0.68214,0.6838,114992
2016-01-04,0.68242,0.68346,0.67183,0.67491,175218
2016-01-05,0.67484,0.67571,0.66758,0.67028,163606
2016-01-06,0.67014,0.67075,0.66249,0.66366,212193
2016-01-07,0.66362,0.66662,0.65896,0.66231,237203
2016-01-08,0.66191,0.66779,0.65383,0.65427,233018
2016-01-11,0.6551,0.65791,0.65081,0.65573,205036
2016-01-12,0.65568,0.6568,0.65141,0.65322,209672
2016-01-13,0.65318,0.659,0.65101,0.65107,201277
2016-01-14,0.65106,0.65149,0.64179,0.6471,244226
2016-01-15,0.64666,0.64907,0.63803,0.64612,251536
2016-01-18,0.63987,0.64792,0.63987,0.64489,207162
2016-01-19,0.6449,0.65132,0.64009,0.64076,247713
2016-01-20,0.64039,0.64371,0.63462,0.64284,264429
2016-01-21,0.64248,0.65584,0.64101,0.65281,263223
2016-01-22,0.65277,0.65505,0.64655,0.64862,205745
2016-01-25,0.64866,0.65329,0.64488,0.6452,202375
2016-01-26,0.64522,0.65113,0.6424,0.64963,204354
2016-01-27,0.64955,0.65306,0.6416,0.64298,272429
2016-01-28,0.64271,0.65133,0.64166,0.64802,243249
2016-01-29,0.64767,0.65427,0.64576,0.64774,250049
2016-02-01,0.64835,0.65575,0.64476,0.65446,201724
2016-02-02,0.65412,0.65536,0.64613,0.65124,215682
2016-02-03,0.65118,0.66969,0.65058,0.666,258570
2016-02-04,0.66608,0.67469,0.66403,0.67206,246950
2016-02-05,0.67201,0.67523,0.66144,0.66206,227915
2016-02-08,0.66142,0.66587,0.65917,0.66248,220289
2016-02-09,0.6625,0.66684,0.65622,0.66332,284005
2016-02-10,0.66326,0.66942,0.6604,0.66835,292913
2016-02-11,0.66833,0.67339,0.65843,0.67139,337640
2016-02-12,0.6713,0.67382,0.66111,0.66122,251349
2016-02-15,0.6613,0.66758,0.66078,0.66458,288004
2016-02-16,0.66393,0.66751,0.65441,0.65764,293252
2016-02-17,0.65712,0.66488,0.65522,0.6628,279419
2016-02-18,0.66255,0.66675,0.66049,0.66408,262145
2016-02-19,0.66413,0.66455,0.65641,0.66271,228971
2016-02-22,0.66411,0.67253,0.66211,0.6697,244551
2016-02-23,0.66923,0.67142,0.66356,0.66403,221229
2016-02-24,0.66356,0.66736,0.65855,0.66547,216497
2016-02-25,0.66543,0.67296,0.66412,0.67197,239698
2016-02-26,0.67197,0.67739,0.66168,0.66256,233995
2016-02-29,0.65864,0.66199,0.65642,0.6589,247236
2016-03-01,0.65871,0.66395,0.65702,0.66235,268871
2016-03-02,0.66211,0.66778,0.65921,0.66741,293483
2016-03-03,0.66673,0.67554,0.6654,0.6721,257917
2016-03-04,0.67162,0.68194,0.67133,0.68188,256097
2016-03-07,0.67816,0.68146,0.67488,0.67985,223870
2016-03-08,0.67936,0.68014,0.67333,0.67437,216775
2016-03-09,0.67436,0.68092,0.66407,0.66515,255964
2016-03-10,0.66508,0.6709,0.66178,0.66655,299692
2016-03-11,0.66648,0.6773,0.66385,0.67419,244379
2016-03-14,0.67183,0.67549,0.66565,0.66684,238185
2016-03-15,0.66727,0.6684,0.65862,0.66062,234958
2016-03-16,0.65981,0.67804,0.65743,0.67599,233667
2016-03-17,0.67179,0.68585,0.67142,0.68335,298046
2016-03-18,0.68486,0.68733,0.67824,0.67906,227066
2016-03-21,0.67858,0.67913,0.67455,0.67665,233067
2016-03-22,0.67565,0.67757,0.67198,0.6747,234083
2016-03-23,0.67506,0.67698,0.66818,0.67063,186231
2016-03-24,0.66965,0.67214,0.66702,0.66977,168438
2016-03-25,0.66987,0.67146,0.66736,0.66785,73794
2016-03-28,0.66757,0.67353,0.66668,0.67207,86605
2016-03-29,0.67185,0.6866,0.67152,0.68454,222783
2016-03-30,0.68425,0.69647,0.684,0.69171,283811
2016-03-31,0.69167,0.69657,0.68805,0.69067,250948
2016-04-01,0.69053,0.69365,0.68344,0.69027,242432
2016-04-04,0.68833,0.69033,0.68284,0.68311,201074
2016-04-05,0.68299,0.68347,0.6758,0.68013,247411
2016-04-06,0.68012,0.68438,0.67727,0.68187,254343
2016-04-07,0.6818,0.6862,0.67615,0.67743,261867
2016-04-08,0.67717,0.68293,0.67689,0.6779,186809
2016-04-11,0.68012,0.68782,0.67902,0.68566,227065
2016-04-12,0.68563,0.69252,0.68501,0.6922,221036
2016-04-13,0.69229,0.69518,0.68969,0.69174,244512
2016-04-14,0.69162,0.69193,0.68228,0.68409,240426
2016-04-15,0.68389,0.69268,0.68389,0.69163,203099
2016-04-18,0.68751,0.6957,0.68425,0.69472,212593
2016-04-19,0.6947,0.70536,0.6946,0.70417,200006
2016-04-20,0.70415,0.70491,0.69711,0.69744,204578
2016-04-21,0.69736,0.69826,0.68989,0.69103,223664
2016-04-22,0.6909,0.69355,0.6834,0.68468,195237
2016-04-25,0.68371,0.68771,0.68352,0.68524,158671
2016-04-26,0.68526,0.69098,0.6851,0.6897,184182
2016-04-27,0.68932,0.69052,0.68058,0.68273,241856
2016-04-28,0.6863,0.69894,0.6863,0.69581,239017
2016-04-29,0.69572,0.69982,0.695,0.69772,199633
2016-05-02,0.69741,0.70234,0.69702,0.70179,166475
2016-05-03,0.70166,0.7053,0.69096,0.69104,254082
2016-05-04,0.69118,0.69403,0.68588,0.68794,268692
2016-05-05,0.68754,0.69168,0.68704,0.68814,212005
2016-05-06,0.68814,0.68905,0.6806,0.68351,218492
2016-05-09,0.6823,0.68472,0.67629,0.67657,181092
2016-05-10,0.67655,0.67776,0.6715,0.67564,204322
2016-05-11,0.67558,0.68451,0.6751,0.68156,204984
2016-05-12,0.68161,0.68474,0.68037,0.68178,199644
2016-05-13,0.68146,0.68298,0.67545,0.67653,207708
2016-05-16,0.67585,0.68087,0.67452,0.6788,158438
2016-05-17,0.67874,0.68422,0.67778,0.68087,194321
2016-05-18,0.68078,0.68111,0.67274,0.67379,213333
2016-05-19,0.6736,0.67645,0.67093,0.67418,232342
2016-05-20,0.67396,0.67808,0.67354,0.67363,167442
2016-05-23,0.67614,0.68062,0.67471,0.67603,178569
2016-05-24,0.67601,0.67668,0.67042,0.67359,188413
2016-05-25,0.67354,0.67726,0.67245,0.67392,194041
2016-05-26,0.67323,0.67657,0.66912,0.67389,195853
2016-05-27,0.67379,0.67577,0.66845,0.66912,181557
2016-05-30,0.66895,0.67054,0.66743,0.66914,118075
2016-05-31,0.66909,0.67757,0.6687,0.67614,206551
2016-06-01,0.67597,0.68295,0.6756,0.6815,237176
2016-06-02,0.68141,0.68336,0.67781,0.68076,212742
2016-06-03,0.68076,0.69598,0.68,0.69519,226871
2016-06-06,0.6943,0.69504,0.69026,0.69198,220226
2016-06-07,0.69193,0.69814,0.68918,0.69764,205273
2016-06-08,0.69707,0.70271,0.69435,0.70179,208681
2016-06-09,0.70811,0.71474,0.70716,0.71004,261730
2016-06-10,0.70968,0.71221,0.70391,0.70411,205625
2016-06-13,0.70495,0.70811,0.70302,0.70586,208530
2016-06-14,0.70588,0.7061,0.69911,0.69911,221860
2016-06-15,0.69913,0.70707,0.69623,0.70326,229454
2016-06-16,0.70309,0.70932,0.69675,0.70409,267307
2016-06-17,0.70425,0.70718,0.70254,0.70254,206779
2016-06-20,0.70622,0.713,0.70493,0.71178,181163
2016-06-21,0.71166,0.71685,0.71008,0.71198,177299
2016-06-22,0.71186,0.71878,0.71172,0.71562,173490
2016-06-23,0.71557,0.7254,0.7154,0.7239,212475
2016-06-24,0.72546,0.72918,0.69703,0.7098,287721
2016-06-27,0.70652,0.71121,0.69791,0.69937,278743
2016-06-28,0.6988,0.70847,0.69751,0.70458,199596
2016-06-29,0.70427,0.71355,0.70385,0.71106,215073
2016-06-30,0.71097,0.71407,0.70563,0.71339,251656
2016-07-01,0.71287,0.71974,0.71159,0.71699,177125
2016-07-04,0.7158,0.72402,0.71575,0.72212,146932
2016-07-05,0.72255,0.72331,0.71381,0.71517,196089
2016-07-06,0.71507,0.71556,0.70783,0.713,237598
2016-07-07,0.71247,0.72353,0.71149,0.72241,217045
2016-07-08,0.72245,0.73058,0.72109,0.73018,197205
2016-07-11,0.72928,0.73037,0.7215,0.72181,161243
2016-07-12,0.72166,0.7324,0.72096,0.72991,212424
2016-07-13,0.72947,0.73168,0.72373,0.72733,211617
2016-07-14,0.72719,0.72932,0.7174,0.71963,230906
2016-07-15,0.71947,0.7201,0.71059,0.71084,223671
2016-07-18,0.71378,0.71532,0.70676,0.71146,176807
2016-07-19,0.71125,0.71149,0.70092,0.70502,171377
2016-07-20,0.70497,0.70673,0.70146,0.70226,159570
2016-07-21,0.70226,0.70226,0.69506,0.69933,198028
2016-07-22,0.69927,0.70159,0.69729,0.69983,150215
2016-07-25,0.69915,0.70156,0.69555,0.69953,140999
2016-07-26,0.69937,0.70853,0.69826,0.70516,168317
2016-07-27,0.70488,0.70848,0.70032,0.70761,214679
2016-07-28,0.7072,0.71207,0.70613,0.70721,175738
2016-07-29,0.70654,0.72283,0.70571,0.72078,195460
2016-08-01,0.71938,0.72295,0.71659,0.7172,140086
2016-08-02,0.71675,0.72557,0.71558,0.72404,201922
2016-08-03,0.72373,0.72452,0.71398,0.71557,183951
2016-08-04,0.71565,0.72003,0.71455,0.71692,196942
2016-08-05,0.71697,0.72184,0.71206,0.71362,177976
2016-08-08,0.71343,0.71436,0.7086,0.71365,132420
2016-08-09,0.71348,0.71795,0.71096,0.71626,146449
2016-08-10,0.71617,0.72642,0.71569,0.71828,195594
2016-08-11,0.72192,0.73422,0.7193,0.72059,196197
2016-08-12,0.72055,0.72541,0.71844,0.71939,191970
2016-08-15,0.71829,0.72258,0.71637,0.72072,130718
2016-08-16,0.72083,0.73037,0.71979,0.72774,213285
2016-08-17,0.72774,0.73214,0.72018,0.72485,221741
2016-08-18,0.72492,0.73102,0.72461,0.72852,219643
2016-08-19,0.72852,0.72912,0.72401,0.72719,175278
2016-08-22,0.72464,0.7293,0.72082,0.72681,170236
2016-08-23,0.72676,0.73436,0.72607,0.72868,180347
2016-08-24,0.72868,0.73341,0.72679,0.73094,194965
2016-08-25,0.73084,0.73354,0.72852,0.72978,147020
2016-08-26,0.72906,0.73796,0.72192,0.72192,242452
2016-08-29,0.72201,0.72635,0.72091,0.72493,187098
2016-08-30,0.72477,0.72643,0.72032,0.72169,180245
2016-08-31,0.72157,0.72651,0.72131,0.72481,191674
2016-09-01,0.72461,0.72943,0.72261,0.72791,205367
2016-09-02,0.72744,0.73595,0.72664,0.72664,237041
2016-09-05,0.72782,0.73426,0.72764,0.73019,134692
2016-09-06,0.73027,0.74212,0.73004,0.74155,193838
2016-09-07,0.74147,0.74847,0.73961,0.74483,189437
2016-09-08,0.74477,0.74816,0.73827,0.7396,224115
2016-09-09,0.73966,0.74127,0.72969,0.72969,210980
2016-09-12,0.73185,0.7356,0.729,0.73514,243941
2016-09-13,0.73509,0.73634,0.7234,0.72499,276630
2016-09-14,0.72494,0.73123,0.72364,0.7279,246998
2016-09-15,0.72794,0.73242,0.72399,0.73122,305175
2016-09-16,0.73138,0.73303,0.72529,0.72633,230423
2016-09-19,0.72534,0.73248,0.72513,0.72909,178311
2016-09-20,0.72908,0.73576,0.7285,0.73126,196563
2016-09-21,0.73114,0.73653,0.72773,0.73531,276674
2016-09-22,0.73594,0.73683,0.72912,0.73107,211576
2016-09-23,0.73106,0.73143,0.72224,0.72418,210017
2016-09-26,0.72412,0.72864,0.72198,0.72728,181917
2016-09-27,0.72714,0.73297,0.72587,0.72978,214170
2016-09-28,0.72974,0.73069,0.72317,0.72832,207070
2016-09-29,0.72824,0.73024,0.72353,0.72503,256451
2016-09-30,0.72508,0.72971,0.72278,0.72842,234114
2016-10-03,0.72724,0.72898,0.72524,0.72708,159361
2016-10-04,0.72715,0.731,0.71968,0.72063,221394
2016-10-05,0.72068,0.72094,0.71472,0.71704,196727
2016-10-06,0.71706,0.71782,0.71342,0.71632,179300
2016-10-07,0.71619,0.71995,0.71088,0.71616,259865
2016-10-10,0.71765,0.71811,0.71207,0.71354,154901
2016-10-11,0.71324,0.71412,0.7046,0.70545,195275
2016-10-12,0.70502,0.70939,0.70433,0.70587,199410
2016-10-13,0.70585,0.71011,0.70335,0.70932,197775
2016-10-14,0.70905,0.71322,0.70622,0.70622,186047
2016-10-17,0.7087,0.71406,0.70759,0.71321,141609
2016-10-18,0.71336,0.72179,0.71269,0.71889,170107
2016-10-19,0.71895,0.72485,0.71865,0.72298,154387
2016-10-20,0.72245,0.72653,0.71809,0.71912,171490
2016-10-21,0.71906,0.71938,0.71424,0.71604,136704
2016-10-24,0.71548,0.71755,0.71235,0.71356,113851
2016-10-25,0.71345,0.71722,0.71081,0.71626,138053
2016-10-26,0.71592,0.7183,0.71456,0.71508,151571
2016-10-27,0.71509,0.71662,0.71071,0.71197,165917
2016-10-28,0.71196,0.7166,0.71125,0.71401,196329
2016-10-31,0.71511,0.71657,0.71365,0.71483,145551
2016-11-01,0.71464,0.72203,0.71464,0.72063,170703
2016-11-02,0.71814,0.73092,0.71795,0.7286,204418
2016-11-03,0.72807,0.73402,0.72773,0.73339,177979
2016-11-04,0.73247,0.73376,0.7298,0.73006,159082
2016-11-07,0.73441,0.73471,0.72895,0.73439,179400
2016-11-08,0.73364,0.74025,0.73165,0.7385,172513
2016-11-09,0.73814,0.73919,0.72637,0.72724,394881
2016-11-10,0.72756,0.73057,0.71755,0.72087,215693
2016-11-11,0.72051,0.72278,0.71052,0.71052,273614
2016-11-14,0.71295,0.71398,0.70689,0.71161,240637
2016-11-15,0.71154,0.71437,0.707,0.70959,222418
2016-11-16,0.70939,0.71135,0.70343,0.70687,206613
2016-11-17,0.70684,0.71097,0.70121,0.70233,226917
2016-11-18,0.70214,0.70599,0.69838,0.69838,234881
2016-11-21,0.69899,0.70768,0.69832,0.7061,221915
2016-11-22,0.70579,0.70851,0.70308,0.70598,212443
2016-11-23,0.70559,0.70789,0.69932,0.70011,196029
2016-11-24,0.70024,0.70108,0.69701,0.69965,180037
2016-11-25,0.69964,0.70614,0.6983,0.70396,191458
2016-11-28,0.70404,0.7101,0.7032,0.70736,216112
2016-11-29,0.70709,0.71318,0.70649,0.71256,226918
2016-11-30,0.71214,0.71689,0.70689,0.70808,266227
2016-12-01,0.70794,0.71043,0.70423,0.70874,202058
2016-12-02,0.70844,0.71476,0.70818,0.713,172790
2016-12-05,0.71234,0.71562,0.70682,0.71402,231551
2016-12-06,0.71354,0.71602,0.70928,0.71185,167296
2016-12-07,0.71177,0.71668,0.71002,0.71614,126855
2016-12-08,0.71604,0.72219,0.71453,0.71719,212135
2016-12-09,0.71714,0.71879,0.71243,0.7133,147697
2016-12-12,0.71268,0.72066,0.71137,0.71924,179722
2016-12-13,0.71867,0.72318,0.71792,0.72009,186579
2016-12-14,0.72004,0.7238,0.71038,0.71158,234401
2016-12-15,0.7111,0.71224,0.7009,0.7036,293953
2016-12-16,0.70349,0.70494,0.69298,0.6941,216772
2016-12-19,0.69644,0.69881,0.69248,0.6927,195158
2016-12-20,0.69264,0.69319,0.68816,0.69152,153809
2016-12-21,0.69134,0.69468,0.68867,0.68958,151230
2016-12-22,0.68954,0.69246,0.6887,0.69,160644
2016-12-23,0.69001,0.69117,0.6861,0.68747,92836
2016-12-26,0.68379,0.69268,0.68201,0.68939,39170
2016-12-27,0.68934,0.69033,0.68777,0.68895,84723
2016-12-28,0.68841,0.69299,0.68782,0.69169,116042
2016-12-29,0.69156,0.69697,0.69141,0.69599,148366
2016-12-30,0.69593,0.69785,0.68993,0.68993,168955
2017-01-02,0.69328,0.69516,0.68915,0.69076,127178
2017-01-03,0.69174,0.69739,0.68838,0.69156,170240
2017-01-04,0.6913,0.69742,0.6889,0.69641,210524
2017-01-05,0.69655,0.70358,0.69513,0.70227,288596
2017-01-06,0.70184,0.70429,0.6953,0.69564,224002
2017-01-09,0.69574,0.70317,0.69479,0.70144,182609
2017-01-10,0.70139,0.7047,0.69576,0.69869,225818
2017-01-11,0.69865,0.70868,0.696,0.70547,289329
2017-01-12,0.70529,0.71437,0.7045,0.70932,247337
2017-01-13,0.709,0.71405,0.70701,0.71278,258374
2017-01-16,0.70879,0.71483,0.70752,0.70975,166864
2017-01-17,0.70978,0.72187,0.7088,0.72102,289269
2017-01-18,0.72068,0.72153,0.71204,0.71227,209091
2017-01-19,0.71204,0.71998,0.71159,0.7185,278069
2017-01-20,0.71851,0.72243,0.71281,0.71676,278377
2017-01-23,0.71613,0.72375,0.71533,0.72312,230074
2017-01-24,0.72325,0.72763,0.72077,0.72469,197112
2017-01-25,0.72458,0.73063,0.72226,0.72961,220743
2017-01-26,0.72944,0.73123,0.72213,0.72425,200016
2017-01-27,0.72363,0.72839,0.72271,0.7258,199880
2017-01-30,0.72641,0.72953,0.72354,0.72824,198009
2017-01-31,0.72794,0.73494,0.72691,0.73084,234030
2017-02-01,0.73094,0.73104,0.7238,0.72778,213970
2017-02-02,0.72778,0.73368,0.72416,0.72844,236693
2017-02-03,0.72808,0.733,0.72404,0.72947,217095
2017-02-06,0.73041,0.73263,0.7284,0.73192,197260
2017-02-07,0.7318,0.73749,0.72777,0.72997,206437
2017-02-08,0.72983,0.73331,0.72436,0.72632,227889
2017-02-09,0.72615,0.72641,0.71721,0.71829,206374
2017-02-10,0.71821,0.72096,0.71701,0.71761,186401
2017-02-13,0.72015,0.72175,0.71551,0.71736,150694
2017-02-14,0.717,0.7197,0.71333,0.7166,185836
2017-02-15,0.71643,0.72296,0.71452,0.72217,184542
2017-02-16,0.72183,0.72422,0.7204,0.7204,203100
2017-02-17,0.72076,0.72196,0.71569,0.71569,162892
2017-02-20,0.71875,0.71943,0.71688,0.71855,103946
2017-02-21,0.71855,0.71861,0.71288,0.71587,142458
2017-02-22,0.71558,0.71982,0.71442,0.71897,158081
2017-02-23,0.71845,0.72459,0.71725,0.72267,161395
2017-02-24,0.72253,0.72374,0.71727,0.71727,142361
2017-02-27,0.71886,0.72269,0.71859,0.71886,148194
2017-02-28,0.71885,0.72364,0.71761,0.7191,166705
2017-03-01,0.71893,0.71924,0.70991,0.71394,228624
2017-03-02,0.71373,0.71493,0.70491,0.70608,172658
2017-03-03,0.70593,0.70654,0.70013,0.70138,192857
2017-03-06,0.70243,0.70446,0.699,0.69921,146964
2017-03-07,0.69921,0.70176,0.69508,0.69527,177834
2017-03-08,0.69528,0.69772,0.69038,0.69135,191352
2017-03-09,0.69138,0.69165,0.68888,0.68985,192269
2017-03-10,0.68983,0.69468,0.689,0.6918,184331
2017-03-13,0.6929,0.69489,0.69123,0.69216,162928
2017-03-14,0.69177,0.69392,0.68927,0.69204,162014
2017-03-15,0.69173,0.70482,0.69169,0.70097,219122
2017-03-16,0.70403,0.7045,0.69674,0.6983,225484
2017-03-17,0.69848,0.70395,0.69743,0.70163,155097
2017-03-20,0.7013,0.70727,0.70096,0.7053,144973
2017-03-21,0.70529,0.70892,0.70312,0.7041,185823
2017-03-22,0.7041,0.70722,0.70152,0.70405,194363
2017-03-23,0.70431,0.70545,0.70221,0.70279,184349
2017-03-24,0.70276,0.70421,0.69935,0.70042,166478
2017-03-27,0.70294,0.70673,0.70222,0.70433,172992
2017-03-28,0.70413,0.70486,0.70056,0.70129,164224
2017-03-29,0.70083,0.70383,0.69914,0.70289,136398
2017-03-30,0.70271,0.70437,0.69903,0.69903,134383
2017-03-31,0.69919,0.70164,0.69751,0.69818,140053
2017-04-03,0.69903,0.70148,0.69845,0.70133,116441
2017-04-04,0.70124,0.70218,0.69685,0.69715,130703
2017-04-05,0.69704,0.69834,0.69382,0.6962,139571
2017-04-06,0.69621,0.69895,0.69572,0.69683,150572
2017-04-07,0.69685,0.69934,0.69258,0.69258,175022
2017-04-10,0.69288,0.69648,0.69197,0.69597,133178
2017-04-11,0.69584,0.69683,0.69291,0.69574,142376
2017-04-12,0.69553,0.69742,0.69083,0.69641,162891
2017-04-13,0.6961,0.70145,0.69581,0.69967,160831
2017-04-14,0.69944,0.70108,0.69522,0.69779,98239
2017-04-17,0.69875,0.70354,0.69775,0.70054,110432
2017-04-18,0.69981,0.70423,0.69981,0.70409,156776
2017-04-19,0.70392,0.7052,0.69953,0.7002,134330
2017-04-20,0.70006,0.70513,0.69983,0.7009,147969
2017-04-21,0.70094,0.70353,0.69824,0.7007,115312
2017-04-24,0.7043,0.70521,0.70092,0.70133,124576
2017-04-25,0.7014,0.7016,0.694,0.69476,135839
2017-04-26,0.69456,0.69555,0.6871,0.68893,177878
2017-04-27,0.68856,0.69198,0.68471,0.68738,147274
2017-04-28,0.68706,0.68897,0.68506,0.68613,137318
2017-05-01,0.6855,0.69226,0.68506,0.69084,111266
2017-05-02,0.69033,0.694,0.69014,0.69344,121755
2017-05-03,0.69346,0.6968,0.68661,0.6877,163935
2017-05-04,0.68746,0.68928,0.68382,0.68677,171632
2017-05-05,0.68686,0.69277,0.68601,0.68923,172973
2017-05-08,0.6893,0.69448,0.68871,0.69064,167995
2017-05-09,0.69068,0.69259,0.68791,0.6894,179045
2017-05-10,0.68913,0.69503,0.68884,0.69397,165032
2017-05-11,0.69364,0.69364,0.68168,0.68472,172899
2017-05-12,0.68462,0.68698,0.68256,0.68658,150309
2017-05-15,0.68535,0.69174,0.68505,0.68785,136399
2017-05-16,0.68798,0.69057,0.68616,0.68804,143404
2017-05-17,0.68797,0.69442,0.68734,0.69383,184218
2017-05-18,0.69355,0.69493,0.68856,0.68983,231660
2017-05-19,0.68979,0.69382,0.68801,0.69216,158776
2017-05-22,0.69229,0.69974,0.6909,0.69935,148116
2017-05-23,0.69908,0.70458,0.6987,0.70076,159798
2017-05-24,0.70046,0.70577,0.69875,0.70438,168196
2017-05-25,0.70483,0.7054,0.70152,0.70221,178032
2017-05-26,0.70202,0.70763,0.70058,0.7046,163032
2017-05-29,0.70395,0.70876,0.70368,0.70549,107970
2017-05-30,0.70532,0.71008,0.7034,0.7091,134334
2017-05-31,0.70947,0.71214,0.70764,0.70807,151667
2017-06-01,0.70807,0.70886,0.70573,0.70589,150894
2017-06-02,0.70584,0.71459,0.70557,0.71336,140109
2017-06-05,0.71252,0.71488,0.71128,0.71358,119378
2017-06-06,0.71369,0.72045,0.71252,0.71816,171440
2017-06-07,0.71797,0.72057,0.71681,0.71959,176794
2017-06-08,0.71905,0.72222,0.71863,0.72125,178064
2017-06-09,0.72118,0.72199,0.71891,0.7205,167954
2017-06-12,0.72018,0.72126,0.71699,0.71969,149209
2017-06-13,0.71964,0.72269,0.71825,0.72192,124361
2017-06-14,0.72167,0.73188,0.71976,0.72691,235647
2017-06-15,0.72645,0.72683,0.71844,0.72071,216319
2017-06-16,0.72042,0.72584,0.71908,0.72399,155679
2017-06-19,0.72504,0.72979,0.72256,0.72272,149822
2017-06-20,0.7228,0.72667,0.72187,0.72389,149674
2017-06-21,0.72374,0.72496,0.72052,0.72142,147296
2017-06-22,0.72096,0.72735,0.71934,0.72628,139858
2017-06-23,0.7262,0.7296,0.72484,0.728,112501
2017-06-26,0.72798,0.73099,0.72608,0.72869,137217
2017-06-27,0.72873,0.73437,0.72646,0.72672,168389
2017-06-28,0.72679,0.73136,0.72525,0.73022,200827
2017-06-29,0.73029,0.73313,0.72747,0.72964,158701
2017-06-30,0.72964,0.73458,0.72912,0.7325,176446
2017-07-03,0.73263,0.73446,0.72717,0.72935,131358
2017-07-04,0.72931,0.72987,0.72612,0.72869,148776
2017-07-05,0.72859,0.72961,0.72534,0.72894,141771
2017-07-06,0.72873,0.72916,0.72431,0.72733,135089
2017-07-07,0.72743,0.73096,0.72596,0.72706,153819
2017-07-10,0.72659,0.72825,0.72607,0.72739,107745
2017-07-11,0.72733,0.72774,0.72006,0.7223,126845
2017-07-12,0.72267,0.72799,0.72151,0.72592,144163
2017-07-13,0.72598,0.7368,0.72454,0.73211,142541
2017-07-14,0.73164,0.73649,0.72983,0.7345,140352
2017-07-17,0.73296,0.736,0.73101,0.73192,144953
2017-07-18,0.73169,0.73722,0.72616,0.73503,198318
2017-07-19,0.73459,0.73873,0.73395,0.73546,130684
2017-07-20,0.73535,0.74145,0.73328,0.73995,181284
2017-07-21,0.73928,0.7458,0.73928,0.74508,163802
2017-07-24,0.74313,0.74554,0.74209,0.74353,150776
2017-07-25,0.74356,0.74503,0.74003,0.74145,167952
2017-07-26,0.74156,0.75282,0.74085,0.75162,214350
2017-07-27,0.75172,0.75575,0.74789,0.74859,200181
2017-07-28,0.74837,0.7524,0.74595,0.75134,185981
2017-07-31,0.75032,0.75217,0.74669,0.75097,151158
2017-08-01,0.75074,0.75243,0.74607,0.74669,163541
2017-08-02,0.74648,0.74732,0.74094,0.74288,155013
2017-08-03,0.74274,0.74503,0.73898,0.7434,142841
2017-08-04,0.74323,0.74543,0.73915,0.74124,147402
2017-08-07,0.7397,0.7416,0.73469,0.73598,120435
2017-08-08,0.73605,0.73692,0.73172,0.73265,129427
2017-08-09,0.73303,0.73437,0.73074,0.73327,148060
2017-08-10,0.73569,0.73677,0.72507,0.7274,168033
2017-08-11,0.72745,0.73272,0.72513,0.73169,152647
2017-08-14,0.73031,0.73297,0.72801,0.72839,126014
2017-08-15,0.72825,0.7311,0.72283,0.72327,126440
2017-08-16,0.72337,0.73177,0.72222,0.73096,144810
2017-08-17,0.73112,0.73348,0.72795,0.72805,146894
2017-08-18,0.7281,0.73349,0.72745,0.73057,152013
2017-08-21,0.73078,0.73366,0.73016,0.73256,93002
2017-08-22,0.73264,0.73342,0.7272,0.7278,99699
2017-08-23,0.72763,0.72825,0.71963,0.72213,135283
2017-08-24,0.72221,0.72354,0.71907,0.72064,118817
2017-08-25,0.72069,0.72577,0.71959,0.72345,149507
2017-08-28,0.72353,0.72626,0.72297,0.72549,99652
2017-08-29,0.72545,0.72979,0.72169,0.72546,181382
2017-08-30,0.72516,0.72769,0.71882,0.7198,156089
2017-08-31,0.71977,0.72092,0.71308,0.71771,176348
2017-09-01,0.71763,0.72063,0.71462,0.71547,186248
2017-09-04,0.71419,0.71818,0.71419,0.7161,104808
2017-09-05,0.71591,0.72627,0.71568,0.72338,202398
2017-09-06,0.72321,0.72604,0.71856,0.71988,206240
2017-09-07,0.71982,0.72416,0.71713,0.72305,197107
2017-09-08,0.7229,0.73368,0.72264,0.72611,232294
2017-09-11,0.72568,0.72936,0.72239,0.7253,151053
2017-09-12,0.72515,0.73201,0.72158,0.72849,212880
2017-09-13,0.72861,0.73035,0.72194,0.72392,235754
2017-09-14,0.72382,0.72626,0.71827,0.72178,226566
2017-09-15,0.72171,0.73103,0.72112,0.72732,196425
2017-09-18,0.7273,0.73436,0.72471,0.72603,160046
2017-09-19,0.72567,0.73267,0.72546,0.73139,182638
2017-09-20,0.73151,0.7434,0.73026,0.7355,243365
2017-09-21,0.73565,0.73633,0.72973,0.73064,205622
2017-09-22,0.73039,0.7344,0.72795,0.73152,166802
2017-09-25,0.72931,0.73276,0.7251,0.72644,190038
2017-09-26,0.72643,0.72774,0.71671,0.7205,200818
2017-09-27,0.72068,0.72393,0.71763,0.71999,246870
2017-09-28,0.71989,0.7239,0.71659,0.72336,200815
2017-09-29,0.72329,0.72441,0.7198,0.72017,164901
2017-10-02,0.72069,0.72261,0.71667,0.7194,169496
2017-10-03,0.71883,0.71977,0.71472,0.71583,178298
2017-10-04,0.71581,0.72054,0.71457,0.71666,157956
2017-10-05,0.71649,0.71671,0.71107,0.71112,142302
2017-10-06,0.71155,0.7118,0.70582,0.70837,182779
2017-10-09,0.70612,0.70854,0.70564,0.70645,98289
2017-10-10,0.7061,0.7088,0.70551,0.7066,156965
2017-10-11,0.70663,0.70989,0.70617,0.70755,147789
2017-10-12,0.70785,0.71458,0.7076,0.71149,161252
2017-10-13,0.7125,0.71966,0.71205,0.71726,169714
2017-10-16,0.71699,0.71958,0.71612,0.7167,131178
2017-10-17,0.71663,0.72091,0.71463,0.71705,155322
2017-10-18,0.7169,0.71783,0.71182,0.71505,135945
2017-10-19,0.71507,0.71715,0.70085,0.70296,212093
2017-10-20,0.70263,0.7036,0.69531,0.69568,181142
2017-10-23,0.69503,0.69897,0.69306,0.69638,127852
2017-10-24,0.6963,0.70042,0.68854,0.68938,161761
2017-10-25,0.69011,0.69123,0.68603,0.68873,177390
2017-10-26,0.68878,0.69035,0.68328,0.68337,151961
2017-10-27,0.684,0.68756,0.68175,0.68743,168336
2017-10-30,0.6876,0.68871,0.68327,0.68751,113039
2017-10-31,0.68745,0.68814,0.68303,0.68455,119429
2017-11-01,0.6846,0.69305,0.6824,0.68859,166100
2017-11-02,0.68839,0.69419,0.68821,0.69123,139365
2017-11-03,0.69109,0.69503,0.68972,0.69062,120232
2017-11-06,0.6906,0.69578,0.68741,0.69444,109730
2017-11-07,0.6944,0.69537,0.68902,0.68939,112873
2017-11-08,0.68992,0.69733,0.68959,0.6961,108901
2017-11-09,0.69645,0.69798,0.69327,0.69466,134770
2017-11-10,0.69455,0.69575,0.69202,0.69245,105912
2017-11-13,0.6921,0.69372,0.68927,0.69016,106984
2017-11-14,0.68997,0.69019,0.6844,0.68749,146722
2017-11-15,0.68734,0.69187,0.68612,0.68758,162865
2017-11-16,0.68696,0.6878,0.6835,0.68501,136450
2017-11-17,0.68461,0.68831,0.67797,0.68131,170782
2017-11-20,0.68019,0.68397,0.67929,0.68068,131449
2017-11-21,0.68074,0.68402,0.67884,0.68254,133091
2017-11-22,0.68241,0.68936,0.68193,0.688,135668
2017-11-23,0.68811,0.69053,0.68656,0.6888,102597
2017-11-24,0.68868,0.6894,0.68463,0.68691,104787
2017-11-27,0.68773,0.6926,0.68525,0.69112,130698
2017-11-28,0.69078,0.69454,0.68954,0.68973,164876
2017-11-29,0.68976,0.69294,0.68757,0.68798,177783
2017-11-30,0.6877,0.68909,0.68294,0.68308,197971
2017-12-01,0.68307,0.6912,0.68159,0.68883,252605
2017-12-04,0.68608,0.68707,0.68394,0.68552,149655
2017-12-05,0.68572,0.69074,0.68503,0.68724,175192
2017-12-06,0.68712,0.69169,0.68691,0.68804,155521
2017-12-07,0.68807,0.68886,0.68227,0.68261,141867
2017-12-08,0.68259,0.68699,0.68218,0.68376,141595
2017-12-11,0.68275,0.69304,0.68275,0.69093,145386
2017-12-12,0.69075,0.6953,0.69004,0.69327,129978
2017-12-13,0.6931,0.70277,0.69301,0.7023,165739
2017-12-14,0.7022,0.70232,0.69774,0.69827,192541
2017-12-15,0.69815,0.70338,0.69782,0.69883,161477
2017-12-18,0.69942,0.70279,0.69907,0.69931,137761
2017-12-19,0.69931,0.70188,0.69653,0.69691,146326
2017-12-20,0.69685,0.70142,0.69533,0.70109,145809
2017-12-21,0.7011,0.70195,0.69862,0.70131,133276
2017-12-22,0.70122,0.70273,0.70019,0.70212,111503
2017-12-26,0.70189,0.70424,0.70093,0.70379,56963
2017-12-27,0.7037,0.70762,0.7028,0.70538,103806
2017-12-28,0.7054,0.70984,0.70522,0.70778,96232
2017-12-29,0.70759,0.71237,0.70759,0.70978,104674
2018-01-02,0.71302,0.71311,0.70539,0.70999,126478
2018-01-03,0.70994,0.71108,0.70725,0.70899,149728
2018-01-04,0.70893,0.71632,0.70725,0.71522,146928
2018-01-05,0.71536,0.71864,0.71442,0.71698,164575
2018-01-08,0.71521,0.71841,0.71492,0.71729,126573
2018-01-09,0.71722,0.71968,0.71584,0.71592,162600
2018-01-10,0.71594,0.72295,0.71395,0.71959,232477
2018-01-11,0.71952,0.72622,0.71819,0.726,224810
2018-01-12,0.72601,0.72761,0.72191,0.72474,238241
2018-01-15,0.72327,0.73144,0.72327,0.72969,183602
2018-01-16,0.72961,0.7307,0.72586,0.72649,187085
2018-01-17,0.72644,0.73311,0.72343,0.72699,251987
2018-01-18,0.72661,0.73206,0.72453,0.72991,230863
2018-01-19,0.72986,0.73232,0.72688,0.72709,226660
2018-01-22,0.72812,0.73293,0.72672,0.73269,163234
2018-01-23,0.73271,0.73646,0.73057,0.73514,216152
2018-01-24,0.73505,0.7437,0.73329,0.73346,252932
2018-01-25,0.73373,0.73923,0.73135,0.73219,390592
2018-01-26,0.73202,0.73745,0.72887,0.73476,325325
2018-01-29,0.73395,0.73639,0.73008,0.73189,253510
2018-01-30,0.73215,0.73551,0.72788,0.73273,271365
2018-01-31,0.7326,0.74197,0.73254,0.73629,321685
2018-02-01,0.73565,0.74033,0.73334,0.7394,284712
2018-02-02,0.73949,0.74054,0.72946,0.7303,315172
2018-02-05,0.72901,0.73304,0.72596,0.72609,303226
2018-02-06,0.72625,0.73508,0.72566,0.73387,410837
2018-02-07,0.73387,0.73458,0.7209,0.72347,269371
2018-02-08,0.72324,0.72425,0.71763,0.7214,346170
2018-02-09,0.72142,0.72589,0.71979,0.72584,322421
2018-02-12,0.72412,0.7277,0.72315,0.72612,190425
2018-02-13,0.72597,0.73148,0.72468,0.72709,207278
2018-02-14,0.72714,0.73793,0.72396,0.73639,324719
2018-02-15,0.7364,0.74115,0.73626,0.74049,271793
2018-02-16,0.74042,0.7437,0.73733,0.73891,233983
2018-02-19,0.73742,0.74092,0.73529,0.73688,141795
2018-02-20,0.73682,0.7374,0.73356,0.73459,224585
2018-02-21,0.73452,0.73854,0.73161,0.7317,254399
2018-02-22,0.73177,0.73647,0.73072,0.73379,214938
2018-02-23,0.73355,0.73454,0.72703,0.73008,188965
2018-02-26,0.72872,0.73449,0.72762,0.73013,171843
2018-02-27,0.72999,0.73052,0.72307,0.72334,230979
2018-02-28,0.72327,0.72424,0.72059,0.72068,209047
2018-03-01,0.72035,0.72634,0.71856,0.72465,260442
2018-03-02,0.72469,0.72793,0.72183,0.72418,262251
2018-03-05,0.72301,0.72451,0.72024,0.7224,206926
2018-03-06,0.72247,0.73108,0.72209,0.72869,237783
2018-03-07,0.72872,0.73002,0.72537,0.72716,261979
2018-03-08,0.72702,0.72972,0.72447,0.7259,229034
2018-03-09,0.72578,0.72976,0.7249,0.72807,202597
2018-03-12,0.72913,0.7323,0.72836,0.72944,152945
2018-03-13,0.72908,0.73549,0.72904,0.7325,217875
2018-03-14,0.73227,0.73536,0.7303,0.73067,201180
2018-03-15,0.73309,0.73341,0.72667,0.7275,217215
2018-03-16,0.72735,0.72806,0.72075,0.72159,195310
2018-03-19,0.72166,0.72602,0.71955,0.72393,203105
2018-03-20,0.72385,0.72489,0.71669,0.71734,190205
2018-03-21,0.71846,0.72455,0.71529,0.72251,246852
2018-03-22,0.72242,0.72625,0.72016,0.72075,277958
2018-03-23,0.72054,0.72735,0.72019,0.7234,253257
2018-03-26,0.72292,0.73006,0.72284,0.72972,150286
2018-03-27,0.72963,0.73031,0.72576,0.72669,169290
2018-03-28,0.72643,0.72742,0.72029,0.72105,216785
2018-03-29,0.72093,0.72339,0.71876,0.72292,157111
2018-03-30,0.72271,0.72471,0.72197,0.7239,176082
2018-04-02,0.72262,0.72402,0.71871,0.72097,127633
2018-04-03,0.72085,0.72705,0.71946,0.72548,164072
2018-04-04,0.72534,0.73108,0.72525,0.73033,157162
2018-04-05,0.73044,0.73224,0.72618,0.72715,138253
2018-04-06,0.727,0.7282,0.72409,0.72714,199364
2018-04-09,0.72641,0.7324,0.72622,0.73057,145290
2018-04-10,0.73058,0.73763,0.73029,0.73589,144918
2018-04-11,0.73588,0.73783,0.73441,0.73562,139264
2018-04-12,0.73564,0.73891,0.73483,0.73719,151939
2018-04-13,0.73709,0.7395,0.73449,0.73576,117327
2018-04-16,0.73519,0.73709,0.73331,0.73623,115435
2018-04-17,0.73607,0.73721,0.73259,0.73399,113425
2018-04-18,0.7339,0.73442,0.73031,0.73133,112740
2018-04-19,0.73193,0.73432,0.72595,0.72679,154666
2018-04-20,0.72673,0.72713,0.72004,0.72085,149675
2018-04-23,0.72142,0.72177,0.71452,0.71468,135665
2018-04-24,0.71464,0.71576,0.7105,0.71169,179396
2018-04-25,0.7116,0.71196,0.70575,0.70662,174517
2018-04-26,0.70692,0.70949,0.70554,0.70611,182418
2018-04-27,0.70602,0.70959,0.70382,0.70848,172643
2018-04-30,0.70784,0.70891,0.7033,0.70341,163450
2018-05-01,0.70336,0.7041,0.69899,0.70033,148390
2018-05-02,0.70027,0.70314,0.69845,0.69944,214704
2018-05-03,0.69857,0.7047,0.69857,0.70405,191067
2018-05-04,0.70401,0.70527,0.69936,0.70193,150401
2018-05-07,0.7018,0.70411,0.69943,0.70104,132375
2018-05-08,0.70053,0.70308,0.6953,0.69675,199591
2018-05-09,0.69681,0.69967,0.69485,0.69779,171373
2018-05-10,0.69586,0.69706,0.69021,0.69609,229201
2018-05-11,0.69609,0.69869,0.69538,0.69668,164796
2018-05-14,0.69561,0.69742,0.69107,0.69112,121883
2018-05-15,0.69117,0.69245,0.68537,0.686,169425
2018-05-16,0.68596,0.6917,0.68506,0.68947,177143
2018-05-17,0.68917,0.69375,0.68703,0.68745,171526
2018-05-18,0.68742,0.69219,0.68727,0.69187,161389
2018-05-21,0.69136,0.69499,0.68834,0.69448,152919
2018-05-22,0.69437,0.69743,0.69198,0.69296,164183
2018-05-23,0.69297,0.69444,0.68837,0.69125,219366
2018-05-24,0.69128,0.69373,0.69057,0.69203,195849
2018-05-25,0.69223,0.69382,0.69052,0.69169,164092
2018-05-28,0.69112,0.69592,0.69087,0.69385,138193
2018-05-29,0.69414,0.69488,0.68891,0.68994,241269
2018-05-30,0.68946,0.6998,0.68821,0.69834,261617
2018-05-31,0.69844,0.70235,0.69682,0.69967,267192
2018-06-01,0.69931,0.70202,0.69597,0.69829,230220
2018-06-04,0.69732,0.70482,0.69728,0.70219,184255
2018-06-05,0.70184,0.70444,0.69969,0.70194,200888
2018-06-06,0.70184,0.70598,0.70107,0.70323,173273
2018-06-07,0.70331,0.70563,0.7022,0.70248,181038
2018-06-08,0.70247,0.70423,0.70079,0.70333,164286
2018-06-11,0.70166,0.70534,0.70145,0.70154,123629
2018-06-12,0.70144,0.70459,0.69963,0.70062,155883
2018-06-13,0.70013,0.70527,0.69739,0.70206,162156
2018-06-14,0.70144,0.70444,0.69711,0.69725,192946
2018-06-15,0.69725,0.69755,0.69272,0.69398,166499
2018-06-18,0.69288,0.69558,0.69196,0.69318,118972
2018-06-19,0.6933,0.69435,0.68845,0.68945,191301
2018-06-20,0.68885,0.69168,0.68585,0.68586,172563
2018-06-21,0.68615,0.68828,0.68254,0.68577,206384
2018-06-22,0.68586,0.69208,0.68489,0.69091,190736
2018-06-25,0.69104,0.69213,0.68847,0.68945,158370
2018-06-26,0.68878,0.69014,0.68445,0.68445,150256
2018-06-27,0.68472,0.68594,0.67779,0.67791,199041
2018-06-28,0.67779,0.68101,0.67457,0.67557,197076
2018-06-29,0.67544,0.67842,0.67357,0.67764,195808
2018-07-02,0.67807,0.67893,0.6689,0.67137,132549
2018-07-03,0.67143,0.6759,0.66874,0.67505,139366
2018-07-04,0.67532,0.67833,0.67356,0.67576,102852
2018-07-05,0.67577,0.67975,0.675,0.67795,127141
2018-07-06,0.67804,0.68448,0.67804,0.68373,123531
2018-07-09,0.68332,0.68588,0.6829,0.68293,93922
2018-07-10,0.68304,0.6857,0.68057,0.68347,109096
2018-07-11,0.68344,0.68344,0.67526,0.67571,146405
2018-07-12,0.67544,0.67859,0.67465,0.67766,121001
2018-07-13,0.67745,0.67863,0.67249,0.67665,131463
2018-07-16,0.67603,0.67928,0.67567,0.67752,115312
2018-07-17,0.67745,0.68404,0.67546,0.67796,168915
2018-07-18,0.67795,0.6805,0.67423,0.67906,162121
2018-07-19,0.67899,0.68054,0.67129,0.67362,207819
2018-07-20,0.67362,0.68171,0.67194,0.68076,173267
2018-07-23,0.6791,0.68235,0.67749,0.67811,87054
2018-07-24,0.6782,0.68176,0.67674,0.67951,97693
2018-07-25,0.6791,0.68412,0.6784,0.68346,102139
2018-07-26,0.68331,0.68497,0.67794,0.67795,99333
2018-07-27,0.67782,0.67996,0.67608,0.67913,83408
2018-07-30,0.67907,0.68337,0.67898,0.6815,64586
2018-07-31,0.6812,0.68311,0.67994,0.68106,93096
2018-08-01,0.68082,0.6819,0.67803,0.67903,84347
2018-08-02,0.67909,0.67972,0.6736,0.6736,69373
2018-08-03,0.67321,0.67651,0.67188,0.67451,87209
2018-08-06,0.67397,0.67546,0.67228,0.67313,60720
2018-08-07,0.67304,0.67544,0.67234,0.67329,67103
2018-08-08,0.67271,0.67616,0.67209,0.67417,70011
2018-08-09,0.67272,0.67283,0.66102,0.66109,94722
2018-08-10,0.66113,0.66205,0.65688,0.65755,122829
2018-08-13,0.6569,0.6594,0.65605,0.6578,101730
2018-08-14,0.65792,0.66089,0.65666,0.65677,88585
2018-08-15,0.6568,0.6576,0.65429,0.65618,95328
2018-08-16,0.65589,0.66073,0.65541,0.65824,106460
2018-08-17,0.65801,0.66357,0.6578,0.66357,88935
2018-08-20,0.6634,0.66481,0.66092,0.66354,74283
2018-08-21,0.66332,0.67001,0.66321,0.66881,99299
2018-08-22,0.66839,0.672,0.668,0.66956,99171
2018-08-23,0.6689,0.67016,0.6629,0.66333,96687
2018-08-24,0.6628,0.66956,0.66186,0.66864,108818
2018-08-27,0.66772,0.67014,0.66685,0.66951,81719
2018-08-28,0.66912,0.67258,0.66753,0.67024,88603
2018-08-29,0.67029,0.67187,0.66835,0.67115,110074
2018-08-30,0.67102,0.67159,0.66327,0.66533,116750
2018-08-31,0.66522,0.66611,0.66055,0.66193,123543
2018-09-03,0.661,0.66208,0.65918,0.65981,75096
2018-09-04,0.65971,0.66061,0.65386,0.65559,92389
2018-09-05,0.65462,0.65985,0.65287,0.65886,100915
2018-09-06,0.6581,0.66152,0.65706,0.65855,103911
2018-09-07,0.65794,0.65929,0.65265,0.65307,107221
2018-09-10,0.65298,0.6546,0.65109,0.65241,73487
2018-09-11,0.65214,0.65399,0.64994,0.65233,76586
2018-09-12,0.65221,0.65648,0.65009,0.65577,80718
2018-09-13,0.65554,0.65887,0.65402,0.65649,86902
2018-09-14,0.65642,0.65946,0.65416,0.65442,74608
2018-09-17,0.65463,0.65895,0.6537,0.65696,73659
2018-09-18,0.65662,0.6607,0.656,0.65791,121152
2018-09-19,0.65793,0.66216,0.65712,0.66143,103958
2018-09-20,0.66134,0.66922,0.65998,0.66804,101595
2018-09-21,0.66823,0.66982,0.66657,0.66779,88208
2018-09-24,0.66684,0.66875,0.66392,0.66436,78638
2018-09-25,0.66396,0.66578,0.66284,0.66445,82051
2018-09-26,0.66433,0.66948,0.66331,0.66495,92063
2018-09-27,0.66604,0.6675,0.66086,0.66086,100616
2018-09-28,0.66072,0.66384,0.65969,0.66126,80513
2018-10-01,0.66136,0.66277,0.65981,0.66101,74297
2018-10-02,0.66088,0.66125,0.65737,0.65885,81818
2018-10-03,0.65869,0.65924,0.65091,0.65113,84080
2018-10-04,0.65102,0.65187,0.64725,0.64761,79203
2018-10-05,0.6474,0.6485,0.64308,0.64364,96402
2018-10-08,0.6437,0.64536,0.64228,0.64473,66808
2018-10-09,0.64411,0.64753,0.64258,0.64714,79144
2018-10-10,0.64689,0.64957,0.64406,0.64427,84601
2018-10-11,0.64435,0.65306,0.64426,0.65165,128605
2018-10-12,0.65206,0.65325,0.64984,0.65076,97435
2018-10-15,0.64993,0.65555,0.64929,0.65496,93009
2018-10-16,0.65486,0.65958,0.65388,0.65848,97997
2018-10-17,0.65696,0.66004,0.65443,0.65447,109449
2018-10-18,0.65453,0.6577,0.65327,0.65417,116966
2018-10-19,0.654,0.66062,0.6522,0.6588,116751
2018-10-22,0.66066,0.66099,0.65421,0.655,105683
2018-10-23,0.65478,0.6568,0.65334,0.65458,119205
2018-10-24,0.65493,0.65663,0.65166,0.65197,113345
2018-10-25,0.6519,0.65433,0.65008,0.65148,116616
2018-10-26,0.65143,0.65318,0.64634,0.6521,140617
2018-10-29,0.6522,0.65544,0.65098,0.65212,102721
2018-10-30,0.65193,0.65719,0.65191,0.6552,99010
2018-10-31,0.65524,0.65698,0.65116,0.6517,95143
2018-11-01,0.65145,0.66614,0.65133,0.66389,112782
2018-11-02,0.66459,0.66886,0.66324,0.66452,115731
2018-11-05,0.6631,0.66749,0.66225,0.66624,84967
2018-11-06,0.6659,0.67398,0.66444,0.6736,90078
2018-11-07,0.67345,0.68171,0.67107,0.67812,133171
2018-11-08,0.67799,0.67957,0.67397,0.67509,108944
2018-11-09,0.67499,0.67647,0.6726,0.67364,113115
2018-11-12,0.6725,0.67563,0.67041,0.67087,111596
2018-11-13,0.67076,0.67669,0.67059,0.67613,126229
2018-11-14,0.6762,0.6808,0.67506,0.67905,137139
2018-11-15,0.67931,0.68389,0.67857,0.68235,148186
2018-11-16,0.683,0.68828,0.67971,0.68742,102967
2018-11-19,0.68599,0.68729,0.68149,0.68364,74763
2018-11-20,0.6835,0.68688,0.67825,0.67826,100558
2018-11-21,0.6786,0.68527,0.678,0.68314,91035
2018-11-22,0.68273,0.68329,0.67874,0.68125,72710
2018-11-23,0.68113,0.68194,0.67634,0.67725,82636
2018-11-26,0.6757,0.68149,0.67535,0.67697,83080
2018-11-27,0.6769,0.68094,0.67521,0.67861,99471
2018-11-28,0.6784,0.6886,0.67824,0.68688,98678
2018-11-29,0.6865,0.68832,0.68365,0.68572,102414
2018-11-30,0.6857,0.6885,0.68501,0.68794,96733
2018-12-03,0.69149,0.69393,0.68874,0.6926,94735
2018-12-04,0.69247,0.69686,0.69161,0.69283,121268
2018-12-05,0.6928,0.69431,0.68879,0.68973,85485
2018-12-06,0.68912,0.69,0.68548,0.68754,139095
2018-12-07,0.6872,0.68975,0.68448,0.68576,110096
2018-12-10,0.68653,0.69035,0.68391,0.68695,123511
2018-12-11,0.68688,0.69107,0.68601,0.68741,112775
2018-12-12,0.6869,0.68995,0.6823,0.68564,112082
2018-12-13,0.6851,0.68787,0.68405,0.68556,92407
2018-12-14,0.68573,0.68613,0.67768,0.6794,76348
2018-12-17,0.67954,0.68168,0.67831,0.68033,72630
2018-12-18,0.67955,0.68791,0.67955,0.68461,95702
2018-12-19,0.68425,0.68695,0.67614,0.67649,111147
2018-12-20,0.67629,0.67896,0.67232,0.6773,132459
2018-12-21,0.67734,0.67894,0.67042,0.67065,110867
2018-12-24,0.67047,0.67443,0.67047,0.67224,97154
2018-12-26,0.67215,0.67451,0.67143,0.67289,45818
2018-12-27,0.67282,0.67401,0.66914,0.66974,117565
2018-12-28,0.66958,0.67194,0.6691,0.67011,85591
2018-12-31,0.6709,0.67212,0.66898,0.67104,95769
2019-01-02,0.67127,0.67238,0.66507,0.66521,112156
2019-01-03,0.66509,0.67,0.65641,0.66913,196316
2019-01-04,0.66897,0.67509,0.6669,0.67326,129028
2019-01-07,0.67411,0.67661,0.67244,0.67513,80331
2019-01-08,0.67505,0.67573,0.67058,0.67203,97145
2019-01-09,0.67208,0.68084,0.672,0.67874,110307
2019-01-10,0.67859,0.6794,0.67702,0.67799,95260
2019-01-11,0.67778,0.68428,0.67746,0.68291,96212
2019-01-14,0.68188,0.68314,0.67949,0.6821,71796
2019-01-15,0.68205,0.68477,0.67984,0.68152,86240
2019-01-16,0.68117,0.68294,0.67537,0.67744,71298
2019-01-17,0.67735,0.67858,0.67262,0.67615,81134
2019-01-18,0.67605,0.67836,0.67353,0.67421,69413
2019-01-21,0.67463,0.67516,0.67118,0.67294,54905
2019-01-22,0.67282,0.67545,0.67052,0.6749,78081
2019-01-23,0.67485,0.67973,0.67408,0.67868,89751
2019-01-24,0.67855,0.68061,0.67546,0.67615,108868
2019-01-25,0.676,0.68498,0.67454,0.68357,90647
2019-01-28,0.68294,0.68713,0.68245,0.68276,66545
2019-01-29,0.68293,0.68608,0.6814,0.68318,83734
2019-01-30,0.68304,0.69107,0.68193,0.6894,100507
2019-01-31,0.68889,0.69379,0.68834,0.69135,94254
2019-02-01,0.69107,0.69409,0.68885,0.68889,92731
2019-02-04,0.68932,0.69049,0.68685,0.68817,70354
2019-02-05,0.68804,0.69051,0.68695,0.68919,71360
2019-02-06,0.68913,0.69039,0.67645,0.67734,81013
2019-02-07,0.67744,0.6777,0.67427,0.6747,76331
2019-02-08,0.67464,0.67652,0.6728,0.67404,73211
2019-02-11,0.67391,0.67723,0.67255,0.67304,58534
2019-02-12,0.67302,0.67429,0.6718,0.67335,67228
2019-02-13,0.67347,0.68508,0.67231,0.67944,80774
2019-02-14,0.67925,0.68551,0.67913,0.68353,87456
2019-02-15,0.68352,0.68733,0.68078,0.6861,72354
2019-02-18,0.68546,0.68925,0.68378,0.68456,58398
2019-02-19,0.68461,0.6887,0.68132,0.68809,71028
2019-02-20,0.68796,0.68841,0.68484,0.68534,77086
2019-02-21,0.68542,0.68757,0.67955,0.67991,107497
2019-02-22,0.67985,0.68528,0.67557,0.68378,89306
2019-02-25,0.68599,0.69008,0.68511,0.68806,86537
2019-02-26,0.68816,0.69021,0.68694,0.68857,82909
2019-02-27,0.68894,0.6901,0.68332,0.68432,89475
2019-02-28,0.68362,0.68525,0.67945,0.68056,99895
2019-03-01,0.68065,0.6838,0.67924,0.67944,82602
2019-03-04,0.68204,0.68269,0.67946,0.68155,85194
2019-03-05,0.68147,0.68266,0.67671,0.6795,77142
2019-03-06,0.67864,0.68005,0.67515,0.67664,84496
2019-03-07,0.67651,0.67912,0.67432,0.67522,88017
2019-03-08,0.67508,0.68095,0.67431,0.68022,89279
2019-03-11,0.67883,0.68348,0.67872,0.68315,65156
2019-03-12,0.68297,0.68719,0.68248,0.68581,69414
2019-03-13,0.68588,0.68613,0.68275,0.68534,63003
2019-03-14,0.68567,0.68643,0.6807,0.68319,76940
2019-03-15,0.68223,0.68576,0.68219,0.68464,63392
2019-03-18,0.68422,0.68731,0.6838,0.68483,60040
2019-03-19,0.68519,0.68703,0.6839,0.68494,69289
2019-03-20,0.68532,0.69166,0.68262,0.69165,82073
2019-03-21,0.68827,0.69375,0.68555,0.68781,110713
2019-03-22,0.6872,0.68965,0.68637,0.68735,113684
2019-03-25,0.68701,0.69177,0.68701,0.69077,100210
2019-03-26,0.69051,0.69237,0.68929,0.6901,91373
2019-03-27,0.69058,0.69135,0.67853,0.6796,125026
2019-03-28,0.6792,0.68275,0.6773,0.67741,113478
2019-03-29,0.67761,0.68225,0.67724,0.6804,94352
2019-04-01,0.68205,0.68364,0.68022,0.68035,83146
2019-04-02,0.67925,0.68036,0.67371,0.67545,89788
2019-04-03,0.67562,0.67988,0.67419,0.67752,76036
2019-04-04,0.67768,0.67985,0.67466,0.67507,67191
2019-04-05,0.67517,0.67644,0.67169,0.67292,71148
2019-04-08,0.67264,0.67525,0.67205,0.67383,58574
2019-04-09,0.67394,0.67575,0.6735,0.67396,65734
2019-04-10,0.67415,0.67729,0.67364,0.67616,82407
2019-04-11,0.67615,0.67703,0.67212,0.67255,77446
2019-04-12,0.67267,0.67806,0.6712,0.67596,75279
2019-04-15,0.67559,0.67818,0.67489,0.67599,59404
2019-04-16,0.6761,0.67686,0.67396,0.67609,76700
2019-04-17,0.67616,0.67751,0.66645,0.67253,72556
2019-04-18,0.67245,0.67292,0.66711,0.66793,59825
2019-04-19,0.66808,0.66935,0.66735,0.66826,31338
2019-04-22,0.66784,0.66888,0.66713,0.66777,28425
2019-04-23,0.66772,0.66868,0.66278,0.66546,43974
2019-04-24,0.66559,0.66564,0.65801,0.65892,70323
2019-04-25,0.6592,0.66286,0.65788,0.66231,57477
2019-04-26,0.66123,0.66808,0.66121,0.6657,70052
2019-04-29,0.66511,0.66797,0.66495,0.66655,39123
2019-04-30,0.66587,0.6684,0.66532,0.66734,57388
2019-05-01,0.66688,0.66784,0.66146,0.66192,58644
2019-05-02,0.66209,0.66385,0.66065,0.66143,52202
2019-05-03,0.66159,0.6652,0.66044,0.6642,61593
2019-05-06,0.66051,0.66283,0.65994,0.66083,67129
2019-05-07,0.65973,0.66301,0.65866,0.65986,78402
2019-05-08,0.6598,0.66035,0.65252,0.65744,84312
2019-05-09,0.65706,0.65966,0.65677,0.65882,72437
2019-05-10,0.65866,0.66132,0.65814,0.65965,103204
2019-05-13,0.65889,0.66026,0.65623,0.65648,69141
2019-05-14,0.65636,0.65905,0.65627,0.6572,57189
2019-05-15,0.65727,0.65768,0.65491,0.65618,60721
2019-05-16,0.65606,0.65816,0.65305,0.65329,60295
2019-05-17,0.65346,0.65462,0.65122,0.65134,60687
2019-05-20,0.65254,0.65457,0.65189,0.65311,57400
2019-05-21,0.65315,0.65421,0.64988,0.65039,69875
2019-05-22,0.65016,0.65096,0.64904,0.64919,50663
2019-05-23,0.64926,0.65253,0.64801,0.6518,72398
2019-05-24,0.65161,0.65546,0.65107,0.65491,70389
2019-05-27,0.65491,0.65584,0.65386,0.65414,36460
2019-05-28,0.65416,0.65575,0.65383,0.65402,70233
2019-05-29,0.65396,0.65515,0.65027,0.65092,74258
2019-05-30,0.65094,0.65266,0.64934,0.65082,57016
2019-05-31,0.65086,0.65466,0.6496,0.65323,96524
2019-06-03,0.65249,0.66035,0.65244,0.6595,93096
2019-06-04,0.65962,0.66186,0.65738,0.66058,106613
2019-06-05,0.66075,0.66656,0.66017,0.66147,102404
2019-06-06,0.66136,0.66433,0.66093,0.66197,100622
2019-06-07,0.66172,0.66807,0.66126,0.66602,85467
2019-06-10,0.66542,0.66622,0.66028,0.6606,74724
2019-06-11,0.66016,0.66106,0.6567,0.65798,86335
2019-06-12,0.65786,0.65918,0.65645,0.65703,90072
2019-06-13,0.65686,0.65868,0.65543,0.65667,79243
2019-06-14,0.65631,0.65724,0.64867,0.64889,78555
2019-06-17,0.64902,0.65137,0.64894,0.64928,55087
2019-06-18,0.64929,0.6537,0.64888,0.65279,78666
2019-06-19,0.65276,0.65621,0.65122,0.6536,74104
2019-06-20,0.65356,0.65948,0.65326,0.6584,91348
2019-06-21,0.65791,0.66032,0.65526,0.65875,75662
2019-06-24,0.65837,0.66255,0.65829,0.66182,55431
2019-06-25,0.66178,0.66604,0.66108,0.6639,93525
2019-06-26,0.66358,0.66918,0.65953,0.66817,82832
2019-06-27,0.66774,0.67012,0.66697,0.66982,83862
2019-06-28,0.66973,0.67201,0.66884,0.6715,66339
2019-07-01,0.67183,0.67262,0.66631,0.66721,70565
2019-07-02,0.66661,0.66807,0.66548,0.66707,63961
2019-07-03,0.66699,0.6719,0.66652,0.67064,62513
2019-07-04,0.67061,0.67195,0.66756,0.66851,32165
2019-07-05,0.66849,0.66938,0.66006,0.66218,66984
2019-07-08,0.6625,0.66525,0.66189,0.66217,34461
2019-07-09,0.6618,0.66312,0.66001,0.66039,47885
2019-07-10,0.66043,0.66566,0.65661,0.66447,82123
2019-07-11,0.66431,0.66885,0.66401,0.66605,74088
2019-07-12,0.6658,0.66981,0.66534,0.66936,69576
2019-07-15,0.66809,0.67341,0.668,0.67171,52570
2019-07-16,0.67168,0.67376,0.6695,0.66989,33309
2019-07-17,0.66988,0.6746,0.66953,0.67295,27702
2019-07-18,0.67293,0.67862,0.67214,0.6782,34496
2019-07-19,0.67821,0.67901,0.67578,0.67605,36269
2019-07-22,0.67587,0.67865,0.67562,0.67598,24600
2019-07-23,0.67598,0.67598,0.67022,0.67029,28047
2019-07-24,0.67027,0.67228,0.66912,0.67042,25759
2019-07-25,0.67041,0.67069,0.66535,0.66654,38527
2019-07-26,0.66627,0.66659,0.66253,0.66331,25618
2019-07-29,0.66297,0.66412,0.66154,0.66305,14866
2019-07-30,0.66307,0.66338,0.66018,0.66124,22688
2019-07-31,0.66124,0.66185,0.65425,0.65573,51286
2019-08-01,0.65577,0.65771,0.65337,0.65509,52884
2019-08-02,0.65509,0.65602,0.65049,0.65354,61884
2019-08-05,0.65283,0.65441,0.6488,0.65273,62073
2019-08-06,0.6523,0.65886,0.65078,0.65234,59926
2019-08-07,0.65238,0.6557,0.6377,0.64422,72298
2019-08-08,0.64424,0.64911,0.6433,0.64784,43936
2019-08-09,0.64784,0.64981,0.64599,0.64614,33033
2019-08-12,0.64644,0.64744,0.64381,0.64465,35991
2019-08-13,0.64445,0.64707,0.64211,0.64502,46003
2019-08-14,0.64453,0.64682,0.64205,0.6432,41436
2019-08-15,0.64328,0.64587,0.64269,0.64465,43391
2019-08-16,0.64453,0.64467,0.64221,0.64237,36636
2019-08-19,0.64283,0.64412,0.64026,0.64072,27271
2019-08-20,0.64055,0.6429,0.64026,0.64142,33650
2019-08-21,0.64132,0.6422,0.63942,0.64019,24656
2019-08-22,0.64017,0.64076,0.63609,0.63639,40452
2019-08-23,0.63624,0.64093,0.63603,0.63927,72839
2019-08-26,0.63823,0.64029,0.63415,0.63916,81809
2019-08-27,0.63938,0.6398,0.63572,0.63602,48169
2019-08-28,0.63606,0.63661,0.63254,0.63343,48465
2019-08-29,0.63327,0.63468,0.63039,0.63093,61731
2019-08-30,0.63081,0.63198,0.62827,0.63091,53873
2019-09-02,0.62965,0.6318,0.62866,0.63067,30858
2019-09-03,0.63064,0.63385,0.62684,0.63356,46779
2019-09-04,0.63354,0.63638,0.63248,0.6359,37658
2019-09-05,0.6357,0.63952,0.63535,0.63723,45342
2019-09-06,0.63727,0.64435,0.63632,0.64269,42682
2019-09-09,0.64134,0.64441,0.64125,0.64221,35664
2019-09-10,0.64189,0.64413,0.64087,0.64231,29786
2019-09-11,0.64204,0.64388,0.64066,0.641,33480
2019-09-12,0.64097,0.64501,0.63987,0.64046,38170
2019-09-13,0.64011,0.64089,0.63715,0.63753,24580
2019-09-16,0.63693,0.63911,0.63407,0.63415,28706
2019-09-17,0.63394,0.63585,0.63215,0.63572,29661
2019-09-18,0.63554,0.63615,0.62992,0.6318,31474
2019-09-19,0.63178,0.6332,0.62977,0.62994,41514
2019-09-20,0.62974,0.63044,0.62544,0.62577,37177
2019-09-23,0.6261,0.62985,0.62575,0.62914,32269
2019-09-24,0.62891,0.63309,0.62868,0.63236,38475
2019-09-25,0.63232,0.63481,0.62655,0.62708,41758
2019-09-26,0.62704,0.63263,0.62636,0.62956,46982
2019-09-27,0.62936,0.63094,0.62785,0.62948,45397
2019-09-30,0.62823,0.62941,0.62489,0.62599,35757
2019-10-01,0.62596,0.62715,0.62031,0.62395,45999
2019-10-02,0.62404,0.62715,0.62185,0.62656,36529
2019-10-03,0.62655,0.63155,0.62549,0.63022,36360
2019-10-04,0.62954,0.63369,0.62952,0.63132,44122
2019-10-07,0.63004,0.63216,0.62828,0.62859,39441
2019-10-08,0.62869,0.63265,0.62833,0.6296,41151
2019-10-09,0.62962,0.63245,0.62887,0.62898,32476
2019-10-10,0.62905,0.63346,0.62763,0.63154,38108
2019-10-11,0.63165,0.63535,0.63151,0.6337,39290
2019-10-14,0.63274,0.63353,0.62805,0.62966,29516
2019-10-15,0.62974,0.63141,0.6258,0.62902,38332
2019-10-16,0.6292,0.63206,0.624,0.62887,37178
2019-10-17,0.62892,0.63545,0.62705,0.63454,33779
2019-10-18,0.63458,0.63899,0.63422,0.63843,25100
2019-10-21,0.63754,0.64157,0.63698,0.64038,25555
2019-10-22,0.64049,0.64354,0.63983,0.64038,29781
2019-10-23,0.64046,0.6426,0.63854,0.64204,27217
2019-10-24,0.64214,0.64242,0.63739,0.63796,29151
2019-10-25,0.63817,0.63828,0.63472,0.63483,20532
2019-10-28,0.63474,0.63594,0.63333,0.63478,20875
2019-10-29,0.63484,0.63749,0.63382,0.63553,28604
2019-10-30,0.63546,0.64037,0.63327,0.63992,37870
2019-10-31,0.63864,0.64324,0.63825,0.64135,40563
2019-11-01,0.64124,0.6456,0.64061,0.64267,32817
2019-11-04,0.64339,0.64652,0.63896,0.64005,26856
2019-11-05,0.64011,0.64306,0.63692,0.63725,42144
2019-11-06,0.6373,0.63885,0.63594,0.63668,27677
2019-11-07,0.63669,0.63856,0.63414,0.63639,35657
2019-11-08,0.63645,0.63813,0.63213,0.63238,25772
2019-11-11,0.6336,0.63719,0.63262,0.6356,18258
2019-11-12,0.63554,0.63673,0.63243,0.63283,26825
2019-11-13,0.6329,0.64171,0.63277,0.64105,32690
2019-11-14,0.64101,0.64181,0.63583,0.63796,25836
2019-11-15,0.63801,0.64094,0.63713,0.64005,22805
2019-11-18,0.63994,0.64113,0.63894,0.63967,22321
2019-11-19,0.63968,0.64311,0.63813,0.64295,21177
2019-11-20,0.64306,0.64355,0.64033,0.64156,26808
2019-11-21,0.6416,0.64368,0.63964,0.64,33098
2019-11-22,0.64007,0.64247,0.63978,0.64027,26177
2019-11-25,0.64074,0.64281,0.6394,0.64159,27142
2019-11-26,0.64165,0.64306,0.64052,0.64247,31289
2019-11-27,0.64253,0.64327,0.64125,0.64181,26354
2019-11-28,0.64176,0.64299,0.6402,0.6415,23502
2019-11-29,0.6413,0.64376,0.64084,0.64155,24691
2019-12-02,0.64309,0.65104,0.64235,0.65017,31592
2019-12-03,0.65013,0.65328,0.64928,0.65181,30392
2019-12-04,0.65185,0.654,0.65028,0.65274,31521
2019-12-05,0.65274,0.65618,0.65192,0.65415,27331
2019-12-06,0.65422,0.65754,0.65404,0.65653,30053
2019-12-09,0.65549,0.65669,0.65445,0.65458,33366
2019-12-10,0.65459,0.65673,0.65278,0.65433,37805
2019-12-11,0.65438,0.66026,0.65217,0.65838,45195
2019-12-12,0.6584,0.65999,0.65735,0.65949,54995
2019-12-13,0.65948,0.66351,0.6581,0.65889,70137
2019-12-16,0.66001,0.66136,0.65872,0.65961,37584
2019-12-17,0.65952,0.66045,0.65639,0.65706,38261
2019-12-18,0.65693,0.66136,0.65536,0.65873,32291
2019-12-19,0.65874,0.66082,0.6572,0.66061,36058
2019-12-20,0.66055,0.66132,0.65882,0.66031,32516
2019-12-23,0.65978,0.66383,0.65967,0.66351,34996
2019-12-24,0.66358,0.66478,0.66175,0.66389,33037
2019-12-26,0.6628,0.66758,0.66217,0.66672,9326
2019-12-27,0.66671,0.67098,0.66653,0.67024,37511
2019-12-30,0.66938,0.67359,0.66938,0.67265,37488
2019-12-31,0.67266,0.67549,0.67078,0.67316,32378
2020-01-02,0.67183,0.67387,0.66838,0.66967,37520
2020-01-03,0.66958,0.67007,0.66434,0.66626,43066
2020-01-06,0.66573,0.66795,0.66436,0.66727,36718
2020-01-07,0.66714,0.66785,0.66243,0.66392,34080
2020-01-08,0.66402,0.66716,0.66168,0.6644,54664
2020-01-09,0.66433,0.66577,0.65995,0.66134,29493
2020-01-10,0.66134,0.66444,0.66012,0.66335,34488
2020-01-13,0.66378,0.66522,0.66197,0.66287,32079
2020-01-14,0.66286,0.66335,0.66027,0.66102,29541
2020-01-15,0.66098,0.66201,0.65833,0.66153,27600
2020-01-16,0.66157,0.66646,0.66148,0.66335,32339
2020-01-17,0.66334,0.665,0.66065,0.66088,28284
2020-01-20,0.66095,0.66239,0.65914,0.66053,18902
2020-01-21,0.66056,0.66144,0.65871,0.65945,25326
2020-01-22,0.65951,0.66102,0.65807,0.6587,20858
2020-01-23,0.65901,0.66232,0.65804,0.66153,31070
2020-01-24,0.66153,0.66288,0.65984,0.66061,24035
2020-01-27,0.65824,0.65966,0.65415,0.65431,25772
2020-01-28,0.65414,0.65496,0.65202,0.65441,22704
2020-01-29,0.65443,0.65525,0.65052,0.65248,24963
2020-01-30,0.65252,0.65296,0.64794,0.64837,28776
2020-01-31,0.64823,0.64943,0.64533,0.64628,28412
2020-02-03,0.6464,0.64766,0.6452,0.64596,33059
2020-02-04,0.64604,0.65017,0.64488,0.6485,30312
2020-02-05,0.64875,0.65024,0.64685,0.64726,32471
2020-02-06,0.6473,0.64833,0.64534,0.64563,25295
2020-02-07,0.64567,0.6464,0.63974,0.64005,26682
2020-02-10,0.64014,0.64167,0.63812,0.63827,29626
2020-02-11,0.63819,0.64206,0.63776,0.63995,25684
2020-02-12,0.64005,0.6487,0.63998,0.64646,29055
2020-02-13,0.64619,0.64661,0.6428,0.64361,29886
2020-02-14,0.64362,0.64437,0.6421,0.64326,19209
2020-02-17,0.64458,0.64471,0.64197,0.64316,16644
2020-02-18,0.64337,0.64413,0.63809,0.63834,23412
2020-02-19,0.63844,0.64102,0.63703,0.63838,21200
2020-02-20,0.63848,0.63944,0.63244,0.63297,32325
2020-02-21,0.63265,0.63564,0.63024,0.63512,30781
2020-02-24,0.63091,0.63557,0.63029,0.63377,42399
2020-02-25,0.63376,0.63579,0.63104,0.63189,37450
2020-02-26,0.63186,0.63222,0.62868,0.62878,42477
2020-02-27,0.62881,0.63339,0.62828,0.63047,49218
2020-02-28,0.63051,0.63179,0.61906,0.62454,69836
2020-03-02,0.61947,0.62782,0.61927,0.62599,59994
2020-03-03,0.62587,0.63249,0.62458,0.6274,60583
2020-03-04,0.62728,0.63049,0.62635,0.6297,38542
2020-03-05,0.62969,0.63336,0.62796,0.62947,30880
2020-03-06,0.62976,0.6372,0.62898,0.63499,53759
2020-03-09,0.63109,0.64473,0.59925,0.63303,106588
2020-03-10,0.63339,0.6359,0.62418,0.62581,84771
2020-03-11,0.62646,0.63433,0.6252,0.6271,57712
2020-03-12,0.62663,0.62755,0.60845,0.61255,127795
2020-03-13,0.60863,0.61596,0.60167,0.60619,98276
2020-03-16,0.59815,0.61506,0.59718,0.60406,114330
2020-03-17,0.60394,0.60956,0.59146,0.5958,86377
2020-03-18,0.5938,0.59679,0.56941,0.57375,113023
2020-03-19,0.57353,0.5916,0.54681,0.5667,131635
2020-03-20,0.56629,0.58809,0.5607,0.57058,109926
2020-03-23,0.56644,0.57377,0.55891,0.56873,120307
2020-03-24,0.57086,0.58394,0.56859,0.58295,94627
2020-03-25,0.58234,0.5912,0.57867,0.58433,82423
2020-03-26,0.58469,0.59882,0.57762,0.59356,90337
2020-03-27,0.59581,0.60684,0.59089,0.60332,90131
2020-03-30,0.60285,0.60628,0.59828,0.60132,89451
2020-03-31,0.60044,0.6038,0.59087,0.59628,111542
2020-04-01,0.59474,0.59815,0.58785,0.59144,76870
2020-04-02,0.59093,0.5973,0.58795,0.59121,73460
2020-04-03,0.59127,0.59218,0.58429,0.58588,64323
2020-04-06,0.58667,0.59627,0.58496,0.5927,62354
2020-04-07,0.59328,0.60151,0.59193,0.59726,70485
2020-04-08,0.59726,0.60304,0.59394,0.60016,63533
2020-04-09,0.60023,0.60957,0.59784,0.6078,57169
2020-04-10,0.60874,0.61026,0.60514,0.60706,26183
2020-04-13,0.60724,0.61106,0.6059,0.60856,37786
2020-04-14,0.60785,0.61299,0.60643,0.61045,45086
2020-04-15,0.6104,0.61082,0.59545,0.59912,55151
2020-04-16,0.59852,0.5999,0.59211,0.59611,65986
2020-04-17,0.59632,0.60507,0.59583,0.60262,65258
2020-04-20,0.60324,0.60916,0.60083,0.60326,49061
2020-04-21,0.60326,0.60443,0.59331,0.59572,62879
2020-04-22,0.59545,0.60034,0.59394,0.5947,44524
2020-04-23,0.5947,0.6041,0.59099,0.6005,50891
2020-04-24,0.60039,0.60185,0.5975,0.6014,35116
2020-04-27,0.59979,0.60747,0.59979,0.6045,36700
2020-04-28,0.60465,0.60726,0.59916,0.60537,43864
2020-04-29,0.60536,0.61333,0.60469,0.61314,34669
2020-04-30,0.61323,0.61752,0.61063,0.61244,50058
2020-05-01,0.61252,0.61252,0.60461,0.60579,37070
2020-05-04,0.60529,0.60595,0.6008,0.6041,39049
2020-05-05,0.60412,0.60765,0.60324,0.60491,35524
2020-05-06,0.60487,0.60725,0.60033,0.60108,37332
2020-05-07,0.60053,0.60919,0.59942,0.60848,43532
2020-05-08,0.60856,0.61474,0.60837,0.61361,37160
2020-05-11,0.61446,0.61555,0.60533,0.60761,38908
2020-05-12,0.60761,0.61228,0.60403,0.6075,43705
2020-05-13,0.60742,0.60979,0.59794,0.59829,69439
2020-05-14,0.59847,0.60044,0.59565,0.59943,56901
2020-05-15,0.59947,0.60157,0.59203,0.59308,49179
2020-05-18,0.59345,0.60428,0.59225,0.60384,42959
2020-05-19,0.60388,0.61187,0.60319,0.60723,46240
2020-05-20,0.60704,0.61575,0.60621,0.61411,50587
2020-05-21,0.61421,0.61492,0.61041,0.61113,53942
2020-05-22,0.61086,0.61292,0.60804,0.60933,49059
2020-05-25,0.60928,0.61079,0.6083,0.61003,24804
2020-05-26,0.61004,0.6228,0.60908,0.6196,45641
2020-05-27,0.61965,0.62319,0.61486,0.61715,66537
2020-05-28,0.61731,0.62276,0.61622,0.62044,64938
2020-05-29,0.62046,0.62393,0.61675,0.62038,74547
2020-06-01,0.61943,0.62985,0.61828,0.62927,59461
2020-06-02,0.62863,0.63709,0.62623,0.63684,65105
2020-06-03,0.63692,0.6443,0.63554,0.64184,81974
2020-06-04,0.642,0.64776,0.64032,0.64609,76024
2020-06-05,0.64625,0.65274,0.64549,0.65055,79884
2020-06-08,0.65005,0.65666,0.64946,0.65584,54263
2020-06-09,0.65577,0.65796,0.64683,0.65126,69973
2020-06-10,0.65111,0.65841,0.64943,0.65348,81397
2020-06-11,0.65334,0.65441,0.64104,0.64297,103690
2020-06-12,0.64285,0.64765,0.63932,0.64476,116003
2020-06-15,0.64405,0.64835,0.63803,0.64728,112660
2020-06-16,0.64723,0.65061,0.64113,0.64507,101626
2020-06-17,0.64492,0.64755,0.64185,0.64559,81603
2020-06-18,0.64557,0.64771,0.64178,0.64283,82833
2020-06-19,0.64271,0.64569,0.63998,0.64061,77010
2020-06-22,0.638,0.64939,0.638,0.64771,67899
2020-06-23,0.64777,0.65326,0.64358,0.64902,95144
2020-06-24,0.64901,0.65135,0.64041,0.64081,89279
2020-06-25,0.64082,0.6442,0.63984,0.64281,78800
2020-06-26,0.64279,0.64499,0.64018,0.64214,62087
2020-06-29,0.64075,0.64426,0.64013,0.64195,70537
2020-06-30,0.64187,0.64609,0.63846,0.64531,66462
2020-07-01,0.64525,0.64889,0.64395,0.64751,58218
2020-07-02,0.64739,0.65362,0.64613,0.65087,61375
2020-07-03,0.65095,0.65371,0.64983,0.65301,37103
2020-07-06,0.65187,0.65655,0.6516,0.6553,54639
2020-07-07,0.65526,0.65796,0.65188,0.65448,56298
2020-07-08,0.65446,0.65788,0.65289,0.65724,60860
2020-07-09,0.65734,0.66,0.65505,0.65682,63695
2020-07-10,0.65676,0.65878,0.65457,0.65706,58600
2020-07-13,0.65648,0.65929,0.65369,0.65385,55734
2020-07-14,0.6537,0.65431,0.65022,0.65297,72287
2020-07-15,0.65294,0.65833,0.65294,0.65699,58413
2020-07-16,0.65694,0.65776,0.65271,0.65335,55325
2020-07-17,0.65303,0.6565,0.65239,0.65539,37674
2020-07-20,0.65485,0.65769,0.65378,0.65755,33926
2020-07-21,0.65755,0.66493,0.65585,0.6641,50384
2020-07-22,0.66407,0.66887,0.66318,0.66609,56471
2020-07-23,0.66536,0.66893,0.66248,0.66338,54497
2020-07-24,0.66314,0.66532,0.6614,0.6641,56464
2020-07-27,0.66241,0.66926,0.66205,0.66835,45813
2020-07-28,0.66837,0.67019,0.66325,0.66591,52450
2020-07-29,0.66584,0.6679,0.66405,0.66686,45922
2020-07-30,0.66671,0.67008,0.66194,0.66974,53146
2020-07-31,0.66975,0.67151,0.66224,0.66295,77007
2020-08-03,0.6622,0.6642,0.65746,0.66114,43407
2020-08-04,0.66098,0.66257,0.65885,0.66206,38027
2020-08-05,0.66204,0.6673,0.66125,0.66466,44388
2020-08-06,0.66455,0.66886,0.66274,0.66859,47785
2020-08-07,0.66859,0.66897,0.6588,0.65965,47373
2020-08-10,0.66051,0.66113,0.6577,0.65903,27579
2020-08-11,0.65867,0.66261,0.65706,0.65753,44221
2020-08-12,0.6574,0.65997,0.65231,0.65777,45419
2020-08-13,0.65764,0.65978,0.6536,0.65469,40004
2020-08-14,0.65387,0.65588,0.65256,0.65397,29706
2020-08-17,0.65426,0.65731,0.65188,0.65562,31367
2020-08-18,0.65568,0.66087,0.65333,0.66007,43388
2020-08-19,0.65997,0.66505,0.65536,0.65563,57100
2020-08-20,0.65543,0.65705,0.64881,0.6534,53159
2020-08-21,0.65341,0.65486,0.6516,0.65403,50528
2020-08-24,0.653,0.65643,0.6521,0.65259,39394
2020-08-25,0.65255,0.65577,0.65144,0.65469,37972
2020-08-26,0.65455,0.66226,0.65426,0.66207,37356
2020-08-27,0.66195,0.66745,0.65996,0.66375,60381
2020-08-28,0.66301,0.67433,0.66212,0.67403,50525
2020-08-31,0.67276,0.67628,0.67184,0.67321,44897
2020-09-01,0.67314,0.67785,0.67264,0.67574,53263
2020-09-02,0.67573,0.67883,0.6741,0.67705,44174
2020-09-03,0.67698,0.67723,0.66926,0.67107,51756
2020-09-04,0.67091,0.67345,0.66668,0.67189,58453
2020-09-07,0.67123,0.67204,0.66895,0.66915,26937
2020-09-08,0.669,0.67062,0.66117,0.66175,44022
2020-09-09,0.66144,0.66868,0.66003,0.66832,44103
2020-09-10,0.66759,0.67079,0.66382,0.66489,46834
2020-09-11,0.66491,0.66944,0.6639,0.66654,34068
2020-09-14,0.66564,0.67173,0.66564,0.66994,26495
2020-09-15,0.66905,0.67358,0.66831,0.6712,27901
2020-09-16,0.67121,0.67583,0.67019,0.67311,42174
2020-09-17,0.67217,0.67583,0.66742,0.67539,46560
2020-09-18,0.67536,0.67971,0.67431,0.67591,39181
2020-09-21,0.67503,0.67772,0.66509,0.66659,40696
2020-09-22,0.66646,0.66868,0.66217,0.66341,41118
2020-09-23,0.66257,0.66466,0.65347,0.65458,41423
2020-09-24,0.65497,0.6561,0.65109,0.6544,41020
2020-09-25,0.65395,0.65914,0.65271,0.6543,34885
2020-09-28,0.65393,0.6567,0.65386,0.65513,31716
2020-09-29,0.65518,0.6602,0.65483,0.65818,27712
2020-09-30,0.65837,0.66256,0.65687,0.66102,39463
2020-10-01,0.6612,0.66567,0.6598,0.66471,34387
2020-10-02,0.66371,0.66543,0.66129,0.66346,44961
2020-10-05,0.6634,0.66539,0.66289,0.66406,25238
2020-10-06,0.66421,0.66574,0.6583,0.65843,48707
2020-10-07,0.65833,0.65999,0.65704,0.65763,46727
2020-10-08,0.65721,0.6596,0.65465,0.65815,38907
2020-10-09,0.65691,0.66721,0.6565,0.66695,38748
2020-10-12,0.66517,0.66694,0.66414,0.66457,32926
2020-10-13,0.66457,0.66703,0.66278,0.6645,41726
2020-10-14,0.66464,0.66818,0.6644,0.66561,47313
2020-10-15,0.66561,0.66619,0.65757,0.65966,53205
2020-10-16,0.65958,0.66186,0.65862,0.66046,46467
2020-10-19,0.6609,0.66457,0.65999,0.6605,37328
2020-10-20,0.6604,0.6606,0.65524,0.65783,42100
2020-10-21,0.6579,0.6677,0.65715,0.66536,46340
2020-10-22,0.66517,0.66881,0.66317,0.66742,46115
2020-10-23,0.66739,0.67043,0.66556,0.66838,42285
2020-10-26,0.66779,0.66969,0.66697,0.66732,49943
2020-10-27,0.66757,0.67235,0.66702,0.67065,38013
2020-10-28,0.67059,0.67191,0.66281,0.66424,57056
2020-10-29,0.66373,0.66592,0.65961,0.66289,59898
2020-10-30,0.66273,0.66705,0.65974,0.66119,63981
2020-11-02,0.66095,0.66345,0.65886,0.66278,59490
2020-11-03,0.66275,0.67172,0.66053,0.6697,51998
2020-11-04,0.66815,0.67431,0.66133,0.66886,118890
2020-11-05,0.669,0.67773,0.66786,0.6763,78097
2020-11-06,0.67593,0.68014,0.67504,0.67715,72363
2020-11-09,0.67869,0.68542,0.67827,0.68177,100081
2020-11-10,0.68317,0.68393,0.68028,0.68267,73374
2020-11-11,0.68245,0.69035,0.68085,0.68825,59997
2020-11-12,0.688,0.69139,0.68345,0.68382,48632
2020-11-13,0.68366,0.68482,0.68099,0.68467,41575
2020-11-16,0.684,0.69066,0.68384,0.69028,46405
2020-11-17,0.6903,0.69182,0.68747,0.68896,46098
2020-11-18,0.68896,0.69445,0.68749,0.69229,46183
2020-11-19,0.69227,0.69278,0.68782,0.69187,51519
2020-11-20,0.69104,0.69502,0.69035,0.69293,52261
2020-11-23,0.69263,0.69672,0.68962,0.69213,44760
2020-11-24,0.6921,0.70043,0.69159,0.69724,53686
2020-11-25,0.69686,0.70144,0.69595,0.70054,49139
2020-11-26,0.70024,0.70136,0.69923,0.70014,32432
2020-11-27,0.70014,0.70388,0.70004,0.70189,37534
2020-11-30,0.70259,0.70503,0.7009,0.70106,50778
2020-12-01,0.70108,0.70674,0.7008,0.70633,45027
2020-12-02,0.70581,0.70834,0.70311,0.70666,47260
2020-12-03,0.70663,0.71037,0.70501,0.70753,44459
2020-12-04,0.70719,0.70792,0.7027,0.70394,51071
2020-12-07,0.70421,0.70634,0.7005,0.70403,49163
2020-12-08,0.70399,0.70532,0.70227,0.70415,47221
2020-12-09,0.70399,0.70939,0.70104,0.70228,49412
2020-12-10,0.7013,0.70991,0.70114,0.7098,53996
2020-12-11,0.70941,0.71129,0.70735,0.70836,49638
2020-12-14,0.70974,0.71195,0.70751,0.70751,39945
2020-12-15,0.70799,0.70976,0.70587,0.70837,44710
2020-12-16,0.70841,0.71202,0.70534,0.71112,46811
2020-12-17,0.71089,0.71708,0.71009,0.71486,40929
2020-12-18,0.71481,0.71523,0.71095,0.71377,47778
2020-12-21,0.71114,0.71233,0.70019,0.70992,79899
2020-12-22,0.71023,0.71066,0.70305,0.70358,59084
2020-12-23,0.70328,0.71037,0.70294,0.70943,57595
2020-12-24,0.70926,0.71171,0.7078,0.71118,40442
2020-12-28,0.71047,0.71387,0.70829,0.70998,48679
2020-12-29,0.70924,0.7164,0.7089,0.71484,46110
2020-12-30,0.71481,0.7211,0.71384,0.71993,49735
2020-12-31,0.71989,0.72405,0.71816,0.71939,49971
2021-01-04,0.71906,0.72301,0.71522,0.71702,78689
2021-01-05,0.71698,0.72588,0.7165,0.72491,80829
2021-01-06,0.72342,0.73147,0.72342,0.72864,111842
2021-01-07,0.72851,0.73049,0.72241,0.72512,88783
2021-01-08,0.72504,0.72807,0.72037,0.72362,95285
2021-01-11,0.72313,0.72352,0.71458,0.71598,75490
2021-01-12,0.71599,0.72315,0.71537,0.72199,69331
2021-01-13,0.72117,0.7239,0.71655,0.71744,67202
2021-01-14,0.71739,0.72398,0.71705,0.72209,63536
2021-01-15,0.71942,0.72288,0.7118,0.71297,73282
2021-01-18,0.71358,0.71397,0.70956,0.71085,57659
2021-01-19,0.71057,0.71401,0.71018,0.71151,61875
2021-01-20,0.71165,0.7174,0.7114,0.71677,64254
2021-01-21,0.71678,0.72225,0.71676,0.72136,66905
2021-01-22,0.7211,0.72248,0.71663,0.71793,65087
2021-01-25,0.71734,0.72162,0.71694,0.71972,73800
2021-01-26,0.7197,0.7247,0.71667,0.72332,58099
2021-01-27,0.72305,0.72445,0.71458,0.71552,97053
2021-01-28,0.7156,0.7195,0.71049,0.71691,94591
2021-01-29,0.71691,0.7225,0.71501,0.71807,113273
2021-02-01,0.71539,0.72023,0.71498,0.71557,89162
2021-02-02,0.71558,0.71955,0.71344,0.7191,71030
2021-02-03,0.71896,0.72248,0.71831,0.72074,67549
2021-02-04,0.72076,0.72247,0.71461,0.71537,60787
2021-02-05,0.71556,0.72062,0.71355,0.72006,60281
2021-02-08,0.71869,0.72318,0.71775,0.72175,55077
2021-02-09,0.72171,0.72537,0.72151,0.72398,67510
2021-02-10,0.72404,0.72447,0.71989,0.72141,72404
2021-02-11,0.72126,0.72502,0.72038,0.72258,53119
2021-02-12,0.72266,0.72321,0.71751,0.72167,44823
2021-02-15,0.72046,0.72486,0.72046,0.72237,36435
2021-02-16,0.7224,0.72677,0.7197,0.72088,63389
2021-02-17,0.72123,0.72145,0.71571,0.7188,73399
2021-02-18,0.71898,0.72241,0.71754,0.72177,74451
2021-02-19,0.7218,0.7314,0.72027,0.72919,72508
2021-02-22,0.7288,0.73424,0.72803,0.73272,81469
2021-02-23,0.73274,0.73461,0.73063,0.73374,81739
2021-02-24,0.73382,0.7454,0.73137,0.74347,97403
2021-02-25,0.74354,0.74639,0.73587,0.73707,113928
2021-02-26,0.73704,0.73819,0.72215,0.72319,130061
2021-03-01,0.72351,0.72921,0.72244,0.72643,71484
2021-03-02,0.72633,0.73063,0.72085,0.72865,90158
2021-03-03,0.72858,0.73039,0.72365,0.72454,85923
2021-03-04,0.72452,0.72721,0.71719,0.71873,104457
2021-03-05,0.71875,0.71941,0.70981,0.71603,109502
2021-03-08,0.71579,0.71909,0.7104,0.7119,83704
2021-03-09,0.71284,0.71811,0.71025,0.71709,79947
2021-03-10,0.71533,0.71989,0.71306,0.71943,74646
2021-03-11,0.7192,0.72401,0.71574,0.7227,76585
2021-03-12,0.7225,0.72322,0.71498,0.71735,79182
2021-03-15,0.71653,0.72158,0.71624,0.71982,65033
2021-03-16,0.71798,0.72053,0.71667,0.71888,58241
2021-03-17,0.71843,0.72633,0.71424,0.72297,67706
2021-03-18,0.72396,0.72688,0.71589,0.71638,81665
2021-03-19,0.7163,0.71872,0.71419,0.71645,69673
2021-03-22,0.71391,0.71821,0.71382,0.71565,48430
2021-03-23,0.71591,0.71635,0.69898,0.70049,50826
2021-03-24,0.69961,0.70115,0.69525,0.69656,43204
2021-03-25,0.69606,0.69855,0.69424,0.69534,51554
2021-03-26,0.69462,0.70013,0.6946,0.69977,44156
2021-03-29,0.69923,0.70173,0.69708,0.69976,42937
2021-03-30,0.69969,0.70328,0.69722,0.69783,45964
2021-03-31,0.6979,0.7025,0.69627,0.69832,38672
2021-04-01,0.69834,0.70258,0.69448,0.70158,44768
2021-04-02,0.70166,0.70468,0.7008,0.70242,18197
2021-04-05,0.70193,0.7069,0.70152,0.70562,30895
2021-04-06,0.7057,0.70686,0.70074,0.70567,39718
2021-04-07,0.70568,0.7068,0.69965,0.70084,50655
2021-04-08,0.70064,0.70612,0.7003,0.70549,49714
2021-04-09,0.70504,0.70648,0.70087,0.70308,54037
2021-04-12,0.70236,0.70486,0.70131,0.7029,49538
2021-04-13,0.70284,0.7059,0.70033,0.70502,48581
2021-04-14,0.705,0.71496,0.70435,0.7136,56770
2021-04-15,0.71343,0.71797,0.71334,0.71693,47583
2021-04-16,0.71683,0.71781,0.71313,0.71433,47195
2021-04-19,0.71248,0.71974,0.71214,0.71784,49733
2021-04-20,0.71795,0.72292,0.71645,0.7168,51403
2021-04-21,0.71689,0.72177,0.71618,0.72089,46490
2021-04-22,0.72099,0.72129,0.71453,0.71652,50175
2021-04-23,0.71648,0.72028,0.715,0.71954,44188
2021-04-26,0.71859,0.72426,0.71859,0.72334,44642
2021-04-27,0.72339,0.72363,0.72008,0.7206,37625
2021-04-28,0.72056,0.72671,0.71877,0.72584,49761
2021-04-29,0.7246,0.7286,0.72219,0.72414,48241
2021-04-30,0.72419,0.72539,0.715,0.71589,49752
2021-05-03,0.71719,0.72119,0.7155,0.72006,42856
2021-05-04,0.71869,0.72026,0.71148,0.71426,58707
2021-05-05,0.71399,0.72172,0.71394,0.72139,49526
2021-05-06,0.72082,0.72381,0.71839,0.72305,56081
2021-05-07,0.72266,0.72988,0.72047,0.72763,53844
2021-05-10,0.72814,0.73043,0.72599,0.72652,55097
2021-05-11,0.72694,0.72891,0.72512,0.72687,62638
2021-05-12,0.72684,0.72756,0.71508,0.71563,75912
2021-05-13,0.71559,0.71936,0.71342,0.71775,78605
2021-05-14,0.7165,0.72532,0.71629,0.72462,50421
2021-05-17,0.72309,0.72497,0.71779,0.72071,50060
2021-05-18,0.71946,0.72703,0.71908,0.72378,47669
2021-05-19,0.72389,0.72467,0.71508,0.71668,67918
2021-05-20,0.71652,0.72159,0.71559,0.71996,48302
2021-05-21,0.71931,0.72219,0.71535,0.71627,49469
2021-05-24,0.71724,0.72183,0.71575,0.72133,46208
2021-05-25,0.72034,0.72494,0.71967,0.72219,51306
2021-05-26,0.72224,0.73157,0.72147,0.72788,57824
2021-05-27,0.72793,0.73104,0.72653,0.72908,51578
2021-05-28,0.72913,0.72945,0.72122,0.72434,49307
2021-05-31,0.7249,0.72831,0.72309,0.72652,34022
2021-06-01,0.72618,0.72875,0.72457,0.72522,44376
2021-06-02,0.72523,0.72717,0.72083,0.72367,39641
2021-06-03,0.72364,0.7241,0.7125,0.71439,43051
2021-06-04,0.71438,0.72151,0.71318,0.72099,41814
2021-06-07,0.71899,0.72418,0.71896,0.72225,27920
2021-06-08,0.72229,0.72322,0.71867,0.7192,35187
2021-06-09,0.71924,0.72137,0.71668,0.71774,33777
2021-06-10,0.71778,0.72121,0.71645,0.71923,40679
2021-06-11,0.71932,0.72098,0.71153,0.71267,32482
2021-06-14,0.71344,0.71521,0.71255,0.71409,33267
2021-06-15,0.71404,0.71599,0.71044,0.71191,45411
2021-06-16,0.71179,0.7154,0.70419,0.70498,59032
2021-06-17,0.70498,0.71013,0.69912,0.70044,64597
2021-06-18,0.69959,0.70173,0.69225,0.69296,55433
2021-06-21,0.69343,0.69986,0.69284,0.69864,62131
2021-06-22,0.6985,0.70354,0.69628,0.70223,46219
2021-06-23,0.70225,0.70684,0.69949,0.70452,41239
2021-06-24,0.70403,0.70727,0.70251,0.70586,45792
2021-06-25,0.70566,0.70945,0.70547,0.70634,42332
2021-06-28,0.70655,0.70857,0.7032,0.70406,47557
2021-06-29,0.70233,0.70507,0.69786,0.69891,44763
2021-06-30,0.699,0.70059,0.69644,0.6986,45219
2021-07-01,0.69758,0.70093,0.6961,0.69675,48893
2021-07-02,0.69661,0.70364,0.69464,0.70288,49827
2021-07-05,0.70224,0.70339,0.70055,0.70165,36231
2021-07-06,0.70164,0.71046,0.69874,0.70098,53835
2021-07-07,0.70092,0.70603,0.69887,0.70171,53107
2021-07-08,0.7017,0.70186,0.69339,0.69461,64339
2021-07-09,0.69492,0.70033,0.69224,0.6998,51304
2021-07-12,0.69879,0.70079,0.69476,0.69799,40446
2021-07-13,0.69776,0.70089,0.69167,0.69446,50424
2021-07-14,0.69416,0.70428,0.69381,0.70343,51535
2021-07-15,0.70281,0.70437,0.69643,0.69807,49209
2021-07-16,0.6975,0.70304,0.69706,0.69967,51727
2021-07-19,0.70005,0.70031,0.69152,0.69429,61970
2021-07-20,0.69421,0.69534,0.68803,0.69158,50872
2021-07-21,0.69158,0.69765,0.68933,0.69689,46545
2021-07-22,0.69686,0.69853,0.6946,0.69729,46875
2021-07-23,0.69581,0.69919,0.6952,0.69768,39887
2021-07-26,0.69635,0.70092,0.69469,0.69986,41888
2021-07-27,0.69982,0.70053,0.69389,0.69541,44950
2021-07-28,0.69541,0.69687,0.69006,0.69558,58590
2021-07-29,0.69359,0.70188,0.69302,0.70076,48302
2021-07-30,0.70071,0.70206,0.69584,0.69652,46009
2021-08-02,0.6962,0.69925,0.69518,0.69674,43831
2021-08-03,0.69669,0.70182,0.69617,0.70158,48313
2021-08-04,0.70156,0.70879,0.70123,0.70438,45520
2021-08-05,0.70438,0.70729,0.70359,0.70538,38539
2021-08-06,0.70521,0.70622,0.70008,0.70078,40147
2021-08-09,0.70033,0.70256,0.69802,0.69911,39315
2021-08-10,0.69909,0.70103,0.69682,0.70071,33836
2021-08-11,0.70067,0.70612,0.69907,0.70406,37418
2021-08-12,0.70387,0.70465,0.69952,0.70008,30469
2021-08-13,0.69998,0.7047,0.69941,0.70372,27547
2021-08-16,0.70419,0.70436,0.70102,0.70173,33935
2021-08-17,0.70177,0.70291,0.68995,0.69169,49053
2021-08-18,0.69169,0.69509,0.68681,0.68779,49128
2021-08-19,0.68788,0.68886,0.68083,0.68262,60847
2021-08-20,0.68382,0.6842,0.68048,0.6831,39298
2021-08-23,0.68215,0.69039,0.68181,0.68901,39296
2021-08-24,0.68886,0.69654,0.68786,0.6953,39562
2021-08-25,0.69513,0.69825,0.69293,0.69722,40118
2021-08-26,0.6969,0.69761,0.69405,0.6946,35940
2021-08-27,0.69434,0.70183,0.69314,0.70116,41063
2021-08-30,0.6993,0.70143,0.6986,0.69967,30608
2021-08-31,0.69945,0.70682,0.69872,0.70441,50792
2021-09-01,0.70414,0.70768,0.7034,0.70697,41373
2021-09-02,0.70684,0.71192,0.70564,0.71102,39192
2021-09-03,0.71072,0.71696,0.71012,0.71513,44538
2021-09-06,0.71505,0.71585,0.71269,0.71351,39467
2021-09-07,0.71319,0.71526,0.70862,0.70986,51569
2021-09-08,0.70961,0.71145,0.70752,0.7099,61015
2021-09-09,0.71022,0.71335,0.70818,0.7107,68080
2021-09-10,0.70956,0.7156,0.70887,0.7113,71633
2021-09-13,0.71165,0.71224,0.70969,0.71183,61194
2021-09-14,0.71169,0.71504,0.70822,0.7097,65557
2021-09-15,0.7094,0.7118,0.70728,0.71081,46645
2021-09-16,0.71051,0.71391,0.70591,0.7074,52041
2021-09-17,0.70715,0.70869,0.70252,0.70342,57062
2021-09-20,0.70315,0.70419,0.7005,0.70282,61978
2021-09-21,0.70282,0.70557,0.6993,0.70043,65614
2021-09-22,0.70014,0.70555,0.69916,0.70023,72524
2021-09-23,0.70023,0.70926,0.69812,0.70678,64066
2021-09-24,0.70703,0.70799,0.69963,0.70056,58323
2021-09-27,0.70034,0.70326,0.69899,0.70146,55468
2021-09-28,0.701,0.70264,0.69424,0.69561,76042
2021-09-29,0.69531,0.6963,0.68589,0.68658,76146
2021-09-30,0.68645,0.69211,0.68592,0.68985,83509
2021-10-01,0.68944,0.69503,0.68762,0.6939,83348
2021-10-04,0.6935,0.69815,0.69259,0.6965,72701
2021-10-05,0.69625,0.69755,0.69276,0.69595,58006
2021-10-06,0.69595,0.69793,0.6876,0.69134,80116
2021-10-07,0.6913,0.69437,0.69056,0.69277,52886
2021-10-08,0.69151,0.69599,0.69078,0.69274,66879
2021-10-11,0.69191,0.69641,0.69141,0.69368,52698
2021-10-12,0.69379,0.69692,0.69231,0.6931,65420
2021-10-13,0.6931,0.69678,0.69111,0.69647,64500
2021-10-14,0.6962,0.70412,0.69485,0.70353,53406
2021-10-15,0.70353,0.70766,0.70239,0.70718,55548
2021-10-18,0.70645,0.71049,0.70488,0.70849,55570
2021-10-19,0.70806,0.71719,0.70781,0.71504,56422
2021-10-20,0.71485,0.72079,0.71458,0.72002,58442
2021-10-21,0.71981,0.72181,0.71404,0.71549,72612
2021-10-22,0.7153,0.71884,0.7131,0.71463,71889
2021-10-25,0.71383,0.71777,0.71297,0.71631,63001
2021-10-26,0.71602,0.71934,0.71495,0.71611,53183
2021-10-27,0.71614,0.71884,0.71311,0.71677,66144
2021-10-28,0.71642,0.72166,0.71511,0.71999,75846
2021-10-29,0.72,0.72034,0.71356,0.71652,68278
2021-11-01,0.71583,0.71974,0.71432,0.71863,57547
2021-11-02,0.71842,0.71865,0.70924,0.71227,62270
2021-11-03,0.71202,0.71727,0.71033,0.71566,76463
2021-11-04,0.71539,0.71781,0.70945,0.71052,71729
2021-11-05,0.71031,0.71268,0.70718,0.71144,69626
2021-11-08,0.7102,0.71765,0.71016,0.71653,59638
2021-11-09,0.71624,0.71737,0.71091,0.71276,62203
2021-11-10,0.71249,0.71321,0.70548,0.70588,79594
2021-11-11,0.7057,0.70707,0.70085,0.70202,53684
2021-11-12,0.70179,0.70471,0.69963,0.70363,52010
2021-11-15,0.70354,0.708,0.70315,0.70463,46153
2021-11-16,0.70441,0.70635,0.69845,0.69908,53112
2021-11-17,0.69885,0.702,0.69793,0.69958,57517
2021-11-18,0.69969,0.70521,0.69912,0.70461,60589
2021-11-19,0.70457,0.70458,0.69909,0.69946,68083
2021-11-22,0.70027,0.70133,0.69478,0.69553,70509
2021-11-23,0.6956,0.69722,0.69153,0.69487,74731
2021-11-24,0.69458,0.69564,0.68553,0.68743,65697
2021-11-25,0.68714,0.68934,0.68397,0.68586,40840
2021-11-26,0.6855,0.68563,0.68041,0.68108,90317
2021-11-29,0.68305,0.68384,0.67874,0.68245,64436
2021-11-30,0.68227,0.68555,0.67719,0.68221,107708
2021-12-01,0.68191,0.68673,0.68029,0.68081,79457
2021-12-02,0.68052,0.68305,0.67986,0.68162,76732
2021-12-03,0.68162,0.68209,0.67408,0.67446,77253
2021-12-06,0.67495,0.67633,0.67393,0.67515,58320
2021-12-07,0.67486,0.67923,0.67361,0.67902,50165
2021-12-08,0.67876,0.68184,0.67567,0.68086,61978
2021-12-09,0.6808,0.68227,0.67802,0.67948,52036
2021-12-10,0.6791,0.68067,0.67691,0.67973,53583
2021-12-13,0.67968,0.68009,0.67453,0.67538,44646
2021-12-14,0.67517,0.67709,0.67348,0.67422,52874
2021-12-15,0.6744,0.67874,0.67004,0.67838,73182
2021-12-16,0.67751,0.68332,0.67567,0.6799,72118
2021-12-17,0.6796,0.6801,0.67303,0.67365,62107
2021-12-20,0.67432,0.67444,0.67016,0.67129,63033
2021-12-21,0.67096,0.67729,0.67026,0.67687,45033
2021-12-22,0.6766,0.68214,0.67394,0.681,40768
2021-12-23,0.6807,0.68413,0.67936,0.68259,37735
2021-12-24,0.68227,0.68313,0.68012,0.68129,84466
2021-12-27,0.68174,0.68248,0.67884,0.68148,29507
2021-12-28,0.67949,0.68281,0.67883,0.68035,31498
2021-12-29,0.6804,0.68418,0.67863,0.68281,42094
2021-12-30,0.68254,0.68563,0.68155,0.68322,32797
2021-12-31,0.68293,0.68514,0.68155,0.684,42707
2022-01-03,0.68269,0.6856,0.6774,0.67857,41676
2022-01-04,0.67746,0.6824,0.67642,0.68078,41071
2022-01-05,0.68047,0.68367,0.67893,0.67957,45531
2022-01-06,0.67926,0.67965,0.67327,0.67476,56462
2022-01-07,0.6745,0.67825,0.67347,0.67743,47681
2022-01-10,0.67742,0.67827,0.67353,0.6762,52897
2022-01-11,0.67594,0.67904,0.67396,0.6785,50272
2022-01-12,0.67822,0.68571,0.6773,0.68479,49807
2022-01-13,0.68425,0.68901,0.68255,0.68602,50839
2022-01-14,0.68573,0.68732,0.67916,0.67984,58511
2022-01-17,0.68012,0.68177,0.67867,0.67952,37558
2022-01-18,0.67921,0.68074,0.67522,0.67689,63972
2022-01-19,0.67663,0.6811,0.67633,0.67823,56954
2022-01-20,0.67795,0.68053,0.67494,0.6756,55428
2022-01-21,0.67536,0.67586,0.67072,0.67113,72350
2022-01-24,0.67129,0.67272,0.66598,0.6699,79183
2022-01-25,0.66967,0.67093,0.66596,0.66857,77057
2022-01-26,0.66831,0.67018,0.66378,0.66498,79473
2022-01-27,0.66476,0.66601,0.65695,0.65824,85127
2022-01-28,0.65791,0.65884,0.6529,0.65406,76613
2022-01-31,0.65375,0.65965,0.65365,0.6575,59842
2022-02-01,0.65721,0.66469,0.65656,0.6637,56364
2022-02-02,0.66338,0.66616,0.66232,0.66311,46318
2022-02-03,0.66282,0.66808,0.6609,0.66614,66771
2022-02-04,0.66584,0.66829,0.65893,0.6612,66864
2022-02-07,0.66079,0.6641,0.65923,0.66322,54502
2022-02-08,0.66291,0.66532,0.66266,0.66477,45039
2022-02-09,0.66453,0.66972,0.66405,0.66811,39835
2022-02-10,0.66777,0.67319,0.66527,0.66736,84877
2022-02-11,0.66702,0.66931,0.66265,0.66387,101987
2022-02-14,0.66415,0.66495,0.6592,0.66155,92606
2022-02-15,0.66157,0.66477,0.66016,0.66398,63880
2022-02-16,0.66361,0.66908,0.66326,0.66782,58284
2022-02-17,0.66759,0.67171,0.66584,0.66897,84381
2022-02-18,0.66883,0.67292,0.66839,0.669,60291
2022-02-21,0.6691,0.67333,0.66823,0.66992,55946
2022-02-22,0.66973,0.67543,0.66798,0.67319,89283
2022-02-23,0.67285,0.68088,0.6713,0.67717,66244
2022-02-24,0.67681,0.67757,0.663,0.66924,151435
2022-02-25,0.66903,0.67506,0.66839,0.67436,99695
2022-02-28,0.66783,0.67763,0.66669,0.67723,93709
2022-03-01,0.67701,0.67901,0.67404,0.67553,80116
2022-03-02,0.67524,0.67992,0.67438,0.67861,85650
2022-03-03,0.67849,0.68092,0.67611,0.67991,67906
2022-03-04,0.67967,0.68715,0.67672,0.68605,88647
2022-03-07,0.68462,0.69251,0.68197,0.68226,117475
2022-03-08,0.68247,0.68501,0.67992,0.68036,107799
2022-03-09,0.68007,0.68519,0.67958,0.68402,74602
2022-03-10,0.68375,0.68742,0.68103,0.68624,74624
2022-03-11,0.68605,0.68747,0.67979,0.68061,71263
2022-03-14,0.67989,0.6814,0.67445,0.67466,64626
2022-03-15,0.67441,0.67918,0.6728,0.67679,70559
2022-03-16,0.67689,0.68442,0.67412,0.6832,77055
2022-03-17,0.68293,0.68987,0.6815,0.68816,60212
2022-03-18,0.68796,0.69128,0.68659,0.69059,54948
2022-03-21,0.68923,0.69227,0.68727,0.68856,55881
2022-03-22,0.68833,0.69653,0.68634,0.69619,52347
2022-03-23,0.69591,0.69882,0.69346,0.69722,51914
2022-03-24,0.69722,0.6977,0.69396,0.69617,56399
2022-03-25,0.69595,0.69866,0.69436,0.69581,57393
2022-03-28,0.69455,0.69628,0.68873,0.68947,62719
2022-03-29,0.68909,0.69451,0.68754,0.69336,72775
2022-03-30,0.69323,0.6998,0.69168,0.69751,57448
2022-03-31,0.69744,0.69775,0.69278,0.69332,60664
2022-04-01,0.69284,0.69473,0.68957,0.69217,57061
2022-04-04,0.69039,0.69676,0.69005,0.69473,41931
2022-04-05,0.69452,0.70336,0.69331,0.69449,56348
2022-04-06,0.69451,0.69666,0.68957,0.69159,65290
2022-04-07,0.69162,0.69207,0.68806,0.68876,48933
2022-04-08,0.6889,0.68966,0.68217,0.68453,41583
2022-04-11,0.68397,0.68554,0.68129,0.68252,45326
2022-04-12,0.68233,0.6889,0.68054,0.68504,55691
2022-04-13,0.68487,0.69009,0.67527,0.67953,59168
2022-04-14,0.6792,0.68338,0.6767,0.67853,56201
2022-04-15,0.67822,0.67889,0.67551,0.67568,55941
2022-04-18,0.67674,0.67757,0.67145,0.67292,33347
2022-04-19,0.67261,0.67636,0.67192,0.67344,52938
2022-04-20,0.67303,0.68128,0.6721,0.68082,53097
2022-04-21,0.68055,0.68094,0.67263,0.67328,60312
2022-04-22,0.67301,0.6736,0.66253,0.66338,69722
2022-04-25,0.66275,0.66401,0.65814,0.66178,78953
2022-04-26,0.66151,0.66446,0.6561,0.65618,63096
2022-04-27,0.65595,0.65904,0.65271,0.6542,72090
2022-04-28,0.65391,0.65432,0.64514,0.64895,77184
2022-04-29,0.6487,0.65424,0.6451,0.64569,67291
2022-05-02,0.64665,0.64737,0.64117,0.64337,65153
2022-05-03,0.64315,0.64752,0.64104,0.6435,77760
2022-05-04,0.64321,0.6556,0.64158,0.65434,83247
2022-05-05,0.65416,0.65678,0.63926,0.64292,96276
2022-05-06,0.64277,0.64572,0.6394,0.64053,120737
2022-05-09,0.6395,0.64108,0.63193,0.63193,101315
2022-05-10,0.63194,0.63476,0.62755,0.6287,110600
2022-05-11,0.62879,0.63794,0.62804,0.62943,117859
2022-05-12,0.62941,0.63012,0.62159,0.62297,123297
2022-05-13,0.62276,0.62892,0.62073,0.62883,79339
2022-05-16,0.62668,0.63201,0.62279,0.63069,93346
2022-05-17,0.63074,0.63748,0.62941,0.63579,88996
2022-05-18,0.63544,0.63697,0.62902,0.62935,74120
2022-05-19,0.62935,0.64166,0.62894,0.6376,116118
2022-05-20,0.63759,0.64138,0.6363,0.64069,86475
2022-05-23,0.63925,0.64912,0.63838,0.64666,76063
2022-05-24,0.64683,0.64683,0.64228,0.64643,80334
2022-05-25,0.6463,0.65137,0.64171,0.64719,92198
2022-05-26,0.64719,0.64997,0.64464,0.64731,72310
2022-05-27,0.64731,0.65492,0.64705,0.6535,62800
2022-05-30,0.65271,0.65599,0.6523,0.65575,43105
2022-05-31,0.6551,0.65635,0.64823,0.65144,80276
2022-06-01,0.65128,0.65396,0.64644,0.6482,75431
2022-06-02,0.64775,0.65643,0.64597,0.65583,58816
2022-06-03,0.65563,0.65756,0.65004,0.65044,59455
2022-06-06,0.65031,0.65361,0.6484,0.64905,55816
2022-06-07,0.64932,0.64984,0.64223,0.64893,73349
2022-06-08,0.64875,0.64912,0.64346,0.64471,63954
2022-06-09,0.64413,0.64607,0.63794,0.63823,73833
2022-06-10,0.63806,0.64345,0.63478,0.63537,87068
2022-06-13,0.63422,0.63497,0.62454,0.62583,105036
2022-06-14,0.6255,0.62926,0.6196,0.62151,110613
2022-06-15,0.61996,0.63124,0.61996,0.62867,134671
2022-06-16,0.62831,0.63953,0.62323,0.63604,129263
2022-06-17,0.63564,0.63696,0.62686,0.6312,112623
2022-06-20,0.6296,0.63635,0.62907,0.63347,71719
2022-06-21,0.63292,0.63629,0.63174,0.63332,83179
2022-06-22,0.63309,0.63332,0.62432,0.62859,90655
2022-06-23,0.62846,0.631,0.62471,0.62766,95102
2022-06-24,0.62745,0.63268,0.62634,0.63127,88793
2022-06-27,0.62999,0.63261,0.62812,0.63002,85498
2022-06-28,0.62926,0.6313,0.62367,0.62414,83528
2022-06-29,0.62398,0.62594,0.62046,0.62199,93554
2022-06-30,0.62066,0.62537,0.61978,0.62432,95576
2022-07-01,0.62291,0.62464,0.61472,0.62043,102284
2022-07-04,0.61839,0.62517,0.61781,0.62081,60736
2022-07-05,0.62069,0.62261,0.61239,0.617,104643
2022-07-06,0.61672,0.61912,0.61311,0.61478,110792
2022-07-07,0.61341,0.61948,0.6131,0.6175,80434
2022-07-08,0.61738,0.62064,0.61313,0.61882,94005
2022-07-11,0.61743,0.61919,0.60965,0.61111,87804
2022-07-12,0.61092,0.6145,0.60955,0.61274,96473
2022-07-13,0.6124,0.61712,0.60801,0.61308,123552
2022-07-14,0.61308,0.61338,0.60601,0.61251,124379
2022-07-15,0.61253,0.61766,0.61012,0.6159,101187
2022-07-18,0.61453,0.62001,0.61453,0.61523,76391
2022-07-19,0.61508,0.62397,0.61404,0.62246,85218
2022-07-20,0.62208,0.62717,0.62072,0.62289,87224
2022-07-21,0.62281,0.62536,0.61841,0.62512,109126
2022-07-22,0.62497,0.63036,0.62109,0.62517,102982
2022-07-25,0.62371,0.62791,0.62137,0.62621,87324
2022-07-26,0.62595,0.62798,0.62242,0.62302,69549
2022-07-27,0.62236,0.62772,0.61909,0.62628,90170
2022-07-28,0.62609,0.62971,0.62502,0.62907,91946
2022-07-29,0.62885,0.63287,0.62171,0.62892,86698
2022-08-01,0.62647,0.63519,0.62627,0.63293,78107
2022-08-02,0.63269,0.63427,0.62513,0.62538,100679
2022-08-03,0.62467,0.62808,0.62121,0.62727,86296
2022-08-04,0.62733,0.63145,0.62486,0.63001,77626
2022-08-05,0.62989,0.6309,0.62117,0.62412,80151
2022-08-08,0.62416,0.63039,0.62296,0.62864,59549
2022-08-09,0.62811,0.63024,0.62697,0.62864,56853
2022-08-10,0.62851,0.64336,0.62745,0.64005,80893
2022-08-11,0.63983,0.64622,0.63837,0.64344,83104
2022-08-12,0.64322,0.64679,0.64218,0.6452,67479
2022-08-15,0.64417,0.64556,0.6355,0.63631,62115
2022-08-16,0.63618,0.63698,0.63159,0.63454,64819
2022-08-17,0.63424,0.63826,0.62576,0.6281,91943
2022-08-18,0.62773,0.63122,0.62457,0.62564,76309
2022-08-19,0.62549,0.62621,0.61652,0.61731,69858
2022-08-22,0.61764,0.62144,0.61562,0.61683,70786
2022-08-23,0.61656,0.62441,0.61591,0.62131,86250
2022-08-24,0.62091,0.62278,0.61623,0.61907,71334
2022-08-25,0.61795,0.62505,0.61728,0.62331,75750
2022-08-26,0.6225,0.6232,0.61329,0.61349,85685
2022-08-29,0.6124,0.6167,0.61014,0.61528,76054
2022-08-30,0.61528,0.61936,0.61227,0.61281,91053
2022-08-31,0.61281,0.61545,0.61101,0.61153,87520
2022-09-01,0.61167,0.61302,0.60598,0.60786,94104
2022-09-02,0.60784,0.61404,0.605,0.6111,91355
2022-09-05,0.60809,0.61047,0.60653,0.6094,60960
2022-09-06,0.60839,0.61282,0.60347,0.60376,88483
2022-09-07,0.60396,0.60762,0.59958,0.60749,95790
2022-09-08,0.60749,0.60782,0.60306,0.60535,94940
2022-09-09,0.60471,0.61518,0.60371,0.61037,80784
2022-09-12,0.60803,0.61571,0.60766,0.61361,68785
2022-09-13,0.6137,0.61609,0.59858,0.59951,84771
2022-09-14,0.59951,0.60243,0.59757,0.60033,86299
2022-09-15,0.59953,0.60251,0.59634,0.59652,67258
2022-09-16,0.59652,0.59937,0.59397,0.59913,66324
2022-09-19,0.59868,0.60014,0.59287,0.59601,65860
2022-09-20,0.59574,0.5975,0.58847,0.58917,71436
2022-09-21,0.58902,0.59106,0.58414,0.58519,120029
2022-09-22,0.58499,0.58872,0.58035,0.58472,115640
2022-09-23,0.58416,0.58558,0.57296,0.57439,121815
2022-09-26,0.57457,0.57541,0.56244,0.56341,181697
2022-09-27,0.56328,0.57211,0.5624,0.56383,132118
2022-09-28,0.56313,0.57328,0.55644,0.57304,172701
2022-09-29,0.57212,0.57325,0.56472,0.57262,155382
2022-09-30,0.57146,0.57502,0.55905,0.5595,182238
2022-10-03,0.55978,0.57302,0.5595,0.57232,126743
2022-10-04,0.57198,0.57578,0.56796,0.57301,131325
2022-10-05,0.5728,0.5805,0.56597,0.57373,123616
2022-10-06,0.57342,0.58132,0.56391,0.56553,141126
2022-10-07,0.56662,0.5673,0.55973,0.56053,131986
2022-10-10,0.5604,0.56287,0.55439,0.55655,113974
2022-10-11,0.55633,0.56564,0.5535,0.55829,156638
2022-10-12,0.55862,0.56318,0.55594,0.56086,157907
2022-10-13,0.55901,0.56542,0.55112,0.56376,145082
2022-10-14,0.56297,0.56809,0.55484,0.55535,160841
2022-10-17,0.55654,0.56486,0.55505,0.56353,118854
2022-10-18,0.56223,0.5719,0.56111,0.56807,133591
2022-10-19,0.56833,0.57068,0.56491,0.56688,111080
2022-10-20,0.56622,0.57412,0.56224,0.56774,134978
2022-10-21,0.56764,0.57702,0.55991,0.57578,165675
2022-10-24,0.57578,0.57917,0.56562,0.56951,182698
2022-10-25,0.56855,0.57791,0.56716,0.57519,131869
2022-10-26,0.574,0.58447,0.57245,0.58346,135047
2022-10-27,0.58152,0.58696,0.57874,0.58269,142248
2022-10-28,0.5826,0.58726,0.57819,0.58139,126188
2022-10-31,0.5799,0.58345,0.5774,0.58098,92432
2022-11-01,0.58078,0.59019,0.58019,0.5847,127244
2022-11-02,0.58446,0.59417,0.58125,0.5823,134518
2022-11-03,0.58208,0.58378,0.57398,0.57725,123469
2022-11-04,0.57711,0.59362,0.57502,0.59265,162002
2022-11-07,0.58638,0.59448,0.58524,0.59374,115901
2022-11-08,0.59336,0.59993,0.58982,0.59544,173078
2022-11-09,0.59376,0.59685,0.58723,0.58831,150115
2022-11-10,0.58773,0.60398,0.58398,0.60237,148994
2022-11-11,0.60207,0.61293,0.59722,0.61182,139978
2022-11-14,0.60927,0.61209,0.60605,0.60947,148402
2022-11-15,0.60917,0.62029,0.60845,0.61562,138956
2022-11-16,0.61542,0.61934,0.61283,0.6149,97051
2022-11-17,0.61473,0.61676,0.60638,0.61297,71789
2022-11-18,0.61241,0.62058,0.60975,0.6151,59022
2022-11-21,0.61558,0.61686,0.60848,0.61005,59510
2022-11-22,0.60912,0.61625,0.60879,0.61526,46841
2022-11-23,0.61383,0.62489,0.61013,0.6244,60449
2022-11-24,0.62402,0.62887,0.62192,0.62645,40904
2022-11-25,0.62618,0.62768,0.62185,0.62417,43648
2022-11-28,0.62115,0.62441,0.61557,0.61626,57742
2022-11-29,0.61592,0.6253,0.61549,0.61966,58767
2022-11-30,0.61923,0.63127,0.61889,0.63032,77188
2022-12-01,0.62934,0.6399,0.62764,0.63659,78506
2022-12-02,0.63682,0.64132,0.63276,0.64041,71531
2022-12-05,0.63701,0.64422,0.63019,0.63141,58975
2022-12-06,0.63065,0.63538,0.63006,0.63194,54350
2022-12-07,0.63131,0.63837,0.63026,0.63542,62635
2022-12-08,0.6341,0.63885,0.63257,0.63779,52051
2022-12-09,0.63726,0.64266,0.63523,0.64084,55801
2022-12-12,0.63931,0.64211,0.63648,0.63814,44542
2022-12-13,0.6374,0.65131,0.63698,0.64642,82211
2022-12-14,0.64611,0.64693,0.64,0.64546,84516
2022-12-15,0.64537,0.64632,0.63138,0.63436,67298
2022-12-16,0.63237,0.63949,0.63236,0.63772,55909
2022-12-19,0.63735,0.64088,0.6342,0.63639,52110
2022-12-20,0.63536,0.63952,0.62998,0.63456,93929
2022-12-21,0.6345,0.63501,0.62765,0.62951,62042
2022-12-22,0.62904,0.63298,0.623,0.62482,59385
2022-12-23,0.62391,0.63041,0.62321,0.62819,69442
2022-12-26,0.62717,0.62983,0.62514,0.62957,8225
2022-12-27,0.62933,0.63175,0.625,0.62744,51456
2022-12-28,0.62745,0.63548,0.62572,0.63102,47400
2022-12-29,0.63084,0.63572,0.62894,0.63448,45759
2022-12-30,0.6342,0.63721,0.63096,0.63473,54035
2023-01-02,0.63406,0.63406,0.62967,0.63153,4168
2023-01-03,0.63131,0.63613,0.61998,0.62526,69549
2023-01-04,0.62451,0.63523,0.62385,0.62925,84381
2023-01-05,0.62944,0.63086,0.62105,0.62318,75182
2023-01-06,0.6225,0.63593,0.6191,0.63451,90536
2023-01-09,0.63264,0.6411,0.63243,0.63711,75987
2023-01-10,0.63612,0.63888,0.6342,0.6372,75655
2023-01-11,0.6358,0.63879,0.63339,0.63643,60515
2023-01-12,0.63645,0.64167,0.63055,0.63939,93255
2023-01-13,0.63921,0.6415,0.63346,0.63813,74853
2023-01-16,0.63716,0.64262,0.63607,0.63803,46702
2023-01-17,0.63754,0.64372,0.63661,0.64283,73484
2023-01-18,0.64245,0.65296,0.64096,0.64398,90383
2023-01-19,0.6432,0.64482,0.63585,0.63944,70005
2023-01-20,0.63963,0.64762,0.63844,0.64682,57908
2023-01-23,0.64566,0.6499,0.64372,0.64867,61889
2023-01-24,0.64804,0.65231,0.64629,0.65033,58981
2023-01-25,0.64987,0.65014,0.64489,0.64783,65026
2023-01-26,0.64766,0.65136,0.64464,0.64874,59059
2023-01-27,0.64887,0.65111,0.64606,0.64867,50486
2023-01-30,0.64839,0.65075,0.64616,0.64685,55049
2023-01-31,0.6464,0.64786,0.64123,0.64393,69160
2023-02-01,0.64385,0.65061,0.64164,0.65049,88403
2023-02-02,0.65049,0.65373,0.64622,0.64753,91259
2023-02-03,0.64712,0.64806,0.63225,0.63255,92964
2023-02-06,0.63059,0.63339,0.62694,0.63041,69672
2023-02-07,0.63041,0.63586,0.62723,0.63254,92420
2023-02-08,0.63214,0.63475,0.6296,0.63061,63878
2023-02-09,0.63048,0.63887,0.62982,0.63258,52791
2023-02-10,0.63229,0.63455,0.6298,0.63082,58127
2023-02-13,0.6306,0.63652,0.62889,0.63575,35653
2023-02-14,0.63529,0.63895,0.62961,0.6335,76077
2023-02-15,0.63337,0.63373,0.62519,0.62808,55789
2023-02-16,0.62755,0.63086,0.62321,0.62558,65963
2023-02-17,0.62525,0.62558,0.61935,0.62409,53870
2023-02-20,0.62291,0.62617,0.62212,0.62529,28679
2023-02-21,0.62502,0.62607,0.62024,0.62124,59775
2023-02-22,0.62121,0.6251,0.62004,0.62184,59635
2023-02-23,0.62157,0.62503,0.62023,0.62278,53784
2023-02-24,0.62199,0.62433,0.61506,0.61628,62897
2023-02-27,0.61554,0.61794,0.61305,0.61656,42855
2023-02-28,0.6167,0.62073,0.6132,0.61839,42741
2023-03-01,0.61824,0.62751,0.61654,0.6256,59816
2023-03-02,0.62454,0.62568,0.61984,0.62179,52860
2023-03-03,0.62057,0.62409,0.61921,0.62219,48914
2023-03-06,0.62094,0.62247,0.6172,0.61954,41034
2023-03-07,0.61865,0.62214,0.61028,0.61058,62153
2023-03-08,0.61066,0.61372,0.60839,0.61059,50777
2023-03-09,0.6114,0.61503,0.60956,0.60999,43540
2023-03-10,0.60952,0.61765,0.60909,0.61336,100326
2023-03-13,0.61365,0.62636,0.61255,0.62188,136164
2023-03-14,0.62173,0.62471,0.61949,0.62316,81991
2023-03-15,0.62317,0.6264,0.61721,0.61869,113080
2023-03-16,0.61613,0.6196,0.61393,0.61956,84765
2023-03-17,0.61892,0.62766,0.61671,0.62666,63565
2023-03-20,0.62721,0.62818,0.62281,0.62448,72829
2023-03-21,0.62472,0.62483,0.61667,0.61922,49543
2023-03-22,0.6192,0.62822,0.61711,0.62213,57477
2023-03-23,0.62208,0.62936,0.62154,0.62487,62406
2023-03-24,0.62487,0.62528,0.61909,0.62001,65120
2023-03-27,0.6193,0.62111,0.61802,0.61956,42174
2023-03-28,0.6196,0.62543,0.61946,0.62522,36602
2023-03-29,0.62503,0.62701,0.62142,0.62241,39148
2023-03-30,0.62251,0.62656,0.62027,0.62621,32541
2023-03-31,0.62614,0.62968,0.62367,0.62538,41006
2023-04-03,0.62503,0.62991,0.62073,0.62959,47555
2023-04-04,0.62937,0.63145,0.62733,0.631,47739
2023-04-05,0.63002,0.63788,0.62846,0.63174,52617
2023-04-06,0.63176,0.63237,0.62388,0.62434,34147
2023-04-07,0.62285,0.62696,0.62089,0.62535,28963
2023-04-10,0.62409,0.62556,0.61932,0.62187,37352
2023-04-11,0.62142,0.62329,0.61836,0.61916,33313
2023-04-12,0.61854,0.62413,0.61757,0.62141,43081
2023-04-13,0.62058,0.63142,0.62027,0.62959,39070
2023-04-14,0.62832,0.63142,0.61947,0.62081,45072
2023-04-17,0.61994,0.62101,0.61607,0.61807,34175
2023-04-18,0.61696,0.62238,0.61696,0.62075,33390
2023-04-19,0.6204,0.62252,0.61719,0.61986,35657
2023-04-20,0.61979,0.62052,0.61486,0.61762,42225
2023-04-21,0.61736,0.61794,0.6126,0.61379,40140
2023-04-24,0.61359,0.61679,0.61249,0.61664,33558
2023-04-25,0.61428,0.61867,0.61321,0.61365,35275
2023-04-26,0.61366,0.6148,0.61112,0.61157,46721
2023-04-27,0.61154,0.61598,0.61113,0.61478,44034
2023-04-28,0.61368,0.61869,0.61234,0.61807,49143
2023-05-01,0.61689,0.61988,0.61556,0.61661,36711
2023-05-02,0.6168,0.62175,0.61583,0.62074,48303
2023-05-03,0.62052,0.626,0.61935,0.62297,52262
2023-05-04,0.62287,0.62977,0.62064,0.62797,61730
2023-05-05,0.62786,0.63153,0.62625,0.62932,43351
2023-05-08,0.62854,0.63587,0.62843,0.63439,30294
2023-05-09,0.6342,0.63481,0.63178,0.6335,31282
2023-05-10,0.63297,0.63805,0.63219,0.63656,45212
2023-05-11,0.63465,0.63839,0.62884,0.62976,50259
2023-05-12,0.62982,0.62993,0.61817,0.61887,43266
2023-05-15,0.61831,0.62422,0.61831,0.62394,36675
2023-05-16,0.62092,0.62592,0.62092,0.62304,41184
2023-05-17,0.62296,0.62723,0.62259,0.62474,46440
2023-05-18,0.62387,0.62686,0.62034,0.62246,46315
2023-05-19,0.62253,0.63047,0.62155,0.62728,55304
2023-05-22,0.62589,0.62916,0.62561,0.62866,50575
2023-05-23,0.62772,0.63019,0.62334,0.62475,52923
2023-05-24,0.62343,0.6256,0.6093,0.61115,62024
2023-05-25,0.60962,0.61132,0.60435,0.60621,56797
2023-05-26,0.60482,0.60961,0.60326,0.6046,54836
2023-05-29,0.60494,0.60701,0.60341,0.6054,25513
2023-05-30,0.60489,0.60659,0.60246,0.60428,52669
2023-05-31,0.60348,0.60486,0.59847,0.602,55100
2023-06-01,0.60185,0.60765,0.59899,0.60699,54011
2023-06-02,0.60646,0.61103,0.6052,0.60574,56941
2023-06-05,0.60599,0.60847,0.60407,0.60694,48865
2023-06-06,0.6057,0.60995,0.6045,0.60776,50005
2023-06-07,0.60692,0.60963,0.60303,0.60365,46761
2023-06-08,0.60285,0.60985,0.60285,0.60936,45827
2023-06-09,0.60918,0.61384,0.60842,0.61285,40854
2023-06-12,0.61064,0.61519,0.61051,0.61212,40072
2023-06-13,0.6109,0.61772,0.61061,0.6149,51637
2023-06-14,0.61448,0.62353,0.61416,0.62051,51394
2023-06-15,0.62035,0.62422,0.61543,0.62349,48498
2023-06-16,0.62314,0.62469,0.62094,0.62333,55255
2023-06-19,0.6221,0.62367,0.61908,0.62,46701
2023-06-20,0.62003,0.62052,0.61334,0.61672,66479
2023-06-21,0.61523,0.62171,0.61523,0.62012,58192
2023-06-22,0.62002,0.62225,0.61732,0.61762,57898
2023-06-23,0.6174,0.61897,0.61164,0.61418,66605
2023-06-26,0.61354,0.61763,0.61337,0.61629,52773
2023-06-27,0.61626,0.61998,0.61452,0.61613,60932
2023-06-28,0.6161,0.61647,0.60684,0.60733,57415
2023-06-29,0.6074,0.61014,0.60498,0.60691,56903
2023-06-30,0.60691,0.61412,0.60586,0.61352,58837
2023-07-03,0.61136,0.61697,0.61136,0.61509,53553
2023-07-04,0.6151,0.62119,0.61405,0.61884,38324
2023-07-05,0.61875,0.62064,0.61746,0.61778,49563
2023-07-06,0.61761,0.62188,0.61319,0.61558,60686
2023-07-07,0.61554,0.62191,0.61501,0.62073,61320
2023-07-10,0.61952,0.62174,0.61658,0.62085,48246
2023-07-11,0.62072,0.6224,0.61663,0.61978,53998
2023-07-12,0.61969,0.63077,0.61819,0.62956,70483
2023-07-13,0.62949,0.63946,0.62863,0.63916,62301
2023-07-14,0.63912,0.64112,0.63638,0.63689,62486
2023-07-17,0.63604,0.63678,0.63078,0.63237,49578
2023-07-18,0.63244,0.63433,0.62592,0.6271,68637
2023-07-19,0.62711,0.63141,0.62245,0.62625,65296
2023-07-20,0.62623,0.63072,0.62126,0.6232,71191
2023-07-21,0.62322,0.62407,0.61635,0.61664,56299
2023-07-24,0.61654,0.62147,0.61556,0.62034,64854
2023-07-25,0.6202,0.62294,0.61853,0.62206,56724
2023-07-26,0.62194,0.6234,0.61817,0.62088,69182
2023-07-27,0.62078,0.62729,0.61741,0.61819,77471
2023-07-28,0.61803,0.61925,0.61203,0.61547,79177
2023-07-31,0.61378,0.62249,0.61363,0.6207,56928
2023-08-01,0.62055,0.62165,0.61305,0.6147,51900
2023-08-02,0.61452,0.61686,0.60677,0.60792,64790
2023-08-03,0.60781,0.60969,0.60596,0.60764,78545
2023-08-04,0.60762,0.61326,0.60679,0.60963,79517
2023-08-07,0.60848,0.61163,0.60832,0.61054,56791
2023-08-08,0.6104,0.61093,0.60339,0.60654,63900
2023-08-09,0.60654,0.60941,0.60349,0.60503,57199
2023-08-10,0.60494,0.61177,0.60197,0.60205,72604
2023-08-11,0.60195,0.60271,0.59743,0.59824,67043
2023-08-14,0.59814,0.59918,0.59432,0.59743,62399
2023-08-15,0.59735,0.59962,0.59481,0.59511,80970
2023-08-16,0.59509,0.59926,0.5926,0.59365,71232
2023-08-17,0.59365,0.59633,0.59027,0.59242,71932
2023-08-18,0.59219,0.59464,0.59086,0.5921,65430
2023-08-21,0.59274,0.59331,0.58958,0.59268,58736
2023-08-22,0.59141,0.59712,0.59009,0.59449,61308
2023-08-23,0.59447,0.59847,0.59265,0.59784,59791
2023-08-24,0.59788,0.598,0.59157,0.59222,65787
2023-08-25,0.59222,0.59421,0.58855,0.59021,66022
2023-08-28,0.59011,0.59251,0.5893,0.59095,51105
2023-08-29,0.59105,0.5977,0.58869,0.59707,66114
2023-08-30,0.59689,0.6006,0.59391,0.59547,63210
2023-08-31,0.59546,0.59765,0.593,0.59653,66795
2023-09-01,0.59646,0.60145,0.59339,0.59374,72974
2023-09-04,0.59333,0.59605,0.59312,0.59377,38538
2023-09-05,0.59334,0.59426,0.58585,0.58827,65666
2023-09-06,0.58822,0.59034,0.58588,0.58717,63887
2023-09-07,0.58708,0.58938,0.58617,0.58748,63240
2023-09-08,0.58711,0.59172,0.5869,0.58826,51294
2023-09-11,0.58909,0.59345,0.588,0.59188,60156
2023-09-12,0.59147,0.59214,0.58886,0.59018,50507
2023-09-13,0.58996,0.59264,0.58799,0.5917,61941
2023-09-14,0.59163,0.59443,0.59008,0.59103,61448
2023-09-15,0.591,0.59368,0.58925,0.58977,58186
2023-09-18,0.58969,0.59207,0.58924,0.59158,36906
2023-09-19,0.59149,0.59471,0.58954,0.59348,43378
2023-09-20,0.59341,0.59849,0.59202,0.59278,63091
2023-09-21,0.59263,0.59508,0.5895,0.59301,61021
2023-09-22,0.59295,0.59883,0.59186,0.59595,53316
2023-09-25,0.59545,0.59735,0.59424,0.59659,47532
2023-09-26,0.59665,0.5973,0.59356,0.59436,53928
2023-09-27,0.59434,0.59563,0.58992,0.59216,57143
2023-09-28,0.59208,0.59728,0.59055,0.59602,69578
2023-09-29,0.59607,0.60481,0.593,0.59967,69033
2023-10-02,0.5997,0.60075,0.59425,0.59456,57435
2023-10-03,0.59458,0.59542,0.58871,0.59077,72078
2023-10-04,0.59069,0.59245,0.58703,0.59125,73069
2023-10-05,0.5911,0.59672,0.5909,0.59641,72193
2023-10-06,0.5964,0.60032,0.59229,0.5989,75798
2023-10-09,0.59492,0.60273,0.59492,0.60208,61582
2023-10-10,0.60013,0.60483,0.59981,0.6045,73327
2023-10-11,0.6025,0.60549,0.60065,0.60188,70785
2023-10-12,0.60173,0.60251,0.59245,0.59257,63895
2023-10-13,0.59244,0.59286,0.58829,0.58835,68077
2023-10-16,0.59139,0.5929,0.58986,0.59258,55139
2023-10-17,0.5923,0.59278,0.58705,0.58952,61268
2023-10-18,0.58939,0.59192,0.58506,0.58547,65514
2023-10-19,0.58541,0.58664,0.58151,0.58483,79807
2023-10-20,0.58484,0.58503,0.58164,0.5827,59188
2023-10-23,0.58171,0.58572,0.5807,0.58445,49149
2023-10-24,0.58396,0.58721,0.58286,0.58434,56812
2023-10-25,0.58415,0.58693,0.58001,0.58012,60734
2023-10-26,0.58007,0.58289,0.57728,0.58194,66747
2023-10-27,0.58195,0.58434,0.58048,0.58084,56969
2023-10-30,0.5806,0.58441,0.58038,0.58406,51816
2023-10-31,0.58413,0.58566,0.58015,0.58018,58264
2023-11-01,0.58017,0.5858,0.57884,0.58455,67217
2023-11-02,0.58467,0.59165,0.58387,0.58973,54423
2023-11-03,0.58977,0.6,0.58839,0.59963,58418
2023-11-06,0.59896,0.60014,0.59588,0.59634,45701
2023-11-07,0.59633,0.59657,0.59105,0.5934,47398
2023-11-08,0.59345,0.59415,0.59056,0.591,48357
2023-11-09,0.59091,0.59541,0.58918,0.58937,49108
2023-11-10,0.58936,0.59041,0.58777,0.58886,47261
2023-11-13,0.58676,0.58982,0.58676,0.58757,36720
2023-11-14,0.58749,0.60129,0.58631,0.60079,52724
2023-11-15,0.60065,0.6054,0.59851,0.60218,55274
2023-11-16,0.6022,0.60294,0.59628,0.59696,55858
2023-11-17,0.59694,0.59968,0.59397,0.59889,52583
2023-11-20,0.59683,0.60425,0.59683,0.60355,55658
2023-11-21,0.60335,0.60854,0.60214,0.60481,61604
2023-11-22,0.6048,0.60636,0.59959,0.6021,60859
2023-11-23,0.6019,0.60659,0.60143,0.60476,34968
2023-11-24,0.60435,0.60892,0.60361,0.60793,34600
2023-11-27,0.60781,0.61068,0.60605,0.60968,48878
2023-11-28,0.60968,0.61466,0.60796,0.61352,56815
2023-11-29,0.61348,0.62076,0.61307,0.61541,70879
2023-11-30,0.61549,0.61815,0.61203,0.61526,73246
2023-12-01,0.61537,0.62095,0.61433,0.62089,74376
2023-12-04,0.61873,0.62219,0.61505,0.61649,64932
2023-12-05,0.6169,0.61737,0.61249,0.61277,70560
2023-12-06,0.61281,0.61763,0.61273,0.61358,61831
2023-12-07,0.61356,0.61929,0.61128,0.61681,74111
2023-12-08,0.61617,0.61746,0.61033,0.6121,83330
2023-12-11,0.61118,0.61316,0.61044,0.61223,57435
2023-12-12,0.61221,0.61692,0.61046,0.61325,60390
2023-12-13,0.6132,0.62131,0.60836,0.61733,71787
2023-12-14,0.6173,0.62492,0.61628,0.62044,99458
2023-12-15,0.62044,0.62289,0.61774,0.62075,81028
2023-12-18,0.6204,0.62506,0.61814,0.62104,59748
2023-12-19,0.62111,0.62722,0.62027,0.62708,61983
2023-12-20,0.62707,0.62982,0.62446,0.62457,61358
2023-12-21,0.62459,0.62955,0.62339,0.62929,66402
2023-12-22,0.62846,0.63176,0.62741,0.62943,74794
2023-12-25,0.62934,0.63049,0.62687,0.62743,739
2023-12-26,0.62997,0.63317,0.6276,0.63262,38087
2023-12-27,0.63245,0.63482,0.63043,0.63391,43116
2023-12-28,0.63387,0.63689,0.63236,0.63307,55176
2023-12-29,0.6331,0.63583,0.63038,0.63172,62504
2024-01-02,0.63189,0.63243,0.62484,0.6251,67428
2024-01-03,0.62493,0.62755,0.62184,0.62467,72666
2024-01-04,0.62454,0.62847,0.62207,0.62345,66939
2024-01-05,0.62327,0.6277,0.61806,0.62431,87169
2024-01-08,0.62356,0.62605,0.62118,0.62488,57972
2024-01-09,0.6248,0.62663,0.62255,0.62368,57403
2024-01-10,0.62369,0.62537,0.62153,0.62246,57402
2024-01-11,0.62246,0.62593,0.61951,0.6231,81134
2024-01-12,0.6229,0.62774,0.62261,0.62397,67874
2024-01-15,0.62381,0.62417,0.61826,0.61987,38306
2024-01-16,0.61963,0.62023,0.61261,0.61379,78381
2024-01-17,0.61377,0.61512,0.60876,0.61161,75991
2024-01-18,0.61169,0.61354,0.60931,0.61144,68332
2024-01-19,0.61141,0.6126,0.6089,0.6113,57730
2024-01-22,0.61087,0.61383,0.60713,0.60764,54230
2024-01-23,0.60763,0.61167,0.60615,0.61022,64619
2024-01-24,0.61023,0.61483,0.60884,0.61101,68584
2024-01-25,0.6107,0.61322,0.60994,0.61101,69019
2024-01-26,0.61104,0.61201,0.60893,0.60896,50087
2024-01-29,0.6091,0.61432,0.60854,0.61325,44991
2024-01-30,0.61329,0.61488,0.6105,0.61342,50710
2024-01-31,0.6131,0.61731,0.61009,0.61159,83075
2024-02-01,0.61163,0.61438,0.60794,0.61421,76188
2024-02-02,0.61419,0.61602,0.60582,0.60631,66888
2024-02-05,0.60648,0.60813,0.60376,0.60536,58297
2024-02-06,0.60494,0.6099,0.60443,0.6097,59516
2024-02-07,0.60972,0.61243,0.60914,0.61106,55382
2024-02-08,0.61109,0.6123,0.60785,0.60958,53756
2024-02-09,0.6094,0.61581,0.6082,0.61462,55477
2024-02-12,0.61424,0.61513,0.61198,0.6128,44202
2024-02-13,0.61293,0.61302,0.60491,0.60598,61474
2024-02-14,0.60597,0.60916,0.60509,0.60847,54691
2024-02-15,0.60847,0.61268,0.60759,0.61051,56923
2024-02-16,0.61058,0.61352,0.60856,0.61228,53567
2024-02-19,0.6114,0.61517,0.61112,0.61487,35050
2024-02-20,0.61488,0.61905,0.61285,0.61631,54464
2024-02-21,0.61633,0.61974,0.61521,0.61795,53743
2024-02-22,0.61783,0.62175,0.6172,0.61938,59230
2024-02-23,0.61929,0.62107,0.61801,0.61964,45698
2024-02-26,0.61928,0.61955,0.61618,0.6169,42852
2024-02-27,0.61706,0.61773,0.6151,0.61699,45329
2024-02-28,0.61698,0.61772,0.60814,0.60975,49933
2024-02-29,0.60967,0.61114,0.60765,0.60844,58076
2024-03-01,0.60834,0.61117,0.60719,0.61059,52520
2024-03-04,0.61065,0.61109,0.60877,0.60938,39574
2024-03-05,0.60988,0.61095,0.60705,0.60851,48574
2024-03-06,0.6085,0.61437,0.60684,0.61289,58238
2024-03-07,0.61277,0.61757,0.61221,0.61721,59405
2024-03-08,0.61716,0.62161,0.61608,0.61753,68966
2024-03-11,0.61745,0.61819,0.61598,0.61663,44806
2024-03-12,0.61663,0.61842,0.6135,0.61483,59156
2024-03-13,0.6148,0.61694,0.61423,0.61555,47385
2024-03-14,0.61553,0.61746,0.61211,0.61296,55636
2024-03-15,0.61277,0.61319,0.60804,0.60836,42586
2024-03-18,0.60838,0.60997,0.60769,0.60819,33451
2024-03-19,0.60819,0.6086,0.60335,0.60525,44622
2024-03-20,0.60525,0.60848,0.60242,0.60615,51551
2024-03-21,0.60618,0.61063,0.60378,0.60431,55055
2024-03-22,0.60416,0.60514,0.59888,0.59923,45004
2024-03-25,0.5993,0.60124,0.59852,0.60022,36215
2024-03-26,0.60023,0.60308,0.59955,0.60034,36419
2024-03-27,0.60034,0.601,0.59874,0.60023,32222
2024-03-28,0.60022,0.60045,0.59559,0.597,41206
2024-03-29,0.59701,0.5988,0.59665,0.59772,9461
2024-04-01,0.598,0.59924,0.5939,0.59527,30261
2024-04-02,0.59526,0.59728,0.59427,0.59703,38422
2024-04-03,0.59706,0.60105,0.59519,0.60079,38574
2024-04-04,0.6007,0.60462,0.60017,0.60243,34467
2024-04-05,0.60241,0.60306,0.5985,0.60113,49144
2024-04-08,0.601,0.60381,0.59958,0.60307,36930
2024-04-09,0.60303,0.60762,0.6027,0.6059,32195
2024-04-10,0.6055,0.60823,0.59654,0.59739,63102
2024-04-11,0.59735,0.60142,0.59687,0.59964,61136
2024-04-12,0.59963,0.60097,0.59333,0.59356,54307
2024-04-15,0.5941,0.59531,0.58977,0.59039,59562
2024-04-16,0.59032,0.59069,0.58677,0.58809,82150
2024-04-17,0.58801,0.59246,0.58597,0.59158,73246
2024-04-18,0.59153,0.59325,0.58982,0.59012,60974
2024-04-19,0.5901,0.59059,0.58514,0.58866,88221
2024-04-22,0.58804,0.59281,0.58804,0.59183,53478
2024-04-23,0.59179,0.59476,0.59018,0.59312,55865
2024-04-24,0.59311,0.59514,0.59201,0.59349,51535
2024-04-25,0.59345,0.59681,0.59195,0.59474,48944
2024-04-26,0.59468,0.59693,0.59285,0.59382,51742
2024-04-29,0.5952,0.5984,0.59398,0.59769,54915
2024-04-30,0.59764,0.5979,0.58854,0.58866,45016
2024-05-01,0.58862,0.59395,0.58734,0.59285,49354
2024-05-02,0.59276,0.59673,0.59133,0.59612,53513
2024-05-03,0.59568,0.60476,0.59474,0.60087,59830
2024-05-06,0.6013,0.60314,0.59949,0.60059,31107
2024-05-07,0.60072,0.60243,0.59947,0.60011,36024
2024-05-08,0.60009,0.60037,0.59805,0.60028,26879
2024-05-09,0.60029,0.60347,0.5992,0.60335,31200
2024-05-10,0.60314,0.60395,0.60082,0.60182,29070
2024-05-13,0.60101,0.60304,0.59997,0.60153,27775
2024-05-14,0.60141,0.60422,0.59944,0.60395,31330
2024-05-15,0.60396,0.6124,0.60271,0.61206,38712
2024-05-16,0.61187,0.61398,0.60948,0.61207,31399
2024-05-17,0.61195,0.6139,0.61005,0.61331,26035
2024-05-20,0.6131,0.6137,0.60959,0.6104,28540
2024-05-21,0.61043,0.61098,0.60867,0.60906,33980
2024-05-22,0.60899,0.61518,0.60822,0.60957,43521
2024-05-23,0.60946,0.61332,0.60897,0.60978,54906
2024-05-24,0.60977,0.6126,0.60869,0.61202,40101
2024-05-27,0.6112,0.61532,0.61087,0.61473,22807
2024-05-28,0.61462,0.61698,0.61369,0.614,45854
2024-05-29,0.61385,0.61474,0.61109,0.61139,48363
2024-05-30,0.61134,0.61309,0.60884,0.61134,54204
2024-05-31,0.61117,0.61651,0.6111,0.61419,55847
2024-06-03,0.6134,0.61926,0.61258,0.61916,57810
2024-06-04,0.61894,0.61977,0.61551,0.61758,65994
2024-06-05,0.61765,0.61977,0.61691,0.61917,57121
2024-06-06,0.61909,0.62148,0.61731,0.61973,48009
2024-06-07,0.61949,0.6203,0.61011,0.61014,58537
2024-06-10,0.61006,0.61279,0.6099,0.61269,41245
2024-06-11,0.61251,0.61495,0.61172,0.61428,42265
2024-06-12,0.6143,0.62214,0.61336,0.61845,68852
2024-06-13,0.61847,0.61983,0.61596,0.61674,53515
2024-06-14,0.61678,0.61697,0.61154,0.61405,59684
2024-06-17,0.61203,0.61402,0.6104,0.61307,39267
2024-06-18,0.61303,0.61478,0.60965,0.61432,49757
2024-06-19,0.61426,0.61453,0.61276,0.61307,22955
2024-06-20,0.61311,0.61473,0.6111,0.61184,41957
2024-06-21,0.61182,0.6134,0.61085,0.61169,38239
2024-06-24,0.6115,0.61398,0.61041,0.61238,30516
2024-06-25,0.61227,0.61298,0.61071,0.61204,32058
2024-06-26,0.61209,0.61275,0.60735,0.60816,35707
2024-06-27,0.60769,0.61081,0.60681,0.60814,35069
2024-06-28,0.60837,0.61045,0.60571,0.60904,44659
2024-07-01,0.6102,0.61069,0.60645,0.60749,38318
2024-07-02,0.6071,0.6082,0.6047,0.60776,37551
2024-07-03,0.60748,0.61284,0.6069,0.61018,34215
2024-07-04,0.61017,0.61221,0.60978,0.6116,17659
2024-07-05,0.61156,0.61483,0.61072,0.61442,40097
2024-07-08,0.6134,0.6153,0.61228,0.61239,28370
2024-07-09,0.61237,0.61323,0.61115,0.61242,30124
2024-07-10,0.61226,0.61313,0.60644,0.60807,31248
2024-07-11,0.60804,0.61342,0.60786,0.60945,48514
2024-07-12,0.60942,0.61256,0.60758,0.61175,46482
2024-07-15,0.6106,0.61125,0.60722,0.6073,35200
2024-07-16,0.60722,0.60773,0.60357,0.6049,35351
2024-07-17,0.60464,0.60969,0.60328,0.60818,48984
2024-07-18,0.60792,0.60823,0.6043,0.60437,45281
2024-07-19,0.60434,0.60483,0.6005,0.60074,37706
2024-07-22,0.6014,0.60275,0.59712,0.59757,33291
2024-07-23,0.5974,0.59809,0.59501,0.59555,29553
2024-07-24,0.59554,0.5957,0.59132,0.5929,38769
2024-07-25,0.59279,0.59311,0.58747,0.58856,52837
2024-07-26,0.58835,0.59051,0.58824,0.58862,33102
2024-07-29,0.589,0.58999,0.58572,0.58748,27572
2024-07-30,0.58716,0.5905,0.58601,0.59023,31104
2024-07-31,0.59007,0.59611,0.58872,0.59487,57017
2024-08-01,0.59488,0.59823,0.59372,0.59479,52414
2024-08-02,0.59476,0.5984,0.59299,0.59563,68314
2024-08-05,0.59441,0.59711,0.58494,0.59389,133092
2024-08-06,0.59384,0.59796,0.59125,0.5952,92263
2024-08-07,0.59516,0.60247,0.5932,0.59937,74551
2024-08-08,0.59901,0.60139,0.59767,0.60124,61092
2024-08-09,0.60123,0.60344,0.59902,0.59979,45036
2024-08-12,0.6003,0.60321,0.59886,0.6019,35725
2024-08-13,0.60183,0.60812,0.60133,0.60708,45055
2024-08-14,0.60709,0.60832,0.59942,0.59979,64290
2024-08-15,0.59982,0.60141,0.59738,0.59847,48380
2024-08-16,0.59842,0.6055,0.5978,0.60527,35228
2024-08-19,0.60404,0.61162,0.60331,0.61097,41055
2024-08-20,0.61094,0.61568,0.6107,0.61505,45906
2024-08-21,0.61507,0.61776,0.6132,0.61547,50687
2024-08-22,0.61552,0.61692,0.61274,0.61349,46393
2024-08-23,0.61351,0.62359,0.61302,0.62327,58026
2024-08-26,0.62122,0.62322,0.61932,0.62011,43915
2024-08-27,0.62015,0.62542,0.61923,0.62509,43920
2024-08-28,0.62384,0.6253,0.62236,0.62428,50868
2024-08-29,0.62431,0.62986,0.62391,0.62561,54577
2024-08-30,0.62563,0.62735,0.62293,0.62481,47861
2024-09-02,0.62311,0.62527,0.62204,0.62322,23946
2024-09-03,0.62341,0.62352,0.61793,0.61858,50649
2024-09-04,0.61833,0.6216,0.61683,0.61972,50050
2024-09-05,0.61963,0.62257,0.61775,0.62219,44019
2024-09-06,0.62219,0.62537,0.61555,0.61732,65191
2024-09-09,0.6172,0.61856,0.61239,0.61432,38771
2024-09-10,0.61425,0.61647,0.61313,0.61485,38315
2024-09-11,0.61482,0.61566,0.61059,0.61353,61231
2024-09-12,0.61308,0.6184,0.61197,0.61714,51223
2024-09-13,0.61731,0.61934,0.61516,0.61568,40064
2024-09-16,0.61552,0.62013,0.61536,0.62005,35802
2024-09-17,0.6188,0.62104,0.61753,0.61833,41361
2024-09-18,0.61811,0.62672,0.61749,0.62072,69717
2024-09-19,0.62076,0.62681,0.61805,0.62371,70426
2024-09-20,0.62362,0.62596,0.62094,0.62364,61110
2024-09-23,0.62229,0.62796,0.62214,0.62657,43330
2024-09-24,0.62644,0.63422,0.62584,0.63385,52712
2024-09-25,0.63368,0.6355,0.62591,0.62612,51470
2024-09-26,0.62599,0.63316,0.62519,0.63267,60509
2024-09-27,0.63261,0.63667,0.62953,0.63398,71131
2024-09-30,0.63341,0.63786,0.63332,0.63462,77908
2024-10-01,0.63467,0.63483,0.62641,0.62791,90309
2024-10-02,0.62795,0.63129,0.62575,0.62609,68833
2024-10-03,0.62603,0.62635,0.62097,0.62115,79142
2024-10-04,0.62093,0.62189,0.6145,0.61571,70198
2024-10-07,0.61511,0.61728,0.61121,0.61236,67463
2024-10-08,0.61254,0.61445,0.61065,0.6137,72062
2024-10-09,0.61376,0.61403,0.60521,0.60616,68445
2024-10-10,0.6062,0.6097,0.60529,0.60913,75342
2024-10-11,0.60922,0.61192,0.60821,0.6108,46318
2024-10-14,0.60894,0.61035,0.60695,0.60945,50906
2024-10-15,0.60943,0.61053,0.60732,0.60818,55809
2024-10-16,0.60814,0.60875,0.60392,0.60553,59094
2024-10-17,0.60543,0.60751,0.6044,0.60584,58985
2024-10-18,0.60549,0.60795,0.60527,0.60706,49075
2024-10-21,0.60633,0.60835,0.60282,0.60293,53415
2024-10-22,0.60299,0.60607,0.60205,0.60419,50878
2024-10-23,0.60423,0.60524,0.59908,0.60037,46119
2024-10-24,0.60018,0.60316,0.59898,0.6014,56328
2024-10-25,0.60138,0.60163,0.59736,0.5976,48869
2024-10-28,0.59798,0.59971,0.59572,0.59783,46018
2024-10-29,0.59799,0.5989,0.59528,0.59685,58614
2024-10-30,0.59685,0.60013,0.59501,0.59733,58425
2024-10-31,0.5973,0.59826,0.59393,0.59771,65176
2024-11-01,0.59769,0.59986,0.59579,0.59625,61921
2024-11-04,0.59995,0.60151,0.59703,0.59711,60756
2024-11-05,0.59703,0.60148,0.59663,0.60054,52623
2024-11-06,0.60057,0.60203,0.59114,0.59369,165252
2024-11-07,0.5937,0.60373,0.59288,0.60234,85344
2024-11-08,0.60226,0.60252,0.59468,0.59642,73140
2024-11-11,0.59606,0.59771,0.59398,0.59621,50774
2024-11-12,0.59617,0.59722,0.59091,0.59242,68930
2024-11-13,0.59215,0.59468,0.58756,0.58779,76092
2024-11-14,0.58783,0.5884,0.58387,0.58484,78766
2024-11-15,0.58419,0.58802,0.58396,0.58639,76166
2024-11-18,0.58606,0.58976,0.58357,0.58918,54575
2024-11-19,0.58903,0.59129,0.58737,0.59101,71357
2024-11-20,0.59085,0.59213,0.58634,0.58746,47358
2024-11-21,0.58748,0.58855,0.58492,0.5858,65230
2024-11-22,0.58579,0.58599,0.5816,0.5833,79829
2024-11-25,0.58526,0.58686,0.5835,0.58439,65832
2024-11-26,0.58393,0.58654,0.57964,0.58332,78077
2024-11-27,0.58329,0.59077,0.58252,0.58924,74540
2024-11-28,0.58925,0.59046,0.58729,0.58867,43901
2024-11-29,0.58879,0.59285,0.58825,0.59126,64364
2024-12-02,0.59082,0.59145,0.58634,0.58776,79065
2024-12-03,0.58783,0.59044,0.58638,0.58751,59701
2024-12-04,0.58752,0.58839,0.58285,0.58453,68102
2024-12-05,0.58452,0.58871,0.58439,0.58794,54203
2024-12-06,0.58771,0.58885,0.58207,0.58277,66808
2024-12-09,0.58349,0.58876,0.58037,0.58594,51736
2024-12-10,0.58594,0.58662,0.57909,0.57942,55387
2024-12-11,0.57955,0.58081,0.57609,0.57789,70094
2024-12-12,0.57802,0.58172,0.57619,0.57647,70105
2024-12-13,0.57657,0.57779,0.57531,0.57593,53628
2024-12-16,0.57537,0.57859,0.57529,0.5776,47605
2024-12-17,0.57737,0.57925,0.57474,0.57484,47807
2024-12-18,0.57497,0.57582,0.56173,0.56177,63314
2024-12-19,0.56186,0.56618,0.56073,0.56242,75382
2024-12-20,0.56256,0.56719,0.56123,0.56519,64763
2024-12-23,0.56476,0.56606,0.56314,0.56424,44979
2024-12-24,0.56443,0.56517,0.56239,0.56295,34533
2024-12-25,0.5643,0.56439,0.56422,0.56422,16
2024-12-26,0.5648,0.56593,0.56176,0.56187,47679
2024-12-27,0.56236,0.56429,0.56132,0.56287,43000
2024-12-30,0.56254,0.56639,0.56179,0.56337,40915
2024-12-31,0.56336,0.5646,0.55873,0.55888,48455
2025-01-02,0.55872,0.56242,0.55838,0.55893,54736
2025-01-03,0.55903,0.56136,0.55893,0.56096,44215
2025-01-06,0.56093,0.56842,0.5607,0.56374,71585
2025-01-07,0.56377,0.56922,0.56285,0.56292,57796
2025-01-08,0.56298,0.56412,0.5589,0.56025,60830
2025-01-09,0.56061,0.56082,0.55714,0.5598,43332
2025-01-10,0.55944,0.56022,0.55423,0.55524,67122
2025-01-13,0.55479,0.55832,0.55409,0.55781,56127
2025-01-14,0.55778,0.56306,0.55737,0.56029,62492
2025-01-15,0.55953,0.56505,0.55926,0.56142,55930
2025-01-16,0.56143,0.56324,0.55816,0.56059,59683
2025-01-17,0.56024,0.5615,0.55627,0.55795,53109
2025-01-20,0.55913,0.56839,0.55787,0.56661,64699
2025-01-21,0.56671,0.56886,0.56161,0.56732,82886
2025-01-22,0.56754,0.56873,0.56486,0.56591,61514
2025-01-23,0.56582,0.56852,0.56461,0.56737,61198
2025-01-24,0.56741,0.5723,0.56681,0.57067,69265
2025-01-27,0.56913,0.57046,0.56762,0.56904,70121
2025-01-28,0.56858,0.56909,0.56476,0.56654,61914
2025-01-29,0.5665,0.56679,0.56338,0.56567,64272
2025-01-30,0.56485,0.56673,0.56219,0.56332,58409
2025-01-31,0.56242,0.56837,0.56203,0.5635,78609
2025-02-03,0.55768,0.56402,0.55158,0.56276,130794
2025-02-04,0.56176,0.56542,0.55814,0.56497,68723
2025-02-05,0.56409,0.57019,0.56402,0.56862,58749
2025-02-06,0.56779,0.56906,0.56512,0.56742,49787
2025-02-07,0.56641,0.56944,0.56399,0.56518,70639
2025-02-10,0.561,0.56634,0.56078,0.564,49234
2025-02-11,0.56333,0.56607,0.56283,0.56537,41905
2025-02-12,0.56452,0.56712,0.55999,0.56404,65854
2025-02-13,0.56321,0.56789,0.56223,0.56774,68140
2025-02-14,0.56761,0.57376,0.56636,0.57232,53596
2025-02-17,0.57163,0.57499,0.57144,0.57352,40312
2025-02-18,0.57354,0.57356,0.56934,0.57032,50202
2025-02-19,0.56939,0.57314,0.56773,0.57039,53166
2025-02-20,0.5694,0.57669,0.56929,0.57614,59197
2025-02-21,0.57602,0.57723,0.57346,0.57399,60184
2025-02-24,0.57386,0.57696,0.57289,0.57322,68778
2025-02-25,0.57276,0.57381,0.57058,0.57243,64044
2025-02-26,0.57171,0.57323,0.56878,0.56947,66813
2025-02-27,0.56869,0.57009,0.56289,0.56306,73798
2025-02-28,0.56217,0.56329,0.55848,0.55957,69418
2025-03-03,0.55888,0.56397,0.55888,0.5616,73111
2025-03-04,0.56058,0.56651,0.55949,0.56638,101940
2025-03-05,0.56638,0.57313,0.56371,0.57261,108567
2025-03-06,0.57255,0.57594,0.57195,0.57345,100225
2025-03-07,0.57278,0.57407,0.56918,0.5707,94939
2025-03-10,0.57066,0.5742,0.5687,0.56977,83436
2025-03-11,0.56979,0.57261,0.56771,0.57156,94536
2025-03-12,0.57142,0.57384,0.56973,0.57287,77488
2025-03-13,0.57282,0.57414,0.56819,0.56953,71819
2025-03-14,0.56977,0.5755,0.56911,0.57468,61974
2025-03-17,0.57424,0.58255,0.57402,0.58192,55007
2025-03-18,0.58187,0.58307,0.57974,0.58193,49993
2025-03-19,0.58187,0.58197,0.57736,0.58152,55082
2025-03-20,0.58141,0.58251,0.57224,0.57574,63077
2025-03-21,0.57547,0.57671,0.57241,0.57288,52179
2025-03-24,0.57287,0.5749,0.57089,0.57276,57239
2025-03-25,0.57273,0.57501,0.57106,0.57321,55123
2025-03-26,0.57317,0.57621,0.5714,0.57272,56283
2025-03-27,0.57275,0.57551,0.57114,0.57393,68886
2025-03-28,0.57389,0.57423,0.57095,0.57155,63037
2025-03-31,0.57111,0.5722,0.56481,0.56774,77862
2025-04-01,0.56732,0.5704,0.56623,0.56995,75521
2025-04-02,0.56891,0.57784,0.56891,0.57432,66844
2025-04-03,0.57296,0.58527,0.56811,0.5793,149053
2025-04-04,0.57926,0.57966,0.55511,0.5593,171257
2025-04-07,0.55719,0.56428,0.5506,0.55355,232950
2025-04-08,0.55301,0.56258,0.552,0.55331,135711
2025-04-09,0.55243,0.56676,0.54847,0.56434,207861
2025-04-10,0.56367,0.57652,0.56277,0.57386,166165
2025-04-11,0.57301,0.58395,0.57287,0.58158,177794
2025-04-14,0.58117,0.5891,0.58117,0.5876,108272
2025-04-15,0.58613,0.59434,0.58603,0.58985,87952
2025-04-16,0.58929,0.59362,0.58857,0.59334,95118
2025-04-17,0.5928,0.59775,0.58994,0.59704,75538
2025-04-18,0.59554,0.59728,0.59209,0.59243,256447
2025-04-21,0.59183,0.60188,0.59183,0.59999,78534
2025-04-22,0.59897,0.60289,0.59629,0.59635,83434
2025-04-23,0.59603,0.6013,0.59364,0.59446,102883
2025-04-24,0.59409,0.6,0.59409,0.59966,67300
2025-04-25,0.59861,0.60006,0.59481,0.59572,64219
2025-04-28,0.59477,0.59818,0.59278,0.59783,61460
2025-04-29,0.59737,0.59863,0.59263,0.59292,62367
2025-04-30,0.59313,0.59492,0.58979,0.59331,68052
2025-05-01,0.59271,0.59508,0.58932,0.59057,62258
2025-05-02,0.59029,0.5977,0.59003,0.59438,76398
2025-05-05,0.59403,0.59954,0.59391,0.59666,61791
2025-05-06,0.59708,0.60128,0.59434,0.60068,60155
2025-05-07,0.60008,0.60224,0.59342,0.59402,79061
2025-05-08,0.59369,0.59742,0.59004,0.5905,74724
2025-05-09,0.59032,0.59201,0.58704,0.59037,55028
2025-05-12,0.59173,0.59404,0.58462,0.58544,81601
2025-05-13,0.58475,0.59418,0.58464,0.5937,63769
2025-05-14,0.59293,0.59686,0.58927,0.58977,69977
2025-05-15,0.58917,0.59156,0.58601,0.58768,62533
2025-05-16,0.58657,0.59177,0.58648,0.58796,51959
2025-05-19,0.58744,0.59321,0.58736,0.59304,60159
2025-05-20,0.59241,0.59314,0.58938,0.5925,59788
2025-05-21,0.59164,0.59675,0.59148,0.59391,69772
2025-05-22,0.59323,0.59413,0.58938,0.58979,64284
2025-05-23,0.5891,0.59893,0.5891,0.59844,62388
2025-05-26,0.59815,0.60313,0.598,0.59995,47829
2025-05-27,0.59927,0.60062,0.59397,0.5947,59340
2025-05-28,0.59515,0.59792,0.59235,0.59667,65240
2025-05-29,0.5967,0.59918,0.59248,0.59679,77768
2025-05-30,0.59584,0.59893,0.59468,0.59616,71606
2025-06-02,0.59554,0.60434,0.5953,0.6036,65969
2025-06-03,0.60256,0.60541,0.5987,0.59974,61472
2025-06-04,0.59905,0.60389,0.59898,0.60259,60439
2025-06-05,0.60228,0.60799,0.60228,0.60351,67376
2025-06-06,0.60323,0.60498,0.6006,0.6015,64166
2025-06-09,0.60083,0.60649,0.60083,0.60469,51040
2025-06-10,0.60397,0.60582,0.60274,0.60512,62824
2025-06-11,0.60477,0.60656,0.6023,0.60283,64685
2025-06-12,0.60267,0.60707,0.60053,0.6068,69999
2025-06-13,0.60693,0.60693,0.59947,0.60157,89824
2025-06-16,0.59983,0.60873,0.59966,0.60605,78612
2025-06-17,0.60522,0.60793,0.60096,0.60142,72926
2025-06-18,0.60103,0.60567,0.6009,0.60285,78850
2025-06-19,0.60209,0.60328,0.59586,0.59916,60270
2025-06-20,0.59786,0.60088,0.59581,0.59586,60026
2025-06-23,0.59434,0.59801,0.58825,0.59767,97970
2025-06-24,0.59523,0.60408,0.59475,0.60059,74552
2025-06-25,0.60037,0.60421,0.60015,0.60386,54720
2025-06-26,0.6031,0.60743,0.60288,0.60567,76434
2025-06-27,0.60505,0.60778,0.60368,0.60511,67089
2025-06-30,0.60435,0.60984,0.60432,0.60962,64943
2025-07-01,0.60835,0.61199,0.6075,0.60977,60598
2025-07-02,0.60915,0.61056,0.60495,0.60879,60338
2025-07-03,0.6077,0.60925,0.60295,0.60695,59175
2025-07-04,0.60691,0.60816,0.60497,0.60515,56220
2025-07-07,0.60496,0.60587,0.5988,0.59935,64779
2025-07-08,0.59936,0.60347,0.59789,0.59974,67759
2025-07-09,0.59911,0.6014,0.59756,0.59989,60319
2025-07-10,0.59957,0.60357,0.59946,0.60344,49076
2025-07-11,0.60341,0.60429,0.60004,0.60059,67086
2025-07-14,0.59914,0.60141,0.59681,0.59721,55553
2025-07-15,0.59686,0.60054,0.59382,0.59445,61981
2025-07-16,0.5945,0.59694,0.59121,0.5947,74075
2025-07-17,0.59407,0.59484,0.59042,0.59307,57092
2025-07-18,0.59239,0.59907,0.59239,0.59546,49167
2025-07-21,0.59672,0.59845,0.59382,0.59673,47234
2025-07-22,0.59645,0.60039,0.59402,0.60011,47216
2025-07-23,0.59836,0.6047,0.59791,0.60452,57268
2025-07-24,0.60409,0.6059,0.60257,0.60284,56084
2025-07-25,0.60262,0.60387,0.59974,0.60154,54797
2025-07-28,0.60067,0.60323,0.5966,0.59692,64418
2025-07-29,0.5966,0.5976,0.59421,0.59542,60147
2025-07-30,0.59505,0.59711,0.58881,0.58942,70947
2025-07-31,0.58919,0.59366,0.58877,0.58881,64361
2025-08-01,0.58874,0.59284,0.58539,0.59086,86348
2025-08-04,0.59055,0.593,0.58983,0.59063,70771
2025-08-05,0.59036,0.59221,0.58808,0.59012,66095
2025-08-06,0.58961,0.59408,0.58901,0.59288,58056
2025-08-07,0.59262,0.5967,0.59225,0.59602,65517
2025-08-08,0.59455,0.59714,0.59413,0.59468,53443
2025-08-11,0.59477,0.59585,0.59245,0.59381,48716
2025-08-12,0.59316,0.59655,0.59126,0.59541,68802
2025-08-13,0.59505,0.59953,0.59446,0.5975,46241
2025-08-14,0.59715,0.59906,0.59081,0.59178,62484
2025-08-15,0.59136,0.59386,0.5907,0.592,47493
2025-08-18,0.59163,0.59423,0.59092,0.59214,45947
2025-08-19,0.59162,0.59301,0.58908,0.58928,49969
2025-08-20,0.58921,0.58976,0.58146,0.58233,58029
2025-08-21,0.58207,0.58325,0.58103,0.58181,52233
2025-08-22,0.58155,0.58758,0.57994,0.58643,57961
2025-08-25,0.58575,0.58801,0.58451,0.58488,45754
2025-08-26,0.58485,0.58676,0.58282,0.586,55073
2025-08-27,0.58435,0.58647,0.58177,0.58578,46573
2025-08-28,0.58406,0.58914,0.58406,0.58835,50521
2025-08-29,0.58817,0.59053,0.58796,0.58934,48184
2025-09-01,0.58808,0.59142,0.58807,0.59027,38636
2025-09-02,0.58976,0.59073,0.58372,0.58646,65784
2025-09-03,0.58574,0.58831,0.5841,0.58788,56609
2025-09-04,0.58624,0.58895,0.58324,0.5846,51486
2025-09-05,0.58399,0.59174,0.58399,0.58889,57633
2025-09-08,0.58872,0.59451,0.58768,0.59395,49105
2025-09-09,0.59392,0.59593,0.59223,0.59248,51871
2025-09-10,0.59267,0.59634,0.59207,0.59391,53476
2025-09-11,0.59363,0.59793,0.59127,0.59768,58446
2025-09-12,0.59535,0.59783,0.59394,0.59526,41305
2025-09-15,0.59408,0.59745,0.59408,0.59704,39624
2025-09-16,0.59547,0.59905,0.59547,0.59875,45702
2025-09-17,0.59753,0.60069,0.59478,0.59618,51857
2025-09-18,0.59614,0.5966,0.58718,0.5882,61811
2025-09-19,0.5883,0.58913,0.58533,0.5855,49319
2025-09-22,0.58575,0.5871,0.58421,0.58678,41381
2025-09-23,0.58583,0.58692,0.58448,0.58579,45231
2025-09-24,0.58469,0.58657,0.58079,0.58134,42291
2025-09-25,0.58212,0.58308,0.57583,0.57669,47561
2025-09-26,0.57671,0.57755,0.57538,0.57711,43463
2025-09-29,0.57763,0.57956,0.57684,0.57767,40537
2025-09-30,0.57737,0.58074,0.57721,0.57933,51092
2025-10-01,0.57935,0.58309,0.5786,0.58164,56791
2025-10-02,0.58026,0.58427,0.58001,0.58168,44504
2025-10-03,0.58159,0.5838,0.5809,0.58287,39424
2025-10-06,0.58031,0.58449,0.58013,0.58416,46886
2025-10-07,0.58262,0.58422,0.57937,0.57987,43517
2025-10-08,0.57981,0.58016,0.57365,0.57868,51185
2025-10-09,0.57834,0.5806,0.57337,0.57443,57222
2025-10-10,0.57443,0.5758,0.57149,0.57161,60117
2025-10-13,0.57345,0.57451,0.57186,0.57254,54116
2025-10-14,0.5725,0.57282,0.56823,0.57147,59116
2025-10-15,0.57142,0.57316,0.57053,0.57237,45758
2025-10-16,0.572,0.57553,0.57113,0.57239,53913
2025-10-17,0.57226,0.57427,0.57116,0.57197,56356
2025-10-20,0.57237,0.57528,0.57183,0.57435,39143
2025-10-21,0.57373,0.57519,0.57096,0.57407,47390
2025-10-22,0.57323,0.57607,0.57292,0.57381,47090
2025-10-23,0.57372,0.57549,0.57242,0.57518,33430
2025-10-24,0.57439,0.57746,0.5738,0.57455,40786
2025-10-27,0.57734,0.57739,0.57505,0.57685,39274
2025-10-28,0.57671,0.57892,0.57586,0.57806,37477
2025-10-29,0.57791,0.58012,0.57486,0.57631,55430
2025-10-30,0.57624,0.5788,0.57257,0.57414,52222
2025-10-31,0.57409,0.57447,0.57136,0.57198,38821
2025-11-03,0.5719,0.57299,0.56921,0.57069,34805
2025-11-04,0.57035,0.57098,0.56345,0.56425,44891
2025-11-05,0.56483,0.56652,0.56302,0.56622,42954
2025-11-06,0.56532,0.567,0.56257,0.56348,45981
2025-11-07,0.56268,0.56405,0.56059,0.56246,44633
2025-11-10,0.56206,0.56502,0.56193,0.56443,38959
2025-11-11,0.564,0.56687,0.5631,0.56536,33048
2025-11-12,0.56485,0.56705,0.56451,0.56657,36204
2025-11-13,0.5666,0.56824,0.56343,0.5653,53142
2025-11-14,0.56465,0.56912,0.56415,0.56776,52413
2025-11-17,0.56727,0.56887,0.56485,0.56571,44873
2025-11-18,0.56564,0.56748,0.56379,0.5657,55195
2025-11-19,0.56579,0.56616,0.55897,0.56031,52774
2025-11-20,0.55962,0.56385,0.55821,0.55826,61130
2025-11-21,0.55869,0.56155,0.55763,0.56092,63595
2025-11-24,0.56065,0.56146,0.55952,0.56103,41402
2025-11-25,0.56096,0.56283,0.5591,0.56194,49895
2025-11-26,0.56125,0.57012,0.56125,0.56983,58407
2025-11-27,0.56976,0.57316,0.56881,0.57284,32909
2025-11-28,0.57199,0.57435,0.57037,0.57298,134061
2025-12-01,0.57243,0.57515,0.57229,0.57283,42307
2025-12-02,0.57217,0.57444,0.57109,0.5737,30499
2025-12-03,0.57298,0.57775,0.57297,0.57733,36710
2025-12-04,0.57702,0.57785,0.57578,0.57612,32708
2025-12-05,0.57585,0.57867,0.57559,0.57729,38432
2025-12-08,0.57709,0.57922,0.57585,0.57748,44802
2025-12-09,0.57745,0.57946,0.5767,0.57807,47407
2025-12-10,0.5776,0.58245,0.5761,0.58152,53198
2025-12-11,0.58142,0.5831,0.57878,0.58081,54698
2025-12-12,0.58061,0.58204,0.57875,0.58027,49016
2025-12-15,0.57953,0.58083,0.57651,0.57823,51009
2025-12-16,0.5775,0.58067,0.5758,0.57825,59875
2025-12-17,0.57803,0.57939,0.5767,0.57731,54199
2025-12-18,0.57731,0.5788,0.57541,0.57749,56968
2025-12-19,0.5772,0.57832,0.57358,0.57536,46438
2025-12-22,0.57493,0.58011,0.57391,0.57946,43579
2025-12-23,0.57875,0.58429,0.57868,0.58407,57427
2025-12-24,0.58239,0.58531,0.58239,0.58354,47673
2025-12-26,0.58374,0.58423,0.5816,0.5821,43780
2025-12-29,0.58216,0.58333,0.57897,0.58033,52319
2025-12-30,0.58002,0.58193,0.57882,0.57918,39279
2025-12-31,0.57905,0.57919,0.57398,0.57519,41819
2026-01-02,0.57584,0.57777,0.57512,0.57665,42433
2026-01-05,0.57548,0.57918,0.57368,0.57883,57377
2026-01-06,0.57853,0.58102,0.57684,0.57838,49938
2026-01-07,0.578,0.57931,0.57695,0.57721,48366
2026-01-08,0.57708,0.57752,0.57372,0.57505,47139
2026-01-09,0.5746,0.57534,0.57108,0.57303,53514
2026-01-12,0.57228,0.57746,0.57222,0.57706,43906
2026-01-13,0.577,0.57822,0.57348,0.57363,51906
2026-01-14,0.57363,0.57558,0.57302,0.57471,45469
2026-01-15,0.57476,0.57522,0.57252,0.5742,44009
2026-01-16,0.5741,0.57672,0.57369,0.57496,36126
2026-01-19,0.57401,0.58025,0.57389,0.57979,39897
2026-01-20,0.57961,0.58509,0.57885,0.58323,54684
2026-01-21,0.58288,0.58661,0.58205,0.58439,53881
2026-01-22,0.584,0.59279,0.58348,0.59267,44746
2026-01-23,0.59246,0.5951,0.58911,0.59439,51544
2026-01-26,0.59425,0.59989,0.59419,0.59724,62593
2026-01-27,0.59713,0.60506,0.59547,0.60447,62610
2026-01-28,0.60431,0.60612,0.60075,0.606,81276
2026-01-29,0.6052,0.60924,0.60223,0.60781,95351
2026-01-30,0.60636,0.60804,0.60097,0.60177,112921
2026-02-02,0.60091,0.60335,0.59901,0.59985,116406
2026-02-03,0.59932,0.6063,0.59907,0.60454,83147
2026-02-04,0.60413,0.60496,0.59874,0.6002,82504
2026-02-05,0.60014,0.60092,0.59477,0.59498,92456
2026-02-06,0.59477,0.60267,0.5928,0.6015,65802
2026-02-09,0.6011,0.60596,0.59968,0.60561,67664
2026-02-10,0.60273,0.60611,0.60273,0.60433,54038
2026-02-11,0.60384,0.60731,0.60237,0.60478,75694
2026-02-12,0.60267,0.60757,0.60255,0.60352,73431
2026-02-13,0.60315,0.60504,0.60142,0.60376,74391
2026-02-16,0.60175,0.6048,0.60167,0.60329,33281
2026-02-17,0.60304,0.60506,0.6004,0.6049,67924
2026-02-18,0.60456,0.60528,0.59614,0.59643,53711
2026-02-19,0.59616,0.59901,0.59455,0.59719,60769
2026-02-20,0.59695,0.59849,0.59377,0.5973,79835
2026-02-23,0.5974,0.60033,0.59513,0.59547,66535
2026-02-24,0.59553,0.59737,0.59422,0.59657,52721
2026-02-25,0.59591,0.60024,0.59563,0.60004,48526
2026-02-26,0.59961,0.60126,0.5957,0.59796,58014
2026-02-27,0.59758,0.60045,0.59671,0.59929,63998
2026-03-02,0.59467,0.59944,0.59159,0.59405,108181
2026-03-03,0.59377,0.59554,0.58357,0.58877,144403
2026-03-04,0.58873,0.59421,0.5861,0.59403,116379
2026-03-05,0.59338,0.59483,0.58727,0.58952,117669
2026-03-06,0.58967,0.59154,0.58572,0.58985,116542
2026-03-09,0.58622,0.59349,0.58484,0.59337,155994
2026-03-10,0.59318,0.59642,0.59072,0.59278,121195
2026-03-11,0.59268,0.59481,0.59023,0.59133,99044
2026-03-12,0.59114,0.59175,0.58507,0.58528,94483
2026-03-13,0.58509,0.58619,0.57719,0.57732,90464
2026-03-16,0.57858,0.58689,0.57735,0.58604,72178
2026-03-17,0.58587,0.58685,0.58166,0.58575,71251
2026-03-18,0.58557,0.58723,0.57883,0.57949,82783
2026-03-19,0.57945,0.58923,0.57849,0.58734,127046
2026-03-20,0.58721,0.58916,0.58174,0.58244,103484
2026-03-23,0.58141,0.58871,0.57618,0.58574,184462
2026-03-24,0.5856,0.58691,0.57933,0.58358,142007
2026-03-25,0.58342,0.58431,0.58037,0.58052,96451
2026-03-26,0.58041,0.58113,0.575,0.57612,78646
2026-03-27,0.57605,0.57776,0.57376,0.57437,74021
2026-03-30,0.57458,0.57491,0.56993,0.5721,76522
2026-03-31,0.5718,0.57484,0.56976,0.57461,104140
2026-04-01,0.57401,0.57775,0.57304,0.57527,86649
2026-04-02,0.57509,0.57587,0.56995,0.57165,98419
2026-04-03,0.57051,0.57201,0.56773,0.56851,21559
2026-04-06,0.56858,0.57294,0.56811,0.57117,64462
2026-04-07,0.57044,0.57329,0.56891,0.57322,92468
2026-04-08,0.5718,0.58588,0.57084,0.58216,121619
2026-04-09,0.5824,0.58733,0.58128,0.58588,64747
2026-04-10,0.58579,0.58687,0.58323,0.58372,53841
2026-04-13,0.57892,0.58731,0.57884,0.58666,60766
2026-04-14,0.58609,0.59197,0.58566,0.59004,52732
2026-04-15,0.59025,0.5919,0.58897,0.59127,60487
2026-04-16,0.59063,0.59219,0.58819,0.58899,60800
2026-04-17,0.5892,0.59288,0.58773,0.58789,68171
2026-04-20,0.58506,0.58953,0.58481,0.58901,65960
2026-04-21,0.58713,0.59204,0.58706,0.58933,75525
2026-04-22,0.58954,0.59224,0.58819,0.59049,56442
2026-04-23,0.59055,0.59097,0.58401,0.58527,84322
2026-04-24,0.58604,0.5883,0.58398,0.58773,63802
2026-04-27,0.58572,0.59236,0.58553,0.59075,51120
2026-04-28,0.59043,0.59174,0.58655,0.58845,70546
2026-04-29,0.58818,0.58918,0.58148,0.58287,76043
2026-04-30,0.58357,0.59103,0.5818,0.59085,97463
2026-05-01,0.59028,0.59245,0.58867,0.58902,61141
2026-05-04,0.58892,0.59262,0.58602,0.58715,84708
2026-05-05,0.58731,0.59055,0.58566,0.58854,54994
2026-05-06,0.58866,0.59908,0.58669,0.59542,77402
2026-05-07,0.59549,0.59831,0.59364,0.59371,60974
2026-05-08,0.5939,0.59686,0.59302,0.59636,54263
2026-05-11,0.59346,0.59686,0.59335,0.59629,42052
2026-05-12,0.59511,0.59687,0.59338,0.59518,59927
2026-05-13,0.59448,0.59656,0.59196,0.59352,49002
2026-05-14,0.59324,0.59416,0.59088,0.59111,48280
2026-05-15,0.5916,0.59236,0.58355,0.58379,68903
2026-05-18,0.58394,0.58821,0.58228,0.58748,71081
2026-05-19,0.58732,0.5879,0.58172,0.58345,63207
2026-05-20,0.58292,0.58878,0.58148,0.58693,65873
2026-05-21,0.5868,0.58877,0.58459,0.58735,72000
2026-05-22,0.58673,0.58794,0.58443,0.5847,48178
2026-05-25,0.58756,0.58814,0.5862,0.58724,27986
2026-05-26,0.58708,0.58721,0.58315,0.58363,40080
2026-05-27,0.58354,0.59116,0.58343,0.59021,50551
2026-05-28,0.5891,0.59354,0.58639,0.59341,53986
2026-05-29,0.59262,0.59939,0.59216,0.59861,47587
2026-06-01,0.5965,0.59851,0.59107,0.59327,50036
2026-06-02,0.5927,0.59454,0.59169,0.59246,38082
2026-06-03,0.59222,0.59349,0.58579,0.58591,45345
2026-06-04,0.58593,0.58868,0.58567,0.58662,44005
2026-06-05,0.58633,0.58844,0.57894,0.57934,63192
2026-06-08,0.57783,0.58368,0.57771,0.58089,69620
2026-06-09,0.5808,0.58476,0.57989,0.58163,73626
2026-06-10,0.58162,0.58325,0.57945,0.57959,88937
2026-06-11,0.57991,0.58443,0.5769,0.58356,82971
2026-06-12,0.58243,0.58397,0.58108,0.58293,76902
2026-06-15,0.58255,0.58634,0.58139,0.58219,43672
2026-06-16,0.5825,0.58428,0.57947,0.58311,38654
2026-06-17,0.5824,0.58351,0.57519,0.57667,54836
2026-06-18,0.5771,0.57987,0.57486,0.57536,54414
2026-06-19,0.57554,0.57622,0.57227,0.57381,42766
2026-06-22,0.57266,0.57404,0.5709,0.57134,48181
2026-06-23,0.5712,0.5717,0.56628,0.56675,47510
2026-06-24,0.56624,0.5674,0.56307,0.56497,56300
2026-06-25,0.56492,0.56611,0.56323,0.56472,55075
2026-06-26,0.56403,0.56579,0.56261,0.56364,54421
2026-06-29,0.56375,0.56583,0.56314,0.56498,40061
2026-06-30,0.56506,0.569,0.56405,0.56762,41309
2026-07-01,0.5675,0.56895,0.56575,0.56725,44861
2026-07-02,0.5672,0.57167,0.56667,0.56982,64131
2026-07-03,0.56907,0.57269,0.56892,0.57061,31860
2026-07-06,0.57027,0.57083,0.56765,0.5701,38607
2026-07-07,0.56969,0.57062,0.5672,0.56779,42746
2026-07-08,0.56745,0.572,0.56711,0.56994,65446
2026-07-09,0.56888,0.57627,0.56833,0.57549,40067
2026-07-10,0.57464,0.57927,0.57419,0.57633,43788
2026-07-13,0.57581,0.57881,0.57437,0.57495,58474
2026-07-14,0.57489,0.58412,0.57397,0.58105,67122
2026-07-15,0.58101,0.58631,0.58003,0.58495,52449
2026-07-16,0.58451,0.58581,0.58333,0.58425,51403
2026-07-17,0.58394,0.58482,0.58248,0.58413,48576
2026-07-20,0.58253,0.58635,0.58248,0.58383,45672
2026-07-21,0.58306,0.58722,0.58222,0.58273,43531
2026-07-22,0.58199,0.58333,0.58104,0.58161,44541
2026-07-23,0.58108,0.5823,0.57619,0.57715,52382
2026-07-24,0.57631,0.58025,0.57618,0.57876,47247
2026-07-27,0.58003,0.58095,0.57722,0.57742,47640
2026-07-28,0.57664,0.57982,0.57594,0.57863,46043
2026-07-29,0.57856,0.58263,0.57616,0.57954,63661
2026-07-30,0.579,0.58831,0.57832,0.58795,69699
2026-07-31,0.58628,0.58955,0.58489,0.58866,62148
2026-08-03,0.5898,0.5908,0.58599,0.58702,51817
2026-08-04,0.58635,0.58961,0.5857,0.58944,44580
2026-08-05,0.58838,0.58958,0.58594,0.58868,50766
2026-08-06,0.58835,0.58952,0.58606,0.58694,41412
2026-08-07,0.58689,0.59058,0.58613,0.58941,44629
2026-08-10,0.58832,0.58992,0.58763,0.58816,34191
2026-08-11,0.58814,0.5894,0.58678,0.58804,37607
2026-08-12,0.58746,0.5885,0.58543,0.58581,42322
2026-08-13,0.58547,0.58631,0.58211,0.58505,37986
2026-08-14,0.58459,0.5898,0.58417,0.589,32887
2026-08-17,0.58828,0.59258,0.58775,0.59011,38575
2026-08-18,0.58987,0.59086,0.58704,0.58745,36228
2026-08-19,0.58669,0.59378,0.58601,0.5935,56642
2026-08-20,0.59258,0.59639,0.59206,0.59435,57511
2026-08-21,0.59387,0.59876,0.59353,0.59783,47968
2026-08-24,0.59669,0.59824,0.59507,0.59588,50499
2026-08-25,0.59523,0.59821,0.5946,0.59767,40591
2026-08-26,0.59649,0.5978,0.59324,0.59438,42757
2026-08-27,0.59377,0.59567,0.59367,0.59506,40275
2026-08-28,0.59465,0.59655,0.59046,0.59082,49927
