time,open,high,low,close,volume
1993-04-27,1.276,1.2810000000000001,1.2683,1.2690000000000001,1841
1993-04-28,1.276,1.2810000000000001,1.2683,1.2715,2902
1993-04-29,1.2715,1.275,1.2687,1.2711000000000001,2162
1993-04-30,1.2715,1.275,1.2692999999999999,1.2711000000000001,1101
1993-05-02,1.2695,1.2705,1.267,1.2675,501
1993-05-03,1.2695,1.2732,1.2658,1.271,1562
1993-05-04,1.2668,1.2766,1.2658,1.272,2132
1993-05-05,1.2705,1.2766,1.2683,1.2688,1762
1993-05-06,1.2732999999999999,1.2748,1.2673,1.2690000000000001,2132
1993-05-07,1.2684,1.2748,1.2673,1.2690000000000001,1441
1993-05-09,1.268,1.2701,1.266,1.2701,611
1993-05-10,1.268,1.2758,1.266,1.2746,1232
1993-05-11,1.2708,1.2785,1.2708,1.2735,1572
1993-05-12,1.275,1.2785,1.2705,1.2731,1732
1993-05-13,1.2735,1.275,1.2690000000000001,1.2744,1862
1993-05-14,1.2732,1.275,1.2690000000000001,1.2744,1081
1993-05-16,1.2738,1.2775,1.2734,1.2762,581
1993-05-17,1.2738,1.2785,1.2671000000000001,1.2685,2162
1993-05-18,1.2755,1.2785,1.263,1.264,2592
1993-05-19,1.2673,1.2697,1.263,1.2679,1682
1993-05-20,1.2636,1.2695,1.2635,1.2643,1402
1993-05-21,1.2690000000000001,1.2695,1.2635,1.2643,731
1993-05-23,1.2635,1.267,1.2603,1.2609,1081
1993-05-24,1.2635,1.267,1.2589000000000001,1.2605,1872
1993-05-25,1.2602,1.2648,1.2589000000000001,1.2628,1822
1993-05-26,1.2615,1.2665,1.259,1.2651,1682
1993-05-27,1.2626,1.2723,1.262,1.2723,1622
1993-05-28,1.2644,1.2723,1.2635,1.2723,971
1993-05-30,1.2715,1.2732999999999999,1.2690000000000001,1.2713,841
1993-05-31,1.2715,1.274,1.2690000000000001,1.2713,1542
1993-06-01,1.2709,1.274,1.2690000000000001,1.2719,1282
1993-06-02,1.2707,1.2772999999999999,1.2690000000000001,1.2772999999999999,1302
1993-06-03,1.2719,1.2803,1.271,1.2793,1452
1993-06-04,1.2770000000000001,1.2803,1.2755,1.2793,731
1993-06-06,1.2788,1.2836,1.2755,1.2829,1211
1993-06-07,1.2788,1.286,1.2755,1.2821,1972
1993-06-08,1.2825,1.286,1.2782,1.2791000000000001,1932
1993-06-09,1.282,1.2854999999999999,1.2770000000000001,1.2814,1932
1993-06-10,1.2786,1.2838,1.2770000000000001,1.28,1742
1993-06-11,1.2818,1.2838,1.278,1.28,981
1993-06-13,1.28,1.2833,1.2795,1.2807,691
1993-06-14,1.28,1.2833,1.2783,1.2799,1542
1993-06-15,1.2808,1.283,1.2772999999999999,1.2783,1662
1993-06-16,1.2798,1.2821,1.2755,1.2763,1512
1993-06-17,1.2787,1.2802,1.2735,1.274,1542
1993-06-18,1.2766,1.279,1.2735,1.274,841
1993-06-20,1.2734,1.2755,1.2723,1.2730000000000001,601
1993-06-21,1.2734,1.2789,1.2723,1.2778,1302
1993-06-22,1.2730000000000001,1.2810000000000001,1.2730000000000001,1.2805,1132
1993-06-23,1.2778,1.284,1.2775,1.2831000000000001,1192
1993-06-24,1.2795,1.2848,1.2784,1.2817,1292
1993-06-25,1.283,1.2848,1.2814999999999999,1.2817,531
1993-06-27,1.2821,1.2865,1.2808,1.2819,1121
1993-06-28,1.2821,1.2865,1.279,1.2825,2092
1993-06-29,1.2822,1.284,1.279,1.2823,1782
1993-06-30,1.282,1.29,1.279,1.2872,2332
1993-07-01,1.282,1.2902,1.2798,1.2875,2242
1993-07-02,1.2877,1.2902,1.2865,1.2875,721
1993-07-04,1.2871000000000001,1.2885,1.2843,1.2848,611
1993-07-05,1.2871000000000001,1.2885,1.283,1.2841,1672
1993-07-06,1.2845,1.2885,1.2814999999999999,1.2851,1812
1993-07-07,1.284,1.2863,1.279,1.28,1792
1993-07-08,1.2842,1.2863,1.2763,1.2785,2122
1993-07-09,1.2801,1.2825,1.2763,1.2785,1081
1993-07-11,1.278,1.2805,1.2755,1.2783,971
1993-07-12,1.278,1.2812999999999999,1.2755,1.2812999999999999,1722
1993-07-13,1.2776,1.285,1.2757,1.283,1852
1993-07-14,1.2810000000000001,1.285,1.2785,1.2806,1622
1993-07-15,1.2822,1.285,1.2769,1.2779,1872
1993-07-16,1.2806,1.285,1.2769,1.2779,1351
1993-07-18,1.2770000000000001,1.2810000000000001,1.2770000000000001,1.279,601
1993-07-19,1.2770000000000001,1.282,1.2770000000000001,1.2775,1442
1993-07-20,1.2783,1.282,1.2730000000000001,1.276,1962
1993-07-21,1.2774,1.2817,1.2730000000000001,1.2807,1992
1993-07-22,1.276,1.282,1.275,1.2807,1472
1993-07-23,1.2807,1.282,1.279,1.2807,601
1993-07-25,1.2802,1.282,1.2795,1.2807,451
1993-07-26,1.2802,1.2847,1.2795,1.2835,1132
1993-07-27,1.2809,1.285,1.28,1.2844,1142
1993-07-28,1.283,1.2887,1.282,1.2863,1242
1993-07-29,1.2857,1.2887,1.283,1.2861,1772
1993-07-30,1.286,1.288,1.283,1.2861,991
1993-08-01,1.285,1.2921,1.283,1.2894999999999999,1371
1993-08-02,1.285,1.2921,1.283,1.2892000000000001,2142
1993-08-03,1.2894999999999999,1.292,1.285,1.2883,1772
1993-08-04,1.2893,1.2934,1.285,1.2911000000000001,1842
1993-08-05,1.2877,1.294,1.2875,1.2916,1852
1993-08-06,1.2913000000000001,1.294,1.2888,1.2916,1011
1993-08-08,1.291,1.2925,1.289,1.2916,641
1993-08-09,1.291,1.2936,1.289,1.2936,1192
1993-08-10,1.2909,1.3078,1.2894999999999999,1.307,2222
1993-08-11,1.2931,1.3175,1.2925,1.3136999999999999,3372
1993-08-12,1.3067,1.319,1.3054999999999999,1.3145,3602
1993-08-13,1.3135,1.319,1.309,1.3145,1901
1993-08-15,1.3145,1.318,1.3105,1.3135,1401
1993-08-16,1.3145,1.318,1.3105,1.3155999999999999,1962
1993-08-17,1.313,1.3237,1.3115,1.3233,1572
1993-08-18,1.315,1.3265,1.3121,1.3143,2772
1993-08-19,1.3255,1.3265,1.3121,1.318,3092
1993-08-20,1.3133,1.322,1.313,1.318,1331
1993-08-22,1.3168,1.3239,1.3168,1.32,1101
1993-08-23,1.3168,1.3239,1.3168,1.3189,2142
1993-08-24,1.3195000000000001,1.3225,1.3105,1.311,2032
1993-08-25,1.3181,1.319,1.3105,1.316,2222
1993-08-26,1.3113000000000001,1.3227,1.3105,1.3205,2282
1993-08-27,1.315,1.3227,1.3147,1.3205,1051
1993-08-29,1.3183,1.3235000000000001,1.3183,1.3228,591
1993-08-30,1.3183,1.325,1.3183,1.3195999999999999,1602
1993-08-31,1.3225,1.328,1.317,1.328,2312
1993-09-01,1.319,1.3285,1.317,1.3256999999999999,1992
1993-09-02,1.3277999999999999,1.33,1.322,1.328,1992
1993-09-03,1.325,1.33,1.322,1.328,1301
1993-09-05,1.3277999999999999,1.3285,1.321,1.326,1321
1993-09-06,1.3277999999999999,1.3285,1.319,1.3205,2572
1993-09-07,1.327,1.3285,1.315,1.3178,2532
1993-09-08,1.32,1.3225,1.3122,1.3162,2662
1993-09-09,1.317,1.3195000000000001,1.312,1.3141,2242
1993-09-10,1.3155000000000001,1.317,1.312,1.3141,861
1993-09-12,1.3141,1.3173,1.3135,1.3147,701
1993-09-13,1.3141,1.324,1.3135,1.322,1962
1993-09-14,1.3146,1.324,1.308,1.312,3152
1993-09-15,1.3195000000000001,1.3212,1.307,1.3142,3522
1993-09-16,1.3115,1.3165,1.307,1.3135,2382
1993-09-17,1.313,1.3155000000000001,1.3115,1.3135,751
1993-09-19,1.313,1.3235000000000001,1.3125,1.323,1201
1993-09-20,1.313,1.3256999999999999,1.3125,1.3204,2542
1993-09-21,1.323,1.3256999999999999,1.3147,1.3195999999999999,2742
1993-09-22,1.3202,1.3255,1.3147,1.322,2582
1993-09-23,1.32,1.3255,1.318,1.32,1892
1993-09-24,1.3213,1.3222,1.318,1.32,711
1993-09-26,1.3193,1.3271,1.3193,1.3261,881
1993-09-27,1.3193,1.3275000000000001,1.3193,1.3231,1892
1993-09-28,1.325,1.3315000000000001,1.3193,1.3285,2882
1993-09-29,1.3228,1.338,1.3193,1.3344,3232
1993-09-30,1.328,1.3396,1.328,1.3383,2772
1993-10-01,1.334,1.3396,1.3304,1.3383,1411
1993-10-03,1.3381,1.343,1.335,1.3415,1261
1993-10-04,1.3381,1.343,1.335,1.3388,2282
1993-10-05,1.3406,1.342,1.3333,1.334,1932
1993-10-06,1.3363,1.339,1.332,1.3366,1502
1993-10-07,1.3333,1.337,1.329,1.3301,1652
1993-10-08,1.3355000000000001,1.337,1.329,1.3301,1061
1993-10-10,1.329,1.3315000000000001,1.3275000000000001,1.3305,651
1993-10-11,1.329,1.3365,1.3275000000000001,1.3302,2202
1993-10-12,1.3296999999999999,1.3365,1.326,1.3287,2462
1993-10-13,1.3296000000000001,1.3325,1.323,1.326,2612
1993-10-14,1.328,1.3325,1.3225,1.3307,3112
1993-10-15,1.3258,1.332,1.3225,1.3307,1411
1993-10-17,1.3307,1.334,1.324,1.3253,1461
1993-10-18,1.3307,1.334,1.323,1.3258,2402
1993-10-19,1.3252,1.328,1.316,1.3168,2322
1993-10-20,1.3256000000000001,1.3273,1.309,1.3115,3022
1993-10-21,1.3165,1.3197,1.298,1.305,4362
1993-10-22,1.3108,1.3145,1.298,1.305,2721
1993-10-24,1.3045,1.3135,1.3,1.313,1851
1993-10-25,1.3045,1.3265,1.3,1.3163,6272
1993-10-26,1.3115,1.3265,1.302,1.321,5402
1993-10-27,1.3168,1.3248,1.3155000000000001,1.3213,2362
1993-10-28,1.3195000000000001,1.3248,1.317,1.3207,2472
1993-10-29,1.3208,1.3235000000000001,1.318,1.3207,1091
1993-10-31,1.3202,1.3207,1.309,1.3096999999999999,1291
1993-11-01,1.3202,1.3207,1.3033000000000001,1.3075,3012
1993-11-02,1.3096999999999999,1.313,1.3033000000000001,1.309,2502
1993-11-03,1.3072,1.3109,1.3027,1.3032,1842
1993-11-04,1.309,1.3109,1.29,1.291,2592
1993-11-05,1.3033000000000001,1.3038,1.29,1.291,1531
1993-11-07,1.2912,1.299,1.2912,1.2974999999999999,931
1993-11-08,1.2912,1.309,1.2912,1.306,2882
1993-11-09,1.2974999999999999,1.313,1.295,1.3088,3192
1993-11-10,1.3052000000000001,1.3168,1.305,1.3155000000000001,2532
1993-11-11,1.3088,1.3185,1.306,1.313,3642
1993-11-12,1.3145,1.3185,1.306,1.313,2351
1993-11-14,1.3125,1.325,1.3122,1.3185,1961
1993-11-15,1.3125,1.325,1.3105,1.3118,3562
1993-11-16,1.3182,1.3216999999999999,1.31,1.3145,3232
1993-11-17,1.3118,1.3248,1.31,1.3223,3812
1993-11-18,1.3145,1.3305,1.31,1.3275000000000001,4032
1993-11-19,1.323,1.3305,1.319,1.3275000000000001,1851
1993-11-21,1.327,1.3313,1.323,1.3265,1611
1993-11-22,1.327,1.3313,1.323,1.3255,2572
1993-11-23,1.3255,1.3326,1.3235000000000001,1.3275000000000001,2552
1993-11-24,1.3252,1.3326,1.3235000000000001,1.3296999999999999,2652
1993-11-25,1.3273,1.3316,1.3245,1.3294000000000001,1942
1993-11-26,1.329,1.3316,1.327,1.3294000000000001,881
1993-11-28,1.3285,1.3367,1.3285,1.3348,1011
1993-11-29,1.3285,1.3393,1.3285,1.3357999999999999,2442
1993-11-30,1.3345,1.3393,1.3315000000000001,1.3349,2872
1993-12-01,1.3349,1.339,1.3292,1.33,2612
1993-12-02,1.3345,1.3373,1.326,1.3288,2202
1993-12-03,1.3295,1.3315000000000001,1.326,1.3288,1031
1993-12-05,1.3281,1.3295,1.321,1.322,1091
1993-12-06,1.3281,1.3295,1.3208,1.323,1832
1993-12-07,1.322,1.326,1.3195000000000001,1.3227,2012
1993-12-08,1.323,1.3305,1.3195000000000001,1.33,2582
1993-12-09,1.3215,1.3327,1.3197,1.3293,2442
1993-12-10,1.33,1.3327,1.3267,1.3293,1131
1993-12-12,1.3285,1.3305,1.3267,1.3274,651
1993-12-13,1.3285,1.3355000000000001,1.3267,1.3345,1622
1993-12-14,1.327,1.3365,1.3269,1.3336000000000001,1932
1993-12-15,1.334,1.3365,1.3295,1.3332,1882
1993-12-16,1.334,1.3412,1.3295,1.34,1972
1993-12-17,1.3325,1.3412,1.3322,1.34,1051
1993-12-19,1.3395000000000001,1.3465,1.3369,1.3436,1511
1993-12-20,1.3395000000000001,1.3465,1.3369,1.3441,2302
1993-12-21,1.343,1.349,1.3336999999999999,1.3368,3112
1993-12-22,1.3442,1.349,1.3205,1.327,5872
1993-12-23,1.3455,1.3475,1.3205,1.329,5052
1993-12-24,1.327,1.334,1.3255,1.329,1501
1993-12-26,1.3265,1.331,1.325,1.3277,1081
1993-12-27,1.3265,1.332,1.325,1.3311,1912
1993-12-28,1.3274,1.3353,1.326,1.3353,1632
1993-12-29,1.3307,1.3385,1.327,1.3292,2522
1993-12-30,1.335,1.3385,1.3212,1.3215,3712
1993-12-31,1.3282,1.3345,1.3212,1.3215,1991
1994-01-02,1.327,1.33,1.312,1.3141,2311
1994-01-03,1.327,1.33,1.312,1.3169,3212
1994-01-04,1.3139,1.3226,1.3105,1.3212,2872
1994-01-05,1.3167,1.324,1.3105,1.3195000000000001,3372
1994-01-06,1.3205,1.3248,1.3165,1.3195000000000001,2812
1994-01-07,1.319,1.3248,1.3175,1.3195000000000001,1411
1994-01-09,1.318,1.32,1.3135,1.3186,1241
1994-01-10,1.318,1.323,1.3135,1.3218,2262
1994-01-11,1.317,1.3237,1.3155000000000001,1.323,2462
1994-01-12,1.322,1.324,1.316,1.3206,2242
1994-01-13,1.322,1.3276,1.316,1.3242,2872
1994-01-14,1.3216999999999999,1.3276,1.316,1.3242,2071
1994-01-16,1.324,1.3262,1.3183,1.3201,1191
1994-01-17,1.324,1.3262,1.3115,1.3141,2472
1994-01-18,1.3203,1.321,1.308,1.3118,2562
1994-01-19,1.314,1.3155000000000001,1.3075,1.3115,2312
1994-01-20,1.3108,1.315,1.3075,1.3111,1982
1994-01-21,1.3108,1.315,1.3101,1.3111,951
1994-01-23,1.3112,1.313,1.3093,1.3115,711
1994-01-24,1.3112,1.3145,1.3093,1.3128,1552
1994-01-25,1.3112,1.3163,1.3094999999999999,1.3136999999999999,1742
1994-01-26,1.3121,1.3191,1.3085,1.3191,2392
1994-01-27,1.3128,1.3266,1.3085,1.3246,2922
1994-01-28,1.3185,1.3266,1.3164,1.3246,1431
1994-01-30,1.3244,1.3317999999999999,1.321,1.3292,1681
1994-01-31,1.3244,1.3345,1.321,1.3309,3142
1994-02-01,1.3295,1.3345,1.325,1.3281,2762
1994-02-02,1.3301,1.3325,1.324,1.3286,2432
1994-02-03,1.3279,1.345,1.324,1.3417,3682
1994-02-04,1.3292,1.345,1.326,1.3417,2551
1994-02-06,1.3374,1.3449,1.3374,1.3449,751
1994-02-07,1.3374,1.3465,1.3374,1.3426,1782
1994-02-08,1.3443,1.3465,1.3385,1.3426,2382
1994-02-09,1.3425,1.3453,1.3385,1.3406,2032
1994-02-10,1.3418,1.345,1.3395000000000001,1.3437999999999999,1332
1994-02-11,1.3403,1.345,1.34,1.3437999999999999,651
1994-02-13,1.343,1.3565,1.343,1.3541,1591
1994-02-14,1.343,1.3565,1.343,1.3526,2422
1994-02-15,1.3553,1.3563,1.3447,1.3456000000000001,2052
1994-02-16,1.3519999999999999,1.354,1.3347,1.3365,2732
1994-02-17,1.345,1.3465,1.3347,1.3395000000000001,2622
1994-02-18,1.3357999999999999,1.3427,1.3353,1.3395000000000001,1111
1994-02-20,1.3385,1.3416000000000001,1.338,1.3403,541
1994-02-21,1.3385,1.3465,1.3335,1.3355000000000001,2712
1994-02-22,1.3397999999999999,1.3465,1.3335,1.3431,3162
1994-02-23,1.335,1.35,1.335,1.3496000000000001,1872
1994-02-24,1.343,1.353,1.3423,1.3491,2472
1994-02-25,1.3479999999999999,1.353,1.3445,1.3491,1591
1994-02-27,1.3475,1.3545,1.346,1.3495,1501
1994-02-28,1.3475,1.3557000000000001,1.346,1.3501,3102
1994-03-01,1.3493,1.3580999999999999,1.3473,1.3545,3172
1994-03-02,1.35,1.3580999999999999,1.3479999999999999,1.3532,2622
1994-03-03,1.3537,1.3612,1.3505,1.3571,2752
1994-03-04,1.3527,1.3612,1.3505,1.3571,1701
1994-03-06,1.3575,1.3603,1.3545,1.3566,1071
1994-03-07,1.3575,1.3603,1.3545,1.3557000000000001,1902
1994-03-08,1.357,1.3593,1.3512,1.3593,2022
1994-03-09,1.355,1.3605,1.3512,1.3571,2352
1994-03-10,1.3585,1.3626,1.354,1.3622,2112
1994-03-11,1.3565,1.3626,1.355,1.3622,951
1994-03-13,1.3615,1.3626,1.3583,1.3611,821
1994-03-14,1.3615,1.366,1.3583,1.3639999999999999,2002
1994-03-15,1.3608,1.366,1.3585,1.3651,1952
1994-03-16,1.3636,1.3707,1.3605,1.3703,1742
1994-03-17,1.3646,1.371,1.363,1.3695,2002
1994-03-18,1.3702,1.371,1.3655,1.3695,1031
1994-03-20,1.367,1.37,1.3625,1.3692,1281
1994-03-21,1.367,1.3700999999999999,1.361,1.3671,2912
1994-03-22,1.369,1.3700999999999999,1.359,1.3639999999999999,2992
1994-03-23,1.3664,1.376,1.359,1.3733,3282
1994-03-24,1.3635,1.3780000000000001,1.3615,1.3755,3052
1994-03-25,1.3728,1.3780000000000001,1.371,1.3755,1131
1994-03-27,1.3755,1.377,1.3715,1.3746,1011
1994-03-28,1.3755,1.3780000000000001,1.3715,1.377,1692
1994-03-29,1.3738000000000001,1.3805,1.373,1.3796,1532
1994-03-30,1.3767,1.3852,1.3748,1.3841,1682
1994-03-31,1.379,1.3905,1.3785,1.3885,1982
1994-04-01,1.383,1.3905,1.3820000000000001,1.3885,1151
1994-04-03,1.3865,1.3993,1.3865,1.3965,1561
1994-04-04,1.3865,1.3993,1.3808,1.3841,3872
1994-04-05,1.395,1.3978,1.3788,1.3875,3632
1994-04-06,1.3825,1.388,1.3788,1.3828,2192
1994-04-07,1.3859,1.388,1.3780000000000001,1.385,2202
1994-04-08,1.3822999999999999,1.3860000000000001,1.3780000000000001,1.385,1331
1994-04-10,1.3839000000000001,1.3904,1.3835,1.3865,1121
1994-04-11,1.3839000000000001,1.3904,1.3755,1.3775,2492
1994-04-12,1.3858,1.3865,1.3719999999999999,1.3753,2732
1994-04-13,1.3767,1.3825,1.3719999999999999,1.38,2552
1994-04-14,1.3749,1.3873,1.374,1.3866,2012
1994-04-15,1.3801999999999999,1.3873,1.38,1.3866,821
1994-04-17,1.3860999999999999,1.3895,1.3822,1.3887,1201
1994-04-18,1.3860999999999999,1.392,1.3822,1.3845,2682
1994-04-19,1.3877,1.392,1.3793,1.3798,2902
1994-04-20,1.3820000000000001,1.3875,1.377,1.3780000000000001,2962
1994-04-21,1.3798,1.3856,1.3754,1.3788,2442
1994-04-22,1.3776,1.3805,1.3754,1.3788,901
1994-04-24,1.3783,1.3838,1.373,1.3772,2051
1994-04-25,1.3783,1.3838,1.37,1.3738000000000001,3592
1994-04-26,1.376,1.3788,1.37,1.376,2262
1994-04-27,1.3721999999999999,1.3829,1.3719999999999999,1.3820999999999999,1722
1994-04-28,1.3753,1.3855,1.3745,1.3822999999999999,2142
1994-04-29,1.3815,1.3855,1.3794,1.3822999999999999,1141
1994-05-01,1.3818,1.384,1.3785,1.3820000000000001,1081
1994-05-02,1.3818,1.388,1.3785,1.3876,2072
1994-05-03,1.3805,1.3886,1.3795,1.3876,2012
1994-05-04,1.3858,1.3895,1.3785,1.385,3222
1994-05-05,1.385,1.3895,1.3785,1.3815,3202
1994-05-06,1.3835,1.3860000000000001,1.38,1.3815,1001
1994-05-08,1.3811,1.3831,1.3768,1.3820000000000001,1171
1994-05-09,1.3811,1.3835,1.3748,1.3780999999999999,2572
1994-05-10,1.3815,1.3835,1.3748,1.3806,2312
1994-05-11,1.3777,1.385,1.3755,1.3812,2082
1994-05-12,1.3805,1.385,1.376,1.3776,2082
1994-05-13,1.3805,1.3820000000000001,1.376,1.3776,911
1994-05-15,1.3769,1.3775,1.3724,1.376,931
1994-05-16,1.3769,1.3820000000000001,1.3724,1.3765,2182
1994-05-17,1.375,1.3820000000000001,1.373,1.3745,2262
1994-05-18,1.376,1.3788,1.373,1.3743,1942
1994-05-19,1.374,1.3795,1.371,1.3795,2012
1994-05-20,1.3733,1.3795,1.371,1.3795,1081
1994-05-22,1.3792,1.3805,1.375,1.376,781
1994-05-23,1.3792,1.3805,1.375,1.3785,1482
1994-05-24,1.3755,1.3845,1.375,1.3832,1782
1994-05-25,1.3776,1.3867,1.3763,1.3867,1712
1994-05-26,1.3822,1.3881999999999999,1.3813,1.387,1422
1994-05-27,1.3865,1.3881999999999999,1.384,1.387,791
1994-05-29,1.3860000000000001,1.387,1.383,1.3857,771
1994-05-30,1.3860000000000001,1.388,1.3815,1.3835,1912
1994-05-31,1.3851,1.388,1.3815,1.3865,2092
1994-06-01,1.383,1.388,1.3815,1.3860000000000001,1722
1994-06-02,1.3857,1.3875,1.3755,1.3775,2272
1994-06-03,1.3855,1.387,1.3755,1.3775,1501
1994-06-05,1.3773,1.3795,1.3685,1.369,1371
1994-06-06,1.3773,1.3795,1.3655,1.3743,2482
1994-06-07,1.3678,1.3765,1.3655,1.376,1952
1994-06-08,1.3742,1.3765,1.3714,1.3738000000000001,1442
1994-06-09,1.3752,1.3761999999999999,1.3718,1.375,1202
1994-06-10,1.3736,1.3755,1.3718,1.375,601
1994-06-12,1.3744,1.383,1.3743,1.381,1081
1994-06-13,1.3744,1.3881999999999999,1.3743,1.3848,2332
1994-06-14,1.3809,1.3915,1.38,1.3892,2632
1994-06-15,1.384,1.3955,1.3820000000000001,1.389,3022
1994-06-16,1.3884,1.3955,1.3845,1.3915,3172
1994-06-17,1.389,1.3934,1.3845,1.3915,1531
1994-06-19,1.3907,1.3973,1.388,1.3889,1681
1994-06-20,1.3907,1.3973,1.3845,1.3860000000000001,2992
1994-06-21,1.3883,1.3921999999999999,1.3825,1.385,2392
1994-06-22,1.3852,1.389,1.3825,1.3885,1922
1994-06-23,1.3849,1.3918,1.383,1.3902999999999999,1822
1994-06-24,1.3885,1.3918,1.3860000000000001,1.3902999999999999,981
1994-06-26,1.3899,1.3936,1.385,1.3858,1311
1994-06-27,1.3899,1.3936,1.3832,1.3841999999999999,2562
1994-06-28,1.3853,1.3900000000000001,1.3808,1.383,2272
1994-06-29,1.3841999999999999,1.3865,1.3780000000000001,1.384,2222
1994-06-30,1.3824,1.385,1.3780000000000001,1.3822999999999999,2412
1994-07-01,1.3832,1.385,1.3785,1.3822999999999999,1211
1994-07-03,1.3815,1.388,1.3785,1.3865,1401
1994-07-04,1.3815,1.391,1.3785,1.3865,2552
1994-07-05,1.3860000000000001,1.391,1.3834,1.385,2132
1994-07-06,1.3860000000000001,1.3915,1.3834,1.3885,2082
1994-07-07,1.3845,1.3926,1.384,1.3897,2302
1994-07-08,1.3875,1.3926,1.3855,1.3897,1201
1994-07-10,1.389,1.3924,1.3855,1.3868,1161
1994-07-11,1.389,1.3924,1.3808,1.3845,2302
1994-07-12,1.3865,1.3875,1.3785,1.3811,2202
1994-07-13,1.3835,1.385,1.3785,1.3822,2002
1994-07-14,1.3806,1.384,1.3756,1.3767,2092
1994-07-15,1.3816,1.3838,1.3756,1.3767,1151
1994-07-17,1.377,1.3795,1.3755,1.3783,671
1994-07-18,1.377,1.3862999999999999,1.3755,1.3765,2732
1994-07-19,1.3775,1.3862999999999999,1.3754,1.3815,3242
1994-07-20,1.3761,1.384,1.3753,1.3772,2912
1994-07-21,1.3773,1.384,1.375,1.3775,2702
1994-07-22,1.3772,1.38,1.375,1.3775,971
1994-07-24,1.3772,1.3831,1.3765,1.377,1301
1994-07-25,1.3772,1.3831,1.376,1.3795,2242
1994-07-26,1.3765,1.3845,1.376,1.3815,2112
1994-07-27,1.3798,1.3845,1.3778000000000001,1.3822999999999999,1682
1994-07-28,1.3808,1.3900000000000001,1.379,1.3866,2052
1994-07-29,1.3820000000000001,1.3900000000000001,1.38,1.3866,1541
1994-07-31,1.3856,1.3902999999999999,1.3853,1.3895,611
1994-08-01,1.3856,1.3905,1.3853,1.389,1362
1994-08-02,1.3885,1.3905,1.3860000000000001,1.3867,1492
1994-08-03,1.3883,1.3905,1.3845,1.3876,1512
1994-08-04,1.3862999999999999,1.389,1.383,1.3868,1852
1994-08-05,1.387,1.3885,1.383,1.3868,1081
1994-08-07,1.3862999999999999,1.3868,1.3765,1.3776,1191
1994-08-08,1.3862999999999999,1.3868,1.371,1.373,2792
1994-08-09,1.377,1.381,1.371,1.377,2492
1994-08-10,1.3723,1.3833,1.3712,1.3818,2192
1994-08-11,1.3778000000000001,1.385,1.3748,1.3815,2452
1994-08-12,1.381,1.385,1.379,1.3815,1151
1994-08-14,1.3807,1.383,1.3783,1.381,911
1994-08-15,1.3807,1.3832,1.377,1.3783,1982
1994-08-16,1.38,1.3832,1.3732,1.3780000000000001,2212
1994-08-17,1.3778000000000001,1.3804,1.3732,1.3785,1922
1994-08-18,1.3775,1.3804,1.373,1.376,2012
1994-08-19,1.3777,1.38,1.373,1.376,1231
1994-08-21,1.375,1.3769,1.3728,1.375,821
1994-08-22,1.375,1.3795,1.3728,1.3768,1612
1994-08-23,1.3747,1.3795,1.3705,1.3735,2122
1994-08-24,1.3761999999999999,1.3785,1.3705,1.373,2402
1994-08-25,1.3725,1.3765,1.3673,1.3707,2332
1994-08-26,1.3715,1.374,1.3673,1.3707,1261
1994-08-28,1.37,1.373,1.3648,1.3658000000000001,1221
1994-08-29,1.37,1.373,1.3639999999999999,1.3685,2212
1994-08-30,1.365,1.374,1.3639999999999999,1.3675,2512
1994-08-31,1.3675,1.374,1.365,1.3665,2362
1994-09-01,1.3665,1.3696,1.3641,1.3659,1932
1994-09-02,1.366,1.3696,1.3641,1.3659,1091
1994-09-04,1.366,1.3685,1.3635,1.3652,921
1994-09-05,1.366,1.37,1.363,1.3679000000000001,2032
1994-09-06,1.365,1.3705,1.363,1.3675,1982
1994-09-07,1.3678,1.3721999999999999,1.366,1.3704,1822
1994-09-08,1.3675,1.3721999999999999,1.366,1.367,1802
1994-09-09,1.3705,1.3721999999999999,1.3662,1.367,851
1994-09-11,1.3673,1.371,1.3629,1.3685,1501
1994-09-12,1.3673,1.371,1.3473,1.3479999999999999,3842
1994-09-13,1.367,1.3685,1.3465,1.3528,3382
1994-09-14,1.3482,1.3562,1.3465,1.3528,1902
1994-09-15,1.3519999999999999,1.3562,1.3485,1.3505,1812
1994-09-16,1.3519999999999999,1.354,1.3485,1.3505,951
1994-09-18,1.35,1.3533,1.349,1.351,761
1994-09-19,1.35,1.3533,1.3397999999999999,1.3415,2152
1994-09-20,1.35,1.351,1.3397999999999999,1.342,2132
1994-09-21,1.341,1.3448,1.3397999999999999,1.3448,1122
1994-09-22,1.341,1.3462,1.341,1.3437000000000001,1032
1994-09-23,1.3439999999999999,1.3462,1.3428,1.3437000000000001,651
1994-09-25,1.3434,1.3498,1.3428,1.349,841
1994-09-26,1.3434,1.3518,1.3428,1.3455,1952
1994-09-27,1.3492,1.3518,1.34,1.3423,2022
1994-09-28,1.3448,1.3458,1.34,1.3442,1382
1994-09-29,1.3425,1.3455,1.3395000000000001,1.3441,1562
1994-09-30,1.343,1.3455,1.3395000000000001,1.3441,1091
1994-10-02,1.3432,1.3473,1.343,1.3442,761
1994-10-03,1.3432,1.3473,1.342,1.345,1492
1994-10-04,1.3439,1.3508,1.342,1.3457,1992
1994-10-05,1.3445,1.3508,1.3439,1.3475,2152
1994-10-06,1.3452,1.3506,1.345,1.3475,1642
1994-10-07,1.3466,1.35,1.3458,1.3475,751
1994-10-09,1.3467,1.3479999999999999,1.3455,1.3465,481
1994-10-10,1.3467,1.3479999999999999,1.342,1.3448,1282
1994-10-11,1.3452,1.3487,1.342,1.3465,1632
1994-10-12,1.3437999999999999,1.3522,1.3432,1.351,1622
1994-10-13,1.3455,1.3548,1.3455,1.3548,1372
1994-10-14,1.3506,1.3548,1.3498,1.3548,581
1994-10-16,1.3535,1.359,1.3522,1.355,1211
1994-10-17,1.3535,1.359,1.3522,1.355,1802
1994-10-18,1.3543,1.3563,1.3522,1.3548,1282
1994-10-19,1.3535,1.3576,1.3522,1.3576,1262
1994-10-20,1.3541,1.3595,1.3498,1.3515,1912
1994-10-21,1.3575,1.3595,1.3498,1.3515,1341
1994-10-23,1.3512,1.3538999999999999,1.35,1.3515,751
1994-10-24,1.3512,1.3541,1.3479,1.3485,1752
1994-10-25,1.3509,1.3541,1.346,1.3485,1642
1994-10-26,1.3483,1.3501,1.346,1.3501,1032
1994-10-27,1.3479999999999999,1.3515,1.3471,1.3515,902
1994-10-28,1.3496000000000001,1.3515,1.3479999999999999,1.3515,511
1994-10-30,1.3513,1.3555,1.351,1.3535,681
1994-10-31,1.3513,1.3566,1.351,1.3566,1422
1994-11-01,1.3528,1.3597000000000001,1.351,1.3565,1952
1994-11-02,1.3562,1.3602,1.3535,1.3588,1982
1994-11-03,1.3538999999999999,1.3606,1.3538999999999999,1.3562,1652
1994-11-04,1.358,1.3606,1.3553,1.3562,881
1994-11-06,1.3558,1.3586,1.354,1.3580999999999999,691
1994-11-07,1.3558,1.3593,1.354,1.3567,1322
1994-11-08,1.358,1.3625,1.3515,1.357,2782
1994-11-09,1.3565,1.3625,1.3515,1.3595,2802
1994-11-10,1.3559999999999999,1.3599999999999999,1.355,1.3585,1102
1994-11-11,1.359,1.3595,1.357,1.3585,451
1994-11-13,1.3573,1.3594,1.354,1.359,911
1994-11-14,1.3573,1.3653,1.354,1.3653,1772
1994-11-15,1.3583,1.3675,1.3575,1.3658000000000001,1692
1994-11-16,1.3665,1.3675,1.3622,1.3654,1592
1994-11-17,1.3652,1.3693,1.3622,1.3673,1482
1994-11-18,1.3649,1.3693,1.3645,1.3673,721
1994-11-20,1.3665,1.3726,1.365,1.3726,911
1994-11-21,1.3665,1.377,1.365,1.3738000000000001,2192
1994-11-22,1.3712,1.377,1.3693,1.3743,2162
1994-11-23,1.3740999999999999,1.3768,1.3723,1.3735,1502
1994-11-24,1.3739,1.3772,1.3728,1.376,1252
1994-11-25,1.3735,1.3772,1.3728,1.376,631
1994-11-27,1.3755,1.3792,1.3725,1.3780000000000001,1091
1994-11-28,1.3755,1.3798,1.3725,1.3798,1602
1994-11-29,1.3773,1.381,1.374,1.3765,1662
1994-11-30,1.379,1.381,1.374,1.3775,1772
1994-12-01,1.3757,1.3782,1.3694,1.371,1882
1994-12-02,1.376,1.3782,1.3694,1.371,1261
1994-12-04,1.37,1.374,1.3699,1.3735,471
1994-12-05,1.37,1.3746,1.3699,1.3746,762
1994-12-06,1.3723,1.3833,1.3719999999999999,1.3833,1412
1994-12-07,1.3743,1.3838,1.3732,1.3825,1672
1994-12-08,1.3814,1.3856,1.3805,1.3841,1172
1994-12-09,1.3815,1.3856,1.3812,1.3841,621
1994-12-11,1.383,1.389,1.383,1.3888,621
1994-12-12,1.383,1.3895,1.383,1.3885,1592
1994-12-13,1.3878,1.3905,1.3843,1.389,1842
1994-12-14,1.3873,1.3905,1.3848,1.3885,1642
1994-12-15,1.388,1.3932,1.3848,1.392,1962
1994-12-16,1.3875,1.3932,1.385,1.392,1191
1994-12-18,1.3913,1.3948,1.3900000000000001,1.3948,611
1994-12-19,1.3913,1.3954,1.3900000000000001,1.3945,1392
1994-12-20,1.3945,1.3965,1.3915,1.3948,1622
1994-12-21,1.3934,1.3998,1.3916,1.399,1532
1994-12-22,1.3939,1.401,1.3938,1.3998,1252
1994-12-23,1.3992,1.401,1.3979,1.3998,561
1994-12-25,1.3986,1.3995,1.3984,1.3995,131
1994-12-26,1.3986,1.4003,1.3981,1.4003,422
1994-12-27,1.3988,1.4062999999999999,1.3981,1.4055,1222
1994-12-28,1.4012,1.4095,1.3995,1.4068,1912
1994-12-29,1.4052,1.4095,1.4013,1.4024,1812
1994-12-30,1.4064999999999999,1.4075,1.4013,1.4024,831
1995-01-01,1.4013,1.4018,1.4013,1.4018,51
1995-01-02,1.4013,1.407,1.395,1.4057,1532
1995-01-03,1.3965,1.4087,1.395,1.3975,3212
1995-01-04,1.4046,1.4087,1.396,1.3995,3632
1995-01-05,1.3975,1.4064999999999999,1.396,1.4006,2882
1995-01-06,1.399,1.4032,1.3975,1.4006,981
1995-01-08,1.3999,1.4096,1.3985,1.4096,1251
1995-01-09,1.3999,1.4149,1.3985,1.411,2612
1995-01-10,1.4088,1.4149,1.407,1.413,2202
1995-01-11,1.41,1.421,1.409,1.4188,2062
1995-01-12,1.412,1.421,1.4072,1.4104999999999999,3042
1995-01-13,1.4175,1.4198,1.4072,1.4104999999999999,1821
1995-01-15,1.4104999999999999,1.414,1.4075,1.41,1251
1995-01-16,1.4104999999999999,1.4239,1.4075,1.4195,3242
1995-01-17,1.409,1.426,1.4087,1.42,3492
1995-01-18,1.419,1.4262000000000001,1.417,1.4245,2872
1995-01-19,1.4198,1.4277,1.417,1.4237,2782
1995-01-20,1.425,1.4277,1.42,1.4237,1411
1995-01-22,1.422,1.4235,1.4175,1.4195,951
1995-01-23,1.422,1.4235,1.413,1.4156,2082
1995-01-24,1.4183,1.42,1.41,1.4117,2802
1995-01-25,1.4146,1.4198,1.41,1.4165,2422
1995-01-26,1.41,1.4178,1.41,1.415,1792
1995-01-27,1.4158,1.4178,1.4122,1.415,1041
1995-01-29,1.4136,1.4203000000000001,1.4122,1.4203000000000001,951
1995-01-30,1.4136,1.4224999999999999,1.4060000000000001,1.4075,3052
1995-01-31,1.4195,1.4224999999999999,1.404,1.407,3462
1995-02-01,1.4060000000000001,1.4113,1.4028,1.4060000000000001,2402
1995-02-02,1.4060000000000001,1.408,1.3991,1.4015,2172
1995-02-03,1.405,1.4064999999999999,1.3991,1.4015,1131
1995-02-05,1.4005,1.4028,1.3933,1.3969,1541
1995-02-06,1.4005,1.4028,1.393,1.3965,2642
1995-02-07,1.3965,1.3995,1.393,1.396,2332
1995-02-08,1.3959,1.3999,1.3933,1.3985,1852
1995-02-09,1.3953,1.404,1.3952,1.4018,1592
1995-02-10,1.3975,1.404,1.397,1.4018,971
1995-02-12,1.4008,1.4046,1.4003,1.4015,791
1995-02-13,1.4008,1.4046,1.397,1.4020000000000001,1872
1995-02-14,1.4008,1.4061,1.397,1.4020000000000001,2102
1995-02-15,1.401,1.4138,1.3992,1.4138,2662
1995-02-16,1.401,1.4156,1.3992,1.4042,3412
1995-02-17,1.4127,1.4156,1.4025,1.4042,1771
1995-02-19,1.4037,1.4075,1.4031,1.4045,801
1995-02-20,1.4037,1.4075,1.3905,1.4022000000000001,3432
1995-02-21,1.4031,1.4041000000000001,1.3905,1.395,3652
1995-02-22,1.4012,1.4027,1.3914,1.3935,2122
1995-02-23,1.3947,1.3975,1.3892,1.3902,2192
1995-02-24,1.3929,1.396,1.3892,1.3902,1091
1995-02-26,1.3900000000000001,1.4013,1.3857,1.3875,2871
1995-02-27,1.3900000000000001,1.4013,1.3855,1.3913,4142
1995-02-28,1.387,1.4018,1.3855,1.4015,2502
1995-03-01,1.3898,1.407,1.3898,1.404,2692
1995-03-02,1.401,1.408,1.3982,1.407,2962
1995-03-03,1.403,1.408,1.3985,1.407,1501
1995-03-05,1.4060000000000001,1.4191,1.4060000000000001,1.416,1621
1995-03-06,1.4060000000000001,1.4233,1.4060000000000001,1.414,3632
1995-03-07,1.4155,1.4233,1.4055,1.4117,4542
1995-03-08,1.4128,1.4187,1.4045,1.4082,4742
1995-03-09,1.4104999999999999,1.4167,1.4035,1.4075,3562
1995-03-10,1.407,1.4104999999999999,1.4035,1.4075,1351
1995-03-12,1.4068,1.4153,1.4060000000000001,1.4153,1011
1995-03-13,1.4068,1.4182000000000001,1.4060000000000001,1.4144999999999999,2122
1995-03-14,1.4148,1.4182000000000001,1.41,1.413,2452
1995-03-15,1.4132,1.4178,1.41,1.414,2342
1995-03-16,1.4118,1.4215,1.4102000000000001,1.412,3162
1995-03-17,1.413,1.4215,1.4102000000000001,1.412,2161
1995-03-19,1.4115,1.4135,1.4055,1.409,1351
1995-03-20,1.4115,1.4135,1.4,1.4025,3012
1995-03-21,1.4062999999999999,1.4102000000000001,1.3995,1.4027,2482
1995-03-22,1.4015,1.409,1.3995,1.4075,1962
1995-03-23,1.4022999999999999,1.409,1.4,1.401,2092
1995-03-24,1.4064999999999999,1.4075,1.4,1.401,951
1995-03-26,1.3980000000000001,1.4022000000000001,1.3975,1.4008,661
1995-03-27,1.3980000000000001,1.4048,1.3975,1.403,1702
1995-03-28,1.3998,1.4075,1.3980000000000001,1.4045,1972
1995-03-29,1.4020000000000001,1.4075,1.395,1.3995,2602
1995-03-30,1.4032,1.4052,1.395,1.3995,3312
1995-03-31,1.3987,1.4046,1.396,1.3995,1641
1995-04-02,1.399,1.4032,1.3963,1.3995,1331
1995-04-03,1.399,1.4032,1.391,1.3925,2582
1995-04-04,1.3992,1.4006,1.389,1.3918,2282
1995-04-05,1.3915,1.3948,1.387,1.3893,2392
1995-04-06,1.3913,1.3948,1.3868,1.3918,2012
1995-04-07,1.3883,1.3918,1.3868,1.3918,651
1995-04-09,1.3900000000000001,1.3915,1.3782,1.381,1761
1995-04-10,1.3900000000000001,1.3915,1.3745,1.3841999999999999,3282
1995-04-11,1.379,1.3847,1.374,1.375,2792
1995-04-12,1.3833,1.3845,1.3718,1.374,2862
1995-04-13,1.3735,1.38,1.3675,1.3719999999999999,2762
1995-04-14,1.3727,1.3737,1.3675,1.3719999999999999,1171
1995-04-16,1.3685,1.3719999999999999,1.3639999999999999,1.3675,1501
1995-04-17,1.3685,1.3719999999999999,1.3639999999999999,1.3705,2192
1995-04-18,1.366,1.375,1.3653,1.371,1702
1995-04-19,1.3697,1.375,1.3654,1.3683,2092
1995-04-20,1.3715,1.3725,1.3654,1.3715,2032
1995-04-21,1.369,1.3725,1.3665,1.3715,951
1995-04-23,1.3719000000000001,1.3735,1.3632,1.3639999999999999,1271
1995-04-24,1.3719000000000001,1.3735,1.3615,1.3639999999999999,2372
1995-04-25,1.363,1.3675,1.3606,1.361,1812
1995-04-26,1.3637000000000001,1.366,1.3606,1.3625,1562
1995-04-27,1.361,1.366,1.355,1.3555,2152
1995-04-28,1.3625,1.365,1.355,1.3555,1301
1995-04-30,1.355,1.3585,1.3543,1.3552,821
1995-05-01,1.355,1.3589,1.3519999999999999,1.3578999999999999,1842
1995-05-02,1.3543,1.3655,1.3519999999999999,1.3615,2292
1995-05-03,1.358,1.3655,1.3574,1.3633,1922
1995-05-04,1.3622,1.365,1.3518,1.3534,2172
1995-05-05,1.3634,1.3644,1.3518,1.3534,1521
1995-05-07,1.353,1.3599999999999999,1.353,1.3583,871
1995-05-08,1.353,1.3603,1.353,1.358,2082
1995-05-09,1.3585,1.3616,1.353,1.3535,2562
1995-05-10,1.3572,1.3616,1.349,1.3492,2122
1995-05-11,1.3545,1.357,1.349,1.3515,2172
1995-05-12,1.3495,1.357,1.349,1.3515,1401
1995-05-14,1.351,1.3609,1.351,1.3585,1231
1995-05-15,1.351,1.3632,1.351,1.3538000000000001,2732
1995-05-16,1.3582,1.3632,1.3533,1.355,2742
1995-05-17,1.354,1.3605,1.3533,1.3555,2492
1995-05-18,1.355,1.3605,1.354,1.3559999999999999,2172
1995-05-19,1.355,1.3595,1.3544,1.3559999999999999,921
1995-05-21,1.3559999999999999,1.3695,1.3559999999999999,1.367,1601
1995-05-22,1.3559999999999999,1.3708,1.3559999999999999,1.3635,2712
1995-05-23,1.367,1.3708,1.3605,1.3645,2302
1995-05-24,1.3638,1.3711,1.3605,1.3698000000000001,2272
1995-05-25,1.3644,1.3738000000000001,1.363,1.3707,2012
1995-05-26,1.369,1.3738000000000001,1.3683,1.3707,931
1995-05-28,1.3715,1.3725,1.367,1.369,851
1995-05-29,1.3715,1.3728,1.367,1.3715,1742
1995-05-30,1.3688,1.3732,1.367,1.37,1912
1995-05-31,1.3712,1.376,1.3675,1.3725,2032
1995-06-01,1.3706,1.3792,1.37,1.3765,2502
1995-06-02,1.373,1.3792,1.37,1.3765,1491
1995-06-04,1.377,1.3795,1.3748,1.3775,891
1995-06-05,1.377,1.3824,1.3748,1.381,1862
1995-06-06,1.3775,1.3828,1.3758,1.3787,1552
1995-06-07,1.3815,1.3828,1.3715,1.3715,1512
1995-06-08,1.3788,1.3798,1.3715,1.3775,1702
1995-06-09,1.3721999999999999,1.3785,1.3719999999999999,1.3775,771
1995-06-11,1.377,1.3806,1.3763,1.3785,711
1995-06-12,1.377,1.3848,1.3763,1.3832,1592
1995-06-13,1.3780000000000001,1.3848,1.3778000000000001,1.3795,1912
1995-06-14,1.3820000000000001,1.3844,1.3738000000000001,1.379,2622
1995-06-15,1.3795,1.3832,1.3738000000000001,1.3825,2132
1995-06-16,1.3785,1.3832,1.3785,1.3825,541
1995-06-18,1.3817,1.3852,1.3801999999999999,1.3820000000000001,971
1995-06-19,1.3817,1.3852,1.3775,1.38,2082
1995-06-20,1.3822999999999999,1.3841999999999999,1.375,1.3825,2562
1995-06-21,1.3794,1.3838,1.373,1.3747,2692
1995-06-22,1.3815,1.3826,1.3719999999999999,1.3748,2142
1995-06-23,1.3738000000000001,1.377,1.3719999999999999,1.3748,901
1995-06-25,1.3745,1.3755,1.3706,1.373,831
1995-06-26,1.3745,1.376,1.3706,1.3745,1572
1995-06-27,1.3725,1.3788,1.3713,1.375,1672
1995-06-28,1.3737,1.3788,1.3735,1.377,1502
1995-06-29,1.3735,1.3780999999999999,1.3713,1.3725,1562
1995-06-30,1.376,1.3780000000000001,1.3713,1.3725,991
1995-07-02,1.3716,1.3737,1.3679999999999999,1.3732,981
1995-07-03,1.3716,1.3738000000000001,1.3679999999999999,1.3719999999999999,1892
1995-07-04,1.3725,1.3738000000000001,1.3685,1.37,1732
1995-07-05,1.371,1.3731,1.365,1.366,1822
1995-07-06,1.3684,1.3712,1.358,1.3595,2652
1995-07-07,1.365,1.369,1.358,1.3595,1651
1995-07-09,1.3585,1.3608,1.347,1.3538000000000001,2291
1995-07-10,1.3585,1.3608,1.347,1.3525,3402
1995-07-11,1.3528,1.3572,1.3504,1.3564,1982
1995-07-12,1.3515,1.3645,1.3504,1.3635,2772
1995-07-13,1.3559,1.3645,1.3512,1.3585,3092
1995-07-14,1.3624,1.3634,1.3555,1.3585,1191
1995-07-16,1.3575,1.3595,1.3545,1.3559999999999999,851
1995-07-17,1.3575,1.3622,1.3545,1.3603,1762
1995-07-18,1.355,1.367,1.355,1.3655,1902
1995-07-19,1.3598,1.367,1.3592,1.3628,1872
1995-07-20,1.3639999999999999,1.3665,1.3578999999999999,1.3605,1832
1995-07-21,1.3618000000000001,1.3633,1.3578999999999999,1.3605,951
1995-07-23,1.3599999999999999,1.3615,1.3559,1.3568,801
1995-07-24,1.3599999999999999,1.3615,1.3547,1.3563,1552
1995-07-25,1.3562,1.3598,1.3547,1.359,1292
1995-07-26,1.3552,1.3622,1.3552,1.3605,1272
1995-07-27,1.358,1.3676,1.3573,1.3676,1492
1995-07-28,1.3599999999999999,1.3676,1.3599999999999999,1.3676,761
1995-07-30,1.3667,1.375,1.3631,1.3657,2281
1995-07-31,1.3667,1.375,1.3631,1.3679999999999999,3222
1995-08-01,1.365,1.3697,1.3555,1.3565,2492
1995-08-02,1.367,1.3685,1.3555,1.3598,1972
1995-08-03,1.3559999999999999,1.3620999999999999,1.3542,1.359,1942
1995-08-04,1.3596,1.3620999999999999,1.3542,1.359,1521
1995-08-06,1.3583,1.3620999999999999,1.3519999999999999,1.3565,1841
1995-08-07,1.3583,1.3620999999999999,1.3519999999999999,1.3595,2692
1995-08-08,1.355,1.3626,1.353,1.3599999999999999,2412
1995-08-09,1.358,1.3626,1.3538000000000001,1.3599999999999999,2512
1995-08-10,1.3585,1.362,1.3548,1.3615,2192
1995-08-11,1.3595,1.362,1.3548,1.3615,1241
1995-08-13,1.3597000000000001,1.3644,1.3567,1.362,1311
1995-08-14,1.3597000000000001,1.3644,1.3548,1.3595,2842
1995-08-15,1.3606,1.363,1.3548,1.3575,2582
1995-08-16,1.358,1.362,1.3565,1.3612,1632
1995-08-17,1.357,1.362,1.3559999999999999,1.359,1502
1995-08-18,1.3602,1.3612,1.3559999999999999,1.359,921
1995-08-20,1.3583,1.3605,1.3573,1.3588,591
1995-08-21,1.3583,1.3605,1.3557000000000001,1.3568,1162
1995-08-22,1.3578999999999999,1.3599999999999999,1.3552,1.3595,1172
1995-08-23,1.3559,1.3607,1.3519999999999999,1.354,1852
1995-08-24,1.3589,1.3607,1.3432,1.345,2652
1995-08-25,1.3534,1.3544,1.3432,1.345,1401
1995-08-27,1.3441,1.3468,1.3377,1.3395000000000001,1361
1995-08-28,1.3441,1.3468,1.3377,1.3415,2232
1995-08-29,1.339,1.3436,1.334,1.3407,2442
1995-08-30,1.3404,1.3454,1.334,1.3437000000000001,2662
1995-08-31,1.3394,1.3454,1.3378,1.3445,1862
1995-09-01,1.3428,1.3453,1.3406,1.3445,771
1995-09-03,1.3437999999999999,1.3458,1.3415,1.3448,761
1995-09-04,1.3437999999999999,1.347,1.339,1.342,2182
1995-09-05,1.3437999999999999,1.347,1.3345,1.337,2522
1995-09-06,1.341,1.343,1.3338,1.3425,2292
1995-09-07,1.336,1.346,1.3338,1.338,2962
1995-09-08,1.3407,1.346,1.3357999999999999,1.338,1771
1995-09-10,1.3403,1.3448,1.3395000000000001,1.3448,611
1995-09-11,1.3403,1.3491,1.3395000000000001,1.3472,1772
1995-09-12,1.3436,1.3605,1.3415,1.3597000000000001,3112
1995-09-13,1.3468,1.3740999999999999,1.3443,1.367,4582
1995-09-14,1.3587,1.3740999999999999,1.3568,1.367,4672
1995-09-15,1.367,1.3702,1.3599999999999999,1.367,2041
1995-09-17,1.3657,1.3688,1.3588,1.3599999999999999,1431
1995-09-18,1.3657,1.3688,1.3567,1.3599999999999999,2952
1995-09-19,1.3586,1.365,1.3564,1.3575,3012
1995-09-20,1.3586,1.3644,1.3505,1.3515,2912
1995-09-21,1.3565,1.3601,1.3479999999999999,1.3508,2722
1995-09-22,1.3502,1.3548,1.3479999999999999,1.3508,1301
1995-09-24,1.3495,1.3505,1.343,1.3455,1101
1995-09-25,1.3495,1.3505,1.343,1.346,2092
1995-09-26,1.3445,1.3525,1.3435000000000001,1.351,2182
1995-09-27,1.3453,1.3541,1.3437000000000001,1.3498,2292
1995-09-28,1.35,1.3541,1.3409,1.342,2602
1995-09-29,1.347,1.3509,1.3409,1.342,1501
1995-10-01,1.339,1.3422,1.336,1.3383,1171
1995-10-02,1.339,1.3422,1.327,1.3308,3122
1995-10-03,1.3377,1.3402,1.327,1.3335,2962
1995-10-04,1.3296000000000001,1.3378999999999999,1.327,1.3365,1672
1995-10-05,1.3327,1.34,1.329,1.332,2482
1995-10-06,1.3357999999999999,1.34,1.329,1.332,1821
1995-10-08,1.3312,1.337,1.331,1.336,721
1995-10-09,1.3312,1.3405,1.331,1.3355000000000001,2022
1995-10-10,1.3355000000000001,1.3405,1.3327,1.336,2562
1995-10-11,1.334,1.3422,1.3327,1.3395000000000001,2292
1995-10-12,1.336,1.3422,1.3333,1.339,2432
1995-10-13,1.338,1.3408,1.3333,1.339,1401
1995-10-15,1.3391,1.3427,1.3345,1.336,1331
1995-10-16,1.3391,1.3427,1.3345,1.3383,1982
1995-10-17,1.3352,1.341,1.335,1.3405,1252
1995-10-18,1.3375,1.3423,1.3354,1.3423,1602
1995-10-19,1.3385,1.357,1.3354,1.3559999999999999,2872
1995-10-20,1.3417,1.357,1.3405,1.3559999999999999,1871
1995-10-22,1.3555,1.3755,1.3541,1.373,2531
1995-10-23,1.3555,1.3796,1.3541,1.3685,5322
1995-10-24,1.3718,1.3796,1.3625,1.3639999999999999,4442
1995-10-25,1.3675,1.3725,1.3585,1.3708,3242
1995-10-26,1.3620999999999999,1.3780000000000001,1.3585,1.3639999999999999,4462
1995-10-27,1.3699,1.3780000000000001,1.3607,1.3639999999999999,2871
1995-10-29,1.362,1.371,1.351,1.3635,3851
1995-10-30,1.362,1.375,1.333,1.3448,10532
1995-10-31,1.362,1.375,1.333,1.3508,8142
1995-11-01,1.3437999999999999,1.354,1.34,1.345,3592
1995-11-02,1.3497,1.354,1.341,1.347,3332
1995-11-03,1.3439999999999999,1.349,1.3415,1.347,1201
1995-11-05,1.3462,1.3535,1.3453,1.3525,1011
1995-11-06,1.3462,1.3598,1.3453,1.3585,2022
1995-11-07,1.3518,1.3598,1.3514,1.354,2352
1995-11-08,1.357,1.3597000000000001,1.351,1.3525,2582
1995-11-09,1.3531,1.3575,1.349,1.3515,2452
1995-11-10,1.3519999999999999,1.3553,1.349,1.3515,1211
1995-11-12,1.351,1.3525,1.347,1.3508,1081
1995-11-13,1.351,1.3559999999999999,1.347,1.353,2232
1995-11-14,1.3495,1.3595,1.3485,1.3545,2502
1995-11-15,1.3519999999999999,1.3595,1.3515,1.3547,1972
1995-11-16,1.3537,1.3575,1.35,1.3518,1932
1995-11-17,1.3537,1.3575,1.35,1.3518,1311
1995-11-19,1.3517000000000001,1.353,1.3485,1.3521,861
1995-11-20,1.3517000000000001,1.354,1.3467,1.3536000000000001,2072
1995-11-21,1.3511,1.3568,1.3467,1.3534,2322
1995-11-22,1.3525,1.3568,1.3508,1.354,1812
1995-11-23,1.353,1.3554,1.351,1.354,1172
1995-11-24,1.3525,1.3554,1.3523,1.354,471
1995-11-26,1.353,1.355,1.351,1.3538000000000001,721
1995-11-27,1.353,1.3578000000000001,1.351,1.3567,1392
1995-11-28,1.3526,1.3620999999999999,1.3524,1.3575,1872
1995-11-29,1.3563,1.3620999999999999,1.3538000000000001,1.3606,2202
1995-11-30,1.357,1.3673,1.3538000000000001,1.366,1902
1995-12-01,1.3602,1.3673,1.3599,1.366,901
1995-12-03,1.3647,1.369,1.3634,1.3675,841
1995-12-04,1.3647,1.369,1.3634,1.365,1662
1995-12-05,1.3664,1.3688,1.363,1.3657,1272
1995-12-06,1.363,1.3693,1.363,1.3693,1152
1995-12-07,1.3647,1.3780000000000001,1.3635,1.377,1902
1995-12-08,1.3684,1.3780000000000001,1.3677000000000001,1.377,1201
1995-12-10,1.3753,1.383,1.3751,1.3819,921
1995-12-11,1.3753,1.383,1.3748,1.3793,2262
1995-12-12,1.3813,1.3825,1.3734,1.377,2432
1995-12-13,1.3777,1.3792,1.3725,1.3745,1872
1995-12-14,1.3759000000000001,1.3771,1.3717,1.3727,1792
1995-12-15,1.3732,1.377,1.3717,1.3727,1011
1995-12-17,1.3723,1.3797,1.371,1.3793,1041
1995-12-18,1.3723,1.3801,1.371,1.3737,2092
1995-12-19,1.379,1.3801,1.3665,1.3679999999999999,2252
1995-12-20,1.373,1.375,1.3583,1.3639999999999999,2892
1995-12-21,1.3675,1.3685,1.3583,1.3625,2672
1995-12-22,1.3633,1.3668,1.3615,1.3625,981
1995-12-24,1.362,1.363,1.362,1.363,101
1995-12-25,1.362,1.3638,1.359,1.3608,942
1995-12-26,1.362,1.3639999999999999,1.357,1.3582,2092
1995-12-27,1.3597000000000001,1.3639999999999999,1.357,1.3625,1782
1995-12-28,1.3572,1.3658000000000001,1.3572,1.365,1362
1995-12-29,1.3617,1.3658000000000001,1.3599999999999999,1.365,831
1996-01-01,1.3625,1.3658000000000001,1.354,1.3545,1561
1996-01-02,1.3625,1.3658000000000001,1.3518,1.3538000000000001,2482
1996-01-03,1.3538000000000001,1.3572,1.351,1.3563,1862
1996-01-04,1.3533,1.3612,1.351,1.3585,2282
1996-01-05,1.3575,1.3612,1.354,1.3585,1341
1996-01-07,1.3554,1.3645,1.3554,1.3645,911
1996-01-08,1.3554,1.3645,1.3554,1.363,1632
1996-01-09,1.3614,1.3676,1.3599999999999999,1.3654,1932
1996-01-10,1.3623,1.3676,1.3599999999999999,1.3632,2232
1996-01-11,1.3638,1.3673,1.3605,1.3634,1582
1996-01-12,1.3622,1.3639000000000001,1.3605,1.3634,561
1996-01-14,1.3637000000000001,1.3653,1.362,1.363,591
1996-01-15,1.3637000000000001,1.3697,1.3612,1.3691,1592
1996-01-16,1.3620999999999999,1.3708,1.3612,1.3645,2162
1996-01-17,1.3675,1.3708,1.3617,1.3645,2152
1996-01-18,1.3632,1.3673,1.3615,1.3673,1582
1996-01-19,1.3616,1.3673,1.3615,1.3673,591
1996-01-21,1.3628,1.3707,1.3628,1.3699,871
1996-01-22,1.3628,1.3726,1.3628,1.3677000000000001,1862
1996-01-23,1.369,1.3726,1.3665,1.3721,1582
1996-01-24,1.3668,1.381,1.3665,1.379,1892
1996-01-25,1.37,1.3845,1.37,1.3820000000000001,2572
1996-01-26,1.3777,1.3845,1.376,1.3820000000000001,1271
1996-01-28,1.3775,1.3820000000000001,1.3775,1.379,751
1996-01-29,1.3775,1.3820000000000001,1.376,1.3778000000000001,1682
1996-01-30,1.3785,1.3845,1.371,1.375,3032
1996-01-31,1.381,1.3845,1.371,1.3735,3032
1996-02-01,1.376,1.3784,1.3713,1.376,1752
1996-02-02,1.3734,1.3767,1.3713,1.376,821
1996-02-04,1.3735,1.3791,1.3732,1.3784,691
1996-02-05,1.3735,1.3791,1.3705,1.3719999999999999,1792
1996-02-06,1.3780000000000001,1.379,1.3649,1.367,2512
1996-02-07,1.3705,1.3738000000000001,1.3649,1.3725,2422
1996-02-08,1.365,1.375,1.365,1.371,1962
1996-02-09,1.3715,1.375,1.37,1.371,951
1996-02-11,1.3724,1.374,1.3692,1.3718,901
1996-02-12,1.3724,1.374,1.3692,1.3733,1402
1996-02-13,1.3713,1.3812,1.3705,1.3808,1472
1996-02-14,1.3719000000000001,1.3812,1.3719000000000001,1.381,1702
1996-02-15,1.3795,1.3835,1.3766,1.3815,1642
1996-02-16,1.38,1.3835,1.3782,1.3815,911
1996-02-18,1.3801,1.3872,1.3797,1.3857,941
1996-02-19,1.3801,1.3872,1.3788,1.3817,2152
1996-02-20,1.384,1.3860000000000001,1.376,1.377,2442
1996-02-21,1.3807,1.384,1.374,1.375,1902
1996-02-22,1.3767,1.3783,1.373,1.3765,1562
1996-02-23,1.3748,1.3783,1.373,1.3765,891
1996-02-25,1.3748,1.3793,1.373,1.3745,1231
1996-02-26,1.3748,1.3793,1.3719999999999999,1.3755,1872
1996-02-27,1.3735,1.3779,1.3719999999999999,1.3775,1362
1996-02-28,1.3739,1.3779,1.3688,1.3698000000000001,1772
1996-02-29,1.3763,1.3773,1.3663,1.3705,2072
1996-03-01,1.3713,1.3718,1.3663,1.3705,1021
1996-03-03,1.3705,1.373,1.3705,1.3719999999999999,351
1996-03-04,1.3705,1.3733,1.3675,1.3733,1312
1996-03-05,1.3713,1.3738000000000001,1.367,1.3675,2122
1996-03-06,1.3695,1.3738000000000001,1.367,1.3725,1952
1996-03-07,1.3672,1.3745,1.3648,1.369,2372
1996-03-08,1.3726,1.3745,1.3648,1.369,1581
1996-03-10,1.3662,1.3684,1.3647,1.3665,711
1996-03-11,1.3662,1.369,1.3622,1.369,1752
1996-03-12,1.3658000000000001,1.3697,1.3622,1.3685,1792
1996-03-13,1.3679999999999999,1.3697,1.3657,1.3688,1332
1996-03-14,1.367,1.3703,1.3615,1.3645,1972
1996-03-15,1.3682,1.3703,1.3615,1.3645,1391
1996-03-17,1.3637000000000001,1.3657,1.3572,1.3589,1221
1996-03-18,1.3637000000000001,1.3657,1.3553,1.3595,2402
1996-03-19,1.3593,1.3613,1.3553,1.3601,1592
1996-03-20,1.3578000000000001,1.3631,1.3568,1.3623,1322
1996-03-21,1.3588,1.3635,1.3568,1.363,1512
1996-03-22,1.3618000000000001,1.3635,1.3599,1.363,601
1996-03-24,1.3609,1.3638,1.358,1.3632,931
1996-03-25,1.3609,1.3651,1.358,1.3622,1662
1996-03-26,1.3607,1.3654,1.3599999999999999,1.3643,1592
1996-03-27,1.3620999999999999,1.3662,1.3599999999999999,1.3639999999999999,1652
1996-03-28,1.3635,1.3662,1.3558,1.3599999999999999,2342
1996-03-29,1.3631,1.3651,1.3558,1.3599999999999999,1551
1996-03-31,1.3568,1.3585,1.3534,1.355,841
1996-04-01,1.3568,1.3585,1.353,1.3556,1272
1996-04-02,1.3535,1.3585,1.353,1.3583,802
1996-04-03,1.355,1.359,1.355,1.358,942
1996-04-04,1.3575,1.359,1.3553,1.357,1062
1996-04-05,1.3575,1.358,1.3553,1.357,491
1996-04-07,1.3545,1.3586,1.3545,1.3585,421
1996-04-08,1.3545,1.3602,1.3533,1.3588,1632
1996-04-09,1.3571,1.3606,1.3533,1.357,1972
1996-04-10,1.3586,1.3606,1.3542,1.3577,1552
1996-04-11,1.3559999999999999,1.359,1.3542,1.3568,1302
1996-04-12,1.3565,1.3575,1.3548,1.3568,511
1996-04-14,1.3553,1.3573,1.3543,1.3561,521
1996-04-15,1.3553,1.3595,1.3543,1.3595,922
1996-04-16,1.3555,1.3595,1.355,1.3571,1302
1996-04-17,1.3571,1.3643,1.355,1.3637000000000001,1992
1996-04-18,1.3559999999999999,1.3655,1.355,1.363,1842
1996-04-19,1.3605,1.3655,1.3605,1.363,751
1996-04-21,1.3607,1.3634,1.359,1.3634,611
1996-04-22,1.3607,1.3639999999999999,1.359,1.3618999999999999,1192
1996-04-23,1.3633,1.3685,1.3552,1.365,2782
1996-04-24,1.3604,1.3685,1.3552,1.363,3022
1996-04-25,1.3639999999999999,1.3665,1.3595,1.3615,1782
1996-04-26,1.3631,1.3651,1.3595,1.3615,961
1996-04-28,1.3604,1.3647,1.3599999999999999,1.3624,741
1996-04-29,1.3604,1.3647,1.3587,1.3618000000000001,1392
1996-04-30,1.3593,1.3632,1.3587,1.3611,1112
1996-05-01,1.3617,1.3632,1.3572,1.3627,1132
1996-05-02,1.3574,1.3656,1.3572,1.3656,1222
1996-05-03,1.3615,1.3656,1.3608,1.3656,551
1996-05-05,1.3652,1.3668,1.3639999999999999,1.3656,521
1996-05-06,1.3652,1.3674,1.3634,1.3645,1212
1996-05-07,1.3634,1.3695,1.3632,1.3665,1752
1996-05-08,1.3645,1.3695,1.3632,1.3675,1682
1996-05-09,1.3645,1.3715,1.3635,1.3705,1432
1996-05-10,1.365,1.3715,1.3647,1.3705,811
1996-05-12,1.3695,1.3749,1.3639999999999999,1.366,1831
1996-05-13,1.3695,1.3749,1.3635,1.3687,3072
1996-05-14,1.3651,1.3715,1.3635,1.3685,2072
1996-05-15,1.369,1.3705,1.3660999999999999,1.37,1252
1996-05-16,1.3672,1.3721999999999999,1.3665,1.3698000000000001,1152
1996-05-17,1.3693,1.3721999999999999,1.3683,1.3698000000000001,731
1996-05-19,1.369,1.3755,1.3683,1.3727,1071
1996-05-20,1.369,1.3755,1.3683,1.3726,1762
1996-05-21,1.3711,1.374,1.3698000000000001,1.3725,1132
1996-05-22,1.3707,1.3768,1.3681,1.375,1692
1996-05-23,1.3700999999999999,1.3776,1.3681,1.374,2172
1996-05-24,1.374,1.3776,1.373,1.374,921
1996-05-26,1.375,1.3755,1.373,1.374,401
1996-05-27,1.375,1.3768,1.3716,1.3768,982
1996-05-28,1.3721999999999999,1.3775,1.3706,1.3729,1702
1996-05-29,1.3755,1.3775,1.367,1.3702,2232
1996-05-30,1.3725,1.3737,1.367,1.369,1922
1996-05-31,1.3695,1.3728,1.3685,1.369,811
1996-06-02,1.3687,1.37,1.367,1.3689,581
1996-06-03,1.3687,1.3700999999999999,1.367,1.369,972
1996-06-04,1.3681,1.3703,1.3646,1.366,1282
1996-06-05,1.3685,1.3703,1.3632,1.365,1702
1996-06-06,1.3655,1.3675,1.3631,1.365,1522
1996-06-07,1.3637000000000001,1.3673,1.3631,1.365,711
1996-06-09,1.3639999999999999,1.3657,1.362,1.3639000000000001,731
1996-06-10,1.3639999999999999,1.366,1.362,1.3657,1112
1996-06-11,1.3625,1.3676,1.3625,1.3675,732
1996-06-12,1.3642,1.3696,1.3642,1.3679999999999999,872
1996-06-13,1.366,1.3716,1.363,1.3655,2012
1996-06-14,1.3678,1.3716,1.363,1.3655,1491
1996-06-16,1.3643,1.3676,1.3636,1.3676,471
1996-06-17,1.3643,1.3692,1.3636,1.369,912
1996-06-18,1.365,1.37,1.365,1.3675,1092
1996-06-19,1.366,1.37,1.366,1.3669,1202
1996-06-20,1.3668,1.3688,1.3635,1.365,1442
1996-06-21,1.3659,1.3684,1.3635,1.365,891
1996-06-23,1.3637000000000001,1.3657,1.3585,1.3605,1121
1996-06-24,1.3637000000000001,1.3657,1.3565,1.3589,1882
1996-06-25,1.3585,1.3622,1.3565,1.3603,1472
1996-06-26,1.358,1.3636,1.3575,1.3636,1172
1996-06-27,1.3604,1.3667,1.3597000000000001,1.3639000000000001,1252
1996-06-28,1.3624,1.3667,1.362,1.3639000000000001,791
1996-06-30,1.3635,1.365,1.362,1.3636,591
1996-07-01,1.3635,1.365,1.359,1.3599,1382
1996-07-02,1.3639999999999999,1.365,1.359,1.361,1132
1996-07-03,1.359,1.3617,1.3575,1.3594,992
1996-07-04,1.3585,1.3705,1.3575,1.3685,2052
1996-07-05,1.3585,1.3705,1.3585,1.3685,1401
1996-07-07,1.3679000000000001,1.3716,1.3665,1.3705,761
1996-07-08,1.3679000000000001,1.3725,1.3665,1.3674,1622
1996-07-09,1.37,1.3725,1.3665,1.3677000000000001,1512
1996-07-10,1.3672,1.3712,1.3665,1.3708,1142
1996-07-11,1.3673,1.3725,1.367,1.3697,1222
1996-07-12,1.369,1.3725,1.3685,1.3697,731
1996-07-14,1.3676,1.3712,1.367,1.3712,481
1996-07-15,1.3676,1.375,1.367,1.3696,1722
1996-07-16,1.3698000000000001,1.375,1.3675,1.3731,1982
1996-07-17,1.3681,1.3747,1.365,1.3655,1912
1996-07-18,1.3732,1.3747,1.3645,1.3668,2112
1996-07-19,1.365,1.3700999999999999,1.3645,1.3668,941
1996-07-21,1.3653,1.369,1.365,1.369,431
1996-07-22,1.3653,1.3728,1.365,1.3717,1022
1996-07-23,1.3679999999999999,1.3738000000000001,1.3679999999999999,1.3714,1172
1996-07-24,1.3704,1.3763,1.3700999999999999,1.3763,1202
1996-07-25,1.3700999999999999,1.3765,1.3700999999999999,1.3753,1232
1996-07-26,1.3734,1.3765,1.3725,1.3753,611
1996-07-28,1.3726,1.3754,1.3714,1.3732,741
1996-07-29,1.3726,1.3755,1.3714,1.3744,1302
1996-07-30,1.3719999999999999,1.3755,1.3715,1.3752,932
1996-07-31,1.3735,1.3758,1.3688,1.3746,1682
1996-08-01,1.3737,1.377,1.3688,1.3748,2002
1996-08-02,1.3723,1.377,1.3723,1.3748,691
1996-08-04,1.3739,1.3761,1.3726,1.3761,481
1996-08-05,1.3739,1.3780000000000001,1.3725,1.3738000000000001,1502
1996-08-06,1.3746,1.3780000000000001,1.3708,1.3726,1862
1996-08-07,1.3732,1.3753,1.3692,1.3711,1522
1996-08-08,1.3717,1.3752,1.3685,1.3709,1822
1996-08-09,1.3689,1.3752,1.3685,1.3709,1141
1996-08-11,1.3693,1.3724,1.3682,1.3717,601
1996-08-12,1.3693,1.3755,1.3682,1.3742,1382
1996-08-13,1.371,1.3758,1.37,1.3745,1232
1996-08-14,1.373,1.3788,1.3728,1.3746,1422
1996-08-15,1.3737,1.3788,1.3715,1.374,1742
1996-08-16,1.3735,1.3756,1.3715,1.374,771
1996-08-18,1.373,1.3755,1.3717,1.3728,741
1996-08-19,1.373,1.3755,1.3715,1.374,1372
1996-08-20,1.3733,1.375,1.3715,1.3746,962
1996-08-21,1.3735,1.376,1.3675,1.3694,1572
1996-08-22,1.374,1.376,1.3675,1.371,1612
1996-08-23,1.3685,1.3716,1.3685,1.371,371
1996-08-25,1.37,1.3714,1.3695,1.3707,311
1996-08-26,1.37,1.3718,1.3665,1.3689,1362
1996-08-27,1.369,1.3718,1.3653,1.3659,1672
1996-08-28,1.3675,1.3692,1.3645,1.3672,1202
1996-08-29,1.365,1.369,1.3645,1.3684,1032
1996-08-30,1.3669,1.369,1.366,1.3684,451
1996-09-01,1.3682,1.3703,1.3673,1.3696,461
1996-09-02,1.3682,1.3709,1.3673,1.3703,892
1996-09-03,1.3679999999999999,1.3714,1.3676,1.3699,922
1996-09-04,1.37,1.373,1.3682,1.373,1012
1996-09-05,1.3686,1.375,1.3682,1.3734,1402
1996-09-06,1.3721999999999999,1.375,1.37,1.3734,881
1996-09-08,1.3725,1.3745,1.3698000000000001,1.3705,741
1996-09-09,1.3725,1.3745,1.3683,1.3707,1522
1996-09-10,1.3705,1.3729,1.3683,1.3715,1272
1996-09-11,1.3706,1.3735,1.369,1.3719000000000001,1302
1996-09-12,1.371,1.3735,1.3686,1.3699,1632
1996-09-13,1.3705,1.373,1.3686,1.3699,821
1996-09-15,1.3698000000000001,1.3706,1.3686,1.3706,321
1996-09-16,1.3698000000000001,1.3719999999999999,1.3686,1.3712,692
1996-09-17,1.3691,1.3726,1.3691,1.3719999999999999,732
1996-09-18,1.3708,1.3726,1.3695,1.3707,952
1996-09-19,1.3708,1.3725,1.3665,1.3675,1352
1996-09-20,1.3695,1.3713,1.3665,1.3675,761
1996-09-22,1.366,1.3681,1.3655,1.3673,391
1996-09-23,1.366,1.3687,1.365,1.3672,1082
1996-09-24,1.3667,1.3687,1.365,1.3664,1332
1996-09-25,1.3662,1.369,1.3639999999999999,1.3681,1482
1996-09-26,1.3665,1.3691,1.3625,1.363,1762
1996-09-27,1.367,1.3691,1.3625,1.363,921
1996-09-29,1.3623,1.3647,1.361,1.3620999999999999,721
1996-09-30,1.3623,1.3647,1.3586,1.3595,1692
1996-10-01,1.3616,1.3645,1.3585,1.3598,1962
1996-10-02,1.3595,1.3636,1.3585,1.361,1492
1996-10-03,1.359,1.3625,1.353,1.355,1772
1996-10-04,1.3603,1.362,1.353,1.355,1271
1996-10-06,1.3546,1.3563,1.3515,1.3536000000000001,861
1996-10-07,1.3546,1.3565,1.3515,1.3542,1622
1996-10-08,1.353,1.3565,1.3519999999999999,1.353,1512
1996-10-09,1.3535,1.3559999999999999,1.3483,1.3515,1722
1996-10-10,1.3526,1.3565,1.3483,1.353,1942
1996-10-11,1.3511,1.3565,1.3507,1.353,971
1996-10-13,1.3522,1.3533,1.3505,1.3526,521
1996-10-14,1.3522,1.355,1.3505,1.355,882
1996-10-15,1.3518,1.357,1.3516,1.355,1312
1996-10-16,1.3545,1.3573,1.3512,1.3519999999999999,1912
1996-10-17,1.3546,1.3573,1.3471,1.3493,1932
1996-10-18,1.3516,1.3531,1.3471,1.3493,971
1996-10-20,1.3485,1.3519999999999999,1.3456000000000001,1.3468,1111
1996-10-21,1.3485,1.3519999999999999,1.3435000000000001,1.3455,2062
1996-10-22,1.3466,1.3488,1.3423,1.3439999999999999,2042
1996-10-23,1.3451,1.3483,1.3423,1.3455,1822
1996-10-24,1.3436,1.3472,1.3423,1.346,1662
1996-10-25,1.3455,1.3472,1.3423,1.346,931
1996-10-27,1.3455,1.3467,1.3427,1.3452,771
1996-10-28,1.3455,1.3475,1.3427,1.3445,1512
1996-10-29,1.3445,1.3475,1.3397000000000001,1.3417,1632
1996-10-30,1.3442,1.3454,1.337,1.3381,1602
1996-10-31,1.341,1.342,1.3332,1.3338999999999999,1462
1996-11-01,1.338,1.339,1.3332,1.3338999999999999,751
1996-11-03,1.3336000000000001,1.3369,1.333,1.3365,491
1996-11-04,1.3336000000000001,1.3376000000000001,1.3292,1.3311,1672
1996-11-05,1.3361,1.3376000000000001,1.329,1.3321,1862
1996-11-06,1.3305,1.3365,1.328,1.3291,2142
1996-11-07,1.3315000000000001,1.3365,1.326,1.3319,2482
1996-11-08,1.3285,1.3328,1.326,1.3319,1021
1996-11-10,1.331,1.335,1.331,1.3341,491
1996-11-11,1.331,1.3356,1.331,1.3331,1272
1996-11-12,1.3335,1.3356,1.3315000000000001,1.3336000000000001,1462
1996-11-13,1.333,1.3376000000000001,1.3317999999999999,1.3365,1292
1996-11-14,1.333,1.3411,1.3328,1.3392,1332
1996-11-15,1.3362,1.3411,1.336,1.3392,721
1996-11-17,1.3381,1.3457,1.3377,1.3435000000000001,1061
1996-11-18,1.3381,1.3457,1.3377,1.3423,1862
1996-11-19,1.3431,1.3448,1.3382,1.3395000000000001,1572
1996-11-20,1.3418,1.3432,1.337,1.3393,1562
1996-11-21,1.3392,1.342,1.337,1.3415,1512
1996-11-22,1.3391,1.342,1.3372,1.3415,721
1996-11-24,1.3411,1.3436,1.339,1.343,731
1996-11-25,1.3411,1.3445,1.339,1.3436,1392
1996-11-26,1.3426,1.3479999999999999,1.3407,1.347,1602
1996-11-27,1.343,1.351,1.3413,1.347,1962
1996-11-28,1.3466,1.3515,1.3456000000000001,1.3515,1692
1996-11-29,1.3464,1.3515,1.3456000000000001,1.3515,671
1996-12-01,1.351,1.3542,1.3487,1.3519,1011
1996-12-02,1.351,1.3542,1.346,1.3511,2182
1996-12-03,1.3512,1.355,1.346,1.355,1942
1996-12-04,1.3503,1.3622,1.3488,1.3575,2152
1996-12-05,1.3545,1.3647,1.3538000000000001,1.3595,3122
1996-12-06,1.3571,1.3647,1.3548,1.3595,1741
1996-12-08,1.359,1.361,1.354,1.355,1001
1996-12-09,1.359,1.361,1.3534,1.3586,1752
1996-12-10,1.3547,1.3652,1.3534,1.3612,1872
1996-12-11,1.358,1.3652,1.3555,1.3595,2262
1996-12-12,1.3605,1.3636,1.3555,1.3636,1782
1996-12-13,1.3588,1.3636,1.358,1.3636,641
1996-12-15,1.3632,1.3679999999999999,1.3614,1.3668,961
1996-12-16,1.3632,1.3719999999999999,1.3614,1.3635,2562
1996-12-17,1.3665,1.3719999999999999,1.3624,1.367,2632
1996-12-18,1.3631,1.3711,1.3624,1.367,2212
1996-12-19,1.367,1.3711,1.3652,1.3689,1672
1996-12-20,1.3666,1.37,1.3664,1.3689,491
1996-12-22,1.3681,1.369,1.3641,1.3666,831
1996-12-23,1.3681,1.369,1.3641,1.3653,1482
1996-12-24,1.366,1.3683,1.3645,1.3653,772
1996-12-25,1.3649,1.3663,1.363,1.3639999999999999,722
1996-12-26,1.3646,1.3705,1.363,1.3679999999999999,1662
1996-12-27,1.3636,1.3705,1.363,1.3679999999999999,1061
1996-12-29,1.3678,1.3708,1.3663,1.3708,601
1996-12-30,1.3678,1.3725,1.3663,1.371,1502
1996-12-31,1.3706,1.3725,1.3678,1.371,901
1997-01-01,1.3693,1.377,1.3682,1.3761,1081
1997-01-02,1.3693,1.3787,1.3682,1.3705,2502
1997-01-03,1.3755,1.3787,1.3691,1.3705,1421
1997-01-05,1.3695,1.3737,1.363,1.3659,1781
1997-01-06,1.3695,1.3737,1.3547,1.3559,3212
1997-01-07,1.3652,1.3665,1.3491,1.3519999999999999,2812
1997-01-08,1.3556,1.3578000000000001,1.3488,1.3529,2712
1997-01-09,1.3516,1.3561,1.3458,1.3485,2712
1997-01-10,1.3521,1.3545,1.3458,1.3485,1381
1997-01-12,1.3485,1.3521,1.346,1.3475,1121
1997-01-13,1.3485,1.3527,1.346,1.3527,1762
1997-01-14,1.3471,1.3527,1.3407,1.3424,2092
1997-01-15,1.3519,1.3527,1.3368,1.3411,2782
1997-01-16,1.342,1.3439,1.3368,1.341,2432
1997-01-17,1.3404,1.3428,1.337,1.341,1101
1997-01-19,1.3404,1.3445,1.335,1.3389,1751
1997-01-20,1.3404,1.3445,1.335,1.3371,2662
1997-01-21,1.3382,1.3415,1.3338,1.3387,2282
1997-01-22,1.337,1.346,1.3338,1.3439,2512
1997-01-23,1.3383,1.3504,1.3375,1.3492,2152
1997-01-24,1.3441,1.3504,1.3428,1.3492,1011
1997-01-26,1.3488,1.3496000000000001,1.3428,1.3437000000000001,851
1997-01-27,1.3488,1.3496000000000001,1.338,1.3409,2172
1997-01-28,1.3431,1.3474,1.338,1.3464,2512
1997-01-29,1.3405,1.3494,1.3385,1.3475,2122
1997-01-30,1.3456000000000001,1.3515,1.3437999999999999,1.347,2112
1997-01-31,1.3468,1.3515,1.3455,1.347,1181
1997-02-02,1.347,1.3477000000000001,1.3418,1.3449,971
1997-02-03,1.347,1.3477000000000001,1.3403,1.3439999999999999,1892
1997-02-04,1.3442,1.3471,1.3403,1.3455,1762
1997-02-05,1.3437000000000001,1.3515,1.342,1.351,1662
1997-02-06,1.3448,1.3535,1.3443,1.3507,2112
1997-02-07,1.3508,1.3535,1.347,1.3507,1291
1997-02-09,1.3517000000000001,1.3558,1.3503,1.3546,811
1997-02-10,1.3517000000000001,1.3563,1.3503,1.3559,1322
1997-02-11,1.354,1.3585,1.3528,1.3559,1512
1997-02-12,1.3555,1.3585,1.3503,1.3519999999999999,2012
1997-02-13,1.3555,1.3571,1.3485,1.3496000000000001,1732
1997-02-14,1.3514,1.353,1.3485,1.3496000000000001,721
1997-02-16,1.3484,1.353,1.3483,1.3522,561
1997-02-17,1.3484,1.3582,1.3483,1.3535,1672
1997-02-18,1.3519999999999999,1.3613,1.3519,1.3606,2132
1997-02-19,1.3532,1.3620999999999999,1.3525,1.3611,2122
1997-02-20,1.3603,1.365,1.3562,1.3645,2032
1997-02-21,1.3604,1.365,1.3583,1.3645,931
1997-02-23,1.3642,1.3655,1.3607,1.3629,831
1997-02-24,1.3642,1.3655,1.3585,1.3602,1622
1997-02-25,1.3625,1.3679999999999999,1.357,1.367,2252
1997-02-26,1.3596,1.37,1.357,1.369,2252
1997-02-27,1.3663,1.3703,1.3647,1.3683,1692
1997-02-28,1.3693,1.3703,1.3653,1.3683,901
1997-03-02,1.3682,1.3700999999999999,1.3638,1.3668,1121
1997-03-03,1.3682,1.3713,1.3638,1.3698000000000001,1982
1997-03-04,1.3664,1.3713,1.3653,1.3683,1532
1997-03-05,1.3692,1.3705,1.3627,1.3648,1542
1997-03-06,1.3677000000000001,1.3713,1.3627,1.3698000000000001,1992
1997-03-07,1.3642,1.3713,1.3629,1.3698000000000001,1121
1997-03-09,1.3692,1.3728,1.3679999999999999,1.3718,701
1997-03-10,1.3692,1.3728,1.3648,1.3678,1822
1997-03-11,1.3714,1.3721999999999999,1.3618000000000001,1.3627,2192
1997-03-12,1.3674,1.3695,1.3595,1.3662,2382
1997-03-13,1.3620999999999999,1.3681,1.3595,1.3655,2182
1997-03-14,1.3658000000000001,1.3668,1.3623,1.3655,871
1997-03-16,1.365,1.3731,1.3631,1.3707,1431
1997-03-17,1.365,1.3752,1.3631,1.3744,2252
1997-03-18,1.37,1.3806,1.3689,1.3778000000000001,1892
1997-03-19,1.3737,1.3811,1.3732,1.3801,2332
1997-03-20,1.3777,1.3822999999999999,1.3736,1.3788,2392
1997-03-21,1.3795,1.3822999999999999,1.3763,1.3788,1131
1997-03-23,1.3787,1.3804,1.374,1.3789,1261
1997-03-24,1.3787,1.3804,1.374,1.379,1992
1997-03-25,1.3783,1.3795,1.3711,1.3738000000000001,1892
1997-03-26,1.379,1.3801,1.3711,1.3801,2092
1997-03-27,1.3728,1.3816,1.3718,1.3816,1192
1997-03-28,1.379,1.3816,1.379,1.3816,261
1997-03-30,1.3806,1.3860000000000001,1.3792,1.3845,971
1997-03-31,1.3806,1.391,1.3792,1.3873,2242
1997-04-01,1.384,1.391,1.383,1.3855,2302
1997-04-02,1.3868,1.3935,1.3832,1.393,2242
1997-04-03,1.3851,1.3945,1.3835,1.3924,2602
1997-04-04,1.3925,1.3945,1.3875,1.3924,1391
1997-04-06,1.3915,1.3949,1.3860000000000001,1.3875,1381
1997-04-07,1.3915,1.3949,1.3847,1.3887,2282
1997-04-08,1.3871,1.3911,1.3828,1.3900000000000001,2362
1997-04-09,1.388,1.3953,1.3828,1.3938,2222
1997-04-10,1.3894,1.3992,1.3893,1.3984,1672
1997-04-11,1.3931,1.3992,1.392,1.3984,911
1997-04-13,1.3980000000000001,1.3998,1.3958,1.3998,621
1997-04-14,1.3980000000000001,1.4003,1.393,1.3973,1862
1997-04-15,1.3995,1.4003,1.393,1.3976,2192
1997-04-16,1.3967,1.4027,1.3948,1.3993,2102
1997-04-17,1.397,1.4035,1.3958,1.3998,2222
1997-04-18,1.3987,1.4035,1.3976,1.3998,1071
1997-04-20,1.3993,1.4006,1.396,1.399,891
1997-04-21,1.3993,1.4006,1.3942999999999999,1.3956,1562
1997-04-22,1.3982999999999999,1.399,1.3913,1.3933,1522
1997-04-23,1.3952,1.3965,1.3904,1.3935,1602
1997-04-24,1.393,1.3982999999999999,1.3904,1.3979,1492
1997-04-25,1.3927,1.3982999999999999,1.392,1.3979,741
1997-04-27,1.3974,1.4012,1.3957,1.4006,781
1997-04-28,1.3974,1.4028,1.3957,1.3977,1952
1997-04-29,1.4,1.4028,1.3953,1.3977,1982
1997-04-30,1.3974,1.3995,1.3865,1.3881000000000001,2282
1997-05-01,1.397,1.3982999999999999,1.38,1.3805,2572
1997-05-02,1.3875,1.389,1.38,1.3805,1101
1997-05-04,1.3782,1.3834,1.3777,1.3789,1071
1997-05-05,1.3782,1.3834,1.3759000000000001,1.3788,2022
1997-05-06,1.3785,1.3833,1.3745,1.3822,2292
1997-05-07,1.3780000000000001,1.3871,1.3745,1.3860000000000001,2212
1997-05-08,1.3815,1.3935,1.3805,1.3927,2302
1997-05-09,1.3856,1.3935,1.3828,1.3927,1431
1997-05-11,1.3912,1.3941,1.3885,1.3895,951
1997-05-12,1.3912,1.3941,1.385,1.3862,1692
1997-05-13,1.3888,1.3908,1.384,1.3900000000000001,1692
1997-05-14,1.3859,1.391,1.3705,1.373,3422
1997-05-15,1.3893,1.391,1.3631,1.374,4632
1997-05-16,1.3721999999999999,1.3748,1.3631,1.374,2161
1997-05-18,1.3727,1.3749,1.3693,1.3715,1001
1997-05-19,1.3727,1.3768,1.3655,1.3662,2762
1997-05-20,1.3712,1.3768,1.3606,1.3696,3162
1997-05-21,1.3656,1.3745,1.3606,1.3739,2172
1997-05-22,1.3692,1.3780000000000001,1.3683,1.3758,1922
1997-05-23,1.3733,1.3780000000000001,1.371,1.3758,1151
1997-05-25,1.375,1.379,1.374,1.3765,851
1997-05-26,1.375,1.3865,1.374,1.3865,2222
1997-05-27,1.376,1.387,1.3744,1.3822,2392
1997-05-28,1.3860000000000001,1.387,1.3765,1.3806,2132
1997-05-29,1.3815,1.3837,1.3759000000000001,1.3772,2362
1997-05-30,1.3803,1.3837,1.3759000000000001,1.3772,1251
1997-06-01,1.3761999999999999,1.3801999999999999,1.373,1.3745,1271
1997-06-02,1.3761999999999999,1.383,1.3711,1.377,3352
1997-06-03,1.374,1.383,1.3711,1.3771,3102
1997-06-04,1.3761,1.3785,1.3729,1.3777,1642
1997-06-05,1.3767,1.3866,1.3745,1.3833,2062
1997-06-06,1.3773,1.3866,1.3764,1.3833,1441
1997-06-08,1.3834,1.389,1.383,1.3885,691
1997-06-09,1.3834,1.389,1.383,1.3881000000000001,1532
1997-06-10,1.3881000000000001,1.3888,1.3846,1.3878,1582
1997-06-11,1.3878,1.3893,1.3804,1.3835,2152
1997-06-12,1.3872,1.3893,1.3769,1.3818,2752
1997-06-13,1.383,1.3841999999999999,1.3769,1.3818,1341
1997-06-15,1.3809,1.3901,1.3766,1.3865,2141
1997-06-16,1.3809,1.3901,1.3766,1.3864,3072
1997-06-17,1.3860999999999999,1.3961000000000001,1.3841999999999999,1.3932,2432
1997-06-18,1.3860000000000001,1.3961000000000001,1.385,1.3879000000000001,2572
1997-06-19,1.393,1.3940000000000001,1.3860999999999999,1.3895,2332
1997-06-20,1.3875,1.3935,1.3862,1.3895,1261
1997-06-22,1.3891,1.3932,1.3869,1.3886,1211
1997-06-23,1.3891,1.3932,1.3868,1.3916,2002
1997-06-24,1.3883,1.3963999999999999,1.3868,1.3942999999999999,1902
1997-06-25,1.3912,1.3975,1.3763,1.3825,4212
1997-06-26,1.3939,1.3975,1.3763,1.381,4012
1997-06-27,1.3813,1.3829,1.3782,1.381,911
1997-06-29,1.3803,1.3826,1.375,1.3816,1391
1997-06-30,1.3803,1.3832,1.375,1.38,2142
1997-07-01,1.3809,1.3832,1.3739,1.3764,2102
1997-07-02,1.3797,1.3822999999999999,1.3708,1.3736,2932
1997-07-03,1.3752,1.3795,1.3708,1.375,2502
1997-07-04,1.373,1.3773,1.3717,1.375,921
1997-07-06,1.3742,1.3791,1.3708,1.3784,1241
1997-07-07,1.3742,1.3803,1.3708,1.3745,2382
1997-07-08,1.3777,1.3803,1.3715,1.3747,1802
1997-07-09,1.3737,1.3753,1.3698000000000001,1.374,1662
1997-07-10,1.3744,1.375,1.3679999999999999,1.3702,1942
1997-07-11,1.3734,1.3743,1.3679999999999999,1.3702,941
1997-07-13,1.3700999999999999,1.3712,1.3666,1.3695,861
1997-07-14,1.3700999999999999,1.3717,1.3658000000000001,1.3712,1812
1997-07-15,1.3689,1.3761,1.3658000000000001,1.3743,1802
1997-07-16,1.3704,1.3789,1.3699,1.377,1932
1997-07-17,1.3736,1.3796,1.3718,1.3747,2152
1997-07-18,1.3766,1.3796,1.3733,1.3747,1071
1997-07-20,1.3738000000000001,1.3780999999999999,1.3712,1.3772,1041
1997-07-21,1.3738000000000001,1.3829,1.3712,1.3795,2242
1997-07-22,1.3765,1.3843,1.3748,1.3835,2632
1997-07-23,1.3788,1.3844,1.3748,1.3819,2282
1997-07-24,1.3832,1.3862,1.3791,1.3847,1952
1997-07-25,1.3815,1.3862,1.3791,1.3847,1101
1997-07-27,1.3841999999999999,1.388,1.3835,1.3856,761
1997-07-28,1.3841999999999999,1.388,1.3813,1.3845,1792
1997-07-29,1.385,1.3867,1.3797,1.381,1912
1997-07-30,1.3841999999999999,1.3857,1.3766,1.3780000000000001,2032
1997-07-31,1.3803,1.3835,1.3765,1.3822999999999999,1832
1997-08-01,1.3775,1.3822999999999999,1.3765,1.3822999999999999,681
1997-08-03,1.381,1.3818,1.3780000000000001,1.379,561
1997-08-04,1.381,1.3822999999999999,1.3780000000000001,1.381,1182
1997-08-05,1.3786,1.3885,1.3780000000000001,1.3877,1632
1997-08-06,1.3808,1.389,1.38,1.3885,1472
1997-08-07,1.3875,1.3936,1.3856,1.3908,1762
1997-08-08,1.3878,1.3936,1.3856,1.3908,1301
1997-08-10,1.3905,1.3955,1.3885,1.393,1151
1997-08-11,1.3905,1.3965,1.3885,1.3931,2052
1997-08-12,1.3929,1.3965,1.388,1.393,2382
1997-08-13,1.3928,1.3955,1.388,1.3908,2402
1997-08-14,1.3921999999999999,1.3938,1.3865,1.3900000000000001,1992
1997-08-15,1.3905,1.3921000000000001,1.3865,1.3900000000000001,1071
1997-08-17,1.3902,1.3907,1.385,1.3887,991
1997-08-18,1.3902,1.396,1.385,1.3949,2132
1997-08-19,1.3883,1.396,1.387,1.392,1812
1997-08-20,1.3945,1.3965,1.3905,1.3931,1702
1997-08-21,1.3914,1.3968,1.3905,1.3921000000000001,2002
1997-08-22,1.393,1.3968,1.3915,1.3921000000000001,971
1997-08-24,1.3906,1.393,1.3893,1.3913,671
1997-08-25,1.3906,1.3957,1.3893,1.3932,1522
1997-08-26,1.3902999999999999,1.3968,1.3874,1.389,2322
1997-08-27,1.3931,1.3968,1.3869,1.3892,2042
1997-08-28,1.3887,1.391,1.3865,1.3885,1432
1997-08-29,1.3889,1.391,1.3865,1.3885,861
1997-08-31,1.3883,1.3900000000000001,1.3857,1.3884,851
1997-09-01,1.3883,1.3900000000000001,1.3801999999999999,1.3841999999999999,2192
1997-09-02,1.388,1.3888,1.3801999999999999,1.3841,1892
1997-09-03,1.3832,1.3864,1.3818,1.3848,1042
1997-09-04,1.3837,1.3864,1.3804,1.3820000000000001,1192
1997-09-05,1.3844,1.3851,1.3804,1.3820000000000001,701
1997-09-07,1.3812,1.3849,1.38,1.3818,921
1997-09-08,1.3812,1.3855,1.38,1.3845,1492
1997-09-09,1.3812,1.3878,1.381,1.3869,1192
1997-09-10,1.3841,1.3925,1.3833,1.3925,1282
1997-09-11,1.3860999999999999,1.395,1.3860000000000001,1.3939,1432
1997-09-12,1.3924,1.395,1.3904,1.3939,771
1997-09-14,1.3925,1.3937,1.389,1.3918,871
1997-09-15,1.3925,1.3938,1.387,1.3876,1882
1997-09-16,1.3911,1.3938,1.3862999999999999,1.3883,1582
1997-09-17,1.3872,1.393,1.3862999999999999,1.3919000000000001,1252
1997-09-18,1.3877,1.393,1.3875,1.3897,1372
1997-09-19,1.3912,1.3921999999999999,1.388,1.3897,691
1997-09-21,1.3885,1.3901,1.3864,1.3887,721
1997-09-22,1.3885,1.3908,1.3864,1.3908,1172
1997-09-23,1.3881000000000001,1.3912,1.3865,1.3878,1152
1997-09-24,1.3902,1.3912,1.3825,1.3838,1622
1997-09-25,1.3872,1.3888,1.3819,1.3847,1742
1997-09-26,1.3829,1.3869,1.3819,1.3847,821
1997-09-28,1.3845,1.3866,1.3822,1.3828,711
1997-09-29,1.3845,1.3866,1.3783,1.3817,2062
1997-09-30,1.3824,1.3854,1.3769,1.3777,2212
1997-10-01,1.3813,1.383,1.3724,1.3744,1972
1997-10-02,1.3775,1.3795,1.3689,1.3721999999999999,2272
1997-10-03,1.3738000000000001,1.3755,1.3689,1.3721999999999999,1161
1997-10-05,1.3719000000000001,1.3740999999999999,1.3694,1.3729,841
1997-10-06,1.3719000000000001,1.3742,1.3694,1.3717,1432
1997-10-07,1.3721999999999999,1.375,1.3687,1.373,1652
1997-10-08,1.371,1.3783,1.3687,1.3735,2182
1997-10-09,1.3725,1.3820999999999999,1.3721999999999999,1.3793,2422
1997-10-10,1.3731,1.3820999999999999,1.3725,1.3793,1301
1997-10-12,1.3780000000000001,1.383,1.3776,1.3809,791
1997-10-13,1.3780000000000001,1.3843,1.3776,1.3816,1782
1997-10-14,1.3803,1.3891,1.3787,1.3867,2262
1997-10-15,1.3812,1.3906,1.38,1.3868,2432
1997-10-16,1.3864,1.3906,1.3841999999999999,1.3860000000000001,2082
1997-10-17,1.3862,1.3889,1.3841999999999999,1.3860000000000001,921
1997-10-19,1.3860000000000001,1.3892,1.3839000000000001,1.3847,931
1997-10-20,1.3860000000000001,1.3911,1.3835,1.3905,1832
1997-10-21,1.3843,1.3932,1.3835,1.3916,1632
1997-10-22,1.3899,1.3932,1.3862999999999999,1.3908,1902
1997-10-23,1.3911,1.3937,1.3862999999999999,1.392,1912
1997-10-24,1.3900000000000001,1.3937,1.389,1.392,741
1997-10-26,1.392,1.4075,1.3917,1.4060000000000001,1761
1997-10-27,1.392,1.417,1.3917,1.4014,4742
1997-10-28,1.4056,1.417,1.3982,1.4022999999999999,3962
1997-10-29,1.4005,1.4117,1.3982,1.4095,2362
1997-10-30,1.4019,1.4117,1.401,1.4085,2752
1997-10-31,1.4092,1.411,1.4038,1.4085,1371
1997-11-02,1.4078,1.409,1.4019,1.4055,1191
1997-11-03,1.4078,1.409,1.3999,1.4013,2312
1997-11-04,1.4049,1.4073,1.3967,1.3985,2022
1997-11-05,1.4005,1.4037,1.396,1.3994,2302
1997-11-06,1.3980000000000001,1.4141,1.396,1.4094,3462
1997-11-07,1.3988,1.4141,1.3985,1.4094,2061
1997-11-09,1.4091,1.4102999999999999,1.404,1.4074,1091
1997-11-10,1.4091,1.4102999999999999,1.4029,1.4078,1962
1997-11-11,1.4067,1.4108,1.4029,1.4092,1492
1997-11-12,1.4074,1.4108,1.4066,1.4092,1282
1997-11-13,1.4088,1.4146,1.4066,1.413,1702
1997-11-14,1.4086,1.4146,1.4072,1.413,1041
1997-11-16,1.4125,1.42,1.411,1.4172,1331
1997-11-17,1.4125,1.42,1.411,1.414,2192
1997-11-18,1.4168,1.4187,1.4125,1.4165,1492
1997-11-19,1.4136,1.4224999999999999,1.4125,1.4197,1752
1997-11-20,1.4159,1.4224999999999999,1.415,1.4181,2322
1997-11-21,1.4193,1.422,1.4154,1.4181,1201
1997-11-23,1.4173,1.4233,1.417,1.4209,901
1997-11-24,1.4173,1.4233,1.4144999999999999,1.4177,2382
1997-11-25,1.4205,1.4267,1.4144999999999999,1.4255,2622
1997-11-26,1.4171,1.427,1.4168,1.4251,1892
1997-11-27,1.425,1.427,1.42,1.4231,1832
1997-11-28,1.4245,1.4261,1.42,1.4231,1081
1997-11-30,1.4229,1.4264000000000001,1.422,1.4224999999999999,841
1997-12-01,1.4229,1.4264000000000001,1.4184,1.4191,1622
1997-12-02,1.4221,1.4238,1.4161000000000001,1.4213,1662
1997-12-03,1.4184999999999999,1.4241,1.4161000000000001,1.4223,1872
1997-12-04,1.421,1.4249,1.4184999999999999,1.4241,1932
1997-12-05,1.4223,1.4249,1.4193,1.4241,941
1997-12-07,1.4235,1.4243000000000001,1.4201,1.4213,621
1997-12-08,1.4235,1.4243000000000001,1.4193,1.4228,1422
1997-12-09,1.421,1.4252,1.4193,1.4242,1402
1997-12-10,1.4222000000000001,1.4297,1.4212,1.4277,1722
1997-12-11,1.4239,1.4297,1.4123,1.4203999999999999,3652
1997-12-12,1.4273,1.4284,1.4123,1.4203999999999999,2531
1997-12-14,1.4197,1.4221,1.418,1.4217,621
1997-12-15,1.4197,1.4267,1.418,1.4258,1542
1997-12-16,1.421,1.4267,1.418,1.4221,2192
1997-12-17,1.425,1.4275,1.418,1.4267,2232
1997-12-18,1.4215,1.4344999999999999,1.4201,1.432,2452
1997-12-19,1.4263,1.4344999999999999,1.4242,1.432,1491
1997-12-21,1.4319,1.4371,1.4313,1.4343,921
1997-12-22,1.4319,1.4392,1.4313,1.4383,1712
1997-12-23,1.4338,1.4415,1.433,1.4352,2102
1997-12-24,1.4377,1.4415,1.4337,1.4348,1562
1997-12-25,1.4344999999999999,1.4356,1.4335,1.4356,532
1997-12-26,1.4342,1.4356,1.4335,1.4356,281
1997-12-28,1.4355,1.4411,1.4348,1.4401,801
1997-12-29,1.4355,1.4417,1.4312,1.4331,2242
1997-12-30,1.4397,1.4417,1.4285,1.4297,2352
1997-12-31,1.4325999999999999,1.4344999999999999,1.4285,1.4297,911
1998-01-01,1.4293,1.4304999999999999,1.4224,1.4248,118
1998-01-02,1.4293,1.4304999999999999,1.4224,1.4248,118
1998-01-04,1.4247,1.4288,1.423,1.4239,109
1998-01-05,1.4247,1.4338,1.4228,1.4323000000000001,239
1998-01-06,1.4232,1.4363000000000001,1.4228,1.43,279
1998-01-07,1.432,1.4363000000000001,1.4279,1.4304000000000001,275
1998-01-08,1.4293,1.4358,1.4208,1.4304999999999999,326
1998-01-09,1.4296,1.4312,1.4208,1.4304999999999999,200
1998-01-11,1.4301,1.4375,1.4301,1.436,90
1998-01-12,1.4301,1.4378,1.43,1.4337,226
1998-01-13,1.4358,1.4378,1.4285,1.433,286
1998-01-14,1.4331,1.4384000000000001,1.4285,1.4375,227
1998-01-15,1.4325,1.4389,1.432,1.4378,212
1998-01-16,1.4382,1.4389,1.432,1.4378,135
1998-01-18,1.437,1.4395,1.434,1.4386999999999999,94
1998-01-19,1.437,1.4439,1.434,1.4418,212
1998-01-20,1.4386999999999999,1.446,1.4365,1.446,208
1998-01-21,1.4413,1.4539,1.4392,1.453,198
1998-01-22,1.4445000000000001,1.4583,1.4443,1.4527999999999999,276
1998-01-23,1.4523,1.4583,1.4497,1.4527999999999999,168
1998-01-25,1.4529,1.4535,1.4453,1.4506000000000001,142
1998-01-26,1.4529,1.4615,1.4453,1.4581,376
1998-01-27,1.45,1.4615,1.4458,1.4585,360
1998-01-28,1.4572,1.4693,1.454,1.4667,323
1998-01-29,1.4577,1.4693,1.4523,1.4536,381
1998-01-30,1.4659,1.4676,1.4523,1.4536,184
1998-02-01,1.4532,1.4548,1.4481,1.4538,129
1998-02-02,1.4532,1.4562,1.4458,1.4477,283
1998-02-03,1.4532,1.4562,1.4407,1.447,330
1998-02-04,1.4473,1.4496,1.4353,1.436,355
1998-02-05,1.4464000000000001,1.4494,1.4262000000000001,1.4323000000000001,375
1998-02-06,1.435,1.4373,1.4262000000000001,1.4323000000000001,196
1998-02-08,1.4321,1.4368,1.4303,1.4329,123
1998-02-09,1.4321,1.4368,1.426,1.435,301
1998-02-10,1.4325,1.4403000000000001,1.426,1.4388,299
1998-02-11,1.4342,1.4403000000000001,1.432,1.4375,203
1998-02-12,1.4384000000000001,1.4445000000000001,1.4354,1.4436,184
1998-02-13,1.4373,1.4445000000000001,1.4363000000000001,1.4436,102
1998-02-15,1.443,1.4462,1.4423,1.4454,55
1998-02-16,1.443,1.4462,1.4383,1.4395,159
1998-02-17,1.4447999999999999,1.4461,1.4304999999999999,1.431,252
1998-02-18,1.4389,1.4418,1.4197,1.4217,342
1998-02-19,1.4308,1.4339,1.4159,1.4195,333
1998-02-20,1.4213,1.4237,1.4159,1.4195,139
1998-02-22,1.4199,1.4271,1.4196,1.424,110
1998-02-23,1.4199,1.4271,1.4196,1.4256,188
1998-02-24,1.4233,1.426,1.4183,1.419,175
1998-02-25,1.4248,1.426,1.417,1.4202,252
1998-02-26,1.4186,1.4255,1.417,1.4237,228
1998-02-27,1.4197,1.4252,1.4196,1.4237,73
1998-03-01,1.4235,1.4298,1.4155,1.4205,257
1998-03-02,1.4235,1.4298,1.4155,1.4221,371
1998-03-03,1.4196,1.424,1.416,1.4217,194
1998-03-04,1.4218,1.4273,1.4177,1.4201,264
1998-03-05,1.421,1.4273,1.417,1.4194,304
1998-03-06,1.4193,1.423,1.417,1.4194,120
1998-03-08,1.4184999999999999,1.4195,1.4091,1.4115,139
1998-03-09,1.4184999999999999,1.4195,1.4075,1.4102000000000001,297
1998-03-10,1.4102999999999999,1.4154,1.4045,1.4076,279
1998-03-11,1.4096,1.4121000000000001,1.4045,1.41,215
1998-03-12,1.4071,1.4125,1.4041000000000001,1.4125,226
1998-03-13,1.4088,1.4125,1.4041000000000001,1.4125,132
1998-03-15,1.4111,1.4158,1.4101,1.4126,100
1998-03-16,1.4111,1.4196,1.4101,1.4178,195
1998-03-17,1.412,1.4208,1.412,1.4189,155
1998-03-18,1.4174,1.4208,1.4125,1.4184999999999999,215
1998-03-19,1.4184999999999999,1.4212,1.4125,1.4188,245
1998-03-20,1.4181,1.4212,1.4163999999999999,1.4188,90
1998-03-22,1.4182000000000001,1.4233,1.4134,1.4187,194
1998-03-23,1.4182000000000001,1.425,1.4134,1.4165,393
1998-03-24,1.4183,1.425,1.4083,1.4109,328
1998-03-25,1.4161000000000001,1.4173,1.4083,1.4126,211
1998-03-26,1.4104999999999999,1.4178,1.4085,1.4169,170
1998-03-27,1.412,1.4178,1.411,1.4169,88
1998-03-29,1.4173,1.424,1.4162,1.4224999999999999,105
1998-03-30,1.4173,1.4248,1.4153,1.4189,268
1998-03-31,1.4217,1.4248,1.4144,1.418,258
1998-04-01,1.4184,1.4217,1.4144,1.4203999999999999,165
1998-04-02,1.4175,1.4231,1.4168,1.4197,187
1998-04-03,1.4199,1.4231,1.4172,1.4197,117
1998-04-05,1.4191,1.4205999999999999,1.415,1.4187,109
1998-04-06,1.4191,1.4238,1.415,1.4233,196
1998-04-07,1.4183,1.4266,1.417,1.425,161
1998-04-08,1.4229,1.4282,1.4219,1.4261,184
1998-04-09,1.4245999999999999,1.4282,1.422,1.427,160
1998-04-10,1.4257,1.4275,1.4243999999999999,1.427,50
1998-04-12,1.4259,1.436,1.424,1.4351,149
1998-04-13,1.4259,1.437,1.424,1.4337,244
1998-04-14,1.4343,1.441,1.4304999999999999,1.4383,254
1998-04-15,1.4331,1.4413,1.4304999999999999,1.4334,295
1998-04-16,1.4379,1.4413,1.428,1.4292,238
1998-04-17,1.4327,1.4348,1.428,1.4292,102
1998-04-19,1.4285999999999999,1.4315,1.4259,1.4283000000000001,110
1998-04-20,1.4285999999999999,1.4321,1.4259,1.4321,179
1998-04-21,1.4273,1.4338,1.4263,1.4315,152
1998-04-22,1.4317,1.4376,1.4292,1.436,204
1998-04-23,1.4312,1.4377,1.4292,1.4355,189
1998-04-24,1.4354,1.4377,1.4343,1.4355,68
1998-04-26,1.4337,1.4405999999999999,1.4324,1.4386,116
1998-04-27,1.4337,1.4421,1.4324,1.4398,211
1998-04-28,1.4382,1.4421,1.4344000000000001,1.4365,214
1998-04-29,1.4395,1.4418,1.4289,1.4311,230
1998-04-30,1.4361,1.4369,1.4289,1.4356,190
1998-05-01,1.4308,1.4363000000000001,1.43,1.4356,79
1998-05-03,1.433,1.4368,1.432,1.4343,84
1998-05-04,1.433,1.4414,1.432,1.4397,180
1998-05-05,1.434,1.4418,1.4338,1.4391,197
1998-05-06,1.4395,1.4426999999999999,1.436,1.437,218
1998-05-07,1.4388,1.4426999999999999,1.4329,1.4372,241
1998-05-08,1.4367,1.4393,1.4329,1.4372,124
1998-05-10,1.4353,1.4374,1.4321,1.435,104
1998-05-11,1.4353,1.4374,1.43,1.4352,241
1998-05-12,1.4342,1.4463,1.43,1.4452,309
1998-05-13,1.4344999999999999,1.4524,1.4324,1.4468,315
1998-05-14,1.4445999999999999,1.4525000000000001,1.4442,1.45,236
1998-05-15,1.4462,1.4525000000000001,1.446,1.45,93
1998-05-17,1.4484,1.4553,1.4472,1.4487,160
1998-05-18,1.4484,1.4553,1.4449,1.4484,318
1998-05-19,1.4483,1.4527999999999999,1.4449,1.4482,261
1998-05-20,1.448,1.4517,1.445,1.4498,200
1998-05-21,1.4478,1.4527999999999999,1.445,1.4508,174
1998-05-22,1.4492,1.4527999999999999,1.4482,1.4508,77
1998-05-24,1.4489,1.4515,1.4478,1.4497,67
1998-05-25,1.4489,1.4571,1.4478,1.4558,173
1998-05-26,1.4491,1.4581,1.4485000000000001,1.4546000000000001,200
1998-05-27,1.4551,1.4581,1.4527999999999999,1.4545,174
1998-05-28,1.454,1.4588,1.452,1.4571,187
1998-05-29,1.4541,1.4588,1.452,1.4571,107
1998-05-31,1.4565000000000001,1.46,1.453,1.4581,125
1998-06-01,1.4565000000000001,1.46,1.4492,1.4501,248
1998-06-02,1.4577,1.4591,1.449,1.4537,206
1998-06-03,1.4499,1.4579,1.449,1.4552,164
1998-06-04,1.453,1.4613,1.4527999999999999,1.4581,187
1998-06-05,1.4546000000000001,1.4613,1.4543,1.4581,106
1998-06-07,1.4579,1.4619,1.4567999999999999,1.4577,101
1998-06-08,1.4579,1.4619,1.4559,1.459,199
1998-06-09,1.4575,1.4682,1.4559,1.4664,236
1998-06-10,1.4586999999999999,1.4723,1.4575,1.471,266
1998-06-11,1.4661,1.4723,1.4635,1.4667,207
1998-06-12,1.4703,1.4708,1.4651,1.4667,79
1998-06-14,1.4671,1.4761,1.467,1.4745,109
1998-06-15,1.4671,1.4768,1.467,1.471,241
1998-06-16,1.4739,1.4768,1.46,1.4615,262
1998-06-17,1.4704,1.4727999999999999,1.4597,1.4719,283
1998-06-18,1.4609,1.4738,1.4597,1.4716,297
1998-06-19,1.4715,1.4738,1.4666000000000001,1.4716,144
1998-06-21,1.472,1.476,1.4695,1.4714,125
1998-06-22,1.472,1.476,1.468,1.4712,246
1998-06-23,1.471,1.4741,1.4663,1.4698,263
1998-06-24,1.4705,1.4737,1.4638,1.4666000000000001,237
1998-06-25,1.4692,1.4715,1.4638,1.4691,205
1998-06-26,1.466,1.4715,1.4645000000000001,1.4691,110
1998-06-28,1.4701,1.4738,1.4678,1.4708999999999999,113
1998-06-29,1.4701,1.4738,1.4654,1.4673,230
1998-06-30,1.4705,1.4727999999999999,1.461,1.4632,261
1998-07-01,1.4668999999999999,1.47,1.4602,1.4677,286
1998-07-02,1.4628,1.4697,1.4602,1.4682,254
1998-07-03,1.4673,1.4691,1.4631,1.4682,112
1998-07-05,1.4684,1.4745,1.4675,1.4732,93
1998-07-06,1.4684,1.4745,1.4675,1.472,197
1998-07-07,1.4725,1.4757,1.4691,1.472,199
1998-07-08,1.471,1.4782,1.4703,1.4752,219
1998-07-09,1.4717,1.4803,1.4703,1.4785,233
1998-07-10,1.4747,1.4803,1.4729999999999999,1.4785,109
1998-07-12,1.48,1.4819,1.4762,1.4787,102
1998-07-13,1.48,1.4824,1.4762,1.4815,158
1998-07-14,1.4778,1.49,1.4778,1.4888,190
1998-07-15,1.4809,1.4921,1.4794,1.4889999999999999,254
1998-07-16,1.4885,1.4923,1.4859,1.4886,235
1998-07-17,1.4882,1.4923,1.4864,1.4886,115
1998-07-19,1.488,1.4905,1.4856,1.4891,88
1998-07-20,1.488,1.4936,1.4856,1.4916,182
1998-07-21,1.4885,1.4969999999999999,1.4874,1.496,165
1998-07-22,1.491,1.4979,1.491,1.4963,161
1998-07-23,1.4954,1.5005,1.4929999999999999,1.4995,189
1998-07-24,1.4959,1.5005,1.4938,1.4995,99
1998-07-26,1.5,1.506,1.4982,1.5046,111
1998-07-27,1.5,1.5065,1.4982,1.5013999999999998,203
1998-07-28,1.5055,1.5072,1.4966,1.5072,240
1998-07-29,1.5007000000000001,1.5096,1.4966,1.5044,235
1998-07-30,1.508,1.5135,1.501,1.5129000000000001,239
1998-07-31,1.5030000000000001,1.5135,1.501,1.5129000000000001,152
1998-08-02,1.5125,1.5169000000000001,1.512,1.5169000000000001,55
1998-08-03,1.5125,1.518,1.5108000000000001,1.5164,199
1998-08-04,1.5165,1.5209000000000001,1.5108000000000001,1.5192,291
1998-08-05,1.516,1.5314999999999999,1.512,1.5314999999999999,296
1998-08-06,1.5187,1.5350000000000001,1.5114,1.521,520
1998-08-07,1.5312000000000001,1.5350000000000001,1.5114,1.521,371
1998-08-09,1.5208,1.526,1.5150000000000001,1.5186,199
1998-08-10,1.5208,1.526,1.5150000000000001,1.5236,281
1998-08-11,1.5185,1.5237,1.5110000000000001,1.5211999999999999,319
1998-08-12,1.5230000000000001,1.5237,1.5110000000000001,1.5189,413
1998-08-13,1.521,1.5230000000000001,1.5131999999999999,1.5175,275
1998-08-14,1.5181,1.5202,1.5150000000000001,1.5175,99
1998-08-16,1.5164,1.5287,1.516,1.528,139
1998-08-17,1.5164,1.5306,1.516,1.5289000000000001,232
1998-08-18,1.5276999999999998,1.5351,1.5253999999999999,1.5343,194
1998-08-19,1.5281,1.536,1.5230000000000001,1.5272999999999999,298
1998-08-20,1.5337,1.5432000000000001,1.5230000000000001,1.5425,361
1998-08-21,1.5278,1.5432000000000001,1.5276999999999998,1.5425,164
1998-08-23,1.542,1.5516999999999999,1.54,1.5497999999999998,157
1998-08-24,1.542,1.5525,1.54,1.5491000000000001,322
1998-08-25,1.5485,1.5709,1.544,1.5645,474
1998-08-26,1.5485,1.5855000000000001,1.5474999999999999,1.5825,648
1998-08-27,1.5633,1.5855000000000001,1.5558,1.5625,723
1998-08-28,1.5812,1.5843,1.5558,1.5625,384
1998-08-30,1.5625,1.5753,1.5470000000000002,1.5665,527
1998-08-31,1.5625,1.5753,1.529,1.5499,1167
1998-09-01,1.565,1.5685,1.529,1.5390000000000001,915
1998-09-02,1.5486,1.554,1.5305,1.5388,503
1998-09-03,1.5379,1.5423,1.5198,1.521,473
1998-09-04,1.537,1.54,1.5198,1.521,245
1998-09-06,1.521,1.5245,1.5150000000000001,1.5223,178
1998-09-07,1.521,1.5286,1.5150000000000001,1.5188000000000001,377
1998-09-08,1.5211999999999999,1.5286,1.517,1.5205,395
1998-09-09,1.518,1.528,1.5082,1.5191,447
1998-09-10,1.5199,1.5211000000000001,1.5082,1.514,421
1998-09-11,1.5191,1.52,1.509,1.514,170
1998-09-13,1.5145,1.5187,1.5034,1.5051999999999999,214
1998-09-14,1.5145,1.5187,1.4985,1.5030000000000001,391
1998-09-15,1.5053999999999998,1.5148000000000001,1.4985,1.514,322
1998-09-16,1.5028000000000001,1.5314999999999999,1.502,1.529,352
1998-09-17,1.5133999999999999,1.538,1.5133999999999999,1.524,458
1998-09-18,1.528,1.538,1.5234999999999999,1.524,251
1998-09-20,1.5241,1.5306,1.5181,1.5302,190
1998-09-21,1.5241,1.5337,1.5181,1.53,354
1998-09-22,1.5295,1.5337,1.5126,1.5142,410
1998-09-23,1.5295,1.5325,1.5063,1.5129000000000001,456
1998-09-24,1.5133999999999999,1.517,1.506,1.5129000000000001,401
1998-09-25,1.5125,1.5157,1.506,1.5129000000000001,191
1998-09-27,1.5131000000000001,1.514,1.5079,1.5093,85
1998-09-28,1.5131000000000001,1.5165,1.499,1.5165,359
1998-09-29,1.5088,1.5325,1.499,1.5297,527
1998-09-30,1.5159,1.5510000000000002,1.513,1.5481,559
1998-10-01,1.5298,1.558,1.5266,1.5443,585
1998-10-02,1.5474999999999999,1.558,1.5425,1.5443,279
1998-10-04,1.5444,1.562,1.5430000000000001,1.5569,256
1998-10-05,1.5444,1.562,1.5430000000000001,1.5476,467
1998-10-06,1.5566,1.561,1.498,1.526,1012
1998-10-07,1.5470000000000002,1.55,1.498,1.5468,1347
1998-10-08,1.5247000000000002,1.553,1.5117,1.5434999999999999,860
1998-10-09,1.5462,1.553,1.536,1.5434999999999999,314
1998-10-11,1.5430000000000001,1.545,1.5285,1.541,311
1998-10-12,1.5430000000000001,1.552,1.5285,1.5473,629
1998-10-13,1.541,1.552,1.533,1.5434,539
1998-10-14,1.5464,1.552,1.537,1.5381,468
1998-10-15,1.5425,1.5514999999999999,1.536,1.5455,435
1998-10-16,1.5372,1.5495,1.536,1.5455,188
1998-10-18,1.5445,1.552,1.5424,1.5455,183
1998-10-19,1.5445,1.552,1.5354,1.5377999999999998,430
1998-10-20,1.5448,1.5575,1.5354,1.5455,600
1998-10-21,1.5367,1.5575,1.5354999999999999,1.5441,565
1998-10-22,1.5448,1.5524,1.5415,1.545,334
1998-10-23,1.5431,1.549,1.542,1.545,122
1998-10-25,1.5433,1.5483,1.5367,1.5392000000000001,192
1998-10-26,1.5433,1.5483,1.5367,1.5434999999999999,305
1998-10-27,1.5381,1.5470000000000002,1.5368,1.5398,291
1998-10-28,1.5425,1.552,1.5354,1.5485,411
1998-10-29,1.5385,1.5545,1.5354,1.5434999999999999,493
1998-10-30,1.5476,1.5545,1.5394999999999999,1.5434999999999999,260
1998-11-01,1.5438,1.5474999999999999,1.5295,1.5335999999999999,259
1998-11-02,1.5438,1.5474999999999999,1.5219,1.5247000000000002,423
1998-11-03,1.532,1.5337,1.5165,1.52,377
1998-11-04,1.5238,1.529,1.5164,1.5243,353
1998-11-05,1.5196,1.5342,1.5164,1.533,339
1998-11-06,1.5232,1.5342,1.5194,1.533,199
1998-11-08,1.5332,1.5375,1.5307,1.5350000000000001,119
1998-11-09,1.5332,1.548,1.5307,1.5445,295
1998-11-10,1.534,1.5482,1.534,1.5463,275
1998-11-11,1.5417,1.5525,1.541,1.5457999999999998,277
1998-11-12,1.5455,1.5539,1.5430000000000001,1.5495,357
1998-11-13,1.5455,1.5539,1.5430000000000001,1.5495,179
1998-11-15,1.5510000000000002,1.5577999999999999,1.5448,1.5525,246
1998-11-16,1.5510000000000002,1.5577999999999999,1.5448,1.5472000000000001,401
1998-11-17,1.552,1.5566,1.544,1.554,332
1998-11-18,1.5464,1.5566,1.544,1.5485,299
1998-11-19,1.5534,1.5545,1.542,1.5470000000000002,259
1998-11-20,1.5474,1.549,1.542,1.5470000000000002,137
1998-11-22,1.546,1.5507,1.544,1.5497,98
1998-11-23,1.546,1.553,1.544,1.5510000000000002,199
1998-11-24,1.549,1.553,1.5363,1.5394999999999999,316
1998-11-25,1.5495,1.552,1.5167000000000002,1.538,704
1998-11-26,1.5398,1.542,1.5167000000000002,1.5350000000000001,669
1998-11-27,1.5369000000000002,1.5405,1.5306,1.5350000000000001,180
1998-11-29,1.5328,1.5377,1.52,1.5345,338
1998-11-30,1.5328,1.5377,1.5190000000000001,1.5312000000000001,652
1998-12-01,1.5339,1.54,1.5190000000000001,1.5324,535
1998-12-02,1.5302,1.54,1.5279,1.5390000000000001,324
1998-12-03,1.5314,1.54,1.525,1.5354999999999999,385
1998-12-04,1.5373999999999999,1.54,1.525,1.5354999999999999,282
1998-12-06,1.5333999999999999,1.5394999999999999,1.532,1.5390000000000001,95
1998-12-07,1.5333999999999999,1.5470000000000002,1.532,1.5445,262
1998-12-08,1.5381,1.5474999999999999,1.5354999999999999,1.5407,305
1998-12-09,1.544,1.5474999999999999,1.5345,1.5402,329
1998-12-10,1.5402,1.546,1.5345,1.5415999999999999,316
1998-12-11,1.5390000000000001,1.546,1.5385,1.5415999999999999,125
1998-12-13,1.5394999999999999,1.5430000000000001,1.5365,1.542,106
1998-12-14,1.5394999999999999,1.5434999999999999,1.5365,1.542,173
1998-12-15,1.5424,1.5434999999999999,1.5354999999999999,1.5398,206
1998-12-16,1.542,1.545,1.5354999999999999,1.5430000000000001,273
1998-12-17,1.5383,1.5455999999999999,1.536,1.545,229
1998-12-18,1.5422,1.5455999999999999,1.5394999999999999,1.545,95
1998-12-20,1.5446,1.5528,1.5446,1.5514999999999999,96
1998-12-21,1.5446,1.5548,1.5446,1.554,208
1998-12-22,1.5505,1.5548,1.5474999999999999,1.5510000000000002,210
1998-12-23,1.5525,1.5546,1.5488,1.5505,182
1998-12-24,1.55,1.5532,1.5488,1.5505,114
1998-12-25,1.5492,1.5513,1.5492,1.5505,30
1998-12-27,1.55,1.5532,1.5474999999999999,1.5511,104
1998-12-28,1.55,1.5535999999999999,1.546,1.5514999999999999,242
1998-12-29,1.55,1.5535999999999999,1.546,1.5488,221
1998-12-30,1.5510000000000002,1.553,1.5295,1.5314999999999999,317
1998-12-31,1.549,1.5499,1.5295,1.5314999999999999,234
1999-01-04,1.5323,1.5358,1.5227,1.5276999999999998,2662
1999-01-05,1.5270000000000001,1.5292,1.5114,1.5123,2769
1999-01-06,1.513,1.5135,1.5017,1.5118,3249
1999-01-07,1.512,1.517,1.5059,1.514,2958
1999-01-08,1.5141,1.5154999999999998,1.5085,1.5110000000000001,2066
1999-01-11,1.512,1.5177,1.5039,1.5057,2072
1999-01-12,1.506,1.5165,1.5051999999999999,1.5133999999999999,3033
1999-01-13,1.5152999999999999,1.5470000000000002,1.5131999999999999,1.5226,3958
1999-01-14,1.5237,1.5345,1.5177,1.533,3297
1999-01-15,1.5319,1.5415999999999999,1.524,1.5245,3526
1999-01-17,1.5255999999999998,1.5255999999999998,1.5255999999999998,1.5255999999999998,1
1999-01-18,1.5255,1.5295,1.52,1.526,2212
1999-01-19,1.5255,1.5337,1.5246,1.5299,3173
1999-01-20,1.5302,1.5318,1.5204,1.5211999999999999,2613
1999-01-21,1.521,1.5236,1.5112,1.5146,3295
1999-01-22,1.5156,1.5215,1.5103,1.5184,3212
1999-01-24,1.5201,1.5206,1.52,1.5205,5
1999-01-25,1.5201,1.5236,1.5128,1.5196,2788
1999-01-26,1.5197,1.5223,1.5152,1.5194999999999999,3016
1999-01-27,1.5194,1.526,1.5179,1.518,2880
1999-01-28,1.5179,1.528,1.5154999999999998,1.5157,2997
1999-01-29,1.5166,1.5184,1.5067,1.5105,3557
1999-01-31,1.5110999999999999,1.5112,1.5110999999999999,1.5112,2
1999-02-01,1.5110000000000001,1.5145,1.5065,1.5085,2809
1999-02-02,1.5083,1.5167000000000002,1.5032,1.5147,3183
1999-02-03,1.5154999999999998,1.516,1.5091999999999999,1.5099,2857
1999-02-04,1.5101,1.5110999999999999,1.4897,1.4924,3636
1999-02-05,1.4919,1.4925,1.4822,1.491,3474
1999-02-07,1.4893,1.4894,1.4892,1.4894,6
1999-02-08,1.4893,1.4925,1.4855,1.4909,2930
1999-02-09,1.491,1.4965,1.4892,1.4945,2980
1999-02-10,1.4941,1.4969000000000001,1.4887000000000001,1.49,3132
1999-02-11,1.4894,1.4931,1.4865,1.4914,2582
1999-02-12,1.4918,1.4941,1.4878,1.4917,2749
1999-02-14,1.4927000000000001,1.4927000000000001,1.4924,1.4924,4
1999-02-15,1.4927000000000001,1.4943,1.491,1.4932,1306
1999-02-16,1.4929999999999999,1.5065,1.4927000000000001,1.4963,3055
1999-02-17,1.4969999999999999,1.5003,1.4931,1.4947,2551
1999-02-18,1.4935,1.4959,1.4855,1.4887000000000001,2595
1999-02-19,1.4881,1.4923,1.4849999999999999,1.4885,2696
1999-02-21,1.4867,1.4888,1.4867,1.487,4
1999-02-22,1.4885,1.4988000000000001,1.4866,1.4950999999999999,2352
1999-02-23,1.4947,1.4997,1.4933,1.4954,2697
1999-02-24,1.4938,1.5041,1.4931,1.4985,3463
1999-02-25,1.4988000000000001,1.5139,1.4971999999999999,1.5116,3316
1999-02-26,1.5117,1.518,1.5063,1.5101,3744
1999-02-28,1.509,1.5091999999999999,1.509,1.5091999999999999,4
1999-03-01,1.509,1.5253,1.5058,1.5215,3205
1999-03-02,1.522,1.5288,1.5187,1.522,2994
1999-03-03,1.5213999999999999,1.529,1.5188000000000001,1.5242,3033
1999-03-04,1.5241,1.5316999999999998,1.521,1.5222,2897
1999-03-05,1.5228000000000002,1.5245,1.5150000000000001,1.5185,2095
1999-03-07,1.5192,1.5192,1.5183,1.5183,2
1999-03-08,1.5187,1.5197,1.513,1.5173999999999999,2166
1999-03-09,1.5177,1.5194999999999999,1.5114999999999998,1.5187,2071
1999-03-10,1.5182,1.5249000000000001,1.5131999999999999,1.5225,2613
1999-03-11,1.5229,1.5268000000000002,1.5183,1.525,2414
1999-03-12,1.5245,1.5272000000000001,1.5194999999999999,1.5241,1986
1999-03-14,1.5232999999999999,1.5232999999999999,1.5232999999999999,1.5232999999999999,1
1999-03-15,1.5231,1.5295,1.5230000000000001,1.5270000000000001,1657
1999-03-16,1.5271,1.5307,1.5252,1.5283,2045
1999-03-17,1.5283,1.5285,1.5194,1.5217,2488
1999-03-18,1.5213999999999999,1.5217,1.5162,1.5190000000000001,2678
1999-03-19,1.5191,1.5197,1.5145,1.5150000000000001,2057
1999-03-21,1.5154999999999998,1.5157,1.5154,1.5154,5
1999-03-22,1.5154999999999998,1.5157,1.502,1.5045,2325
1999-03-23,1.5046,1.5091,1.5034999999999998,1.5072,2382
1999-03-24,1.5070000000000001,1.5096,1.5023,1.509,2294
1999-03-25,1.509,1.5129000000000001,1.5067,1.5069,2573
1999-03-26,1.5070999999999999,1.5154999999999998,1.5048,1.5137,2252
1999-03-28,1.5135,1.5135,1.5125,1.5125,2
1999-03-29,1.5135,1.516,1.5110000000000001,1.5122,1913
1999-03-30,1.5125,1.5157,1.509,1.5105,1565
1999-03-31,1.51,1.5145,1.5065,1.5066000000000002,2811
1999-04-01,1.5072999999999999,1.508,1.4973,1.4993,2419
1999-04-02,1.5007000000000001,1.5008,1.4952,1.4976,534
1999-04-04,1.496,1.4961,1.496,1.496,5
1999-04-05,1.4962,1.5030000000000001,1.4942,1.5013,1018
1999-04-06,1.501,1.5051,1.5,1.5025,2207
1999-04-07,1.5025,1.5042,1.4979,1.4988000000000001,1977
1999-04-08,1.4984,1.5004,1.4966,1.4992,2054
1999-04-09,1.4992,1.5041,1.4969999999999999,1.5002,2123
1999-04-11,1.5001,1.5001,1.4997,1.4997,2
1999-04-12,1.5,1.5006,1.4917,1.4924,2088
1999-04-13,1.4923,1.4985,1.4868999999999999,1.4903,2652
1999-04-14,1.4913,1.4948000000000001,1.4889999999999999,1.4944,1920
1999-04-15,1.494,1.4977,1.4875,1.488,2727
1999-04-16,1.4889999999999999,1.4895,1.4782,1.4782,2965
1999-04-19,1.4786000000000001,1.487,1.4777,1.4857,2386
1999-04-20,1.486,1.4913,1.4852,1.4892,2858
1999-04-21,1.4891,1.4926,1.486,1.4868000000000001,2704
1999-04-22,1.487,1.4886,1.4793,1.4807000000000001,2692
1999-04-23,1.4809999999999999,1.4819,1.4743,1.476,2222
1999-04-25,1.4753,1.4753,1.4753,1.4753,1
1999-04-26,1.4756,1.4821,1.475,1.4769,2227
1999-04-27,1.4769999999999999,1.4833,1.476,1.4803,2933
1999-04-28,1.48,1.4809999999999999,1.4721,1.4722,2501
1999-04-29,1.472,1.4743,1.4632,1.4635,2628
1999-04-30,1.4645000000000001,1.4662,1.4542,1.4565000000000001,3031
1999-05-02,1.4566,1.4566,1.4565000000000001,1.4565000000000001,2
1999-05-03,1.4565000000000001,1.4584,1.4459,1.4477,2585
1999-05-04,1.4473,1.4553,1.447,1.4527,3589
1999-05-05,1.453,1.4573,1.4485000000000001,1.4504000000000001,2963
1999-05-06,1.4503,1.4564,1.4449,1.4542,3554
1999-05-07,1.454,1.4621,1.452,1.4585,3664
1999-05-09,1.4583,1.4583,1.4583,1.4583,1
1999-05-10,1.4572,1.4615,1.4569,1.4605000000000001,2508
1999-05-11,1.461,1.4617,1.451,1.453,2952
1999-05-12,1.4532,1.4617,1.45,1.4594,2900
1999-05-13,1.4595,1.4638,1.4565000000000001,1.4567,2319
1999-05-14,1.4571,1.4655,1.4522,1.4645000000000001,2918
1999-05-16,1.4652,1.4652,1.4611,1.4611,84
1999-05-17,1.4652,1.4683,1.4581,1.46,3432
1999-05-18,1.4599,1.4677,1.4562,1.4671,3413
1999-05-19,1.4673,1.4711,1.4641,1.4679,2805
1999-05-20,1.4685000000000001,1.4687000000000001,1.4644,1.4662,2346
1999-05-21,1.4662,1.4666000000000001,1.4582,1.4607999999999999,2867
1999-05-23,1.4597,1.4597,1.4597,1.4597,1
1999-05-24,1.461,1.4627,1.453,1.4557,1378
1999-05-25,1.4552,1.4682,1.4536,1.4657,2980
1999-05-26,1.4661,1.4742,1.4637,1.4703,3199
1999-05-27,1.4695,1.4778,1.4652,1.4758,3313
1999-05-28,1.4766,1.4788999999999999,1.4708999999999999,1.4715,2746
1999-05-30,1.4717,1.4719,1.4717,1.4719,4
1999-05-31,1.4717,1.4779,1.4717,1.4737,1184
1999-06-01,1.4744,1.4862,1.4738,1.4835,3046
1999-06-02,1.4837,1.4861,1.4777,1.4787,2922
1999-06-03,1.4797,1.4812,1.4748999999999999,1.4757,3189
1999-06-04,1.476,1.4772,1.4686,1.4701,2205
1999-06-06,1.4697,1.4705,1.4697,1.4705,2
1999-06-07,1.4697,1.4735,1.4671,1.4679,2757
1999-06-08,1.468,1.4768,1.4662,1.4755,3144
1999-06-09,1.4754,1.4759,1.471,1.4725,3362
1999-06-10,1.4724,1.4729999999999999,1.4592,1.463,3559
1999-06-11,1.463,1.4643,1.4567999999999999,1.4642,2666
1999-06-14,1.4612,1.464,1.4579,1.461,3087
1999-06-15,1.4611,1.466,1.4586999999999999,1.4642,3438
1999-06-16,1.4645000000000001,1.4655,1.4575,1.4597,2791
1999-06-17,1.4603,1.4655,1.4542,1.4626000000000001,3491
1999-06-18,1.4625,1.4671,1.4621,1.464,2691
1999-06-21,1.4637,1.4735,1.4615,1.4712,2932
1999-06-22,1.4713,1.4739,1.4689,1.4701,3164
1999-06-23,1.4695,1.4756,1.467,1.4721,3157
1999-06-24,1.4723,1.4729999999999999,1.4679,1.4727000000000001,3379
1999-06-25,1.4711,1.4729999999999999,1.4625,1.466,3669
1999-06-27,1.4657,1.4664,1.4657,1.4663,7
1999-06-28,1.4651,1.47,1.4628999999999999,1.4695,3134
1999-06-29,1.4697,1.4787,1.4687000000000001,1.4769,2874
1999-06-30,1.4765,1.4825,1.462,1.4634,4671
1999-07-01,1.4635,1.4755,1.4613,1.4748,3500
1999-07-02,1.4746000000000001,1.4746000000000001,1.4621,1.4627,4027
1999-07-04,1.464,1.464,1.4635,1.4635,3
1999-07-05,1.464,1.4694,1.4624,1.4676,3077
1999-07-06,1.4683,1.4724,1.4624,1.47,3658
1999-07-07,1.4704,1.4723,1.4682,1.4692,3202
1999-07-08,1.4692,1.4739,1.4666000000000001,1.4706000000000001,3632
1999-07-09,1.4707,1.474,1.468,1.472,3402
1999-07-11,1.4722,1.4722,1.4721,1.4722,3
1999-07-12,1.4721,1.4824,1.4713,1.4793,3240
1999-07-13,1.4792,1.4843,1.478,1.4805,3349
1999-07-14,1.4804,1.4849999999999999,1.479,1.4809999999999999,2990
1999-07-15,1.4808,1.4835,1.4787,1.4819,3415
1999-07-16,1.4813,1.4843,1.4806,1.4828000000000001,3464
1999-07-18,1.4827,1.4827,1.4827,1.4827,1
1999-07-19,1.4824,1.4953,1.4818,1.4907,3859
1999-07-20,1.4903,1.4953,1.4889999999999999,1.4915,2882
1999-07-21,1.4913,1.5034,1.4902,1.4985,3061
1999-07-22,1.4984,1.512,1.498,1.5069,3835
1999-07-23,1.5070000000000001,1.5091999999999999,1.5032,1.5067,3237
1999-07-25,1.5074999999999998,1.5079,1.5062,1.5062,3
1999-07-26,1.5074999999999998,1.5177,1.5022,1.5107,4332
1999-07-27,1.5108000000000001,1.5154999999999998,1.5067,1.5125,3733
1999-07-28,1.5114999999999998,1.5150000000000001,1.505,1.5074,3612
1999-07-29,1.5070999999999999,1.514,1.5042,1.5051,4501
1999-07-30,1.5053,1.5077,1.4985,1.5065,3056
1999-08-02,1.5061,1.5131000000000001,1.5025,1.5046,3856
1999-08-03,1.5053,1.5064,1.4921,1.4924,4294
1999-08-04,1.4923,1.4984,1.487,1.4905,4184
1999-08-05,1.4905,1.4997,1.4889999999999999,1.4989,3740
1999-08-06,1.4984,1.5053,1.4952,1.5034,3674
1999-08-09,1.5032999999999999,1.5048,1.4968,1.5016,3131
1999-08-10,1.5017,1.5029,1.4967,1.4968,3290
1999-08-11,1.4967,1.4977,1.4857,1.4858,2688
1999-08-12,1.486,1.4887000000000001,1.4818,1.4854,2956
1999-08-13,1.4855,1.4865,1.4758,1.4766,3789
1999-08-15,1.4775,1.4775,1.4775,1.4775,1
1999-08-16,1.4776,1.4843,1.4765,1.4828999999999999,3158
1999-08-17,1.483,1.4841,1.4757,1.4775,3351
1999-08-18,1.4771,1.486,1.4771,1.4838,4123
1999-08-19,1.4828000000000001,1.4954,1.4828000000000001,1.4944,4378
1999-08-20,1.494,1.4981,1.491,1.496,3617
1999-08-22,1.4962,1.4962,1.4949,1.4949,3
1999-08-23,1.495,1.4999,1.4934,1.4973,3135
1999-08-24,1.4974,1.4997,1.4893,1.4916,3545
1999-08-25,1.4915,1.4977,1.4907,1.495,3766
1999-08-26,1.4955,1.5034999999999998,1.495,1.4983,2364
1999-08-27,1.4985,1.5006,1.4881,1.4889999999999999,3717
1999-08-29,1.4886,1.4892,1.4886,1.4892,2
1999-08-30,1.4886,1.4948000000000001,1.4863,1.4941,3387
1999-08-31,1.4935,1.4976,1.4868000000000001,1.4922,4076
1999-09-01,1.4925,1.4950999999999999,1.4842,1.4883,3991
1999-09-02,1.4883,1.4971999999999999,1.4852,1.4963,3634
1999-09-03,1.4955,1.4993,1.4868000000000001,1.4906,3542
1999-09-06,1.491,1.4925,1.4889000000000001,1.4902,2236
1999-09-07,1.4895,1.4944,1.487,1.4894,3353
1999-09-08,1.4897,1.4921,1.486,1.4877,3675
1999-09-09,1.4874,1.4889999999999999,1.4773,1.4776,3719
1999-09-10,1.4777,1.4833,1.472,1.4745,3794
1999-09-12,1.4756,1.4757,1.4754,1.4757,6
1999-09-13,1.4756,1.4778,1.468,1.4693,4359
1999-09-14,1.4689,1.4755,1.4676,1.4738,4143
1999-09-15,1.4735,1.4781,1.4698,1.4758,3807
1999-09-16,1.4757,1.4799,1.474,1.4744,3493
1999-09-17,1.4745,1.4755,1.4682,1.4714,3928
1999-09-19,1.4712,1.4714,1.471,1.4714,3
1999-09-20,1.4712,1.4807000000000001,1.471,1.4784,3345
1999-09-21,1.478,1.4785,1.4689,1.4764,3810
1999-09-22,1.4759,1.4765,1.4667,1.4707,4020
1999-09-23,1.4712,1.4758,1.4684,1.4727999999999999,4214
1999-09-24,1.4726,1.4775,1.4713,1.4715,3202
1999-09-26,1.4727000000000001,1.4727000000000001,1.4721,1.4722,12
1999-09-27,1.4723,1.4727000000000001,1.4677,1.4687000000000001,3566
1999-09-28,1.4685000000000001,1.4695,1.4607,1.4617,4026
1999-09-29,1.4621,1.4665,1.4596,1.4659,3846
1999-09-30,1.4655,1.4715,1.4647000000000001,1.4668999999999999,3364
1999-10-01,1.4672,1.4787,1.4617,1.4765,3378
1999-10-03,1.4748999999999999,1.4748999999999999,1.4744,1.4745,7
1999-10-04,1.4747,1.4769999999999999,1.4682,1.4685000000000001,3810
1999-10-05,1.4687999999999999,1.4727000000000001,1.4634,1.4713,4429
1999-10-06,1.471,1.4721,1.4652,1.4687000000000001,4060
1999-10-07,1.4682,1.4727000000000001,1.4665,1.4716,3916
1999-10-08,1.4715,1.4745,1.4673,1.471,3851
1999-10-10,1.4715,1.4718,1.4714,1.4714,29
1999-10-11,1.4715,1.4737,1.4701,1.4729,2736
1999-10-12,1.4729999999999999,1.4769,1.47,1.4753,3897
1999-10-13,1.4748999999999999,1.4848,1.4742,1.482,4509
1999-10-14,1.4821,1.4837,1.4794,1.4808,3603
1999-10-15,1.4806,1.4905,1.4788000000000001,1.488,4062
1999-10-17,1.4886,1.4887000000000001,1.4868000000000001,1.488,10
1999-10-18,1.4877,1.4969999999999999,1.4862,1.4941,4033
1999-10-19,1.4938,1.4969000000000001,1.4885,1.4903,4337
1999-10-20,1.4901,1.491,1.4854,1.4864,4095
1999-10-21,1.4865,1.4892,1.4796,1.4836,3945
1999-10-22,1.48,1.4842,1.4745,1.4765,3864
1999-10-24,1.4769,1.4769999999999999,1.4769,1.4769,3
1999-10-25,1.4771,1.4798,1.471,1.4716,3619
1999-10-26,1.4721,1.4752,1.4678,1.4731,4118
1999-10-27,1.4725,1.4744,1.4687999999999999,1.4732,4270
1999-10-28,1.4733,1.4752,1.4692,1.4733,3601
1999-10-29,1.4732,1.4777,1.4699,1.4715,3134
1999-10-31,1.4706000000000001,1.4713,1.4699,1.4708999999999999,13
1999-11-01,1.4713,1.4713,1.4654,1.4659,3480
1999-11-02,1.4662,1.4708999999999999,1.4646,1.4696,3689
1999-11-03,1.47,1.4713,1.4666000000000001,1.4673,3423
1999-11-04,1.4676,1.4687999999999999,1.4603,1.4626000000000001,3771
1999-11-05,1.4628,1.4699,1.4549,1.4685000000000001,4382
1999-11-07,1.466,1.467,1.4654,1.4656,29
1999-11-08,1.466,1.4729999999999999,1.4652,1.4715,4175
1999-11-09,1.4717,1.4765,1.4673,1.4737,4007
1999-11-10,1.4744,1.4754,1.4675,1.4683,4052
1999-11-11,1.4677,1.4686,1.4647999999999999,1.4665,2462
1999-11-12,1.4663,1.4665,1.4605000000000001,1.4628999999999999,3746
1999-11-14,1.4623,1.4624,1.4614,1.4616,26
1999-11-15,1.4623,1.4659,1.4613,1.4649,3654
1999-11-16,1.4649,1.4698,1.4618,1.4632,3611
1999-11-17,1.4634,1.4717,1.4624,1.4691,4281
1999-11-18,1.4689999999999999,1.4711,1.4626000000000001,1.4655,3202
1999-11-19,1.4656,1.4667,1.4598,1.4618,3776
1999-11-21,1.4622,1.4625,1.4622,1.4622,4
1999-11-22,1.4625,1.4639,1.46,1.4621,3159
1999-11-23,1.462,1.4674,1.4613,1.4657,3792
1999-11-24,1.4663,1.4705,1.4646,1.4656,3108
1999-11-25,1.465,1.4692,1.465,1.4664,2629
1999-11-26,1.4666000000000001,1.4697,1.4646,1.4685000000000001,3232
1999-11-28,1.4677,1.4677,1.4677,1.4677,1
1999-11-29,1.4676,1.4765,1.4675,1.4747,3397
1999-11-30,1.4746000000000001,1.4763,1.47,1.4744,4152
1999-12-01,1.474,1.4755,1.4727000000000001,1.4739,3357
1999-12-02,1.4739,1.483,1.4737,1.4805,4036
1999-12-03,1.4804,1.4828999999999999,1.4763,1.4787,3952
1999-12-05,1.4796,1.4796,1.4787,1.4787,3
1999-12-06,1.4796,1.4834,1.4717,1.4736,3330
1999-12-07,1.4735,1.4785,1.4726,1.4783,3296
1999-12-08,1.4779,1.4805,1.4757,1.4782,3565
1999-12-09,1.4783,1.4795,1.4733,1.4759,2614
1999-12-10,1.476,1.4799,1.4747,1.4771,3112
1999-12-12,1.4776,1.4779,1.4773,1.4773,5
1999-12-13,1.4776,1.4817,1.4764,1.4786000000000001,3054
1999-12-14,1.479,1.4824,1.4774,1.4812,3099
1999-12-15,1.4813,1.4853,1.4809,1.4822,2724
1999-12-16,1.4818,1.4836,1.4751,1.4752,3284
1999-12-17,1.476,1.4791,1.4738,1.4788000000000001,3297
1999-12-19,1.4773,1.4774,1.4772,1.4772,7
1999-12-20,1.4775,1.4830999999999999,1.4765,1.4795,3494
1999-12-21,1.4794,1.4809,1.4752,1.4765,3608
1999-12-22,1.4763,1.4785,1.474,1.4761,3810
1999-12-23,1.4764,1.478,1.4683,1.4704,2884
1999-12-24,1.4705,1.472,1.4671,1.4675,1994
1999-12-26,1.4676,1.4684,1.4675,1.4676,11
1999-12-27,1.4676,1.4695,1.4574,1.4581,2633
1999-12-28,1.4584,1.4623,1.4475,1.4506999999999999,4389
1999-12-29,1.4506000000000001,1.4537,1.448,1.4532,4203
1999-12-30,1.453,1.4549,1.4501,1.4546999999999999,3482
1999-12-31,1.4548,1.4557,1.4426999999999999,1.4461,1906
2000-01-02,1.4463,1.4465,1.4463,1.4465,2
2000-01-03,1.446,1.4485000000000001,1.4407,1.4474,3257
2000-01-04,1.448,1.4537,1.4438,1.4526,3928
2000-01-05,1.4534,1.4561,1.4483,1.4502,4115
2000-01-06,1.4501,1.4607,1.4492,1.4597,4295
2000-01-07,1.4601,1.4617,1.4556,1.4561,3511
2000-01-09,1.4564,1.4567999999999999,1.4562,1.4564,7
2000-01-10,1.456,1.4588,1.453,1.4557,3785
2000-01-11,1.4558,1.4593,1.4544000000000001,1.4564,4131
2000-01-12,1.4564,1.4579,1.4514,1.4544000000000001,4206
2000-01-13,1.454,1.4544000000000001,1.4484,1.4515,3647
2000-01-14,1.4517,1.452,1.4452,1.4491,3276
2000-01-16,1.4503,1.4506000000000001,1.4502,1.4505,7
2000-01-17,1.4505,1.4525000000000001,1.4487,1.45,2413
2000-01-18,1.45,1.4521,1.4469,1.4506999999999999,3903
2000-01-19,1.4506000000000001,1.4534,1.4481,1.4521,3777
2000-01-20,1.452,1.453,1.4435,1.4468,4032
2000-01-21,1.4466999999999999,1.4493,1.4375,1.4411,3875
2000-01-23,1.4403000000000001,1.4407,1.4398,1.4407,11
2000-01-24,1.4403000000000001,1.4439,1.4376,1.443,4006
2000-01-25,1.4433,1.4443,1.4361,1.437,4035
2000-01-26,1.4373,1.4421,1.436,1.4386,4382
2000-01-27,1.4385,1.4402,1.432,1.4344999999999999,4025
2000-01-28,1.4338,1.4509,1.4322,1.4451,5008
2000-01-30,1.4454,1.4454,1.445,1.445,8
2000-01-31,1.4456,1.4519,1.444,1.4476,4177
2000-02-01,1.4473,1.4545,1.4444,1.4485000000000001,4181
2000-02-02,1.4473,1.4548,1.436,1.4383,4852
2000-02-03,1.4384000000000001,1.4438,1.4354,1.4411,5200
2000-02-04,1.4411,1.4477,1.4386,1.4395,4608
2000-02-06,1.4405000000000001,1.4405000000000001,1.4397,1.4397,16
2000-02-07,1.4405000000000001,1.4499,1.4365999999999999,1.4481,3939
2000-02-08,1.448,1.4506999999999999,1.4437,1.4447999999999999,4307
2000-02-09,1.4444,1.4478,1.441,1.4441,5127
2000-02-10,1.4441,1.4537,1.4434,1.4483,5364
2000-02-11,1.4485000000000001,1.453,1.4447,1.4503,3580
2000-02-13,1.4493,1.4495,1.4489,1.4495,25
2000-02-14,1.4492,1.4579,1.4472,1.4562,3498
2000-02-15,1.456,1.4597,1.4549,1.4553,3876
2000-02-16,1.4553,1.4585,1.4493,1.4532,4374
2000-02-17,1.454,1.4545,1.4496,1.451,4159
2000-02-18,1.4514,1.4516,1.4472,1.449,3945
2000-02-20,1.4506000000000001,1.4511,1.4505,1.4509,29
2000-02-21,1.451,1.456,1.4487,1.4542,3400
2000-02-22,1.4541,1.4639,1.454,1.4615,4342
2000-02-23,1.4625,1.4668,1.4595,1.4603,3949
2000-02-24,1.4598,1.4639,1.4534,1.4551,4583
2000-02-25,1.4549,1.4557,1.4473,1.4495,4351
2000-02-28,1.449,1.457,1.4474,1.4523,4290
2000-02-29,1.4521,1.455,1.448,1.4503,4312
2000-03-01,1.4503,1.4539,1.4434,1.4495,5038
2000-03-02,1.4489,1.459,1.4461,1.4577,5090
2000-03-03,1.458,1.4584,1.45,1.4504000000000001,4414
2000-03-05,1.4508,1.4521,1.4505,1.4513,25
2000-03-06,1.4514,1.4573,1.4487,1.4523,4101
2000-03-07,1.4526,1.4558,1.4508,1.4552,4242
2000-03-08,1.4554,1.4622,1.4543,1.4557,4673
2000-03-09,1.4558,1.4586999999999999,1.4542,1.4569,4120
2000-03-10,1.456,1.46,1.4535,1.4573,3894
2000-03-12,1.4571,1.4576,1.4567,1.4569,26
2000-03-13,1.457,1.4623,1.4565000000000001,1.4622,3561
2000-03-14,1.4616,1.4659,1.4592,1.4646,4437
2000-03-15,1.4645000000000001,1.4698,1.4624,1.4667,4584
2000-03-16,1.4667,1.4748,1.4652,1.4729999999999999,4162
2000-03-17,1.4729,1.4773,1.4687000000000001,1.4696,5176
2000-03-19,1.4704,1.4708999999999999,1.4699,1.4704,80
2000-03-20,1.4704,1.4715,1.4674,1.4687999999999999,4481
2000-03-21,1.4687999999999999,1.4727000000000001,1.4655,1.4701,4613
2000-03-22,1.47,1.4725,1.4668999999999999,1.4705,4202
2000-03-23,1.4708999999999999,1.4767000000000001,1.4672,1.4676,4753
2000-03-24,1.4683,1.4695,1.4615,1.4622,4070
2000-03-26,1.4626000000000001,1.464,1.4617,1.4624,99
2000-03-27,1.4632,1.4639,1.4566,1.4578,4558
2000-03-28,1.4577,1.4584,1.452,1.4538,4764
2000-03-29,1.4536,1.4585,1.4519,1.4558,5010
2000-03-30,1.4574,1.46,1.4539,1.4545,4083
2000-03-31,1.4546000000000001,1.4578,1.4485000000000001,1.4494,4667
2000-04-02,1.4494,1.4497,1.4493,1.4493,5
2000-04-03,1.4494,1.4548,1.4471,1.4503,3989
2000-04-04,1.4505,1.4545,1.447,1.4523,3958
2000-04-05,1.4526,1.4569,1.4495,1.4509,4119
2000-04-06,1.4508,1.4537,1.4487,1.4532,4036
2000-04-07,1.4531,1.4588999999999999,1.4517,1.4575,3770
2000-04-09,1.4576,1.4605000000000001,1.4575,1.4604,22
2000-04-10,1.4605000000000001,1.4628999999999999,1.4564,1.462,3638
2000-04-11,1.4624,1.465,1.4602,1.463,3922
2000-04-12,1.463,1.4664,1.4616,1.4625,4175
2000-04-13,1.4628,1.4732,1.4602,1.4715,4012
2000-04-14,1.4713,1.4775,1.4689,1.4766,3790
2000-04-16,1.4765,1.4767000000000001,1.4761,1.4762,41
2000-04-17,1.4763,1.4887000000000001,1.4753,1.4844,4275
2000-04-18,1.4844,1.4894,1.4806,1.4815,4866
2000-04-19,1.4808,1.4824,1.4723,1.4755,4246
2000-04-20,1.4757,1.4768,1.4712,1.4742,3710
2000-04-21,1.474,1.4763,1.4727000000000001,1.4751,1007
2000-04-23,1.4741,1.4742,1.4732,1.4732,15
2000-04-24,1.4741,1.4775,1.4716,1.4769,1597
2000-04-25,1.4761,1.4775,1.4674,1.4683,4146
2000-04-26,1.4685000000000001,1.4783,1.4665,1.475,4928
2000-04-27,1.4751,1.4842,1.4738,1.4768,4585
2000-04-28,1.4767000000000001,1.4825,1.4722,1.4819,4188
2000-04-30,1.4806,1.4806,1.4806,1.4806,1
2000-05-01,1.4808,1.4828999999999999,1.4773,1.4784,1704
2000-05-02,1.4784,1.4873,1.4754,1.4853,3560
2000-05-03,1.4856,1.4947,1.4837,1.4933,4661
2000-05-04,1.4929000000000001,1.5003,1.4907,1.4948000000000001,4262
2000-05-05,1.4946,1.4989,1.4897,1.4902,4631
2000-05-07,1.4912,1.492,1.491,1.4915,22
2000-05-08,1.4913,1.4939,1.4884,1.4918,4143
2000-05-09,1.4915,1.4971,1.4897,1.4903,4096
2000-05-10,1.4906,1.4983,1.4882,1.4932,4231
2000-05-11,1.4929999999999999,1.4969000000000001,1.4864,1.4875,3889
2000-05-12,1.4876,1.49,1.4852,1.486,3435
2000-05-14,1.4863,1.4866,1.4863,1.4866,3
2000-05-15,1.4876,1.4910999999999999,1.4849999999999999,1.4863,3413
2000-05-16,1.4864,1.4885,1.484,1.4856,3137
2000-05-17,1.4856,1.4992,1.4849999999999999,1.4973,4056
2000-05-18,1.4971999999999999,1.5072,1.4963,1.4984,4958
2000-05-19,1.4985,1.5030999999999999,1.4927000000000001,1.4967,3985
2000-05-21,1.4969000000000001,1.4975,1.4966,1.4971,15
2000-05-22,1.4969000000000001,1.4993,1.4944,1.4973,3663
2000-05-23,1.4971999999999999,1.509,1.4942,1.5070000000000001,5042
2000-05-24,1.5069,1.5122,1.504,1.5096,4925
2000-05-25,1.5099,1.5145,1.5019,1.5032,4973
2000-05-26,1.5032999999999999,1.5067,1.4982,1.5025,4325
2000-05-28,1.5028000000000001,1.5038,1.5018,1.5029,49
2000-05-29,1.5028000000000001,1.5038,1.498,1.4995,2972
2000-05-30,1.4994,1.5074,1.4986,1.5062,4525
2000-05-31,1.5063,1.5068000000000001,1.4954,1.4966,4542
2000-06-01,1.4963,1.4968,1.4881,1.4909,3326
2000-06-02,1.4909,1.4933,1.4755,1.4764,4529
2000-06-04,1.4769999999999999,1.478,1.4768,1.4777,27
2000-06-05,1.4775,1.4798,1.4729999999999999,1.4796,4117
2000-06-06,1.4795,1.4797,1.4736,1.4757,4213
2000-06-07,1.4759,1.4803,1.4735,1.4792,4302
2000-06-08,1.4794,1.4816,1.4755,1.4773,4148
2000-06-09,1.4773,1.4788999999999999,1.4705,1.4753,4297
2000-06-11,1.4745,1.4751,1.4744,1.4746000000000001,36
2000-06-12,1.4748999999999999,1.4768,1.4729999999999999,1.4759,3486
2000-06-13,1.4756,1.478,1.4674,1.4681,4438
2000-06-14,1.4687999999999999,1.4713,1.4659,1.4682,4544
2000-06-15,1.4683,1.4777,1.4679,1.4741,4780
2000-06-16,1.4745,1.4771,1.4654,1.4667,4457
2000-06-18,1.4671,1.4671,1.4665,1.4666000000000001,29
2000-06-19,1.4665,1.4692,1.4622,1.4665,4181
2000-06-20,1.4668,1.4721,1.465,1.4711,4215
2000-06-21,1.4712,1.4756,1.47,1.4731,4100
2000-06-22,1.4732,1.4773,1.4714,1.4768,4115
2000-06-23,1.4765,1.4837,1.4741,1.4821,4258
2000-06-25,1.4824,1.4828999999999999,1.4821,1.4826,27
2000-06-26,1.4824,1.4901,1.4809,1.4824,4625
2000-06-27,1.4823,1.4841,1.4795,1.4805,3996
2000-06-28,1.4807000000000001,1.4863,1.4774,1.4778,4341
2000-06-29,1.4779,1.4836,1.4752,1.4827,4482
2000-06-30,1.4833,1.4849,1.4783,1.4794,4299
2000-07-02,1.4801,1.4803,1.4791,1.4791,23
2000-07-03,1.4801,1.482,1.4783,1.4798,3569
2000-07-04,1.4809,1.4875,1.4794,1.4862,3429
2000-07-05,1.4865,1.4923,1.4847000000000001,1.4884,5507
2000-07-06,1.4885,1.4918,1.4828000000000001,1.4855,4775
2000-07-07,1.4853,1.4867,1.4788999999999999,1.4801,4563
2000-07-09,1.4809999999999999,1.4814,1.4806,1.4806,21
2000-07-10,1.4807000000000001,1.483,1.4764,1.4781,4017
2000-07-11,1.478,1.4809999999999999,1.476,1.4792,4258
2000-07-12,1.4794,1.4828999999999999,1.4773,1.4817,4228
2000-07-13,1.4815,1.4832,1.4796,1.4812,3863
2000-07-14,1.4811,1.486,1.48,1.4841,4270
2000-07-16,1.4843,1.4843,1.4838,1.484,24
2000-07-17,1.4842,1.4857,1.4804,1.4805,3667
2000-07-18,1.4808,1.4824,1.4752,1.4762,4473
2000-07-19,1.4763,1.4777,1.4723,1.4763,4215
2000-07-20,1.4762,1.4796,1.4719,1.4727999999999999,4412
2000-07-21,1.4729,1.4755,1.4696,1.4696,4273
2000-07-23,1.4712,1.4715,1.4707,1.471,21
2000-07-24,1.4708,1.4725,1.4628999999999999,1.4647000000000001,3978
2000-07-25,1.4649,1.4697,1.4639,1.4665,4113
2000-07-26,1.4661,1.4693,1.4638,1.4647000000000001,4114
2000-07-27,1.4652,1.4737,1.464,1.4719,3910
2000-07-28,1.472,1.4788999999999999,1.4712,1.4782,3700
2000-07-30,1.4777,1.4778,1.4773,1.4775,16
2000-07-31,1.4774,1.4892,1.4773,1.4867,4307
2000-08-01,1.4868000000000001,1.491,1.4849999999999999,1.4868999999999999,3980
2000-08-02,1.4866,1.4884,1.4782,1.4802,4138
2000-08-03,1.4794,1.4855,1.4782,1.4844,3773
2000-08-04,1.4843,1.4908000000000001,1.4835,1.4887000000000001,3515
2000-08-06,1.4889000000000001,1.4901,1.4887000000000001,1.49,32
2000-08-07,1.4896,1.4947,1.486,1.4868999999999999,3674
2000-08-08,1.4867,1.4908000000000001,1.4849999999999999,1.4872,3909
2000-08-09,1.487,1.4903,1.4823,1.4830999999999999,4186
2000-08-10,1.4832,1.4845,1.4794,1.4827,3692
2000-08-11,1.483,1.4851,1.4808,1.4838,3306
2000-08-13,1.4835,1.4837,1.4830999999999999,1.4833,21
2000-08-14,1.4830999999999999,1.4864,1.4815,1.4846,4393
2000-08-15,1.4847000000000001,1.4891,1.4822,1.4842,4089
2000-08-16,1.4828000000000001,1.4843,1.4757,1.4769,4828
2000-08-17,1.4773,1.478,1.4727999999999999,1.4742,4253
2000-08-18,1.4747,1.4771,1.4712,1.4765,3741
2000-08-20,1.4762,1.4762,1.4753,1.4762,30
2000-08-21,1.4762,1.479,1.4722,1.4773,3734
2000-08-22,1.4774,1.4793,1.4737,1.4767000000000001,3956
2000-08-23,1.4766,1.4885,1.4763,1.4846,4982
2000-08-24,1.4846,1.488,1.4826,1.4873,3852
2000-08-25,1.4876,1.488,1.4804,1.4836,4332
2000-08-27,1.4837,1.484,1.4837,1.4837,6
2000-08-28,1.484,1.4857,1.482,1.4828000000000001,2702
2000-08-29,1.4828000000000001,1.4885,1.4817,1.4842,3615
2000-08-30,1.4845,1.4865,1.4759,1.4762,4019
2000-08-31,1.4764,1.4775,1.4707,1.4718,3847
2000-09-01,1.4721,1.475,1.4685000000000001,1.4729999999999999,4272
2000-09-03,1.4737,1.4744,1.4732,1.4733,23
2000-09-04,1.4735,1.475,1.4716,1.474,2779
2000-09-05,1.4735,1.4769,1.4726,1.4761,3732
2000-09-06,1.476,1.4843,1.4755,1.4822,4558
2000-09-07,1.4824,1.4851,1.4758,1.4773,4522
2000-09-08,1.4773,1.4787,1.4745,1.4767000000000001,3887
2000-09-10,1.4769,1.4769,1.4764,1.4766,17
2000-09-11,1.4765,1.4813,1.4757,1.4806,3825
2000-09-12,1.4805,1.4825,1.478,1.4803,3635
2000-09-13,1.4806,1.4849999999999999,1.4768,1.4830999999999999,3848
2000-09-14,1.4828000000000001,1.4937,1.4826,1.4865,4382
2000-09-15,1.4864,1.4889999999999999,1.4813,1.4822,3277
2000-09-17,1.4828999999999999,1.4828999999999999,1.4823,1.4826,22
2000-09-18,1.4827,1.4907,1.4821,1.4874,3869
2000-09-19,1.4870999999999999,1.4894,1.4815,1.483,3665
2000-09-20,1.4828999999999999,1.4854,1.4796,1.4847000000000001,3749
2000-09-21,1.4843,1.488,1.4824,1.488,3373
2000-09-22,1.4876,1.4925,1.4865,1.488,3978
2000-09-24,1.4881,1.4884,1.4879,1.4884,6
2000-09-25,1.4881,1.4915,1.4842,1.4864,3957
2000-09-26,1.4864,1.4895,1.4849,1.4863,3550
2000-09-27,1.4866,1.4975,1.4858,1.4954,4387
2000-09-28,1.4956,1.5043,1.4944,1.5,4531
2000-09-29,1.4999,1.5081,1.4994,1.5025,4661
2000-10-01,1.5034,1.5034,1.5029,1.5030999999999999,12
2000-10-02,1.5030000000000001,1.5114999999999998,1.5016,1.5091,4223
2000-10-03,1.509,1.5097,1.5030999999999999,1.5042,3385
2000-10-04,1.5041,1.5051999999999999,1.4932,1.4942,4670
2000-10-05,1.4944,1.4998,1.4934,1.4981,4266
2000-10-06,1.4983,1.5045,1.492,1.5034999999999998,4796
2000-10-08,1.5030000000000001,1.5030000000000001,1.5026000000000002,1.5026000000000002,4
2000-10-09,1.5030000000000001,1.5049000000000001,1.5011999999999999,1.5024,3037
2000-10-10,1.5025,1.5041,1.4984,1.5015,4528
2000-10-11,1.5018,1.5059,1.4994,1.5049000000000001,4155
2000-10-12,1.5049000000000001,1.5177,1.504,1.5154,5139
2000-10-13,1.5149,1.5207000000000002,1.5053999999999998,1.5065,4520
2000-10-15,1.5072,1.5074,1.5065,1.5070999999999999,15
2000-10-16,1.5070000000000001,1.5205,1.5065,1.5178,4743
2000-10-17,1.5175999999999998,1.5238,1.513,1.5181,5493
2000-10-18,1.5184,1.5215,1.5127000000000002,1.517,5337
2000-10-19,1.5166,1.5171999999999999,1.509,1.5114999999999998,5654
2000-10-20,1.5110000000000001,1.5154999999999998,1.508,1.5114,5036
2000-10-22,1.5117,1.512,1.5114999999999998,1.5114999999999998,11
2000-10-23,1.5118,1.5145,1.5072,1.5109,4192
2000-10-24,1.5108000000000001,1.5192999999999999,1.5091,1.5184,5227
2000-10-25,1.5186,1.5234999999999999,1.5135999999999998,1.517,5631
2000-10-26,1.5173999999999999,1.5266,1.5124,1.5249000000000001,6142
2000-10-27,1.5253999999999999,1.5297,1.5192,1.5292,6107
2000-10-29,1.5295,1.5295,1.5295,1.5295,1
2000-10-30,1.5297,1.532,1.5242,1.5312000000000001,6239
2000-10-31,1.5310000000000001,1.5328,1.5204,1.5231,5983
2000-11-01,1.5229,1.5346,1.5211000000000001,1.5333999999999999,5695
2000-11-02,1.5333,1.5393,1.5297,1.5312999999999999,5633
2000-11-03,1.5314,1.536,1.5276,1.5328,6008
2000-11-05,1.532,1.5331000000000001,1.5319,1.5325,21
2000-11-06,1.532,1.5335,1.5284,1.5303,4577
2000-11-07,1.5301,1.5345,1.5283,1.534,4322
2000-11-08,1.5338,1.5445,1.5319,1.5433,5636
2000-11-09,1.5432000000000001,1.5503,1.5388,1.5472000000000001,5566
2000-11-10,1.5469,1.5499,1.541,1.5429,5605
2000-11-12,1.5430000000000001,1.5434,1.5429,1.5432000000000001,11
2000-11-13,1.5430000000000001,1.5485,1.5415,1.5445,4546
2000-11-14,1.5447,1.5469,1.5417,1.5452,4395
2000-11-15,1.5453000000000001,1.554,1.5434,1.5516,5351
2000-11-16,1.5518,1.557,1.5485,1.5556999999999999,5047
2000-11-17,1.5556999999999999,1.5629,1.553,1.5565,5453
2000-11-19,1.5568,1.5568,1.5564,1.5567,11
2000-11-20,1.5568,1.561,1.5552000000000001,1.5569,4529
2000-11-21,1.5567,1.5587,1.5492,1.5510000000000002,5532
2000-11-22,1.5512000000000001,1.5514999999999999,1.5448,1.5455999999999999,6057
2000-11-23,1.546,1.5495,1.5422,1.5447,5271
2000-11-24,1.5447,1.5481,1.5372,1.5384,6239
2000-11-26,1.5389,1.5394999999999999,1.5385,1.5391,21
2000-11-27,1.5394999999999999,1.5406,1.5332,1.5364,5434
2000-11-28,1.5366,1.5391,1.5282,1.5369000000000002,6122
2000-11-29,1.5373,1.545,1.5341,1.5434,5889
2000-11-30,1.5436999999999999,1.5464,1.5316999999999998,1.5356999999999998,6317
2000-12-01,1.5362,1.5476999999999999,1.5283,1.5467,7701
2000-12-03,1.5465,1.5470000000000002,1.5463,1.5469,36
2000-12-04,1.5465,1.5545,1.5419,1.5430000000000001,6035
2000-12-05,1.5433,1.5469,1.5396,1.5424,5568
2000-12-06,1.5427,1.5441,1.5262,1.5276999999999998,6657
2000-12-07,1.5272999999999999,1.5318,1.5217,1.5295,7243
2000-12-08,1.5298,1.5327,1.5131000000000001,1.5151,6387
2000-12-10,1.5187,1.5187,1.5182,1.5183,15
2000-12-11,1.5184,1.5276999999999998,1.5158,1.5257,4208
2000-12-12,1.526,1.5298,1.5217,1.5265,5548
2000-12-13,1.5272000000000001,1.5293,1.5182,1.5188000000000001,5566
2000-12-14,1.5192999999999999,1.5217,1.5126,1.5171000000000001,6373
2000-12-15,1.5175,1.5215,1.5150000000000001,1.52,5629
2000-12-17,1.5204,1.5209000000000001,1.5202,1.5208,14
2000-12-18,1.5204,1.5276999999999998,1.5194,1.5246,5592
2000-12-19,1.5251000000000001,1.5288,1.52,1.5234999999999999,5407
2000-12-20,1.524,1.5276,1.5203,1.5222,6654
2000-12-21,1.522,1.5241,1.5147,1.521,5711
2000-12-22,1.5213,1.5223,1.5152,1.5167000000000002,4878
2000-12-24,1.5173999999999999,1.5175999999999998,1.5168,1.5168,4
2000-12-25,1.5173999999999999,1.5194999999999999,1.5152999999999999,1.5173999999999999,390
2000-12-26,1.5173999999999999,1.5191,1.509,1.5105,3628
2000-12-27,1.5105,1.5139,1.5082,1.5105,5265
2000-12-28,1.5105,1.5131999999999999,1.4994,1.5013,5149
2000-12-29,1.5013999999999998,1.5039,1.4944,1.4995,5798
2001-01-01,1.4995,1.4995,1.4976,1.4983,140
2001-01-02,1.4981,1.5013,1.4906,1.4928,5290
2001-01-03,1.4937,1.4999,1.4898,1.4968,5557
2001-01-04,1.4962,1.5015,1.491,1.4983,6241
2001-01-05,1.498,1.505,1.4961,1.4984,5466
2001-01-07,1.498,1.4989,1.498,1.4985,6
2001-01-08,1.498,1.4997,1.4922,1.4938,4815
2001-01-09,1.4939,1.4988000000000001,1.4932,1.4938,5497
2001-01-10,1.4946,1.5032999999999999,1.4932,1.5023,4822
2001-01-11,1.5021,1.5025,1.4933,1.4947,4865
2001-01-12,1.4946,1.5019,1.4924,1.5005,4763
2001-01-14,1.5003,1.5005,1.4999,1.5004,30
2001-01-15,1.5005,1.5066000000000002,1.4998,1.5016,4969
2001-01-16,1.5016,1.5074,1.4985,1.5059,5091
2001-01-17,1.5058,1.5129000000000001,1.5044,1.5119,4820
2001-01-18,1.5114999999999998,1.5171999999999999,1.5082,1.5112,4548
2001-01-19,1.5114999999999998,1.5154,1.5066000000000002,1.5110000000000001,4305
2001-01-21,1.5110999999999999,1.5112999999999999,1.5110000000000001,1.5110999999999999,13
2001-01-22,1.5114999999999998,1.512,1.5004,1.5011,4063
2001-01-23,1.501,1.5117,1.5002,1.5106000000000002,5797
2001-01-24,1.5108000000000001,1.5157,1.5087000000000002,1.5124,4121
2001-01-25,1.5122,1.5165,1.5053999999999998,1.5063,4395
2001-01-26,1.5061,1.508,1.5007000000000001,1.5053,4209
2001-01-28,1.5062,1.5062,1.5053,1.506,19
2001-01-29,1.506,1.5062,1.4999,1.5016,3971
2001-01-30,1.5018,1.5047000000000001,1.4969999999999999,1.5034999999999998,4857
2001-01-31,1.5036,1.505,1.4965,1.4973,4705
2001-02-01,1.4976,1.5003,1.4910999999999999,1.494,4533
2001-02-02,1.4944,1.4977,1.4899,1.4966,4763
2001-02-04,1.4969000000000001,1.4969999999999999,1.4962,1.4968,24
2001-02-05,1.4967,1.5083,1.4959,1.5082,4539
2001-02-06,1.5076,1.512,1.506,1.5101,5030
2001-02-07,1.5098,1.5147,1.5074999999999998,1.5097,4965
2001-02-08,1.5099,1.5141,1.5074,1.5098,5325
2001-02-09,1.5093999999999999,1.5117,1.5066000000000002,1.5110000000000001,5200
2001-02-11,1.5108000000000001,1.5108000000000001,1.51,1.5104,12
2001-02-12,1.5103,1.5224,1.51,1.5217,4672
2001-02-13,1.5218,1.5265,1.5197,1.5213999999999999,4675
2001-02-14,1.5215999999999998,1.5293999999999999,1.5192,1.5274,4986
2001-02-15,1.5274999999999999,1.5369000000000002,1.525,1.5343,4627
2001-02-16,1.5335,1.5413000000000001,1.5310000000000001,1.5392000000000001,5795
2001-02-18,1.5390000000000001,1.5392000000000001,1.5382,1.5382,28
2001-02-19,1.5385,1.5434999999999999,1.5332,1.5337,4788
2001-02-20,1.534,1.5409000000000002,1.5328,1.5394999999999999,5116
2001-02-21,1.5396,1.5425,1.5342,1.5366,4236
2001-02-22,1.5367,1.54,1.5342,1.5393,4626
2001-02-23,1.5391,1.5396,1.5364,1.5368,4145
2001-02-25,1.537,1.5371000000000001,1.5365,1.5366,13
2001-02-26,1.537,1.5375,1.5264,1.5272000000000001,4640
2001-02-27,1.5276,1.5314999999999999,1.5246,1.5292,4964
2001-02-28,1.529,1.5387,1.526,1.5367,5678
2001-03-01,1.5366,1.5497,1.5352999999999999,1.5463,5586
2001-03-02,1.5470000000000002,1.5495999999999999,1.5415999999999999,1.5445,5273
2001-03-04,1.5443,1.5448,1.544,1.5446,17
2001-03-05,1.5443,1.5487,1.5412,1.546,4663
2001-03-06,1.5457,1.5464,1.5366,1.538,5749
2001-03-07,1.5384,1.5510000000000002,1.5375,1.5492,5709
2001-03-08,1.5491000000000001,1.5523,1.545,1.5463,6031
2001-03-09,1.5465,1.5497999999999998,1.5439,1.5472000000000001,4883
2001-03-11,1.5459,1.546,1.5453999999999999,1.5459,101
2001-03-12,1.546,1.5522,1.544,1.5511,6352
2001-03-13,1.5511,1.5533000000000001,1.5421,1.5441,5954
2001-03-14,1.544,1.5596999999999999,1.5413999999999999,1.557,7559
2001-03-15,1.5573000000000001,1.5619,1.5549,1.5588,7438
2001-03-16,1.5587,1.5695000000000001,1.5583,1.5685,7673
2001-03-18,1.5683,1.5692,1.568,1.5683,141
2001-03-19,1.5684,1.5705,1.5632000000000001,1.5665,6240
2001-03-20,1.5662,1.5676,1.558,1.5655000000000001,5975
2001-03-21,1.5655999999999999,1.5773000000000001,1.5648,1.5748,6221
2001-03-22,1.5749,1.5758,1.568,1.5686,5264
2001-03-23,1.5687,1.5716999999999999,1.5634000000000001,1.5644,5517
2001-03-25,1.5643,1.5647,1.564,1.5644,47
2001-03-26,1.5643,1.5671,1.5532,1.5575,6254
2001-03-27,1.5571000000000002,1.5705,1.5550000000000002,1.569,6174
2001-03-28,1.5693000000000001,1.5735999999999999,1.5621,1.5651000000000002,6413
2001-03-29,1.5655000000000001,1.5753,1.5634000000000001,1.5723,5848
2001-03-30,1.5724,1.5795,1.5699999999999998,1.5756000000000001,5988
2001-04-01,1.5766,1.5775000000000001,1.5763,1.5773000000000001,37
2001-04-02,1.5775000000000001,1.5815000000000001,1.5718,1.5804,5476
2001-04-03,1.5804,1.5827,1.5744,1.5756999999999999,6473
2001-04-04,1.5756000000000001,1.5775000000000001,1.5664,1.5735999999999999,7030
2001-04-05,1.5734,1.5807,1.5708,1.5739999999999998,6465
2001-04-06,1.5735000000000001,1.5755,1.5605,1.5647,6067
2001-04-08,1.5636999999999999,1.5647,1.5636999999999999,1.5638,5
2001-04-09,1.5644,1.5659999999999998,1.5617,1.564,5859
2001-04-10,1.5638,1.5646,1.5537,1.5554999999999999,5647
2001-04-11,1.5549,1.5635,1.5548,1.5615,5501
2001-04-12,1.5615,1.5636999999999999,1.5558,1.5617999999999999,5425
2001-04-13,1.5615999999999999,1.5636999999999999,1.5606,1.5613000000000001,2053
2001-04-15,1.5628,1.563,1.5624,1.5625,12
2001-04-16,1.5627,1.565,1.56,1.561,3365
2001-04-17,1.561,1.5648,1.5546,1.5636999999999999,5565
2001-04-18,1.5636999999999999,1.5743,1.5612,1.5659,6023
2001-04-19,1.5657999999999999,1.5659999999999998,1.5457,1.5493000000000001,6499
2001-04-20,1.5497999999999998,1.5508,1.5419,1.5436999999999999,6350
2001-04-22,1.545,1.5453999999999999,1.5443,1.5443,16
2001-04-23,1.545,1.5506,1.5421,1.5486,6433
2001-04-24,1.5484,1.5525,1.545,1.5457,6065
2001-04-25,1.5457999999999998,1.5522,1.5392000000000001,1.5470000000000002,6508
2001-04-26,1.5473,1.5501,1.5415999999999999,1.5428,5683
2001-04-27,1.5431,1.5470000000000002,1.5392000000000001,1.5426,6170
2001-04-29,1.5425,1.5430000000000001,1.5424,1.5428,31
2001-04-30,1.5428,1.5443,1.5345,1.5354999999999999,5165
2001-05-01,1.5350000000000001,1.5375,1.5304,1.5314999999999999,4030
2001-05-02,1.5316,1.5335999999999999,1.5285,1.5319,5620
2001-05-03,1.5316999999999998,1.5354,1.5293999999999999,1.5331000000000001,5236
2001-05-04,1.533,1.5358,1.5270000000000001,1.5352999999999999,4513
2001-05-06,1.5356999999999998,1.5358,1.5351,1.5354999999999999,38
2001-05-07,1.5356999999999998,1.5426,1.5322,1.5421,4403
2001-05-08,1.5417999999999998,1.5473,1.54,1.5433,5187
2001-05-09,1.5433,1.5453999999999999,1.5373999999999999,1.5387,4849
2001-05-10,1.5387,1.544,1.5365,1.5432000000000001,4869
2001-05-11,1.5434,1.5523,1.5379,1.5510000000000002,5051
2001-05-13,1.5503,1.5505,1.5495999999999999,1.5505,5
2001-05-14,1.5503,1.5547,1.5482,1.5527,4714
2001-05-15,1.5529,1.5563,1.545,1.5457,5764
2001-05-16,1.5455999999999999,1.548,1.5368,1.5388,5237
2001-05-17,1.5388,1.5399,1.5333999999999999,1.5358,5496
2001-05-18,1.5354,1.5390000000000001,1.5314,1.5333,5247
2001-05-20,1.532,1.5333999999999999,1.532,1.5327,40
2001-05-21,1.5326,1.5379,1.5312000000000001,1.5362,4943
2001-05-22,1.536,1.5439,1.5352000000000001,1.5402,5296
2001-05-23,1.5403,1.5539,1.5399,1.5509,5584
2001-05-24,1.5508,1.553,1.5453999999999999,1.5466,5031
2001-05-25,1.5467,1.5497,1.5407,1.5455999999999999,5137
2001-05-27,1.5447,1.5457,1.5442,1.5444,37
2001-05-28,1.5446,1.5474999999999999,1.5417,1.5436999999999999,3811
2001-05-29,1.5438,1.5492,1.534,1.5361,6182
2001-05-30,1.5362,1.5469,1.5350000000000001,1.5436,5886
2001-05-31,1.5436999999999999,1.5513,1.5362,1.5373999999999999,5555
2001-06-01,1.5373999999999999,1.5387,1.5292,1.5364,5744
2001-06-03,1.5352999999999999,1.5356,1.5347,1.5347,22
2001-06-04,1.5345,1.5373,1.5292,1.5362,4410
2001-06-05,1.5356999999999998,1.5388,1.5284,1.5304,4804
2001-06-06,1.5311,1.5321,1.5230000000000001,1.5236,4974
2001-06-07,1.524,1.5249000000000001,1.5191,1.522,4400
2001-06-08,1.5217,1.5230000000000001,1.5171999999999999,1.5185,4068
2001-06-10,1.5190000000000001,1.5192,1.5189,1.5189,19
2001-06-11,1.5191,1.5209000000000001,1.5151,1.5194,3829
2001-06-12,1.5192,1.5272999999999999,1.5183,1.5237,5012
2001-06-13,1.5234999999999999,1.5259,1.5154999999999998,1.5173999999999999,4028
2001-06-14,1.5171000000000001,1.5239,1.5141,1.5202,4751
2001-06-15,1.5197,1.5298,1.5186,1.5241,4668
2001-06-17,1.5242,1.5242,1.5237,1.5241,3
2001-06-18,1.524,1.5352999999999999,1.5237,1.5342,4532
2001-06-19,1.5342,1.5362,1.5305,1.5345,4547
2001-06-20,1.5344,1.5379,1.5295,1.5333,4486
2001-06-21,1.5333,1.5343,1.5217,1.5231,5063
2001-06-22,1.5232,1.5299,1.5217,1.5226,4650
2001-06-24,1.5225,1.5227,1.5222,1.5225,15
2001-06-25,1.5225,1.5227,1.5149,1.5171999999999999,4797
2001-06-26,1.5175,1.5205,1.5131999999999999,1.5171999999999999,4859
2001-06-27,1.5173,1.5192,1.51,1.517,5785
2001-06-28,1.5167000000000002,1.5255,1.5131000000000001,1.5231,5449
2001-06-29,1.5230000000000001,1.5251000000000001,1.5123,1.5156,5118
2001-07-01,1.5141,1.5144,1.5138,1.5142,12
2001-07-02,1.5141,1.5167000000000002,1.5126,1.5141,3769
2001-07-03,1.5147,1.5151,1.5069,1.5108000000000001,3971
2001-07-04,1.5112,1.5121,1.5076,1.5110999999999999,3687
2001-07-05,1.5110000000000001,1.5143,1.5074,1.5135,4225
2001-07-06,1.5135,1.5236,1.5114,1.5227,5196
2001-07-08,1.5230000000000001,1.5232,1.5224,1.5226,14
2001-07-09,1.5228000000000002,1.5237,1.5171000000000001,1.5213,5668
2001-07-10,1.5211000000000001,1.5241,1.5183,1.5199,6167
2001-07-11,1.5198,1.5291000000000001,1.518,1.5262,7752
2001-07-12,1.5255,1.5335,1.5232,1.5325,6372
2001-07-13,1.5327,1.5415,1.5312999999999999,1.5365,6316
2001-07-15,1.5366,1.5367,1.5365,1.5366,5
2001-07-16,1.5366,1.5430000000000001,1.536,1.5373,5063
2001-07-17,1.5369000000000002,1.5413999999999999,1.534,1.5382,5884
2001-07-18,1.5381,1.5419,1.5323,1.5381,7247
2001-07-19,1.5375999999999999,1.5444,1.5351,1.5411000000000001,8550
2001-07-20,1.5411000000000001,1.5474999999999999,1.5396999999999998,1.5433,6460
2001-07-22,1.5428,1.5432000000000001,1.5426,1.5431,12
2001-07-23,1.5429,1.5470000000000002,1.5413999999999999,1.5442,6266
2001-07-24,1.5438,1.5448,1.5373999999999999,1.5405,6792
2001-07-25,1.5405,1.541,1.5354999999999999,1.5372,5761
2001-07-26,1.5369000000000002,1.5388,1.5308000000000002,1.5333999999999999,6557
2001-07-27,1.5333999999999999,1.5367,1.5291000000000001,1.5312999999999999,5225
2001-07-29,1.5323,1.5325,1.532,1.5322,21
2001-07-30,1.5323,1.5347,1.5282,1.5295,4636
2001-07-31,1.5288,1.5345,1.5251000000000001,1.5335999999999999,6307
2001-08-01,1.5335,1.5379,1.5327,1.5363,6249
2001-08-02,1.5366,1.5417,1.5327,1.5345,6342
2001-08-03,1.5342,1.5369000000000002,1.5286,1.5288,5872
2001-08-05,1.5291000000000001,1.5302,1.5291000000000001,1.5298,35
2001-08-06,1.5291000000000001,1.5308000000000002,1.5231,1.5261,5225
2001-08-07,1.526,1.536,1.5251000000000001,1.5356,6162
2001-08-08,1.5351,1.5362,1.5303,1.5337,5028
2001-08-09,1.5335,1.5411000000000001,1.5325,1.5391,4801
2001-08-10,1.5390000000000001,1.5438,1.5382,1.5392000000000001,4886
2001-08-12,1.5393,1.5394999999999999,1.5391,1.5392000000000001,12
2001-08-13,1.5393,1.5402,1.5368,1.5373,4534
2001-08-14,1.5381,1.5417999999999998,1.5351,1.5356999999999998,5171
2001-08-15,1.5359,1.5372,1.5255999999999998,1.5282,5490
2001-08-16,1.5283,1.5392000000000001,1.525,1.5377999999999998,5532
2001-08-17,1.5377999999999998,1.5446,1.5345,1.5427,5930
2001-08-19,1.5429,1.5429,1.5422,1.5429,23
2001-08-20,1.5423,1.5474,1.5417999999999998,1.5448,5201
2001-08-21,1.5449000000000002,1.5506,1.5432000000000001,1.5479,4944
2001-08-22,1.5474999999999999,1.55,1.5408,1.542,4859
2001-08-23,1.5419,1.5436,1.5394,1.5394999999999999,4952
2001-08-24,1.5398,1.5423,1.5373,1.5393,4360
2001-08-26,1.5394999999999999,1.5396,1.5393,1.5394,6
2001-08-27,1.5394999999999999,1.544,1.5390000000000001,1.5403,4064
2001-08-28,1.5402,1.5444,1.5377999999999998,1.5394999999999999,4917
2001-08-29,1.54,1.5467,1.5375999999999999,1.5457999999999998,4896
2001-08-30,1.546,1.5474,1.5434999999999999,1.5447,5401
2001-08-31,1.5446,1.552,1.5413999999999999,1.5512000000000001,6138
2001-09-02,1.5495,1.5495,1.5492,1.5495,5
2001-09-03,1.5493999999999999,1.5521,1.5487,1.5507,3449
2001-09-04,1.5505,1.5612,1.5457,1.5594999999999999,5415
2001-09-05,1.5592000000000001,1.5638999999999998,1.5550000000000002,1.557,5174
2001-09-06,1.5569,1.56,1.5539,1.5573000000000001,5855
2001-09-07,1.557,1.5685,1.556,1.5655999999999999,5826
2001-09-09,1.5657,1.5661,1.5653000000000001,1.5661,8
2001-09-10,1.5659999999999998,1.5702,1.5617,1.5631,5991
2001-09-11,1.5633,1.5727,1.5585,1.5643,6464
2001-09-12,1.5642,1.5666,1.5567,1.5624,5156
2001-09-13,1.5625,1.5694,1.5602,1.5659999999999998,5670
2001-09-14,1.5655000000000001,1.5708,1.5628,1.5643,5885
2001-09-16,1.5636,1.5649,1.5636,1.5649,8
2001-09-17,1.564,1.571,1.5633,1.5699999999999998,6435
2001-09-18,1.5701,1.5737,1.5687,1.5728,5799
2001-09-19,1.5727,1.5742,1.5662,1.5691000000000002,6001
2001-09-20,1.5695000000000001,1.5729,1.5659,1.5706,5606
2001-09-21,1.571,1.5718999999999999,1.5623,1.5713,6810
2001-09-23,1.5712000000000002,1.5715,1.5708,1.5713,15
2001-09-24,1.5715,1.5721,1.5667,1.5701,4324
2001-09-25,1.5707,1.5718999999999999,1.5657,1.5704,4901
2001-09-26,1.5703,1.5751,1.5691000000000002,1.572,4878
2001-09-27,1.5723,1.5795,1.5712000000000002,1.5779999999999998,5179
2001-09-28,1.5784,1.5812,1.5752000000000002,1.5792000000000002,4639
2001-09-30,1.5787,1.5791,1.5786,1.5786,6
2001-10-01,1.5791,1.58,1.5716999999999999,1.5735000000000001,4708
2001-10-02,1.5727,1.5752000000000002,1.5666,1.5678999999999998,5544
2001-10-03,1.5678,1.5695999999999999,1.5655000000000001,1.569,4205
2001-10-04,1.5687,1.5695999999999999,1.5649,1.5688,4288
2001-10-05,1.5683,1.5718999999999999,1.5607,1.562,4683
2001-10-07,1.5628,1.563,1.5624,1.5625,37
2001-10-08,1.5623,1.5643,1.5598,1.5615,3998
2001-10-09,1.5615999999999999,1.5675,1.5575999999999999,1.5653000000000001,4739
2001-10-10,1.5655999999999999,1.5694,1.5617999999999999,1.5676,4820
2001-10-11,1.5675,1.5703,1.5635,1.565,5434
2001-10-12,1.5649,1.5685,1.5609,1.5628,5210
2001-10-14,1.5624,1.5627,1.5617999999999999,1.5622,37
2001-10-15,1.5624,1.5628,1.5554000000000001,1.5584,4715
2001-10-16,1.5587,1.5659999999999998,1.5572,1.5652,5630
2001-10-17,1.5654,1.5709,1.5627,1.5703,5124
2001-10-18,1.5699999999999998,1.5800999999999998,1.5697,1.5781,5432
2001-10-19,1.5779999999999998,1.579,1.5735999999999999,1.5745,4779
2001-10-21,1.5754000000000001,1.5758,1.5748,1.5748,10
2001-10-22,1.575,1.5806,1.5739,1.5782,4459
2001-10-23,1.5784,1.5805,1.5697,1.5723,5427
2001-10-24,1.5716,1.5771,1.5702,1.5741,5465
2001-10-25,1.5742,1.5785,1.5726,1.5737999999999999,5235
2001-10-26,1.5735999999999999,1.5783,1.5725,1.5765,5022
2001-10-28,1.5762,1.5768,1.5758999999999999,1.5768,20
2001-10-29,1.5774,1.5779999999999998,1.5732,1.5739,4483
2001-10-30,1.5737999999999999,1.58,1.5735000000000001,1.5786,5157
2001-10-31,1.5792000000000002,1.5891,1.5779999999999998,1.5886,5785
2001-11-01,1.5885,1.5960999999999999,1.5875,1.595,5572
2001-11-02,1.5955,1.5973000000000002,1.5896,1.5908,5423
2001-11-04,1.5911,1.5916000000000001,1.5911,1.5911,14
2001-11-05,1.5912,1.5964,1.5893000000000002,1.5935000000000001,4101
2001-11-06,1.593,1.5969,1.5891,1.5928,4642
2001-11-07,1.5925,1.5994000000000002,1.5889,1.5973000000000002,5172
2001-11-08,1.597,1.5995,1.5948,1.5987,5093
2001-11-09,1.599,1.6052,1.597,1.6032,4910
2001-11-12,1.6028,1.6049,1.6005,1.6033,2685
2001-11-13,1.6035,1.6044,1.5929,1.5933000000000002,5063
2001-11-14,1.5928,1.5946,1.5876000000000001,1.5917,4917
2001-11-15,1.5923,1.5927,1.5856,1.5911,4452
2001-11-16,1.591,1.5929,1.5864,1.5901,4838
2001-11-18,1.5888,1.5899999999999999,1.5878999999999999,1.5883,46
2001-11-19,1.5888,1.5915,1.5824,1.5906,5423
2001-11-20,1.5899999999999999,1.5962,1.5896,1.5941,5247
2001-11-21,1.5945,1.6024,1.5937999999999999,1.6018,5003
2001-11-22,1.6019999999999999,1.6029,1.5981999999999998,1.5996000000000001,4098
2001-11-23,1.5995,1.601,1.5958999999999999,1.5992,3790
2001-11-25,1.5991,1.5991,1.5984,1.5985,15
2001-11-26,1.5989,1.6019999999999999,1.5972,1.5987,4606
2001-11-27,1.5988,1.5998999999999999,1.5912,1.5934,5213
2001-11-28,1.5935000000000001,1.5948,1.5831,1.5848,4852
2001-11-29,1.5836999999999999,1.585,1.5766,1.5777999999999999,6249
2001-11-30,1.5782,1.5796999999999999,1.5702,1.5712000000000002,6028
2001-12-02,1.5734,1.5734,1.5729,1.5731000000000002,11
2001-12-03,1.5732,1.5777999999999999,1.572,1.5768,5149
2001-12-04,1.5768,1.5779999999999998,1.5693000000000001,1.5727,4883
2001-12-05,1.5733000000000001,1.5766,1.5699,1.5746,4644
2001-12-06,1.5745,1.5775000000000001,1.5707,1.5727,5121
2001-12-07,1.5729,1.5772,1.5714000000000001,1.5751,5269
2001-12-09,1.575,1.5756000000000001,1.575,1.5754000000000001,19
2001-12-10,1.575,1.5796999999999999,1.5744,1.5779999999999998,4162
2001-12-11,1.5782,1.579,1.5714000000000001,1.5716999999999999,4070
2001-12-12,1.5718,1.5728,1.5638999999999998,1.5659999999999998,4883
2001-12-13,1.5659,1.5718,1.564,1.5697,4043
2001-12-14,1.5701,1.5709,1.5583,1.5615,5177
2001-12-16,1.5589,1.5592000000000001,1.5584,1.5591,44
2001-12-17,1.5589,1.5694,1.5585,1.569,5561
2001-12-18,1.5688,1.5753,1.5657,1.5742,5682
2001-12-19,1.5739,1.5777999999999999,1.5718999999999999,1.5751,5414
2001-12-20,1.5749,1.58,1.5735000000000001,1.5791,4809
2001-12-21,1.5791,1.5867,1.5782,1.5859999999999999,5066
2001-12-23,1.5855000000000001,1.5855000000000001,1.5852,1.5854,4
2001-12-24,1.5855000000000001,1.6055000000000001,1.5846,1.5949,6477
2001-12-25,1.5941,1.5963,1.5931,1.5951,301
2001-12-26,1.5943,1.6019,1.5936,1.6009,3422
2001-12-27,1.6006,1.6042999999999998,1.5926,1.5983,6900
2001-12-28,1.5976,1.5989,1.5892,1.5905,6309
2001-12-30,1.5901999999999998,1.5901999999999998,1.5896,1.5899,20
2001-12-31,1.5899999999999999,1.5977999999999999,1.5883,1.5933000000000002,4490
2002-01-01,1.5934,1.5953,1.5914000000000001,1.5920999999999998,135
2002-01-02,1.5925,1.5995,1.5906,1.597,5306
2002-01-03,1.5956000000000001,1.5987,1.5913,1.5981999999999998,5601
2002-01-04,1.5983,1.5994000000000002,1.5946,1.5955,4624
2002-01-06,1.5949,1.5949,1.5947,1.5947,3
2002-01-07,1.595,1.601,1.5929,1.5975000000000001,4237
2002-01-08,1.5977000000000001,1.6026,1.5933000000000002,1.5945,4986
2002-01-09,1.5947,1.5979,1.5932,1.5971,5376
2002-01-10,1.5977999999999999,1.6049,1.596,1.5974,6423
2002-01-11,1.5977000000000001,1.6019999999999999,1.5947,1.5958,5422
2002-01-13,1.5957,1.5965,1.5957,1.5965,11
2002-01-14,1.5964,1.5987,1.5920999999999998,1.5928,4901
2002-01-15,1.5927,1.5947,1.5865,1.5885,5297
2002-01-16,1.5885,1.5996000000000001,1.5876000000000001,1.5987,5459
2002-01-17,1.599,1.6168,1.5973000000000002,1.6120999999999999,6444
2002-01-18,1.6132,1.6157,1.6096,1.6137000000000001,6042
2002-01-20,1.6183,1.6186,1.617,1.6172,49
2002-01-21,1.6183,1.619,1.6101999999999999,1.6113,4867
2002-01-22,1.6124,1.6145,1.6067,1.6078999999999999,6161
2002-01-23,1.608,1.6115,1.5998999999999999,1.6008,5719
2002-01-24,1.6009,1.6042999999999998,1.5991,1.6034000000000002,5735
2002-01-25,1.6035,1.6127,1.6019999999999999,1.608,5697
2002-01-27,1.6118000000000001,1.6120999999999999,1.6109,1.6118000000000001,17
2002-01-28,1.6118000000000001,1.6137000000000001,1.5967,1.5989,5089
2002-01-29,1.599,1.5994000000000002,1.5836999999999999,1.5937999999999999,6899
2002-01-30,1.5935000000000001,1.5953,1.5857,1.5882,5720
2002-01-31,1.5878999999999999,1.5957,1.5826,1.5893000000000002,6065
2002-02-01,1.5889,1.5935000000000001,1.5877,1.5913,5294
2002-02-03,1.5899999999999999,1.5901999999999998,1.5895000000000001,1.5901999999999998,10
2002-02-04,1.5899999999999999,1.5981,1.5895000000000001,1.597,4714
2002-02-05,1.5976,1.6005,1.596,1.5968,4587
2002-02-06,1.5969,1.6088,1.5965,1.607,5490
2002-02-07,1.6068,1.6088,1.5975000000000001,1.5998999999999999,5572
2002-02-08,1.6,1.6021,1.5936,1.5993,4749
2002-02-10,1.5979999999999999,1.5981,1.5974,1.5974,9
2002-02-11,1.5973000000000002,1.5994000000000002,1.588,1.5901999999999998,4568
2002-02-12,1.5905,1.5944,1.5885,1.5913,3960
2002-02-13,1.5915,1.596,1.5893000000000002,1.5895000000000001,4247
2002-02-14,1.5904,1.5937000000000001,1.5867,1.5918,4782
2002-02-15,1.5918999999999999,1.5935000000000001,1.5885,1.5901999999999998,4273
2002-02-17,1.5901,1.5901,1.5899999999999999,1.5901,3
2002-02-18,1.5901,1.5947,1.5897999999999999,1.5926,2928
2002-02-19,1.593,1.5943,1.5855000000000001,1.5897999999999999,5896
2002-02-20,1.5899999999999999,1.5918,1.587,1.5891,4965
2002-02-21,1.5891,1.5927,1.5873,1.591,4746
2002-02-22,1.5906,1.5981,1.5901999999999998,1.5964,5338
2002-02-24,1.597,1.597,1.5964,1.5965,13
2002-02-25,1.5968,1.6076000000000001,1.5957,1.6052,5338
2002-02-26,1.6053,1.6125,1.6029,1.6082,5616
2002-02-27,1.6082999999999998,1.6116000000000001,1.6048,1.6077,5384
2002-02-28,1.6078000000000001,1.6098,1.6006,1.6011,4920
2002-03-01,1.6012,1.6033,1.5911,1.5925,5217
2002-03-03,1.5926,1.593,1.5925,1.5928,20
2002-03-04,1.5929,1.5939,1.5876000000000001,1.5909,4698
2002-03-05,1.5913,1.5920999999999998,1.5864,1.5871,4947
2002-03-06,1.587,1.589,1.58,1.5809,5080
2002-03-07,1.5812,1.5846,1.5771,1.5836999999999999,5168
2002-03-08,1.5840999999999998,1.5875,1.5829,1.5867,5423
2002-03-10,1.5861,1.5862,1.5856,1.5856,3
2002-03-11,1.5863,1.588,1.5813000000000001,1.583,4248
2002-03-12,1.5819999999999999,1.5875,1.5817,1.5865,4269
2002-03-13,1.5862,1.5988,1.5846,1.5951,4848
2002-03-14,1.5951,1.5979,1.5897000000000001,1.5924,5395
2002-03-15,1.5922,1.5936,1.5826,1.5827,5571
2002-03-17,1.5835,1.5840999999999998,1.5835,1.5838,14
2002-03-18,1.584,1.5882,1.5831,1.5835,4771
2002-03-19,1.5844,1.5859999999999999,1.58,1.5844,5072
2002-03-20,1.5845,1.5855000000000001,1.5777,1.5793,6304
2002-03-21,1.5787,1.583,1.5771,1.5782,5988
2002-03-22,1.5787,1.5793,1.5739999999999998,1.5772,6105
2002-03-24,1.5775000000000001,1.5781,1.5774,1.5781,18
2002-03-25,1.5775000000000001,1.5865,1.5769,1.5836999999999999,5140
2002-03-26,1.5836999999999999,1.5949,1.5813000000000001,1.5908,6732
2002-03-27,1.5907,1.5966,1.587,1.5939,5533
2002-03-28,1.5948,1.5977999999999999,1.5916000000000001,1.5923,5760
2002-03-29,1.5924,1.5958,1.5916000000000001,1.5949,1790
2002-03-31,1.5954000000000002,1.5955,1.5945,1.5954000000000002,40
2002-04-01,1.5954000000000002,1.6025,1.5939999999999999,1.5972,4202
2002-04-02,1.5973000000000002,1.6013,1.5911,1.5927,6526
2002-04-03,1.5926,1.5939,1.5874000000000001,1.5897000000000001,5614
2002-04-04,1.5896,1.5951,1.5885,1.5941,4698
2002-04-05,1.5935000000000001,1.5964,1.5876000000000001,1.5883,4946
2002-04-07,1.5888,1.589,1.5888,1.5889,6
2002-04-08,1.5888,1.5972,1.587,1.5956000000000001,4451
2002-04-09,1.5962,1.5988,1.5923,1.5958999999999999,4956
2002-04-10,1.5952,1.5958999999999999,1.5906,1.5924,4925
2002-04-11,1.5925,1.5935000000000001,1.5861,1.5884,5370
2002-04-12,1.5886,1.5899,1.585,1.5854,5142
2002-04-14,1.5852,1.5855000000000001,1.5852,1.5855000000000001,4
2002-04-15,1.5852,1.5918,1.5844,1.5863,4743
2002-04-16,1.5862,1.5892,1.579,1.5819,5261
2002-04-17,1.5817999999999999,1.5823,1.5715,1.5752000000000002,6084
2002-04-18,1.5749,1.5775000000000001,1.5721,1.5746,5454
2002-04-19,1.5745,1.5769,1.5704,1.5723,4634
2002-04-21,1.5718,1.5723,1.5715,1.5721,32
2002-04-22,1.5718,1.575,1.5702,1.5703,4030
2002-04-23,1.5703,1.5758999999999999,1.5703,1.5728,5053
2002-04-24,1.573,1.5746,1.5661,1.5678,4964
2002-04-25,1.5674000000000001,1.5678,1.562,1.5657999999999999,4867
2002-04-26,1.5657,1.5668,1.5607,1.5615999999999999,5351
2002-04-28,1.5615,1.5622,1.5615,1.5617999999999999,19
2002-04-29,1.5617,1.5687,1.5602,1.5668,5309
2002-04-30,1.567,1.5708,1.5654,1.5673,5206
2002-05-01,1.5675,1.569,1.5562,1.5596,4978
2002-05-02,1.5596,1.5647,1.5590000000000002,1.5623,5067
2002-05-03,1.5622,1.5673,1.5571000000000002,1.5661,4960
2002-05-05,1.5634000000000001,1.5634000000000001,1.5634000000000001,1.5634000000000001,1
2002-05-06,1.563,1.5695000000000001,1.5624,1.5674000000000001,4296
2002-05-07,1.5675,1.5718999999999999,1.5652,1.5667,5013
2002-05-08,1.5674000000000001,1.5723,1.5635,1.5702,5699
2002-05-09,1.5697999999999999,1.5723,1.5644,1.5648,5122
2002-05-10,1.5649,1.5666,1.5556,1.5590000000000002,5219
2002-05-12,1.5572,1.5573000000000001,1.5568,1.5572,24
2002-05-13,1.5573000000000001,1.5601,1.5539,1.5545,5114
2002-05-14,1.5546,1.5629,1.5535999999999999,1.5584,5436
2002-05-15,1.5583,1.5602,1.5535,1.557,5249
2002-05-16,1.5573000000000001,1.5588,1.5516,1.556,5138
2002-05-17,1.5561,1.5571000000000002,1.5415,1.544,5883
2002-05-19,1.5464,1.5464,1.5453000000000001,1.546,21
2002-05-20,1.5461,1.5465,1.5392000000000001,1.5415999999999999,4598
2002-05-21,1.542,1.5442,1.5348000000000002,1.5372,5740
2002-05-22,1.537,1.5408,1.5311,1.533,6213
2002-05-23,1.5329000000000002,1.5385,1.5325,1.5354999999999999,5836
2002-05-24,1.5356999999999998,1.5422,1.532,1.5342,6141
2002-05-26,1.5325,1.5333999999999999,1.5325,1.5333999999999999,12
2002-05-27,1.5325,1.5371000000000001,1.5325,1.5331000000000001,3878
2002-05-28,1.5333,1.5368,1.5286,1.5309,5304
2002-05-29,1.5307,1.5354999999999999,1.5281,1.534,5547
2002-05-30,1.5338,1.5383,1.5321,1.5345,5245
2002-05-31,1.5344,1.5358,1.5258,1.5274,5894
2002-06-02,1.5367,1.5369000000000002,1.5349,1.5364,174
2002-06-03,1.5367,1.5387,1.5255,1.5270000000000001,5639
2002-06-04,1.5271,1.5322,1.5245,1.5308000000000002,5462
2002-06-05,1.5310000000000001,1.5381,1.5293999999999999,1.5318,5968
2002-06-06,1.5316,1.5354,1.5302,1.5331000000000001,5606
2002-06-07,1.5331000000000001,1.5338,1.5288,1.5322,5265
2002-06-09,1.5327,1.533,1.5327,1.5328,15
2002-06-10,1.5327,1.54,1.5325,1.5394999999999999,4674
2002-06-11,1.5391,1.5413000000000001,1.5350000000000001,1.5369000000000002,5166
2002-06-12,1.5368,1.5387,1.5343,1.5358,4969
2002-06-13,1.5359,1.5401,1.5352000000000001,1.5396,4591
2002-06-14,1.5396999999999998,1.5524,1.5390000000000001,1.5465,5357
2002-06-16,1.5462,1.5469,1.5461,1.5468,41
2002-06-17,1.5470000000000002,1.5516,1.5457999999999998,1.5474999999999999,4928
2002-06-18,1.5472000000000001,1.5474,1.542,1.5453000000000001,5408
2002-06-19,1.5447,1.5453000000000001,1.538,1.5404,5517
2002-06-20,1.5404,1.541,1.5270000000000001,1.5285,5484
2002-06-21,1.528,1.5306,1.5175999999999998,1.5206,5738
2002-06-23,1.5208,1.5223,1.5208,1.5217,51
2002-06-24,1.5218,1.5243,1.5151,1.5211000000000001,5839
2002-06-25,1.5211999999999999,1.5244,1.5148000000000001,1.5152999999999999,5888
2002-06-26,1.5152,1.5219,1.5078,1.518,7052
2002-06-27,1.5177,1.5194,1.5085,1.5112999999999999,6287
2002-06-28,1.5112999999999999,1.5221,1.5029,1.5165,6819
2002-06-30,1.5173999999999999,1.5177,1.5167000000000002,1.517,22
2002-07-01,1.5169000000000001,1.5199,1.5135999999999998,1.5167000000000002,4851
2002-07-02,1.5169000000000001,1.5301,1.5158,1.5274,5892
2002-07-03,1.5278,1.5348000000000002,1.5245,1.5322,5962
2002-07-04,1.5321,1.5346,1.5272999999999999,1.5287,4590
2002-07-05,1.5293999999999999,1.5343,1.5221,1.5239,5675
2002-07-07,1.524,1.5244,1.5239,1.5244,23
2002-07-08,1.5244,1.5253999999999999,1.5175,1.5230000000000001,6016
2002-07-09,1.5229,1.5269,1.5110000000000001,1.5131000000000001,6220
2002-07-10,1.513,1.5232999999999999,1.5108000000000001,1.5199,6764
2002-07-11,1.5203,1.5271,1.5165,1.5245,6364
2002-07-12,1.5247000000000002,1.5346,1.5222,1.5338,5781
2002-07-14,1.5325,1.5326,1.5322,1.5324,20
2002-07-15,1.5331000000000001,1.5404,1.5299,1.5386,7175
2002-07-16,1.5386,1.54,1.5312000000000001,1.5393,7231
2002-07-17,1.5384,1.5455999999999999,1.5363,1.5396,6129
2002-07-18,1.5394999999999999,1.5461,1.5388,1.5438,5080
2002-07-19,1.5438,1.5448,1.5324,1.5436,8010
2002-07-21,1.5427,1.5438,1.5427,1.5433,57
2002-07-22,1.5434,1.5664,1.5402,1.5655000000000001,8963
2002-07-23,1.5649,1.5893000000000002,1.5631,1.5812,10177
2002-07-24,1.5815000000000001,1.5965,1.5591,1.5655000000000001,9680
2002-07-25,1.5655999999999999,1.5748,1.5617999999999999,1.5688,9894
2002-07-26,1.5691000000000002,1.5895000000000001,1.5678999999999998,1.5855000000000001,9132
2002-07-28,1.585,1.5856,1.5848,1.5852,16
2002-07-29,1.5847,1.5873,1.5697,1.5721,7186
2002-07-30,1.5723,1.5765,1.5661,1.5749,7302
2002-07-31,1.575,1.5873,1.5703,1.5845,8249
2002-08-01,1.5847,1.5927,1.5817,1.5913,7401
2002-08-02,1.5907,1.5923,1.5836999999999999,1.5848,8432
2002-08-04,1.5855000000000001,1.5859,1.5851,1.5857999999999999,20
2002-08-05,1.5855000000000001,1.5981,1.5809,1.5973000000000002,7351
2002-08-06,1.5973000000000002,1.6051,1.5819999999999999,1.5859,10006
2002-08-07,1.5857999999999999,1.5909,1.5752000000000002,1.5784,9533
2002-08-08,1.5786,1.5845,1.5701,1.5800999999999998,10100
2002-08-09,1.581,1.5822,1.5699,1.5725,8788
2002-08-11,1.5723,1.5731000000000002,1.5716,1.5723,30
2002-08-12,1.5718,1.5771,1.5685,1.5743,7902
2002-08-13,1.5745,1.5774,1.5613000000000001,1.565,9083
2002-08-14,1.5655000000000001,1.5681,1.5579,1.564,8537
2002-08-15,1.5642,1.5646,1.5563,1.5594999999999999,6856
2002-08-16,1.5596,1.5628,1.5556,1.5592000000000001,6940
2002-08-18,1.5591,1.5591,1.5586,1.5586,2
2002-08-19,1.5591,1.5747,1.5574,1.5733000000000001,6359
2002-08-20,1.5734,1.5749,1.5646,1.5673,7039
2002-08-21,1.5663,1.5712000000000002,1.5527,1.5569,7380
2002-08-22,1.5571000000000002,1.5621,1.5512000000000001,1.5588,7408
2002-08-23,1.5590000000000002,1.562,1.5550000000000002,1.5565,6536
2002-08-26,1.5567,1.5608,1.5545,1.5556999999999999,5838
2002-08-27,1.5554999999999999,1.5566,1.5492,1.5543,5842
2002-08-28,1.5539,1.561,1.5521,1.5606,6517
2002-08-29,1.5596,1.5649,1.5548,1.5594000000000001,6945
2002-08-30,1.5589,1.562,1.556,1.5588,5798
2002-09-01,1.5590000000000002,1.5590000000000002,1.5590000000000002,1.5590000000000002,1
2002-09-02,1.5575999999999999,1.56,1.5552000000000001,1.5573000000000001,4091
2002-09-03,1.5568,1.5582,1.5503,1.5527,6067
2002-09-04,1.5527,1.5702,1.5513,1.5666,6984
2002-09-05,1.5665,1.5735000000000001,1.5655000000000001,1.5721,7193
2002-09-06,1.5726,1.5743,1.5584,1.5596999999999999,7244
2002-09-08,1.5589,1.5594999999999999,1.5589,1.5594000000000001,7
2002-09-09,1.5589,1.5664,1.5586,1.5641,5396
2002-09-10,1.5642,1.5739999999999998,1.5608,1.5722,7451
2002-09-11,1.572,1.5814,1.5707,1.5791,7027
2002-09-12,1.5798,1.5885,1.5766,1.5863,8063
2002-09-13,1.5865,1.5873,1.5786,1.5824,7909
2002-09-15,1.5796999999999999,1.5798,1.5795,1.5795,5
2002-09-16,1.5798,1.5836999999999999,1.5776,1.5816,6995
2002-09-17,1.5815000000000001,1.5845,1.576,1.5811,8789
2002-09-18,1.5812,1.587,1.5772,1.5784,8797
2002-09-19,1.5783,1.5789,1.5697,1.5741,8054
2002-09-20,1.5737999999999999,1.5779999999999998,1.5708,1.5728,7738
2002-09-22,1.5737999999999999,1.5737999999999999,1.5733000000000001,1.5734,5
2002-09-23,1.5737999999999999,1.5859999999999999,1.5716,1.5821,6120
2002-09-24,1.5822,1.5916000000000001,1.5816,1.587,8106
2002-09-25,1.5863,1.5886,1.5779999999999998,1.5798,8787
2002-09-26,1.5794000000000001,1.5816,1.5733000000000001,1.5742,7870
2002-09-27,1.5743,1.5793,1.5737,1.5787,6292
2002-09-29,1.5786,1.5786,1.5779999999999998,1.5782,8
2002-09-30,1.5779,1.5878999999999999,1.5753,1.5865,6022
2002-10-01,1.5863,1.5908,1.5785,1.5821,6419
2002-10-02,1.5821,1.5908,1.5807,1.5885,5982
2002-10-03,1.5885,1.5935000000000001,1.5864,1.5922,6600
2002-10-04,1.5917,1.5956000000000001,1.5859999999999999,1.5928,5892
2002-10-06,1.5916000000000001,1.592,1.5916000000000001,1.592,5
2002-10-07,1.5924,1.5958,1.5893000000000002,1.5948,5650
2002-10-08,1.5948,1.5986,1.5878,1.5977999999999999,6792
2002-10-09,1.5974,1.5994000000000002,1.5924,1.5965,6849
2002-10-10,1.5966,1.5987,1.5887,1.5903,6801
2002-10-11,1.5905,1.5913,1.5853000000000002,1.5866,5780
2002-10-13,1.5871,1.5871,1.5865,1.5867,10
2002-10-14,1.5869,1.5875,1.5832000000000002,1.5856,3826
2002-10-15,1.5857,1.5888,1.5823,1.5874000000000001,6068
2002-10-16,1.5876000000000001,1.5897999999999999,1.5815000000000001,1.583,6548
2002-10-17,1.5834000000000001,1.5849,1.5685,1.5701,7160
2002-10-18,1.5699,1.5755,1.5682,1.5735000000000001,6830
2002-10-20,1.5742,1.5751,1.5741,1.5749,21
2002-10-21,1.5748,1.5752000000000002,1.5628,1.5645,5730
2002-10-22,1.5643,1.5695999999999999,1.5617,1.5676999999999999,6213
2002-10-23,1.5682,1.5708,1.564,1.5647,5921
2002-10-24,1.5648,1.5667,1.5594999999999999,1.5655000000000001,6033
2002-10-25,1.5657,1.5691000000000002,1.5625,1.5688,5713
2002-10-27,1.5671,1.5673,1.5667,1.5667,16
2002-10-28,1.5669,1.5674000000000001,1.5556999999999999,1.5575999999999999,5975
2002-10-29,1.5577999999999999,1.5667,1.5554999999999999,1.5635,6392
2002-10-30,1.5634000000000001,1.5688,1.5625,1.5657999999999999,7106
2002-10-31,1.5666,1.5709,1.5553,1.5589,8146
2002-11-01,1.5587,1.563,1.5542,1.5583,7212
2002-11-03,1.5574,1.5574,1.5556999999999999,1.5568,45
2002-11-04,1.5574,1.5601,1.5527,1.5556999999999999,6497
2002-11-05,1.5561,1.5586,1.5541,1.5575999999999999,6232
2002-11-06,1.5575999999999999,1.5596,1.552,1.5533000000000001,6461
2002-11-07,1.5535,1.558,1.5504,1.5558,7970
2002-11-08,1.5554999999999999,1.567,1.5543,1.5657,7419
2002-11-10,1.5643,1.5654,1.5636,1.5644,46
2002-11-11,1.5643,1.5718,1.5636,1.5697,6217
2002-11-12,1.5695999999999999,1.5798999999999999,1.567,1.5784,8405
2002-11-13,1.5783,1.5817999999999999,1.5728,1.5763,7694
2002-11-14,1.5766,1.5783,1.5734,1.5741,5879
2002-11-15,1.5746,1.585,1.5722,1.5846,6348
2002-11-17,1.5832000000000002,1.5836000000000001,1.5831,1.5831,38
2002-11-18,1.5831,1.592,1.5793,1.5892,6521
2002-11-19,1.5894,1.5914000000000001,1.5816,1.5834000000000001,6077
2002-11-20,1.5827,1.5877,1.5812,1.585,5921
2002-11-21,1.585,1.5863,1.5765,1.5767,5355
2002-11-22,1.5768,1.5819999999999999,1.5756999999999999,1.5775000000000001,5570
2002-11-24,1.5772,1.5783,1.5772,1.5776,45
2002-11-25,1.5779,1.5784,1.5716999999999999,1.5727,5760
2002-11-26,1.5728,1.5774,1.5691000000000002,1.5767,6269
2002-11-27,1.5769,1.5787,1.5721,1.5742,6561
2002-11-28,1.5741,1.5755,1.5715,1.5737,4389
2002-11-29,1.5737999999999999,1.5748,1.5632000000000001,1.5654,5217
2002-12-02,1.5613000000000001,1.5641,1.5556999999999999,1.5582,6068
2002-12-03,1.5581,1.5601,1.5537999999999998,1.5574,6107
2002-12-04,1.5575,1.5625,1.5564,1.5615,5940
2002-12-05,1.5612,1.5644,1.5572,1.564,5769
2002-12-06,1.5636999999999999,1.5695000000000001,1.5573000000000001,1.5647,5893
2002-12-08,1.5645,1.5646,1.5636,1.5638,78
2002-12-09,1.564,1.565,1.5585,1.5625,5636
2002-12-10,1.5625,1.5636999999999999,1.556,1.5606,6676
2002-12-11,1.5605,1.5613000000000001,1.5525,1.5558999999999998,6006
2002-12-12,1.5558999999999998,1.5575,1.5516999999999999,1.5543,7406
2002-12-13,1.5535999999999999,1.5628,1.5514000000000001,1.5615999999999999,8138
2002-12-15,1.5615,1.5622,1.5613000000000001,1.5619,69
2002-12-16,1.5617,1.5644,1.557,1.5604,6655
2002-12-17,1.5604,1.5612,1.5470000000000002,1.5485,7082
2002-12-18,1.5483,1.5558999999999998,1.5451000000000001,1.5535999999999999,6977
2002-12-19,1.5531000000000001,1.5552000000000001,1.5453000000000001,1.5512000000000001,6965
2002-12-20,1.5514999999999999,1.5556999999999999,1.5462,1.5510000000000002,6553
2002-12-22,1.5507,1.5510000000000002,1.5501,1.5505,96
2002-12-23,1.5506,1.5531000000000001,1.5474999999999999,1.5510000000000002,6917
2002-12-24,1.5510000000000002,1.5524,1.5470000000000002,1.5482,5700
2002-12-25,1.5488,1.549,1.5467,1.548,1172
2002-12-26,1.5481,1.5598999999999998,1.5469,1.5588,4953
2002-12-27,1.5589,1.5721,1.5583,1.5685,6432
2002-12-29,1.5672000000000001,1.5676999999999999,1.567,1.5675,57
2002-12-30,1.5676,1.5798,1.5655000000000001,1.5752000000000002,7057
2002-12-31,1.5760999999999998,1.5803,1.5712000000000002,1.5715,5960
2003-01-01,1.5712000000000002,1.5747,1.5711,1.5733000000000001,307
2003-01-02,1.573,1.5777999999999999,1.5667,1.5671,7109
2003-01-03,1.5672000000000001,1.5699999999999998,1.5632000000000001,1.5634000000000001,6163
2003-01-05,1.5644,1.5653000000000001,1.5644,1.5647,57
2003-01-06,1.5647,1.5653000000000001,1.5587,1.5602,5957
2003-01-07,1.56,1.564,1.5562,1.5634000000000001,5811
2003-01-08,1.5634000000000001,1.5659,1.5593,1.5607,6263
2003-01-09,1.5608,1.5615,1.5506,1.5513,6047
2003-01-10,1.5518,1.5535,1.5444,1.5478,6480
2003-01-12,1.5464,1.5465,1.545,1.5452,85
2003-01-13,1.5449000000000002,1.546,1.5389,1.541,6170
2003-01-14,1.5412,1.5428,1.537,1.5406,5832
2003-01-15,1.5408,1.544,1.534,1.5358,6522
2003-01-16,1.5354999999999999,1.5390000000000001,1.532,1.5333,6609
2003-01-17,1.5335,1.5369000000000002,1.5295,1.5352000000000001,6173
2003-01-19,1.5354,1.5354999999999999,1.5345,1.5352000000000001,58
2003-01-20,1.5352000000000001,1.5377,1.5326,1.5339,5213
2003-01-21,1.5341,1.5385,1.5306,1.5321,6453
2003-01-22,1.5323,1.5348000000000002,1.5288,1.5308000000000002,5868
2003-01-23,1.5310000000000001,1.5314,1.5224,1.5242,6299
2003-01-24,1.524,1.5257,1.518,1.5189,7060
2003-01-26,1.5184,1.5192,1.5182,1.5186,98
2003-01-27,1.5188000000000001,1.528,1.5171999999999999,1.5263,8421
2003-01-28,1.5262,1.5366,1.5242,1.5284,7923
2003-01-29,1.5284,1.5293,1.5181,1.5204,7525
2003-01-30,1.5203,1.5325,1.5181,1.5274,7114
2003-01-31,1.5274,1.5345,1.5192,1.5199,7337
2003-02-02,1.5202,1.5213,1.5197,1.5202,116
2003-02-03,1.5203,1.5238,1.5154,1.5173999999999999,7697
2003-02-04,1.5173,1.5201,1.5133999999999999,1.5154,6884
2003-02-05,1.5152,1.5232999999999999,1.5128,1.5206,6333
2003-02-06,1.5206,1.5268000000000002,1.5161,1.5173,5871
2003-02-07,1.5175,1.5255,1.5173,1.5208,5912
2003-02-09,1.5211000000000001,1.5226,1.5211000000000001,1.5223,82
2003-02-10,1.5226,1.532,1.5218,1.53,6636
2003-02-11,1.5299,1.5333,1.5261,1.5274999999999999,7359
2003-02-12,1.5274,1.5322,1.5255,1.5314,7418
2003-02-13,1.5314999999999999,1.5327,1.5156,1.5183,7832
2003-02-14,1.5185,1.5245,1.5133,1.5227,8092
2003-02-16,1.5232,1.5242,1.5229,1.5239,120
2003-02-17,1.5232,1.5257,1.5196,1.5211000000000001,6472
2003-02-18,1.5213,1.5242,1.5138,1.5168,6568
2003-02-19,1.5166,1.5173,1.5110999999999999,1.512,6871
2003-02-20,1.5122,1.5128,1.5038,1.5056,6878
2003-02-21,1.5053,1.508,1.5030999999999999,1.5043,7462
2003-02-23,1.5039,1.5044,1.5030000000000001,1.5030000000000001,102
2003-02-24,1.5030000000000001,1.5043,1.4877,1.4917,7474
2003-02-25,1.4918,1.4971999999999999,1.4874,1.4959,7737
2003-02-26,1.4956,1.4973,1.4907,1.4910999999999999,6633
2003-02-27,1.4913,1.496,1.4884,1.4936,7153
2003-02-28,1.4938,1.4958,1.4828999999999999,1.4835,7947
2003-03-02,1.4833,1.4842,1.483,1.4841,155
2003-03-03,1.484,1.488,1.4826,1.4842,7600
2003-03-04,1.4848,1.4885,1.4714,1.4727000000000001,8227
2003-03-05,1.4726,1.4751,1.4677,1.4683,7541
2003-03-06,1.4685000000000001,1.4753,1.4676,1.4716,7357
2003-03-07,1.4716,1.4731,1.4604,1.4653,6972
2003-03-09,1.4666000000000001,1.4668,1.4658,1.4665,92
2003-03-10,1.4664,1.4673,1.4618,1.464,6503
2003-03-11,1.464,1.4753,1.4586000000000001,1.4718,7326
2003-03-12,1.4719,1.4819,1.4697,1.4781,7988
2003-03-13,1.4781,1.4872,1.4777,1.4854,8076
2003-03-14,1.4849999999999999,1.49,1.4725,1.4729999999999999,7259
2003-03-16,1.4734,1.4738,1.4727000000000001,1.4727000000000001,80
2003-03-17,1.4726,1.4856,1.4662,1.4813,8130
2003-03-18,1.4811,1.4873,1.4729,1.4751,8064
2003-03-19,1.4752,1.4848,1.4723,1.4834,8392
2003-03-20,1.4833,1.4883,1.476,1.4816,8424
2003-03-21,1.4813,1.4955,1.4791,1.4933,8387
2003-03-23,1.4881,1.4891,1.4862,1.4866,181
2003-03-24,1.4867,1.4923,1.4782,1.4809999999999999,7693
2003-03-25,1.4809999999999999,1.4816,1.4733,1.4769999999999999,8095
2003-03-26,1.4768,1.4777,1.4678,1.4686,8128
2003-03-27,1.4685000000000001,1.4696,1.4612,1.4634,8951
2003-03-28,1.4634,1.4735,1.462,1.4722,8042
2003-03-30,1.4713,1.4718,1.4707,1.4708999999999999,54
2003-03-31,1.4713,1.4748999999999999,1.4649,1.468,8192
2003-04-01,1.4681,1.475,1.4639,1.4727000000000001,7541
2003-04-02,1.4726,1.4805,1.468,1.4694,8539
2003-04-03,1.4694,1.4793,1.4684,1.4751,9081
2003-04-04,1.4748999999999999,1.4797,1.471,1.4727000000000001,8646
2003-04-06,1.475,1.4752,1.4748,1.475,28
2003-04-07,1.475,1.4945,1.4739,1.4773,9125
2003-04-08,1.4794,1.4816,1.4658,1.4684,9086
2003-04-09,1.4684,1.471,1.4634,1.4643,8694
2003-04-10,1.4644,1.4666000000000001,1.4524,1.4544000000000001,9316
2003-04-11,1.4545,1.4606,1.4494,1.4532,7519
2003-04-13,1.4532,1.454,1.4523,1.4537,141
2003-04-14,1.4535,1.4595,1.4514,1.4537,7320
2003-04-15,1.4537,1.4582,1.4466999999999999,1.4485000000000001,7843
2003-04-16,1.4485999999999999,1.4584,1.4459,1.4553,7663
2003-04-17,1.4555,1.4556,1.4485000000000001,1.4511,7513
2003-04-18,1.4508,1.4519,1.4471,1.4505,4191
2003-04-21,1.4506999999999999,1.456,1.4485000000000001,1.4553,6199
2003-04-22,1.4552,1.4567999999999999,1.4428,1.4481,8028
2003-04-23,1.4482,1.4546000000000001,1.4447,1.4527999999999999,8250
2003-04-24,1.453,1.467,1.4518,1.4541,9409
2003-04-25,1.4541,1.4594,1.4444,1.4466999999999999,8493
2003-04-27,1.4466,1.4473,1.4465,1.447,74
2003-04-28,1.4471,1.452,1.4436,1.4478,7513
2003-04-29,1.448,1.4548,1.4412,1.4426,7221
2003-04-30,1.4422,1.4428,1.4287,1.4304999999999999,8633
2003-05-01,1.4304000000000001,1.4312,1.416,1.419,7903
2003-05-02,1.4192,1.4247,1.4158,1.4184999999999999,8598
2003-05-04,1.4186,1.4194,1.4174,1.418,109
2003-05-05,1.4174,1.4219,1.4088,1.4128,12491
2003-05-06,1.4123999999999999,1.4137,1.3904,1.3929,15094
2003-05-07,1.3935,1.4043999999999999,1.3815,1.3987,16605
2003-05-08,1.3995,1.408,1.3898,1.3963999999999999,16458
2003-05-09,1.3959,1.4022999999999999,1.3874,1.3932,14175
2003-05-11,1.391,1.3918,1.3897,1.3904,213
2003-05-12,1.391,1.3918,1.384,1.389,11236
2003-05-13,1.3898,1.3951,1.3844,1.3868,11089
2003-05-14,1.3869,1.3905,1.373,1.3747,7813
2003-05-15,1.375,1.3860000000000001,1.373,1.3818,8340
2003-05-16,1.3819,1.3852,1.3623,1.3694,7743
2003-05-18,1.3554,1.3586,1.3552,1.3574,220
2003-05-19,1.3572,1.3658000000000001,1.3506,1.3654,8561
2003-05-20,1.3654,1.3657,1.3437999999999999,1.3458,10317
2003-05-21,1.3465,1.3558,1.3405,1.3511,9612
2003-05-22,1.3515,1.3784,1.3477000000000001,1.3721999999999999,9605
2003-05-23,1.3724,1.3831,1.3675,1.3735,9329
2003-05-25,1.3796,1.38,1.3780999999999999,1.3794,71
2003-05-26,1.3796,1.38,1.3711,1.3717,6022
2003-05-27,1.3717,1.3784,1.367,1.3772,9335
2003-05-28,1.3774,1.3926,1.3724,1.3838,9607
2003-05-29,1.3838,1.3915,1.3652,1.3667,9888
2003-05-30,1.3667,1.3755,1.3620999999999999,1.3667,10346
2003-06-01,1.3721,1.3724,1.3707,1.3717,156
2003-06-02,1.3716,1.3779,1.3664,1.3683,10163
2003-06-03,1.3685,1.3789,1.3622,1.3647,10865
2003-06-04,1.3628,1.3658000000000001,1.3538000000000001,1.3612,10203
2003-06-05,1.361,1.3633,1.3387,1.3418,10035
2003-06-06,1.3439999999999999,1.3620999999999999,1.3393,1.3587,10080
2003-06-08,1.3594,1.3596,1.3588,1.3596,9
2003-06-09,1.3599,1.3685,1.3552,1.3580999999999999,8419
2003-06-10,1.3576,1.3675,1.3557000000000001,1.3645,8996
2003-06-11,1.3646,1.3657,1.3495,1.3511,8782
2003-06-12,1.351,1.3545,1.3472,1.3483,9219
2003-06-13,1.3484,1.3498999999999999,1.3328,1.3336000000000001,9227
2003-06-15,1.3338999999999999,1.3342,1.3333,1.3336000000000001,72
2003-06-16,1.3336000000000001,1.3458,1.3306,1.3431,8391
2003-06-17,1.3439999999999999,1.3492,1.3353,1.3371,8819
2003-06-18,1.3369,1.3453,1.3323,1.3368,9147
2003-06-19,1.337,1.3552,1.335,1.3466,10242
2003-06-20,1.3468,1.3634,1.3413,1.3605,9988
2003-06-22,1.3596,1.3596,1.3585,1.3592,144
2003-06-23,1.3596,1.3673,1.3535,1.358,10533
2003-06-24,1.3580999999999999,1.3639000000000001,1.3524,1.3603,8969
2003-06-25,1.3603,1.3606,1.3387,1.3484,10194
2003-06-26,1.3484,1.3578999999999999,1.3447,1.357,9001
2003-06-27,1.3573,1.359,1.3454,1.3475,8017
2003-06-29,1.3467,1.3479,1.3464,1.3477000000000001,116
2003-06-30,1.3481,1.3624,1.3454,1.3473,8762
2003-07-01,1.3472,1.355,1.3435000000000001,1.3505,8728
2003-07-02,1.3508,1.3538000000000001,1.3351,1.3383,8534
2003-07-03,1.338,1.345,1.3333,1.3365,7772
2003-07-04,1.3368,1.3418999999999999,1.3365,1.3396,6399
2003-07-06,1.3402,1.3416000000000001,1.3402,1.3411,68
2003-07-07,1.3412,1.3518,1.3372,1.3482,7097
2003-07-08,1.3477000000000001,1.3714,1.3463,1.3620999999999999,9472
2003-07-09,1.362,1.3774,1.3607,1.3737,8916
2003-07-10,1.3738000000000001,1.3885,1.3724,1.3846,10232
2003-07-11,1.3845,1.3871,1.3732,1.3767,8928
2003-07-13,1.3766,1.3774,1.3757,1.3771,49
2003-07-14,1.3772,1.3829,1.3709,1.3742,7336
2003-07-15,1.374,1.3966,1.3725,1.3914,8795
2003-07-16,1.3912,1.3978,1.384,1.3875,9138
2003-07-17,1.3876,1.4015,1.3855,1.399,9366
2003-07-18,1.3993,1.4143,1.3966,1.4067,9300
2003-07-20,1.408,1.408,1.4075,1.4075,7
2003-07-21,1.408,1.4131,1.4022999999999999,1.4058,7819
2003-07-22,1.4060000000000001,1.4183,1.4006,1.4162,9044
2003-07-23,1.4159,1.4193,1.3934,1.3977,9309
2003-07-24,1.3980000000000001,1.4,1.3905,1.3934,8543
2003-07-25,1.3935,1.3973,1.3776,1.3793,8198
2003-07-27,1.3811,1.3818,1.381,1.3817,38
2003-07-28,1.3817,1.387,1.3771,1.3846,8168
2003-07-29,1.3848,1.3899,1.3811,1.3896,8382
2003-07-30,1.3897,1.403,1.3888,1.4017,9218
2003-07-31,1.4015,1.4111,1.3995,1.4053,9356
2003-08-01,1.404,1.4095,1.3916,1.399,9322
2003-08-03,1.3984,1.4002,1.3982999999999999,1.3993,72
2003-08-04,1.4001000000000001,1.4076,1.3953,1.4035,7401
2003-08-05,1.4033,1.4117,1.3973,1.3989,8550
2003-08-06,1.3991,1.4071,1.3969,1.404,7766
2003-08-07,1.4042,1.4069,1.3915,1.3925,8677
2003-08-08,1.3926,1.3981,1.3894,1.3915,7620
2003-08-10,1.3911,1.3923,1.3908,1.3915,81
2003-08-11,1.3915,1.3998,1.376,1.3803,8776
2003-08-12,1.381,1.3872,1.3789,1.3865,8019
2003-08-13,1.3864,1.3905,1.3783,1.3801,8162
2003-08-14,1.3803,1.3976,1.3772,1.3933,8395
2003-08-15,1.3934,1.3942999999999999,1.3841,1.3867,6249
2003-08-17,1.3865,1.3869,1.3862999999999999,1.3862999999999999,14
2003-08-18,1.3865,1.3944,1.3848,1.3913,7297
2003-08-19,1.3916,1.403,1.3912,1.3955,8095
2003-08-20,1.3957,1.4083,1.3939,1.4021,8982
2003-08-21,1.4026,1.4115,1.4012,1.4072,8963
2003-08-22,1.4067,1.4168,1.4003999999999999,1.4015,8367
2003-08-24,1.4014,1.4024,1.4001000000000001,1.4005,229
2003-08-25,1.4007,1.4048,1.3961000000000001,1.404,7713
2003-08-26,1.4041000000000001,1.4046,1.3911,1.3948,8433
2003-08-27,1.3947,1.4066,1.3939,1.4028,8309
2003-08-28,1.4033,1.4083999999999999,1.3923,1.3958,8315
2003-08-29,1.3959,1.4017,1.3841,1.3866,8015
2003-08-31,1.3853,1.3860000000000001,1.3849,1.385,69
2003-09-01,1.385,1.3867,1.3754,1.3786,6426
2003-09-02,1.3784,1.395,1.3768,1.3939,9447
2003-09-03,1.3929,1.3980000000000001,1.3776,1.3814,8956
2003-09-04,1.3815,1.3847,1.3693,1.373,8448
2003-09-05,1.3731,1.3745,1.3652,1.3687,8581
2003-09-07,1.3678,1.3689,1.3654,1.3656,262
2003-09-08,1.3656,1.3774,1.3653,1.3738000000000001,8344
2003-09-09,1.3738000000000001,1.3749,1.3620999999999999,1.3677000000000001,8497
2003-09-10,1.3684,1.3717,1.3632,1.3685,8209
2003-09-11,1.3681,1.375,1.3651,1.3706,9087
2003-09-12,1.3707,1.3747,1.3608,1.3654,7268
2003-09-14,1.3648,1.3655,1.3642,1.3647,63
2003-09-15,1.3649,1.3719000000000001,1.3628,1.3667,7865
2003-09-16,1.3665,1.3715,1.3636,1.3704,8073
2003-09-17,1.3700999999999999,1.3743,1.3638,1.3674,8586
2003-09-18,1.367,1.3685,1.3587,1.362,8823
2003-09-19,1.3625,1.363,1.346,1.3487,8033
2003-09-21,1.3425,1.3442,1.3413,1.3413,309
2003-09-22,1.3413,1.3558,1.3367,1.3552,9550
2003-09-23,1.3552,1.3588,1.3458999999999999,1.3558,8717
2003-09-24,1.3559,1.359,1.3482,1.35,8582
2003-09-25,1.3507,1.3528,1.3445,1.3497,8520
2003-09-26,1.3502,1.3585,1.349,1.3525,8088
2003-09-28,1.3536000000000001,1.3542,1.3531,1.3538000000000001,80
2003-09-29,1.3535,1.3639999999999999,1.3502,1.3522,8459
2003-09-30,1.3527,1.3561,1.3425,1.3519999999999999,10563
2003-10-01,1.3504,1.3525,1.3431,1.3454,8493
2003-10-02,1.3455,1.3522,1.3372,1.3404,8730
2003-10-03,1.3403,1.3483,1.3371,1.3447,8171
2003-10-05,1.345,1.346,1.3444,1.346,68
2003-10-06,1.345,1.3497,1.3389,1.3397999999999999,7391
2003-10-07,1.3405,1.3416000000000001,1.327,1.3317999999999999,8455
2003-10-08,1.3317,1.3355000000000001,1.3259,1.3323,8808
2003-10-09,1.3324,1.3424,1.328,1.3393,8545
2003-10-10,1.3392,1.3401,1.3185,1.3211,8226
2003-10-12,1.32,1.3206,1.3197,1.3197999999999999,50
2003-10-13,1.32,1.3268,1.319,1.3204,7207
2003-10-14,1.3227,1.3317999999999999,1.3208,1.3233,9798
2003-10-15,1.3231,1.331,1.3222,1.3285,8510
2003-10-16,1.3286,1.3309,1.3122,1.3188,8833
2003-10-17,1.319,1.3235999999999999,1.3111,1.3158,8729
2003-10-19,1.3138,1.3164,1.3138,1.3161,163
2003-10-20,1.3161,1.3225,1.3142,1.3216999999999999,8435
2003-10-21,1.3195000000000001,1.3256999999999999,1.3125,1.3174000000000001,8943
2003-10-22,1.3175,1.3181,1.3022,1.304,8230
2003-10-23,1.3041,1.3121,1.3018,1.3058,8551
2003-10-24,1.3059,1.3093,1.3034,1.3075999999999999,7720
2003-10-26,1.3071,1.3075,1.3069,1.3075,47
2003-10-27,1.3071,1.3139,1.3052000000000001,1.311,8514
2003-10-28,1.311,1.3172,1.3068,1.3102,8779
2003-10-29,1.31,1.3135,1.3063,1.3122,8046
2003-10-30,1.3123,1.3161,1.3052000000000001,1.3151,8645
2003-10-31,1.3147,1.3228,1.3135,1.3181,8463
2003-11-02,1.3202,1.3205,1.3199,1.3205,54
2003-11-03,1.3203,1.3383,1.3201,1.3344,7436
2003-11-04,1.3342,1.3439,1.3279,1.3311,8994
2003-11-05,1.3308,1.336,1.328,1.3342,7879
2003-11-06,1.3344,1.342,1.3317,1.3413,8158
2003-11-07,1.3415,1.3421,1.3212,1.3225,8474
2003-11-09,1.3234,1.3242,1.3222,1.324,125
2003-11-10,1.3239,1.3248,1.3085,1.3128,7404
2003-11-11,1.3128,1.3161,1.3108,1.3135,7043
2003-11-12,1.3136,1.3139,1.2981,1.3039,8175
2003-11-13,1.3039,1.3053,1.2952,1.2983,9013
2003-11-14,1.2982,1.3048,1.2961,1.3029,7845
2003-11-16,1.3021,1.3025,1.3002,1.3013,153
2003-11-17,1.3013,1.3154,1.2993000000000001,1.3142,9292
2003-11-18,1.3142,1.3176999999999999,1.2965,1.3,9244
2003-11-19,1.3001,1.3073000000000001,1.2977,1.3039,8176
2003-11-20,1.3035,1.3064,1.2984,1.304,7743
2003-11-21,1.3038,1.3106,1.3003,1.3025,8512
2003-11-23,1.3029,1.3035999999999999,1.3023,1.3031,162
2003-11-24,1.303,1.3227,1.3012000000000001,1.3175,8880
2003-11-25,1.3174000000000001,1.3202,1.3088,1.3115,8825
2003-11-26,1.3114,1.3133,1.3,1.3043,8048
2003-11-27,1.3046,1.3103,1.3035999999999999,1.3075,6870
2003-11-28,1.3075,1.3102,1.2931,1.2992,9133
2003-11-30,1.2981,1.2987,1.2977,1.2987,108
2003-12-01,1.2985,1.3048,1.2971,1.3045,8297
2003-12-02,1.3045,1.3087,1.2953999999999999,1.2967,8630
2003-12-03,1.2968,1.302,1.2942,1.3003,8487
2003-12-04,1.3004,1.315,1.2998,1.3112,8858
2003-12-05,1.3113000000000001,1.315,1.3019,1.3048,8190
2003-12-07,1.3057,1.3068,1.3043,1.3054000000000001,114
2003-12-08,1.3053,1.3063,1.2955,1.2972000000000001,8084
2003-12-09,1.2969,1.3139,1.2962,1.3072,9423
2003-12-10,1.3072,1.313,1.3048,1.3094000000000001,8827
2003-12-11,1.3094000000000001,1.3303,1.3082,1.3166,9602
2003-12-12,1.3169,1.3206,1.309,1.3145,8751
2003-12-14,1.3258,1.3262,1.3241,1.3246,247
2003-12-15,1.3244,1.3256000000000001,1.3101,1.3136,9568
2003-12-16,1.3133,1.3293,1.3122,1.3265,9454
2003-12-17,1.3265,1.3365,1.3235000000000001,1.3269,9185
2003-12-18,1.3269,1.3333,1.3224,1.3321,8990
2003-12-19,1.332,1.3424,1.3299,1.3355000000000001,9784
2003-12-21,1.3356,1.3371,1.3354,1.3371,157
2003-12-22,1.3369,1.3386,1.3281,1.3313,8456
2003-12-23,1.3312,1.3325,1.319,1.3211,8002
2003-12-24,1.3209,1.3232,1.306,1.3075,6897
2003-12-25,1.307,1.3102,1.3068,1.3089,1177
2003-12-26,1.309,1.3111,1.3034,1.3075999999999999,4263
2003-12-28,1.3102,1.312,1.3096999999999999,1.3115,225
2003-12-29,1.3102,1.315,1.3048,1.3096999999999999,7619
2003-12-30,1.3094999999999999,1.3131,1.2906,1.2943,8072
2003-12-31,1.2945,1.3,1.2839,1.297,7786
2004-01-01,1.2957,1.2972000000000001,1.2908,1.2952,200
2004-01-02,1.2957,1.2987,1.2864,1.2882,7359
2004-01-04,1.2876,1.2879,1.2863,1.2867,204
2004-01-05,1.2866,1.2894,1.2772999999999999,1.2814,8924
2004-01-06,1.2814,1.2876,1.2765,1.2867,8830
2004-01-07,1.287,1.293,1.2839,1.2887,9211
2004-01-08,1.2892000000000001,1.2957,1.2753,1.2789,9950
2004-01-09,1.2792,1.2835,1.2681,1.2713,9386
2004-01-11,1.2705,1.272,1.2701,1.2716,187
2004-01-12,1.2716,1.2772000000000001,1.2687,1.2764,8632
2004-01-13,1.2765,1.2789,1.2690000000000001,1.2724,9209
2004-01-14,1.2713999999999999,1.292,1.2708,1.2898,9545
2004-01-15,1.2896,1.2997,1.2871000000000001,1.2957,9670
2004-01-16,1.2953999999999999,1.3027,1.2932000000000001,1.3006,9198
2004-01-18,1.2995,1.2997,1.2988,1.2993999999999999,181
2004-01-19,1.2997,1.305,1.2986,1.3022,8274
2004-01-20,1.302,1.3038,1.2852000000000001,1.292,9729
2004-01-21,1.2918,1.3047,1.2866,1.3014000000000001,9514
2004-01-22,1.3003,1.3059,1.2928,1.2947,9446
2004-01-23,1.2946,1.3197999999999999,1.2938,1.3132,9388
2004-01-25,1.3133,1.3157,1.3132,1.3147,280
2004-01-26,1.3149,1.3166,1.308,1.3126,9678
2004-01-27,1.3123,1.317,1.3035999999999999,1.3063,10250
2004-01-28,1.3065,1.329,1.305,1.3265,10966
2004-01-29,1.3266,1.3364,1.3247,1.33,10177
2004-01-30,1.3302,1.3357,1.3229,1.3245,9700
2004-02-01,1.3259,1.3265,1.3254000000000001,1.3259,118
2004-02-02,1.326,1.3434,1.3246,1.3368,8707
2004-02-03,1.3367,1.3388,1.3275000000000001,1.3375,9781
2004-02-04,1.337,1.3439,1.3315000000000001,1.3335,9280
2004-02-05,1.3336000000000001,1.3401,1.3286,1.3383,9398
2004-02-06,1.3378,1.3412,1.3204,1.3235999999999999,9171
2004-02-08,1.3283,1.3296999999999999,1.3279,1.3292,260
2004-02-09,1.3293,1.3314,1.3216,1.3284,9380
2004-02-10,1.3282,1.3333,1.3215,1.3308,9513
2004-02-11,1.331,1.3346,1.3122,1.3147,9668
2004-02-12,1.3147,1.322,1.314,1.3192,9183
2004-02-13,1.3193,1.3235000000000001,1.3066,1.3167,9685
2004-02-15,1.3172,1.3176,1.3169,1.3174000000000001,140
2004-02-16,1.3173,1.3197999999999999,1.3142,1.3173,7435
2004-02-17,1.3174000000000001,1.3176999999999999,1.3075,1.3106,9513
2004-02-18,1.3105,1.3277,1.3083,1.3232,10322
2004-02-19,1.3231,1.335,1.3223,1.3277,11546
2004-02-20,1.3284,1.3513,1.3272,1.3352,11722
2004-02-22,1.337,1.3377,1.3364,1.3376000000000001,117
2004-02-23,1.3373,1.3437000000000001,1.3329,1.3351,11054
2004-02-24,1.3352,1.3403,1.3262,1.3286,11229
2004-02-25,1.3291,1.341,1.3256999999999999,1.3356,11010
2004-02-26,1.3357,1.3487,1.3336999999999999,1.3437000000000001,11240
2004-02-27,1.3437000000000001,1.3507,1.3333,1.3355000000000001,11147
2004-02-29,1.3371,1.3374,1.3345,1.3352,260
2004-03-01,1.3353,1.3408,1.333,1.3377,10288
2004-03-02,1.3376000000000001,1.3458,1.337,1.3437000000000001,11393
2004-03-03,1.3437000000000001,1.3589,1.3369,1.3409,12442
2004-03-04,1.3412,1.3433,1.3309,1.3336000000000001,10968
2004-03-05,1.3335,1.3368,1.3157,1.3219,10371
2004-03-07,1.3221,1.3224,1.3206,1.321,266
2004-03-08,1.3214000000000001,1.3275000000000001,1.3171,1.3181,10429
2004-03-09,1.318,1.3272,1.3173,1.325,11007
2004-03-10,1.3249,1.331,1.319,1.3248,10937
2004-03-11,1.3247,1.3301,1.3161,1.3172,12079
2004-03-12,1.3173,1.339,1.3162,1.3338,11295
2004-03-14,1.3353,1.336,1.3338999999999999,1.3348,263
2004-03-15,1.3348,1.3357999999999999,1.3273,1.3341,9677
2004-03-16,1.3338,1.3355000000000001,1.3244,1.3335,9849
2004-03-17,1.3336999999999999,1.3445,1.3303,1.3394,9823
2004-03-18,1.3395000000000001,1.3422,1.3242,1.327,11440
2004-03-19,1.3269,1.335,1.3254000000000001,1.334,9879
2004-03-21,1.3341,1.3345,1.3333,1.3338,202
2004-03-22,1.3338999999999999,1.3357,1.3239,1.3333,9676
2004-03-23,1.3334,1.3355000000000001,1.3289,1.332,10108
2004-03-24,1.3319,1.3435000000000001,1.3299,1.3391,10753
2004-03-25,1.3386,1.3435000000000001,1.3261,1.3307,11422
2004-03-26,1.3304,1.3319,1.3164,1.3188,10703
2004-03-28,1.3183,1.3191,1.3168,1.3184,298
2004-03-29,1.3179,1.3219,1.3054999999999999,1.3093,10211
2004-03-30,1.3094000000000001,1.3108,1.3047,1.306,10321
2004-03-31,1.3061,1.3159,1.3009,1.3098,12051
2004-04-01,1.3092,1.3194,1.3053,1.3075,10724
2004-04-02,1.3075,1.3193,1.3042,1.3148,10654
2004-04-04,1.3142,1.3143,1.3132,1.3138,225
2004-04-05,1.3139,1.3182,1.31,1.3147,10343
2004-04-06,1.3141,1.3186,1.3037,1.3111,10486
2004-04-07,1.3112,1.3176,1.3059,1.3111,10694
2004-04-08,1.311,1.3301,1.3082,1.3268,10383
2004-04-09,1.3269,1.33,1.3256999999999999,1.3282,5192
2004-04-11,1.3277999999999999,1.3296000000000001,1.3277999999999999,1.3294000000000001,47
2004-04-12,1.3293,1.3407,1.3259,1.3359,9415
2004-04-13,1.3361,1.3418,1.3322,1.3346,10854
2004-04-14,1.3345,1.3504,1.3327,1.3442,11772
2004-04-15,1.3441,1.3497,1.3402,1.3441,11171
2004-04-16,1.3439999999999999,1.349,1.3397000000000001,1.3449,10415
2004-04-18,1.3456000000000001,1.3457,1.3443,1.3449,215
2004-04-19,1.3446,1.3486,1.3422,1.3458999999999999,9027
2004-04-20,1.3458999999999999,1.3582,1.345,1.3567,10999
2004-04-21,1.3566,1.3639000000000001,1.3526,1.3594,11344
2004-04-22,1.3596,1.3656,1.3538000000000001,1.3554,11588
2004-04-23,1.3554,1.3636,1.3511,1.3614,9919
2004-04-25,1.3618000000000001,1.3626,1.3609,1.3618999999999999,286
2004-04-26,1.3618000000000001,1.3629,1.3474,1.3517000000000001,9499
2004-04-27,1.3518,1.3555,1.3466,1.3523,9865
2004-04-28,1.3523,1.3764,1.3491,1.3748,10807
2004-04-29,1.3749,1.3766,1.3667,1.3717,10651
2004-04-30,1.3718,1.3795,1.3681,1.3723,9315
2004-05-02,1.3719999999999999,1.3721999999999999,1.3711,1.3719000000000001,188
2004-05-03,1.3718,1.377,1.3697,1.3726,10492
2004-05-04,1.3725,1.3729,1.3629,1.3714,10135
2004-05-05,1.3715,1.3791,1.3673,1.3732,10974
2004-05-06,1.3727,1.3811,1.3698000000000001,1.3780999999999999,10615
2004-05-07,1.3769,1.387,1.3737,1.3845,11339
2004-05-09,1.3847,1.3854,1.3837,1.3847,241
2004-05-10,1.3848,1.3963999999999999,1.3845,1.3915,10300
2004-05-11,1.3916,1.3936,1.3844,1.3862999999999999,10140
2004-05-12,1.3868,1.391,1.3827,1.3876,10612
2004-05-13,1.3872,1.3991,1.3862999999999999,1.3936,10713
2004-05-14,1.3937,1.3975,1.3879000000000001,1.3902,9084
2004-05-16,1.3902999999999999,1.392,1.3901,1.3918,181
2004-05-17,1.3918,1.4,1.3743,1.3963999999999999,10837
2004-05-18,1.3965,1.4005,1.3885,1.391,11212
2004-05-19,1.3909,1.3923,1.3742,1.3764,11278
2004-05-20,1.3765,1.3818,1.3662,1.3687,11163
2004-05-21,1.3688,1.3757,1.3663,1.3736,10684
2004-05-23,1.3719999999999999,1.3728,1.3706,1.3719000000000001,246
2004-05-24,1.3718,1.3775,1.3649,1.3707,10274
2004-05-25,1.3706,1.3783,1.3641,1.3719000000000001,11566
2004-05-26,1.3719999999999999,1.373,1.3631,1.37,10710
2004-05-27,1.37,1.3719999999999999,1.3553,1.3576,11037
2004-05-28,1.3573,1.3675,1.3554,1.3624,10910
2004-05-30,1.3614,1.3623,1.3608,1.3617,135
2004-05-31,1.3615,1.3646,1.359,1.3629,8312
2004-06-01,1.3631,1.3725,1.3603,1.3667,10684
2004-06-02,1.3666,1.3686,1.3586,1.3614,10603
2004-06-03,1.3613,1.3654,1.3568,1.3629,10343
2004-06-04,1.3631,1.3652,1.3477000000000001,1.3503,10408
2004-06-06,1.3495,1.3503,1.349,1.3494,165
2004-06-07,1.3495,1.3515,1.3433,1.3456000000000001,11152
2004-06-08,1.3465,1.3505,1.3393,1.3488,10822
2004-06-09,1.3488,1.3608,1.3452,1.3598,10652
2004-06-10,1.3597000000000001,1.363,1.3554,1.3594,10767
2004-06-11,1.359,1.3695,1.3585,1.3633,10148
2004-06-13,1.3644,1.3664,1.3642,1.3664,163
2004-06-14,1.3660999999999999,1.3792,1.3625,1.3780000000000001,10291
2004-06-15,1.3779,1.3822,1.3668,1.3693,11124
2004-06-16,1.3695,1.3786,1.3657,1.3743,11064
2004-06-17,1.3744,1.3789,1.3678,1.3740999999999999,10862
2004-06-18,1.374,1.3773,1.3618999999999999,1.3635,9716
2004-06-20,1.3629,1.3631,1.3599999999999999,1.3607,298
2004-06-21,1.3608,1.3682,1.3597000000000001,1.3646,9506
2004-06-22,1.3646,1.3671,1.3556,1.3583,9646
2004-06-23,1.3584,1.3638,1.3535,1.3599,10153
2004-06-24,1.3599999999999999,1.362,1.3406,1.3465,10174
2004-06-25,1.3464,1.3511,1.3442,1.3505,9835
2004-06-27,1.3497,1.3505,1.3493,1.3496000000000001,111
2004-06-28,1.3495,1.3534,1.3423,1.3476,10094
2004-06-29,1.3482,1.3495,1.3388,1.3462,10852
2004-06-30,1.3463,1.3501,1.3313,1.3331,11060
2004-07-01,1.3332,1.3367,1.3253,1.3316,10219
2004-07-02,1.3317999999999999,1.3362,1.3224,1.3235000000000001,10230
2004-07-04,1.3235000000000001,1.3235999999999999,1.3208,1.3211,156
2004-07-05,1.3212,1.327,1.3201,1.3245,8693
2004-07-06,1.3251,1.3287,1.319,1.3274,11043
2004-07-07,1.327,1.3287,1.3174000000000001,1.3216,10806
2004-07-08,1.3215,1.3275000000000001,1.3155999999999999,1.3175,10904
2004-07-09,1.3175,1.3229,1.3135,1.3181,10071
2004-07-11,1.3176999999999999,1.3178,1.3162,1.3166,148
2004-07-12,1.3164,1.3212,1.3147,1.3189,9388
2004-07-13,1.319,1.3305,1.3161,1.318,11352
2004-07-14,1.3181,1.3237,1.3163,1.323,10510
2004-07-15,1.323,1.3276,1.3213,1.3233,10090
2004-07-16,1.3235000000000001,1.3251,1.3058,1.3123,11599
2004-07-18,1.3096,1.3098,1.3075,1.3075,191
2004-07-19,1.3075999999999999,1.312,1.3053,1.3078,10215
2004-07-20,1.3079,1.3174000000000001,1.3068,1.3118,10437
2004-07-21,1.3123,1.3277,1.3113000000000001,1.3228,11084
2004-07-22,1.3228,1.3258,1.3115,1.3166,10606
2004-07-23,1.3171,1.3235000000000001,1.3154,1.3212,8601
2004-07-25,1.3215,1.3218,1.3209,1.3214000000000001,116
2004-07-26,1.3215,1.3346,1.3152,1.3317,11124
2004-07-27,1.3317999999999999,1.3386,1.3266,1.3329,10872
2004-07-28,1.3324,1.3384,1.3258,1.3299,11307
2004-07-29,1.3298,1.3369,1.3233,1.3252,11893
2004-07-30,1.3251,1.3327,1.3182,1.3314,11219
2004-08-01,1.3274,1.3299,1.3269,1.3296000000000001,169
2004-08-02,1.3296000000000001,1.3333,1.3254000000000001,1.3315000000000001,9014
2004-08-03,1.3314,1.3348,1.3155999999999999,1.3181,10324
2004-08-04,1.3182,1.3233,1.3123,1.3159,10179
2004-08-05,1.3158,1.3216999999999999,1.313,1.3185,9735
2004-08-06,1.3186,1.323,1.3074,1.3142,9953
2004-08-08,1.3108,1.3113000000000001,1.3104,1.3112,114
2004-08-09,1.3113000000000001,1.319,1.3102,1.3175,9765
2004-08-10,1.3167,1.3226,1.3128,1.3202,9519
2004-08-11,1.3195999999999999,1.3265,1.319,1.325,10044
2004-08-12,1.3249,1.3336999999999999,1.3213,1.3317999999999999,10593
2004-08-13,1.3321,1.3328,1.3074,1.3096,10358
2004-08-15,1.3089,1.3106,1.3087,1.3104,217
2004-08-16,1.3105,1.3129,1.3039,1.3068,9091
2004-08-17,1.3066,1.3094999999999999,1.3011,1.3068,9203
2004-08-18,1.3071,1.3115,1.3013,1.3046,9539
2004-08-19,1.3046,1.3057,1.2952,1.2966,9804
2004-08-20,1.296,1.301,1.2953000000000001,1.2976,9412
2004-08-22,1.2982,1.2983,1.2976,1.298,128
2004-08-23,1.2974999999999999,1.3089,1.2971,1.3075,8941
2004-08-24,1.3072,1.3096,1.3005,1.306,10510
2004-08-25,1.3061,1.3136999999999999,1.3019,1.305,9923
2004-08-26,1.305,1.3157,1.3042,1.3074,10193
2004-08-27,1.3075,1.3152,1.3048,1.3135,9667
2004-08-29,1.3133,1.3142,1.3132,1.3134000000000001,133
2004-08-30,1.3136999999999999,1.3202,1.3131,1.3182,9779
2004-08-31,1.3181,1.325,1.3099,1.3128,9261
2004-09-01,1.3127,1.3169,1.3053,1.3068,9385
2004-09-02,1.3071,1.309,1.2981,1.3005,10197
2004-09-03,1.3,1.3037,1.2963,1.3001,9129
2004-09-05,1.3005,1.3012000000000001,1.3002,1.3009,146
2004-09-06,1.301,1.3013,1.297,1.2982,6605
2004-09-07,1.2982,1.3012000000000001,1.2852999999999999,1.2881,9546
2004-09-08,1.2882,1.2944,1.2878,1.2911000000000001,9446
2004-09-09,1.2912,1.2933,1.2854,1.2873999999999999,9900
2004-09-10,1.2873,1.2938,1.284,1.2904,9306
2004-09-12,1.2906,1.291,1.29,1.29,111
2004-09-13,1.2901,1.3023,1.2885,1.3013,8302
2004-09-14,1.3016,1.3022,1.2907,1.2938,8051
2004-09-15,1.2938,1.3037,1.2928,1.2966,7867
2004-09-16,1.2964,1.2979,1.2881,1.2903,7627
2004-09-17,1.2904,1.3056,1.2887,1.2967,8244
2004-09-19,1.2978,1.2992,1.2974999999999999,1.2987,146
2004-09-20,1.2988,1.3026,1.2923,1.2945,7772
2004-09-21,1.2946,1.296,1.2858,1.2873999999999999,8052
2004-09-22,1.2871000000000001,1.2893,1.2810000000000001,1.2833999999999999,8830
2004-09-23,1.2833,1.2847,1.2758,1.2803,9055
2004-09-24,1.2804,1.2818,1.2719,1.2739,8592
2004-09-26,1.275,1.2753999999999999,1.2744,1.2753,113
2004-09-27,1.2753999999999999,1.2779,1.2708,1.2717,7684
2004-09-28,1.2716,1.2770000000000001,1.2687,1.2716,8190
2004-09-29,1.2715,1.2731,1.2676,1.27,8007
2004-09-30,1.2701,1.2741,1.2591,1.2617,9101
2004-10-01,1.2617,1.2647,1.2596,1.2606,8149
2004-10-03,1.2634,1.2639,1.2627,1.2629000000000001,65
2004-10-04,1.2627,1.2757,1.2622,1.2727,8436
2004-10-05,1.2727,1.2747,1.2595,1.2610000000000001,8294
2004-10-06,1.2610999999999999,1.2665,1.2574,1.2601,8592
2004-10-07,1.2599,1.2625,1.2533,1.2598,9301
2004-10-08,1.2599,1.2628,1.2495,1.2515,9290
2004-10-10,1.2504,1.2516,1.2503,1.2515,140
2004-10-11,1.2513,1.2561,1.2506,1.2539,6889
2004-10-12,1.2547,1.2601,1.2534,1.2558,8298
2004-10-13,1.2559,1.2692999999999999,1.2551999999999999,1.2584,9062
2004-10-14,1.2583,1.2596,1.2507,1.2561,8631
2004-10-15,1.2562,1.2623,1.2507,1.2525,8852
2004-10-17,1.2536,1.2553,1.2533,1.2537,151
2004-10-18,1.2538,1.2588,1.2511999999999999,1.2577,7890
2004-10-19,1.2578,1.2619,1.2527,1.2570999999999999,8782
2004-10-20,1.2572,1.2591,1.2417,1.2453,8621
2004-10-21,1.2452,1.2487,1.2408,1.2437,8623
2004-10-22,1.2435,1.245,1.2328999999999999,1.2339,8175
2004-10-24,1.2317,1.2327,1.2307,1.232,218
2004-10-25,1.2319,1.2321,1.2172,1.2215,9381
2004-10-26,1.2217,1.228,1.2184,1.2248,8867
2004-10-27,1.225,1.2291,1.2167,1.2263,9452
2004-10-28,1.2264,1.2355,1.2157,1.223,9796
2004-10-29,1.2231,1.2253,1.2167,1.2175,9628
2004-10-31,1.2184,1.2186,1.2176,1.2181,194
2004-11-01,1.218,1.2256,1.2173,1.2227999999999999,8360
2004-11-02,1.2227999999999999,1.2279,1.2214,1.2262,8631
2004-11-03,1.2263,1.2284,1.2055,1.207,9896
2004-11-04,1.2069,1.2107,1.2029,1.2071,9394
2004-11-05,1.2072,1.2127,1.196,1.1971,9078
2004-11-07,1.1949,1.1975,1.1947,1.1964,229
2004-11-08,1.1963,1.1973,1.1898,1.1945999999999999,8865
2004-11-09,1.1947,1.2012,1.1914,1.1997,8946
2004-11-10,1.1998,1.2036,1.1929,1.196,9927
2004-11-11,1.1961,1.1999,1.195,1.1961,7782
2004-11-12,1.1963,1.1985000000000001,1.1911,1.1938,9152
2004-11-14,1.1936,1.1936,1.1927,1.1933,131
2004-11-15,1.1931,1.2046999999999999,1.192,1.2002,8467
2004-11-16,1.2015,1.2029,1.1909,1.1945000000000001,8817
2004-11-17,1.1951,1.1959,1.1873,1.1935,8214
2004-11-18,1.1936,1.209,1.1904,1.2063,8922
2004-11-19,1.2063,1.2069,1.1902,1.1941,8966
2004-11-21,1.1935,1.1942,1.193,1.1937,126
2004-11-22,1.1938,1.1976,1.182,1.1862,8651
2004-11-23,1.1856,1.1914,1.1833,1.1863,9502
2004-11-24,1.1864,1.1871,1.1769,1.1804999999999999,7584
2004-11-25,1.1804999999999999,1.1817,1.1749,1.1768,7224
2004-11-26,1.1768,1.1819,1.1716,1.1783,8419
2004-11-28,1.1782,1.1789,1.178,1.1785,165
2004-11-29,1.1784,1.1875,1.1768,1.1857,8815
2004-11-30,1.1859,1.1924,1.184,1.1879,9579
2004-12-01,1.1882,1.1926,1.1804999999999999,1.1834,9304
2004-12-02,1.1834,1.1966,1.1795,1.1947,9565
2004-12-03,1.1948,1.2011,1.1889,1.1899,9362
2004-12-05,1.1912,1.1916,1.1904,1.1912,172
2004-12-06,1.1914,1.2037,1.1908,1.2008,8878
2004-12-07,1.2008,1.2115,1.1925,1.2081,9242
2004-12-08,1.208,1.2351,1.2073,1.2168,10631
2004-12-09,1.2167,1.228,1.2147000000000001,1.2225,9688
2004-12-10,1.2226,1.2338,1.2224,1.2255,10061
2004-12-12,1.227,1.227,1.2253,1.2261,252
2004-12-13,1.226,1.234,1.2186,1.228,9544
2004-12-14,1.228,1.2409,1.2264,1.238,8991
2004-12-15,1.238,1.2387,1.222,1.2257,9674
2004-12-16,1.2256,1.2391,1.2225,1.2341,9725
2004-12-17,1.2342,1.237,1.2235,1.229,9530
2004-12-19,1.2269,1.2292,1.2268,1.228,242
2004-12-20,1.2282,1.2318,1.2237,1.2292,8815
2004-12-21,1.2291,1.2318,1.2219,1.2281,8674
2004-12-22,1.2285,1.2468,1.2266,1.2398,8886
2004-12-23,1.2397,1.2428,1.2309,1.2334,9535
2004-12-24,1.2336,1.2349999999999999,1.2274,1.2296,6935
2004-12-26,1.2322,1.2332,1.2314,1.2324,104
2004-12-27,1.2325,1.2332,1.2137,1.2187999999999999,7703
2004-12-28,1.2187000000000001,1.2225,1.2136,1.2167,8826
2004-12-29,1.2167,1.2213,1.209,1.2098,9841
2004-12-30,1.2095,1.2135,1.201,1.2043,9809
2004-12-31,1.2043,1.2084,1.1967,1.2011,8482
2005-01-02,1.2016,1.2025000000000001,1.2005,1.2009,154
2005-01-03,1.2004,1.2128,1.1998,1.2082,9673
2005-01-04,1.2083,1.2275,1.2058,1.2215,10306
2005-01-05,1.2216,1.233,1.221,1.2246,10405
2005-01-06,1.2246,1.2399,1.2238,1.2356,9918
2005-01-07,1.2356,1.2385,1.2225,1.2327,10554
2005-01-09,1.2335,1.234,1.2313,1.2319,241
2005-01-10,1.2318,1.2334,1.2183,1.2211,9580
2005-01-11,1.2213,1.2239,1.2139,1.2189,9497
2005-01-12,1.2193,1.2216,1.1947,1.2017,10279
2005-01-13,1.2016,1.206,1.1991,1.2026,9169
2005-01-14,1.2026,1.2216,1.2022,1.2169,11106
2005-01-16,1.2174,1.2178,1.217,1.2178,130
2005-01-17,1.2175,1.2198,1.212,1.2187000000000001,8145
2005-01-18,1.2186,1.2264,1.2177,1.2243,10529
2005-01-19,1.2242,1.2312,1.2167,1.2301,9500
2005-01-20,1.23,1.2367,1.2271,1.2338,10666
2005-01-21,1.2338,1.2354,1.2183,1.2223,9593
2005-01-23,1.2218,1.2221,1.2212,1.2217,149
2005-01-24,1.2218,1.227,1.2141,1.2241,9084
2005-01-25,1.2244,1.241,1.2215,1.2352,9720
2005-01-26,1.2355,1.2389999999999999,1.2277,1.233,9811
2005-01-27,1.2331,1.2433,1.2312,1.2379,10021
2005-01-28,1.2378,1.2469999999999999,1.2372,1.2396,9165
2005-01-30,1.2406,1.2413,1.2403,1.2406,155
2005-01-31,1.2407,1.245,1.2359,1.2405,9407
2005-02-01,1.2404,1.244,1.2315,1.2319,9208
2005-02-02,1.2318,1.2418,1.2308,1.2377,9041
2005-02-03,1.2382,1.2462,1.2375,1.2407,8998
2005-02-04,1.2406,1.2505,1.237,1.2493,9363
2005-02-06,1.2493,1.25,1.2487,1.2497,75
2005-02-07,1.2497,1.2586,1.2487,1.2555,8977
2005-02-08,1.2554,1.2576,1.2451,1.2497,9484
2005-02-09,1.2493,1.2526,1.246,1.2478,9482
2005-02-10,1.2479,1.2562,1.2387,1.2421,9988
2005-02-11,1.2412,1.2437,1.2356,1.2366,8133
2005-02-13,1.2358,1.2373,1.2342,1.2368000000000001,268
2005-02-14,1.2368999999999999,1.2391,1.229,1.2338,9555
2005-02-15,1.2339,1.2372,1.2284,1.2312,9329
2005-02-16,1.2313,1.2454,1.2291,1.2371,10346
2005-02-17,1.2368999999999999,1.2382,1.226,1.2286,9480
2005-02-18,1.2285,1.2338,1.2283,1.2317,8970
2005-02-20,1.2318,1.2319,1.2311,1.2315,79
2005-02-21,1.2318,1.2365,1.2278,1.2335,7514
2005-02-22,1.2343,1.2355,1.2233,1.2262,9531
2005-02-23,1.2262,1.25,1.226,1.2484,9959
2005-02-24,1.2483,1.2496,1.2377,1.2407,10701
2005-02-25,1.2408,1.2457,1.2377,1.2392,9443
2005-02-27,1.2393,1.2393,1.238,1.2384,168
2005-02-28,1.2383,1.2388,1.2275,1.2346,9780
2005-03-01,1.2348,1.2451,1.2328000000000001,1.2413,9810
2005-03-02,1.2413,1.2463,1.2374,1.2385,9555
2005-03-03,1.2385,1.2495,1.2379,1.2441,8857
2005-03-04,1.2441,1.2457,1.2288000000000001,1.2313,8926
2005-03-06,1.2315,1.232,1.2309,1.2312,84
2005-03-07,1.2314,1.2353,1.2268,1.229,7860
2005-03-08,1.2288999999999999,1.2303,1.2122,1.2126000000000001,9722
2005-03-09,1.2126000000000001,1.2144,1.1996,1.2066,10093
2005-03-10,1.2066,1.2077,1.1993,1.2028,10264
2005-03-11,1.2027,1.212,1.2017,1.2054,9719
2005-03-13,1.2034,1.2042,1.2031,1.2038,118
2005-03-14,1.2037,1.21,1.2032,1.2076,8264
2005-03-15,1.2078,1.209,1.1976,1.2077,9441
2005-03-16,1.2076,1.2081,1.1996,1.204,9378
2005-03-17,1.2037,1.2097,1.1978,1.2014,9686
2005-03-18,1.2013,1.2082,1.1999,1.2018,9218
2005-03-20,1.203,1.204,1.2024,1.2032,206
2005-03-21,1.203,1.2142,1.2023,1.2112,9491
2005-03-22,1.2111,1.2128,1.1984,1.2096,9488
2005-03-23,1.2095,1.2183,1.2074,1.2162,9791
2005-03-24,1.2164,1.2201,1.2121,1.216,9274
2005-03-25,1.2158,1.2194,1.213,1.2185,5383
2005-03-27,1.2183,1.2184,1.2183,1.2183,8
2005-03-28,1.218,1.2268,1.2167,1.2191,8112
2005-03-29,1.2192,1.2194,1.2079,1.2104,9024
2005-03-30,1.2104,1.2187000000000001,1.2056,1.2174,9710
2005-03-31,1.2175,1.2177,1.2083,1.2099,8972
2005-04-01,1.21,1.219,1.2063,1.2142,9745
2005-04-03,1.2168,1.2168,1.2151,1.2163,179
2005-04-04,1.2163,1.2236,1.2152,1.2226,8588
2005-04-05,1.2225,1.2259,1.2165,1.2191,9248
2005-04-06,1.219,1.2253,1.2164,1.223,8762
2005-04-07,1.223,1.2239,1.2176,1.2232,9009
2005-04-08,1.2231,1.2321,1.2225,1.2285,8469
2005-04-10,1.2287,1.2295,1.2283,1.2287,252
2005-04-11,1.2286,1.2368000000000001,1.2237,1.2339,8459
2005-04-12,1.2338,1.2424,1.2307,1.2378,8559
2005-04-13,1.2378,1.2389999999999999,1.2331,1.2378,8145
2005-04-14,1.2376,1.2458,1.2374,1.2427,8509
2005-04-15,1.2428,1.2481,1.2395,1.2469000000000001,8543
2005-04-17,1.2457,1.2459,1.2451,1.2453,214
2005-04-18,1.2452,1.25,1.2424,1.2466,8830
2005-04-19,1.2469000000000001,1.2493,1.2356,1.2374,8477
2005-04-20,1.2371,1.2453,1.2359,1.24,8676
2005-04-21,1.24,1.2432,1.2355,1.2391,8478
2005-04-22,1.2392,1.2404,1.2315,1.2358,7970
2005-04-24,1.2336,1.2356,1.2331,1.2355,243
2005-04-25,1.2356,1.2417,1.2346,1.2381,8156
2005-04-26,1.238,1.2492,1.2375,1.2446,8003
2005-04-27,1.2447,1.2515,1.242,1.251,8871
2005-04-28,1.251,1.254,1.2482,1.2524,8826
2005-04-29,1.2522,1.2619,1.2461,1.2578,8188
2005-05-01,1.2594,1.2597,1.259,1.2595,125
2005-05-02,1.2596,1.2638,1.2535,1.2554,7567
2005-05-03,1.2555,1.258,1.2511,1.2536,8510
2005-05-04,1.2537,1.2541,1.2448,1.2461,9015
2005-05-05,1.2466,1.2487,1.2429000000000001,1.2455,8829
2005-05-06,1.2455,1.2482,1.2386,1.2417,8989
2005-05-08,1.242,1.2429000000000001,1.2417,1.2427,202
2005-05-09,1.2426,1.2443,1.2366,1.2384,8556
2005-05-10,1.2385,1.24,1.2358,1.2396,7779
2005-05-11,1.2396,1.2502,1.2387,1.2475,9537
2005-05-12,1.2474,1.2526,1.2469000000000001,1.2518,8695
2005-05-13,1.2517,1.2659,1.25,1.2657,8322
2005-05-15,1.2652999999999999,1.2663,1.2651,1.2659,221
2005-05-16,1.2658,1.2734,1.2647,1.2688,8646
2005-05-17,1.2689,1.2732,1.263,1.2643,8285
2005-05-18,1.2642,1.2668,1.2587,1.26,9021
2005-05-19,1.2599,1.2650000000000001,1.2565,1.2586,8807
2005-05-20,1.2585,1.2676,1.2554,1.2654,8291
2005-05-22,1.266,1.2666,1.2658,1.2662,203
2005-05-23,1.2661,1.2667,1.256,1.2585,7687
2005-05-24,1.2587,1.2642,1.2572,1.2612999999999999,8611
2005-05-25,1.2612,1.2662,1.2578,1.2641,8436
2005-05-26,1.264,1.2695,1.2631999999999999,1.2662,8380
2005-05-27,1.2661,1.267,1.2513,1.2548,7332
2005-05-29,1.2565,1.2578,1.2562,1.2576,251
2005-05-30,1.2575,1.2597,1.2547,1.2561,7534
2005-05-31,1.256,1.2633,1.2504,1.2542,10166
2005-06-01,1.2541,1.2577,1.2446,1.2481,10032
2005-06-02,1.248,1.2519,1.2456,1.2476,9720
2005-06-03,1.2475,1.251,1.2424,1.2471,8838
2005-06-05,1.2469999999999999,1.2475,1.2468,1.2475,205
2005-06-06,1.2472,1.2490999999999999,1.2433,1.2438,8644
2005-06-07,1.2437,1.2511999999999999,1.2423,1.2463,8258
2005-06-08,1.2462,1.2538,1.2429999999999999,1.2511,10186
2005-06-09,1.251,1.2581,1.2497,1.2567,10247
2005-06-10,1.2566,1.2588,1.2453,1.2518,9933
2005-06-12,1.2506,1.2511,1.2499,1.2507,278
2005-06-13,1.2508,1.2591999999999999,1.2502,1.2562,9964
2005-06-14,1.2558,1.2591999999999999,1.2514,1.2524,9699
2005-06-15,1.2523,1.2539,1.2351,1.2371,10684
2005-06-16,1.2374,1.242,1.2349,1.2361,10396
2005-06-17,1.236,1.2393,1.2284,1.2292,9723
2005-06-19,1.2315,1.2317,1.2304,1.2307,240
2005-06-20,1.2307,1.2373,1.2277,1.2354,8791
2005-06-21,1.2354,1.2431,1.2291,1.2327,10725
2005-06-22,1.2326,1.2388,1.2317,1.2349,9966
2005-06-23,1.2348,1.2383,1.2298,1.2341,10097
2005-06-24,1.234,1.2349999999999999,1.2273,1.2331,9694
2005-06-26,1.2342,1.2348,1.234,1.2346,222
2005-06-27,1.2344,1.2378,1.2276,1.2303,10603
2005-06-28,1.2302,1.2359,1.2286,1.2317,10672
2005-06-29,1.2316,1.2351,1.2231,1.2282,9857
2005-06-30,1.2282,1.2341,1.2235,1.2252,10778
2005-07-01,1.2253,1.2435,1.2247,1.2418,9287
2005-07-03,1.245,1.2473,1.2442,1.2469999999999999,214
2005-07-04,1.2468,1.248,1.2384,1.2392,7977
2005-07-05,1.2391,1.2466,1.2382,1.2427,10327
2005-07-06,1.2427,1.2446,1.2321,1.2357,9514
2005-07-07,1.2357,1.2378,1.2262,1.2283,10605
2005-07-08,1.2284,1.2309,1.2174,1.2196,9956
2005-07-10,1.2195,1.2198,1.2187000000000001,1.2189,221
2005-07-11,1.2187999999999999,1.2197,1.2107999999999999,1.2158,9550
2005-07-12,1.2157,1.2165,1.2022,1.2046999999999999,11098
2005-07-13,1.2048,1.2118,1.2022,1.2086999999999999,10199
2005-07-14,1.2088,1.2138,1.2022,1.211,10549
2005-07-15,1.2107999999999999,1.222,1.2086000000000001,1.2203,9622
2005-07-17,1.2206,1.221,1.2203,1.2206,210
2005-07-18,1.2205,1.223,1.2119,1.2177,9735
2005-07-19,1.2178,1.2238,1.217,1.2196,9756
2005-07-20,1.2196,1.2248999999999999,1.2139,1.2221,10568
2005-07-21,1.2219,1.2248999999999999,1.2109,1.2166,10704
2005-07-22,1.2165,1.2231,1.2123,1.2193,10381
2005-07-24,1.2197,1.2211,1.2195,1.2207,169
2005-07-25,1.2207,1.2217,1.2154,1.2184,7905
2005-07-26,1.2184,1.2316,1.2168,1.2311,9682
2005-07-27,1.231,1.2429000000000001,1.2295,1.2358,10863
2005-07-28,1.2359,1.2386,1.2291,1.2306,9697
2005-07-29,1.2303,1.2319,1.2217,1.2232,10242
2005-07-31,1.2223,1.2236,1.2223,1.2235,209
2005-08-01,1.2235,1.2263,1.2086999999999999,1.2119,10149
2005-08-02,1.212,1.2196,1.2065,1.217,10719
2005-08-03,1.217,1.2183,1.2093,1.2164,9838
2005-08-04,1.2164,1.218,1.2101,1.2123,9536
2005-08-05,1.2122,1.2245,1.212,1.2163,9916
2005-08-07,1.2164,1.2174,1.2162,1.2169,217
2005-08-08,1.217,1.2194,1.2102,1.2139,9630
2005-08-09,1.214,1.2185,1.2113,1.2135,9428
2005-08-10,1.2134,1.217,1.2092,1.2113,9601
2005-08-11,1.2112,1.212,1.1997,1.2022,9984
2005-08-12,1.2022,1.205,1.1923,1.1973,9126
2005-08-14,1.1959,1.1964,1.1948,1.1951,247
2005-08-15,1.1954,1.2017,1.1941,1.2003,8357
2005-08-16,1.2002,1.2048,1.1971,1.1989,9589
2005-08-17,1.199,1.2146,1.1985000000000001,1.2137,10083
2005-08-18,1.2135,1.2222,1.2105,1.2184,8815
2005-08-19,1.2185,1.2218,1.2093,1.211,8498
2005-08-21,1.2104,1.2122,1.2092,1.2111,298
2005-08-22,1.2112,1.2135,1.201,1.2018,8352
2005-08-23,1.2019,1.2051,1.1962,1.1976,8251
2005-08-24,1.1977,1.2026,1.1891,1.1905999999999999,9187
2005-08-25,1.1905000000000001,1.1932,1.1861,1.1915,9055
2005-08-26,1.1917,1.2006999999999999,1.1905000000000001,1.1991,8461
2005-08-28,1.1976,1.1978,1.1958,1.1964,266
2005-08-29,1.1966,1.2006999999999999,1.1894,1.1988,9257
2005-08-30,1.1987,1.2032,1.1894,1.1911,8655
2005-08-31,1.1911,1.1939,1.1836,1.1889,9325
2005-09-01,1.1887,1.1912,1.1804999999999999,1.1834,8852
2005-09-02,1.1832,1.1917,1.1818,1.1884000000000001,8550
2005-09-04,1.1884000000000001,1.1888,1.1881,1.1884000000000001,76
2005-09-05,1.1885,1.1912,1.1835,1.1905999999999999,7518
2005-09-06,1.1905999999999999,1.1945000000000001,1.1851,1.1897,8784
2005-09-07,1.1898,1.1938,1.1838,1.1887,9275
2005-09-08,1.1885,1.1891,1.1781,1.1809,8313
2005-09-09,1.1808,1.1834,1.1726,1.1784,8677
2005-09-11,1.1762,1.177,1.176,1.1768,205
2005-09-12,1.1767,1.1883,1.1762,1.1874,8124
2005-09-13,1.1872,1.1887,1.1775,1.1823,8921
2005-09-14,1.1823,1.184,1.1778,1.1807,7864
2005-09-15,1.1808,1.19,1.1797,1.1852,8630
2005-09-16,1.1854,1.1865,1.1781,1.1793,8378
2005-09-18,1.1819,1.1822,1.1789,1.1804000000000001,357
2005-09-19,1.1804000000000001,1.1832,1.1661,1.1687,8009
2005-09-20,1.1686,1.1717,1.1652,1.1695,8473
2005-09-21,1.1695,1.1726,1.1645,1.1665,8697
2005-09-22,1.1665,1.1738,1.1623,1.1717,9238
2005-09-23,1.1716,1.176,1.1684,1.1709,8510
2005-09-25,1.1736,1.1743000000000001,1.1724,1.1728,227
2005-09-26,1.1727,1.18,1.1692,1.1724,8432
2005-09-27,1.1723,1.1811,1.1692,1.1781,9171
2005-09-28,1.1781,1.1819,1.1721,1.1735,9044
2005-09-29,1.1737,1.1779,1.1689,1.1717,8387
2005-09-30,1.1717,1.1741,1.1586,1.1678,9085
2005-10-02,1.1622,1.1639,1.1622,1.1638,199
2005-10-03,1.1637,1.1678,1.162,1.1668,9173
2005-10-04,1.1668,1.1737,1.1636,1.1723,8465
2005-10-05,1.1724,1.1846,1.1708,1.1822,8558
2005-10-06,1.1823,1.1869,1.1771,1.1808,9153
2005-10-07,1.1808,1.1825,1.173,1.1739,8815
2005-10-09,1.1746,1.1754,1.1746,1.1751,183
2005-10-10,1.1752,1.1774,1.1724,1.1755,7245
2005-10-11,1.1757,1.1821,1.1738,1.1767,8736
2005-10-12,1.1768,1.1782,1.1683,1.1714,8267
2005-10-13,1.1715,1.185,1.1698,1.1818,8981
2005-10-14,1.1818,1.1896,1.1793,1.1854,9292
2005-10-16,1.1859,1.1865999999999999,1.1848,1.1855,400
2005-10-17,1.1856,1.1861,1.1775,1.1799,10722
2005-10-18,1.1801,1.1881,1.176,1.1766,9148
2005-10-19,1.1767,1.1821,1.1733,1.1757,9052
2005-10-20,1.1758,1.1796,1.1708,1.1774,8736
2005-10-21,1.1775,1.1886,1.1745,1.1878,8786
2005-10-23,1.1884000000000001,1.1885,1.1865,1.1869,212
2005-10-24,1.1869,1.1928,1.1846,1.1871,8422
2005-10-25,1.187,1.1885,1.1737,1.1764000000000001,9107
2005-10-26,1.1766,1.1789,1.1684,1.1706,9066
2005-10-27,1.1706,1.1733,1.1641,1.1714,8870
2005-10-28,1.1713,1.1796,1.1689,1.1767,8514
2005-10-30,1.178,1.1787,1.1773,1.1784,185
2005-10-31,1.1783,1.1838,1.1729,1.1825,8629
2005-11-01,1.1824,1.185,1.1735,1.1769,9647
2005-11-02,1.1768,1.1826,1.1748,1.1801,8642
2005-11-03,1.1802,1.1832,1.1752,1.1813,8432
2005-11-04,1.1814,1.1868,1.1716,1.185,9288
2005-11-06,1.1855,1.1859,1.1849,1.1852,224
2005-11-07,1.1853,1.1914,1.1821,1.1871,8837
2005-11-08,1.1871,1.1977,1.1839,1.187,9325
2005-11-09,1.1869,1.1911,1.1824,1.1863,8703
2005-11-10,1.1863,1.1919,1.1801,1.19,8938
2005-11-11,1.1901,1.1929,1.1876,1.1898,7750
2005-11-13,1.1904,1.1916,1.1902,1.1909,299
2005-11-14,1.1909,1.1972,1.1878,1.1941,8733
2005-11-15,1.1942,1.1978,1.19,1.1922,8772
2005-11-16,1.1923,1.1972,1.1897,1.1933,8860
2005-11-17,1.1933,1.1949,1.1851,1.1883,8310
2005-11-18,1.1884000000000001,1.1931,1.1863,1.1885,8763
2005-11-20,1.1881,1.1893,1.188,1.1888,226
2005-11-21,1.189,1.1914,1.1811,1.1828,9188
2005-11-22,1.1826,1.1861,1.1722,1.174,8748
2005-11-23,1.1741,1.1752,1.1702,1.1719,8607
2005-11-24,1.1718,1.1738,1.1699,1.1716,7642
2005-11-25,1.1717,1.174,1.1675,1.1703999999999999,7870
2005-11-27,1.1699,1.1702,1.168,1.1682,249
2005-11-28,1.1682,1.1722,1.1643,1.1676,8378
2005-11-29,1.1678,1.1712,1.1661,1.1693,8644
2005-11-30,1.1692,1.17,1.1638,1.1666,8237
2005-12-01,1.1667,1.1736,1.1621,1.1652,8847
2005-12-02,1.1653,1.1676,1.1602999999999999,1.1616,8979
2005-12-04,1.162,1.162,1.1605,1.1608,270
2005-12-05,1.161,1.163,1.1548,1.1572,7842
2005-12-06,1.1572,1.1593,1.1531,1.1571,8414
2005-12-07,1.157,1.1643,1.1562000000000001,1.1601,8183
2005-12-08,1.1598,1.163,1.1568,1.1591,8599
2005-12-09,1.1592,1.1616,1.1558,1.1569,7911
2005-12-11,1.1586,1.1591,1.1579,1.1581,149
2005-12-12,1.1582,1.1585,1.1497,1.1506,8289
2005-12-13,1.1508,1.1541,1.1488,1.1496,8082
2005-12-14,1.1496,1.1533,1.1425,1.1514,9265
2005-12-15,1.1515,1.1615,1.1506,1.158,9275
2005-12-16,1.1581,1.1601,1.1542,1.1599,8554
2005-12-18,1.1597,1.1607,1.1591,1.1602999999999999,256
2005-12-19,1.1602000000000001,1.1703000000000001,1.1579,1.17,8429
2005-12-20,1.1698,1.1757,1.1661,1.1729,8477
2005-12-21,1.173,1.175,1.165,1.1666,8337
2005-12-22,1.1667,1.1699,1.1633,1.1672,8162
2005-12-23,1.1673,1.1703000000000001,1.1635,1.1659,7260
2005-12-25,1.1668,1.1682,1.1667,1.1682,38
2005-12-26,1.1681,1.172,1.1653,1.1674,3485
2005-12-27,1.1674,1.1751,1.1653,1.1741,7440
2005-12-28,1.1742,1.1743999999999999,1.1615,1.1653,8664
2005-12-29,1.1654,1.1681,1.1623999999999999,1.1647,8295
2005-12-30,1.1648,1.1703000000000001,1.1606,1.1625,9225
2006-01-02,1.1632,1.1661,1.1605,1.1651,3846
2006-01-03,1.1651,1.1672,1.153,1.1562000000000001,9539
2006-01-04,1.1561,1.1582,1.1453,1.1492,9427
2006-01-05,1.1494,1.1654,1.1461000000000001,1.1623999999999999,8807
2006-01-06,1.1623999999999999,1.1731,1.1615,1.1656,9660
2006-01-08,1.1658,1.1671,1.1654,1.1663999999999999,280
2006-01-09,1.1657,1.1751,1.1637,1.1678,9505
2006-01-10,1.1678,1.1712,1.1616,1.1634,8947
2006-01-11,1.1633,1.1691,1.157,1.1586,9245
2006-01-12,1.1589,1.1656,1.156,1.1612,9394
2006-01-13,1.1611,1.1641,1.158,1.1614,8411
2006-01-15,1.1592,1.1605,1.1587,1.1593,288
2006-01-16,1.1593,1.1617,1.1566,1.1576,8034
2006-01-17,1.1576,1.1656,1.1559,1.1618,9230
2006-01-18,1.1617,1.174,1.1611,1.1727,9501
2006-01-19,1.1726,1.18,1.1617,1.1633,9685
2006-01-20,1.1631,1.1665,1.1516,1.1538,9244
2006-01-22,1.1549,1.1553,1.1535,1.1543,198
2006-01-23,1.1542,1.1545,1.1471,1.1497,9516
2006-01-24,1.1495,1.1584,1.1486,1.153,9715
2006-01-25,1.1528,1.1538,1.1477,1.1515,9016
2006-01-26,1.1515,1.1565,1.148,1.1493,8747
2006-01-27,1.1492,1.1516,1.1453,1.149,9295
2006-01-29,1.1485,1.1494,1.148,1.1492,264
2006-01-30,1.1491,1.1505,1.1429,1.1463,8244
2006-01-31,1.1461000000000001,1.1474,1.137,1.1388,8537
2006-02-01,1.1386,1.1433,1.1383,1.1415,8394
2006-02-02,1.1415,1.1465,1.1396,1.1447,8497
2006-02-03,1.1446,1.1504,1.1438,1.1444,8040
2006-02-05,1.1426,1.1433,1.1424,1.1429,227
2006-02-06,1.1429,1.1479,1.1421999999999999,1.1464,8579
2006-02-07,1.1465,1.1548,1.1454,1.1539,8167
2006-02-08,1.1533,1.1565,1.1484,1.1507,8428
2006-02-09,1.1507,1.1509,1.1438,1.1467,8117
2006-02-10,1.1467,1.1561,1.1442,1.1531,8845
2006-02-12,1.1536,1.1548,1.1536,1.154,195
2006-02-13,1.1539,1.1575,1.1528,1.1552,8680
2006-02-14,1.1553,1.1616,1.1513,1.1543,8618
2006-02-15,1.1544,1.1595,1.1512,1.1578,8192
2006-02-16,1.1579,1.1609,1.1565,1.157,7996
2006-02-17,1.157,1.1595,1.1499,1.1519,9133
2006-02-19,1.1503,1.151,1.1502,1.1506,197
2006-02-20,1.1505,1.1517,1.146,1.1476,7341
2006-02-21,1.1474,1.1494,1.145,1.1475,8220
2006-02-22,1.1476,1.1514,1.1466,1.1486,8074
2006-02-23,1.1488,1.1542,1.1461999999999999,1.1528,8274
2006-02-24,1.1528,1.156,1.1472,1.1484,7973
2006-02-26,1.1498,1.1509,1.1493,1.1501000000000001,273
2006-02-27,1.1501000000000001,1.151,1.1394,1.1401,8239
2006-02-28,1.1400000000000001,1.1425,1.1347,1.1371,8606
2006-03-01,1.137,1.1397,1.1335,1.1354,7977
2006-03-02,1.1355,1.1374,1.1294,1.1322,8145
2006-03-03,1.1322,1.1369,1.1306,1.1332,8115
2006-03-05,1.1352,1.1359,1.1341,1.1344,297
2006-03-06,1.1345,1.1416,1.1338,1.1399,8417
2006-03-07,1.1399,1.1517,1.1391,1.1496,8562
2006-03-08,1.1497,1.1588,1.1471,1.1568,8518
2006-03-09,1.1569,1.1631,1.1525,1.1612,8273
2006-03-10,1.1612,1.165,1.1584,1.161,8309
2006-03-12,1.1605,1.1614,1.1602000000000001,1.161,227
2006-03-13,1.1609,1.164,1.1567,1.1577,7961
2006-03-14,1.1576,1.1617,1.1543,1.1572,8309
2006-03-15,1.1571,1.1576,1.1522999999999999,1.1547,8239
2006-03-16,1.1548,1.1602000000000001,1.151,1.1533,8277
2006-03-17,1.1532,1.1618,1.1527,1.157,8078
2006-03-19,1.1593,1.1598,1.1585,1.1596,247
2006-03-20,1.1595,1.1684,1.1571,1.1602000000000001,8857
2006-03-21,1.1601,1.1667,1.1599,1.1631,8462
2006-03-22,1.1632,1.1724999999999999,1.1629,1.1658,8558
2006-03-23,1.1659,1.1703000000000001,1.1644,1.1656,8447
2006-03-24,1.1658,1.1713,1.1654,1.1679,8132
2006-03-26,1.1679,1.1684,1.1668,1.1671,232
2006-03-27,1.167,1.1732,1.1663000000000001,1.1688,8491
2006-03-28,1.1687,1.1723,1.1641,1.1697,8482
2006-03-29,1.1696,1.175,1.1693,1.173,8359
2006-03-30,1.173,1.1732,1.1576,1.1578,9158
2006-03-31,1.1576,1.1701,1.1576,1.1685,8751
2006-04-02,1.1685,1.169,1.1681,1.1684,235
2006-04-03,1.1684,1.1774,1.168,1.1716,8692
2006-04-04,1.1715,1.1759,1.1617,1.1637,9146
2006-04-05,1.1637,1.1652,1.1596,1.1626,8435
2006-04-06,1.1626,1.163,1.1517,1.1536,8913
2006-04-07,1.1535,1.1565,1.1436,1.1494,8864
2006-04-09,1.1488,1.1489,1.1473,1.1479,173
2006-04-10,1.1479,1.1499,1.1447,1.1486,8042
2006-04-11,1.1488,1.15,1.1426,1.1444,8146
2006-04-12,1.1441,1.1497,1.1428,1.1486,8537
2006-04-13,1.1487,1.1538,1.145,1.1502,8435
2006-04-14,1.1501000000000001,1.1526,1.1488,1.1516,5272
2006-04-16,1.1516,1.1537,1.1516,1.1522000000000001,224
2006-04-17,1.1522000000000001,1.1534,1.1433,1.1467,7417
2006-04-18,1.1467,1.147,1.1396,1.1409,8536
2006-04-19,1.1409,1.142,1.1349,1.1357,8396
2006-04-20,1.1358,1.1427,1.1352,1.1401,8330
2006-04-21,1.1402,1.1418,1.1356,1.1373,7941
2006-04-23,1.1358,1.1363,1.135,1.1355,254
2006-04-24,1.1355,1.1404,1.134,1.1369,8412
2006-04-25,1.1368,1.1391,1.1303,1.1316,7966
2006-04-26,1.1317,1.1337,1.1252,1.1277,8301
2006-04-27,1.1278,1.1319,1.1215,1.1238,8378
2006-04-28,1.1238,1.1257,1.1162,1.1171,7997
2006-04-30,1.1175,1.1185,1.1174,1.1177,238
2006-05-01,1.1177,1.1191,1.1111,1.1149,7708
2006-05-02,1.1149,1.1169,1.1051,1.1078999999999999,8210
2006-05-03,1.1078000000000001,1.1101,1.1011,1.1094,8300
2006-05-04,1.1094,1.1146,1.105,1.1089,8545
2006-05-05,1.1088,1.1112,1.1045,1.1061,7560
2006-05-07,1.1056,1.1064,1.1053,1.1058,298
2006-05-08,1.1059,1.1137,1.1023,1.1125,8143
2006-05-09,1.1127,1.1168,1.0973,1.0993,8384
2006-05-10,1.0994,1.1033,1.0977999999999999,1.1022,8412
2006-05-11,1.1023,1.1084,1.0977,1.1008,8485
2006-05-12,1.1007,1.1102,1.0993,1.1091,9112
2006-05-14,1.1086,1.1099,1.1078000000000001,1.1082,323
2006-05-15,1.1082,1.1179000000000001,1.1077,1.1139000000000001,9062
2006-05-16,1.114,1.1176,1.1062,1.1074,8548
2006-05-17,1.1074,1.1167,1.1013,1.1155,9108
2006-05-18,1.1155,1.1226,1.1096,1.1198,9031
2006-05-19,1.1198,1.1276,1.117,1.1191,8955
2006-05-21,1.1205,1.1208,1.1199,1.1205,152
2006-05-22,1.1205,1.1271,1.1123,1.1161,8102
2006-05-23,1.1162,1.1268,1.1124,1.1255,8847
2006-05-24,1.1254,1.126,1.1179999999999999,1.1203,9063
2006-05-25,1.1204,1.1233,1.1055,1.1082,8719
2006-05-26,1.1083,1.1114,1.1053,1.1072,8050
2006-05-28,1.1042,1.105,1.1036,1.1048,335
2006-05-29,1.1048,1.1078000000000001,1.1028,1.1056,7278
2006-05-30,1.1057,1.1062,1.0973,1.0994,8797
2006-05-31,1.0994,1.1039,1.093,1.1013,8558
2006-06-01,1.1014,1.1103,1.1003,1.1033,8428
2006-06-02,1.1034,1.1057,1.0974,1.101,8071
2006-06-04,1.1013,1.1035,1.1011,1.103,210
2006-06-05,1.103,1.1087,1.0975,1.1056,8458
2006-06-06,1.1056,1.1176,1.105,1.1136,8662
2006-06-07,1.1133,1.1166,1.1097,1.1125,8531
2006-06-08,1.1126,1.1247,1.1111,1.1218,9222
2006-06-09,1.1217,1.1221,1.1049,1.1072,9115
2006-06-11,1.1063,1.1068,1.1061,1.1064,237
2006-06-12,1.1063,1.1077,1.0958,1.0991,8648
2006-06-13,1.0991,1.1148,1.0971,1.1136,8940
2006-06-14,1.1135,1.1177,1.1083,1.1137,8595
2006-06-15,1.1135,1.1192,1.1108,1.1115,8958
2006-06-16,1.1113,1.1255,1.1109,1.1228,8120
2006-06-18,1.1221,1.1233,1.1219999999999999,1.1231,230
2006-06-19,1.1228,1.1257,1.1185,1.1208,8574
2006-06-20,1.1207,1.125,1.1152,1.1178,8555
2006-06-21,1.1178,1.1179000000000001,1.1031,1.1077,8667
2006-06-22,1.1077,1.1204,1.1069,1.1179999999999999,8841
2006-06-23,1.1181,1.1291,1.1177,1.123,8719
2006-06-25,1.1205,1.1225,1.1204,1.1223,227
2006-06-26,1.1219,1.1254,1.117,1.1237,8399
2006-06-27,1.1237,1.1253,1.1191,1.1228,8418
2006-06-28,1.1229,1.1271,1.1205,1.1239,8441
2006-06-29,1.1234,1.124,1.1093,1.1098,9087
2006-06-30,1.1099,1.1181,1.108,1.1164,8815
2006-07-02,1.1168,1.119,1.1156,1.1187,317
2006-07-03,1.1186,1.1189,1.1086,1.1121,8245
2006-07-04,1.1122,1.1132,1.1055,1.1089,8274
2006-07-05,1.109,1.1144,1.1041,1.1124,8627
2006-07-06,1.1124,1.1154,1.1085,1.113,8572
2006-07-07,1.113,1.1155,1.1085,1.1133,8434
2006-07-09,1.1143,1.115,1.1142,1.115,235
2006-07-10,1.1151,1.1265,1.1132,1.1232,8484
2006-07-11,1.123,1.1346,1.1223,1.1322,9078
2006-07-12,1.1320999999999999,1.1402,1.131,1.1334,9468
2006-07-13,1.1334,1.1354,1.1287,1.1314,9164
2006-07-14,1.1314,1.1332,1.1254,1.1276,8760
2006-07-16,1.1279,1.1286,1.1274,1.1280999999999999,284
2006-07-17,1.1282,1.1372,1.1275,1.1357,8588
2006-07-18,1.1358,1.1379,1.1306,1.1358,8954
2006-07-19,1.1357,1.1408,1.1313,1.1343,9061
2006-07-20,1.1342,1.1355,1.1283,1.1333,8839
2006-07-21,1.1334,1.1398,1.1261,1.1367,8764
2006-07-23,1.1376,1.1387,1.1374,1.1385,323
2006-07-24,1.1383,1.1461000000000001,1.1376,1.1424,8993
2006-07-25,1.1423,1.1438,1.1377,1.1411,9970
2006-07-26,1.1412,1.1431,1.1337,1.1366,9241
2006-07-27,1.1368,1.1389,1.1287,1.1363,9626
2006-07-28,1.1364,1.1374,1.1282,1.1313,8617
2006-07-30,1.1301,1.1304,1.1292,1.1298,236
2006-07-31,1.1299,1.1323,1.1219999999999999,1.1313,8778
2006-08-01,1.1313,1.1375,1.1293,1.1315,9107
2006-08-02,1.1314,1.1323,1.1245,1.1263,9198
2006-08-03,1.1264,1.1280000000000001,1.1228,1.1251,8817
2006-08-04,1.1251,1.1349,1.1231,1.1269,8700
2006-08-06,1.1271,1.1273,1.1257,1.126,293
2006-08-07,1.1261,1.1269,1.1174,1.1188,8004
2006-08-08,1.1185,1.125,1.1182,1.1246,8909
2006-08-09,1.1247,1.1257,1.1172,1.12,8287
2006-08-10,1.12,1.1286,1.1186,1.1273,9004
2006-08-11,1.1271,1.1284,1.1171,1.125,8987
2006-08-13,1.1257,1.126,1.1253,1.1253,110
2006-08-14,1.1253,1.1282,1.1206,1.1275,8596
2006-08-15,1.1275,1.1322,1.1209,1.1224,9078
2006-08-16,1.1224,1.1241,1.1142,1.1195,8505
2006-08-17,1.1196,1.1239,1.1153,1.1232,8755
2006-08-18,1.1232,1.1275,1.1198,1.1246,8215
2006-08-20,1.1256,1.1258,1.125,1.1254,257
2006-08-21,1.1253,1.1259000000000001,1.1166,1.1184,8778
2006-08-22,1.1188,1.1205,1.1145,1.1152,8531
2006-08-23,1.1152,1.1162,1.1047,1.1128,9010
2006-08-24,1.1127,1.1136,1.1074,1.1104,8790
2006-08-25,1.1103,1.1108,1.1052,1.1092,8269
2006-08-27,1.1091,1.1096,1.109,1.1095,123
2006-08-28,1.1094,1.1127,1.1063,1.1114,7877
2006-08-29,1.1115,1.1131,1.1056,1.1077,8613
2006-08-30,1.1077,1.1116,1.1054,1.1089,8471
2006-08-31,1.1089,1.1118,1.103,1.1044,9000
2006-09-01,1.1044,1.1077,1.1034,1.1045,8238
2006-09-03,1.1043,1.1056,1.1041,1.1045,204
2006-09-04,1.1046,1.108,1.1042,1.1071,7108
2006-09-05,1.1072,1.1141,1.1064,1.1113,9121
2006-09-06,1.1114,1.1141,1.1044,1.1058,8850
2006-09-07,1.1059,1.1111,1.1042,1.1104,9844
2006-09-08,1.1104,1.1213,1.1091,1.1202,9386
2006-09-10,1.121,1.1218,1.1205,1.1212,213
2006-09-11,1.1212,1.123,1.1174,1.1219999999999999,8558
2006-09-12,1.1219999999999999,1.1224,1.1155,1.1202,6904
2006-09-13,1.12,1.1234,1.1171,1.1194,6314
2006-09-14,1.1193,1.1201,1.1118,1.1179999999999999,6721
2006-09-15,1.1179000000000001,1.1219999999999999,1.1171,1.119,5895
2006-09-17,1.1191,1.1195,1.1189,1.1189,166
2006-09-18,1.1191,1.1221,1.116,1.1175,5686
2006-09-19,1.1179000000000001,1.1285,1.1171,1.1272,6816
2006-09-20,1.1271,1.1294,1.1254,1.1280999999999999,8045
2006-09-21,1.1279,1.1285,1.1163,1.1188,6347
2006-09-22,1.1189,1.1205,1.1118,1.1174,5706
2006-09-24,1.1173,1.1178,1.1172,1.1177,79
2006-09-25,1.1176,1.1189,1.1141,1.1169,5202
2006-09-26,1.1171,1.1182,1.1124,1.1131,6042
2006-09-27,1.1134,1.1165,1.1089,1.1116,5614
2006-09-28,1.1117,1.1124,1.1085,1.1106,6198
2006-09-29,1.1107,1.1189,1.11,1.1178,6128
2006-10-01,1.1175,1.1188,1.1175,1.1179999999999999,82
2006-10-02,1.1175,1.1219,1.1144,1.116,5682
2006-10-03,1.1159,1.1226,1.1146,1.1223,5408
2006-10-04,1.1224,1.1304,1.1217,1.1262,7358
2006-10-05,1.1261,1.1287,1.1239,1.1256,5267
2006-10-06,1.1255,1.1280999999999999,1.1199,1.1253,5440
2006-10-08,1.1263,1.1265,1.1256,1.1264,51
2006-10-09,1.1265,1.1265,1.1211,1.1227,3061
2006-10-10,1.1229,1.1337,1.1226,1.1335,5335
2006-10-11,1.1336,1.1384,1.1328,1.1375,4999
2006-10-12,1.1376,1.1384,1.133,1.1341,4654
2006-10-13,1.1343,1.1383,1.1320000000000001,1.1377,4203
2006-10-15,1.1372,1.1374,1.1365,1.1366,80
2006-10-16,1.1367,1.1392,1.1346,1.1363,4751
2006-10-17,1.1362,1.1413,1.1349,1.141,5274
2006-10-18,1.1409,1.141,1.1353,1.1356,4806
2006-10-19,1.1358,1.1371,1.1262,1.1280999999999999,6403
2006-10-20,1.1279,1.1288,1.1203,1.1252,4984
2006-10-22,1.1249,1.125,1.1241,1.1244,137
2006-10-23,1.1245,1.1287,1.124,1.1280999999999999,3921
2006-10-24,1.1283,1.1320999999999999,1.1246,1.127,4412
2006-10-25,1.1269,1.1286,1.123,1.1236,4531
2006-10-26,1.1235,1.1306,1.1211,1.1225,5480
2006-10-27,1.1225,1.1259000000000001,1.1177,1.1193,4530
2006-10-29,1.1196,1.1198,1.119,1.1191,34
2006-10-30,1.119,1.1265,1.1176,1.1255,4416
2006-10-31,1.1253,1.1286,1.1199,1.1223,5203
2006-11-01,1.1214,1.1351,1.1208,1.1326,6800
2006-11-02,1.1325,1.1372,1.1302,1.1328,5429
2006-11-03,1.1332,1.1354,1.1274,1.1297,4716
2006-11-05,1.1292,1.1294,1.1289,1.1292,27
2006-11-06,1.129,1.1363,1.1284,1.1296,4178
2006-11-07,1.1297,1.1305,1.1254,1.1299,5141
2006-11-08,1.1296,1.1324,1.1264,1.1293,4535
2006-11-09,1.1288,1.1331,1.1279,1.1283,4690
2006-11-10,1.1282,1.1323,1.1264,1.1320999999999999,4649
2006-11-12,1.1309,1.131,1.1302,1.1306,66
2006-11-13,1.1307,1.1395,1.1302,1.1364,4337
2006-11-14,1.1363,1.1402,1.1342,1.1374,5060
2006-11-15,1.1381000000000001,1.1426,1.1358,1.1387,4622
2006-11-16,1.1388,1.1426,1.1364,1.1421000000000001,4580
2006-11-17,1.142,1.1473,1.1403,1.1465,5338
2006-11-19,1.1463,1.1464,1.1456,1.1459,86
2006-11-20,1.146,1.1482999999999999,1.142,1.1458,4276
2006-11-21,1.1461999999999999,1.1492,1.1442,1.1459,4883
2006-11-22,1.1458,1.154,1.1379,1.1421999999999999,5129
2006-11-23,1.1421000000000001,1.1425,1.1395,1.1419,3407
2006-11-24,1.1418,1.1426,1.1304,1.1345,5012
2006-11-26,1.1323,1.1332,1.1319,1.1328,75
2006-11-27,1.1327,1.1349,1.1301,1.1329,4489
2006-11-28,1.1328,1.1334,1.1285,1.1297,5188
2006-11-29,1.1298,1.1395,1.1296,1.1387,5223
2006-11-30,1.1386,1.1435,1.1365,1.1414,5403
2006-12-01,1.1413,1.1464,1.1369,1.1446,5623
2006-12-03,1.1436,1.1441,1.1428,1.1429,124
2006-12-04,1.1436,1.1475,1.1396,1.1405,4895
2006-12-05,1.1406,1.1431,1.1375,1.1426,4715
2006-12-06,1.1424,1.1485,1.1393,1.1475,4815
2006-12-07,1.1476,1.1501000000000001,1.1457,1.1497,4926
2006-12-08,1.1497,1.1515,1.1444,1.1492,5687
2006-12-10,1.1491,1.1492,1.1485,1.1488,83
2006-12-11,1.149,1.1504,1.1464,1.1477,4072
2006-12-12,1.1474,1.1554,1.1451,1.1527,5728
2006-12-13,1.1519,1.1572,1.1496,1.1557,6488
2006-12-14,1.1558,1.1577,1.1535,1.1569,6611
2006-12-15,1.1568,1.1587,1.1527,1.1576,4973
2006-12-17,1.1575,1.1579,1.1575,1.1577,35
2006-12-18,1.1575,1.1584,1.153,1.1564,4415
2006-12-19,1.1565,1.1577,1.1507,1.1514,4805
2006-12-20,1.1515,1.1535,1.1429,1.1475,5548
2006-12-21,1.1485,1.1562000000000001,1.1454,1.155,5069
2006-12-22,1.1548,1.1586,1.1518,1.1586,3950
2006-12-25,1.1583,1.1583,1.1583,1.1583,2
2006-12-26,1.1581,1.1623999999999999,1.157,1.1616,3065
2006-12-27,1.1619,1.1637,1.1598,1.1614,4511
2006-12-28,1.1615,1.1619,1.1576,1.1599,5148
2006-12-29,1.16,1.1667,1.1581,1.1658,5259
2007-01-01,1.1645,1.1645,1.164,1.1642000000000001,65
2007-01-02,1.1645,1.1657,1.1622,1.1647,4550
2007-01-03,1.1648,1.1735,1.1635,1.1724999999999999,5432
2007-01-04,1.1726,1.1777,1.1713,1.1774,5462
2007-01-05,1.1776,1.1786,1.1718,1.1728,5720
2007-01-07,1.173,1.1735,1.173,1.1734,61
2007-01-08,1.1733,1.1782,1.172,1.1739,4909
2007-01-09,1.1738,1.1796,1.1727,1.1763,6239
2007-01-10,1.176,1.1792,1.1732,1.1739,5694
2007-01-11,1.1738,1.1802,1.1687,1.1779,6025
2007-01-12,1.1778,1.178,1.1681,1.1702,5676
2007-01-14,1.1701,1.1702,1.1685,1.1688,96
2007-01-15,1.1687,1.1703999999999999,1.1658,1.1679,4323
2007-01-16,1.1681,1.1773,1.1644,1.1761,6236
2007-01-17,1.1761,1.1768,1.1718,1.1722,5534
2007-01-18,1.1724,1.177,1.1711,1.1736,5667
2007-01-19,1.1735,1.1753,1.1697,1.1723,4843
2007-01-21,1.1722,1.1728,1.1717,1.1726,132
2007-01-22,1.1724999999999999,1.1835,1.171,1.1806,5193
2007-01-23,1.1807,1.1849,1.1785,1.1808,5977
2007-01-24,1.1804999999999999,1.1834,1.1762,1.1786,5693
2007-01-25,1.1784,1.1833,1.1729,1.1827,5963
2007-01-26,1.1829,1.1842,1.178,1.1795,5199
2007-01-28,1.1793,1.1798,1.1788,1.1796,55
2007-01-29,1.1793,1.1844999999999999,1.1788,1.1822,3335
2007-01-30,1.1823,1.184,1.1785,1.1793,4106
2007-01-31,1.1791,1.1842,1.1747,1.1766,4981
2007-02-01,1.1752,1.1801,1.1735,1.1783,4677
2007-02-02,1.1791,1.1869,1.1776,1.1842,5046
2007-02-04,1.1841,1.1843,1.184,1.1842,18
2007-02-05,1.1841,1.1863,1.1804999999999999,1.181,3885
2007-02-06,1.1813,1.1842,1.1807,1.1823,3285
2007-02-07,1.1824,1.1858,1.1813,1.1844999999999999,3504
2007-02-08,1.185,1.1874,1.1817,1.1823,3304
2007-02-09,1.1822,1.1847,1.1713,1.1721,4193
2007-02-11,1.1733,1.1737,1.1729,1.1736,62
2007-02-12,1.1733,1.1767,1.1706,1.1755,4044
2007-02-13,1.1756,1.1767,1.1658,1.1668,4467
2007-02-14,1.1669,1.1687,1.1642000000000001,1.1658,4353
2007-02-15,1.1657,1.167,1.1618,1.1629,4696
2007-02-16,1.1627,1.1653,1.1622,1.1632,3424
2007-02-18,1.1638,1.1639,1.1635,1.1637,33
2007-02-19,1.1638,1.1659,1.163,1.1642000000000001,2440
2007-02-20,1.1643,1.1714,1.1633,1.1699,3853
2007-02-21,1.1698,1.1711,1.1593,1.1601,4290
2007-02-22,1.1602999999999999,1.1631,1.1591,1.1614,3725
2007-02-23,1.1619,1.1627,1.1562999999999999,1.1594,2988
2007-02-26,1.159,1.161,1.1573,1.1602000000000001,3337
2007-02-27,1.1602000000000001,1.1673,1.1587,1.1668,4931
2007-02-28,1.1669,1.1736,1.1655,1.17,5741
2007-03-01,1.1701,1.1747,1.167,1.1718,4617
2007-03-02,1.1724,1.1773,1.1705,1.177,3933
2007-03-04,1.1771,1.1773,1.1758,1.1772,71
2007-03-05,1.1771,1.1824,1.1754,1.1802,4715
2007-03-06,1.1811,1.1812,1.1728,1.1755,5430
2007-03-07,1.1756,1.1795,1.1743000000000001,1.1775,4652
2007-03-08,1.1782,1.1814,1.1763,1.1794,3802
2007-03-09,1.1799,1.1808,1.1702,1.1723,4804
2007-03-11,1.1719,1.172,1.1716,1.1718,46
2007-03-12,1.1719,1.1733,1.1681,1.171,4132
2007-03-13,1.1712,1.1752,1.1679,1.1739,4196
2007-03-14,1.1733,1.1776,1.172,1.1751,4606
2007-03-15,1.1757,1.1779,1.173,1.1757,3742
2007-03-16,1.1758,1.1768,1.1711,1.1755,4347
2007-03-18,1.1764000000000001,1.1764000000000001,1.1752,1.1761,60
2007-03-19,1.1762,1.1781,1.174,1.1752,3873
2007-03-20,1.1768,1.1787,1.1599,1.16,5661
2007-03-21,1.1601,1.1631,1.1534,1.1564,5302
2007-03-22,1.1562999999999999,1.1591,1.1554,1.1576,4180
2007-03-23,1.1577,1.161,1.1556,1.1604,3507
2007-03-25,1.1607,1.1613,1.1605,1.1611,40
2007-03-26,1.161,1.1634,1.1591,1.1609,3789
2007-03-27,1.1606,1.1615,1.1552,1.1564,4542
2007-03-28,1.1562999999999999,1.1606,1.1555,1.1592,4446
2007-03-29,1.159,1.1613,1.1567,1.1584,3694
2007-03-30,1.1585,1.1591,1.1498,1.1538,5255
2007-04-01,1.152,1.153,1.1519,1.153,64
2007-04-02,1.1527,1.1569,1.1511,1.1565,4185
2007-04-03,1.1561,1.1598,1.1548,1.1589,3820
2007-04-04,1.1586,1.1593,1.1543,1.1587,3844
2007-04-05,1.1586,1.1593,1.1485,1.1509,4050
2007-04-06,1.1512,1.1531,1.1496,1.1511,1818
2007-04-08,1.1503,1.1508,1.1502,1.1508,38
2007-04-09,1.1503,1.153,1.1502,1.1525,2551
2007-04-10,1.1526,1.1528,1.1456,1.1471,4536
2007-04-11,1.1469,1.1478,1.1379,1.138,4321
2007-04-12,1.1383,1.141,1.1336,1.1344,4449
2007-04-13,1.1343,1.1394,1.1329,1.1376,4264
2007-04-15,1.1364,1.1366,1.1360999999999999,1.1363,51
2007-04-16,1.1360999999999999,1.1367,1.13,1.1323,3810
2007-04-17,1.1324,1.1342,1.1287,1.1314,4232
2007-04-18,1.1312,1.1339,1.1263,1.1275,4117
2007-04-19,1.127,1.1307,1.1235,1.1289,4707
2007-04-20,1.1288,1.13,1.1211,1.1236,4341
2007-04-22,1.1223,1.1225,1.1219,1.1221,45
2007-04-23,1.1223,1.1243,1.1214,1.1217,3741
2007-04-24,1.1219,1.1246,1.1191,1.1214,4799
2007-04-25,1.1214,1.1227,1.1133,1.115,4549
2007-04-26,1.1149,1.1223,1.1142,1.1219999999999999,4779
2007-04-27,1.1221,1.1227,1.1128,1.1162,4786
2007-04-29,1.1153,1.1162,1.1152,1.1159,32
2007-04-30,1.116,1.1195,1.1046,1.1097,5001
2007-05-01,1.1094,1.1117,1.1047,1.1116,4860
2007-05-02,1.1115,1.1142,1.1062,1.1087,4678
2007-05-03,1.1086,1.1089,1.1053,1.1076,3888
2007-05-04,1.1075,1.1083,1.1031,1.1076,4209
2007-05-06,1.107,1.107,1.1067,1.107,17
2007-05-07,1.107,1.1073,1.1005,1.1021,3429
2007-05-08,1.1021,1.1067,1.1004,1.1056,4087
2007-05-09,1.1055,1.1092,1.1042,1.106,4382
2007-05-10,1.1061,1.1126,1.105,1.1118,4484
2007-05-11,1.1118999999999999,1.1167,1.109,1.1104,5010
2007-05-13,1.1108,1.1117,1.1107,1.1115,52
2007-05-14,1.1108,1.1125,1.1054,1.106,3865
2007-05-15,1.1059,1.1071,1.0963,1.0981,5024
2007-05-16,1.0982,1.1062,1.0967,1.1031,4695
2007-05-17,1.1029,1.1053,1.0966,1.0993,4522
2007-05-18,1.0994,1.0999,1.0875,1.0884,5295
2007-05-20,1.0887,1.0889,1.0885,1.0887,15
2007-05-21,1.0887,1.0896,1.0822,1.085,4513
2007-05-22,1.0851,1.0877,1.0828,1.0872,4920
2007-05-23,1.0867,1.0887,1.0812,1.0833,4231
2007-05-24,1.0829,1.0852,1.0802,1.0842,4450
2007-05-25,1.0846,1.0869,1.0775,1.0802,4216
2007-05-27,1.0796000000000001,1.0801,1.0788,1.079,34
2007-05-28,1.0796000000000001,1.0812,1.079,1.0796000000000001,1733
2007-05-29,1.08,1.0834,1.0709,1.0733,5014
2007-05-30,1.0734,1.0757,1.0686,1.0739,4859
2007-05-31,1.074,1.0745,1.0664,1.0699,4952
2007-06-01,1.07,1.0709,1.0598,1.0606,4258
2007-06-03,1.0611,1.0613,1.0608,1.061,40
2007-06-04,1.0609,1.0619,1.0547,1.0573,4322
2007-06-05,1.0574,1.0637,1.0562,1.0621,4606
2007-06-06,1.0623,1.0633,1.0561,1.0583,4897
2007-06-07,1.0584,1.0664,1.0561,1.0648,5075
2007-06-08,1.0649,1.0712,1.0593,1.0606,5480
2007-06-10,1.0609,1.0613,1.0608,1.0612,88
2007-06-11,1.0609,1.0633,1.0593,1.0596,3758
2007-06-12,1.0597,1.068,1.0588,1.0669,4376
2007-06-13,1.0667,1.0738,1.0645,1.0671,5786
2007-06-14,1.0669,1.069,1.0645,1.0678,4626
2007-06-15,1.0675,1.069,1.0602,1.0677,5300
2007-06-17,1.0679,1.0686,1.0671,1.068,68
2007-06-18,1.0679,1.0751,1.065,1.0711,4900
2007-06-19,1.071,1.0721,1.0614,1.0623,4794
2007-06-20,1.0625,1.0686,1.0617,1.0675,4416
2007-06-21,1.0674,1.0757,1.0643,1.0741,4879
2007-06-22,1.0738,1.0749,1.0664,1.0682,4809
2007-06-24,1.0686,1.0688,1.0682,1.0684,26
2007-06-25,1.0683,1.073,1.0678,1.07,4130
2007-06-26,1.0701,1.0724,1.067,1.07,4506
2007-06-27,1.0699,1.0733,1.0692,1.0695999999999999,4912
2007-06-28,1.0697,1.0705,1.0575,1.0593,5687
2007-06-29,1.0593,1.0658,1.0468,1.0652,7185
2007-07-01,1.0625,1.0627,1.0621,1.0623,32
2007-07-02,1.0625,1.0636,1.0526,1.0556,4722
2007-07-03,1.0551,1.0634,1.054,1.0602,4534
2007-07-04,1.0601,1.0612,1.0557,1.0574,3633
2007-07-05,1.0573,1.0591,1.0554,1.0562,4092
2007-07-06,1.056,1.0568,1.046,1.0493,5093
2007-07-08,1.0485,1.0493,1.0481,1.0492,46
2007-07-09,1.0493,1.0502,1.0444,1.0489,3984
2007-07-10,1.0488,1.0561,1.0476,1.0545,6275
2007-07-11,1.0543,1.061,1.0534,1.0549,4938
2007-07-12,1.0547,1.055,1.0448,1.0455,4932
2007-07-13,1.045,1.0497,1.0446,1.0475,3982
2007-07-15,1.0478,1.0483,1.0477,1.0478,37
2007-07-16,1.0479,1.0483,1.0415,1.0436,3791
2007-07-17,1.0438,1.0452,1.0419,1.0432,4061
2007-07-18,1.0432,1.0477,1.0399,1.044,5513
2007-07-19,1.0441,1.0465,1.0411,1.0433,3595
2007-07-20,1.0434,1.0496,1.0412,1.0484,4005
2007-07-22,1.0486,1.0486,1.0477,1.0479,53
2007-07-23,1.0486,1.0486,1.0424,1.0467,4608
2007-07-24,1.0466,1.0473,1.0339,1.037,5509
2007-07-25,1.0372,1.0448,1.0339,1.0418,5300
2007-07-26,1.0419,1.057,1.0403,1.0535,6289
2007-07-27,1.0536,1.0646,1.0523,1.064,7774
2007-07-29,1.0644,1.065,1.064,1.064,57
2007-07-30,1.0641,1.0698,1.0638,1.0654,5677
2007-07-31,1.0655000000000001,1.0682,1.0583,1.0669,6705
2007-08-01,1.0666,1.0698,1.055,1.0561,6451
2007-08-02,1.0561,1.0597,1.0507,1.0528,6217
2007-08-03,1.0527,1.0575,1.05,1.0568,5616
2007-08-06,1.0565,1.0588,1.0488,1.0505,4631
2007-08-07,1.0507,1.0573,1.0504,1.0547,4061
2007-08-08,1.0549,1.0565,1.0461,1.0481,3917
2007-08-09,1.0482,1.0642,1.0469,1.058,6474
2007-08-10,1.0577,1.0617,1.0514000000000001,1.053,5797
2007-08-13,1.0538,1.0562,1.0484,1.054,3965
2007-08-14,1.0541,1.0684,1.0541,1.0675,6264
2007-08-15,1.0672,1.0803,1.0672,1.08,7672
2007-08-16,1.0799,1.0866,1.0673,1.0756000000000001,10886
2007-08-17,1.0757,1.0793,1.0551,1.0597,8207
2007-08-20,1.0611,1.0625,1.053,1.0547,5803
2007-08-21,1.0545,1.069,1.0545,1.0638,6095
2007-08-22,1.0637,1.0664,1.0572,1.0614,4581
2007-08-23,1.0615,1.0615,1.0474,1.0528,6059
2007-08-24,1.0531,1.0566,1.0491,1.0519,4606
2007-08-27,1.0521,1.0549,1.0469,1.0545,3069
2007-08-28,1.0543,1.0656,1.0533,1.0654,5184
2007-08-29,1.0652,1.0676,1.0565,1.0596,5714
2007-08-30,1.0594,1.066,1.0543,1.0575,5508
2007-08-31,1.0574,1.0592,1.0506,1.0555,5721
2007-09-03,1.0555,1.056,1.0516,1.053,2843
2007-09-04,1.0531,1.0568,1.048,1.0491,4408
2007-09-05,1.0495,1.0564,1.0484,1.0538,4501
2007-09-06,1.0537,1.058,1.0505,1.0515,4640
2007-09-07,1.0513,1.0575,1.0471,1.0549,4350
2007-09-10,1.0543,1.0589,1.0506,1.052,4738
2007-09-11,1.0519,1.053,1.0409,1.0421,8034
2007-09-12,1.0422,1.0442,1.0354,1.0369,6409
2007-09-13,1.0366,1.0378,1.0312,1.0352,5669
2007-09-14,1.035,1.0356,1.0277,1.0298,4755
2007-09-17,1.0303,1.0311,1.0238,1.0276,4099
2007-09-18,1.0277,1.0288,1.0124,1.0137,5910
2007-09-19,1.0136,1.0175,1.008,1.0143,6936
2007-09-20,1.0149,1.0151,0.9991,1.0016,6575
2007-09-21,1.0018,1.0056,0.9936,1.0006,6318
2007-09-24,0.9998,1.003,0.9969,1.0019,4650
2007-09-25,1.002,1.0064,0.9997,1.0036,5130
2007-09-26,1.0038,1.0094,1.0022,1.0042,5772
2007-09-27,1.0044,1.0052,0.9977,1.0012,5278
2007-09-28,1.0015,1.0019,0.9912,0.9921,5842
2007-10-01,0.9925,0.9956,0.9908,0.9915,4582
2007-10-02,0.9916,1.001,0.9916,0.9984,5449
2007-10-03,0.9987,0.9991,0.9934,0.9977,4851
2007-10-04,0.998,1.0015,0.9962,0.9969,5143
2007-10-05,0.9964,0.9982,0.9787,0.9805,6081
2007-10-08,0.9812,0.9876,0.9804,0.9859,3488
2007-10-09,0.9864,0.9894,0.9792,0.981,4489
2007-10-10,0.9814,0.9832,0.979,0.9816,4564
2007-10-11,0.9819,0.9824,0.9728,0.9755,4925
2007-10-12,0.9756,0.9796,0.9716,0.9717,4339
2007-10-15,0.9718,0.9776,0.97,0.976,4045
2007-10-16,0.9764,0.9814,0.9743,0.979,6554
2007-10-17,0.9789,0.982,0.9727,0.9738,5291
2007-10-18,0.9736,0.9777,0.9719,0.9739,5869
2007-10-19,0.9736,0.9754,0.9632,0.9667,4778
2007-10-22,0.9663,0.9824,0.966,0.978,7173
2007-10-23,0.9782,0.9785,0.9625,0.9657,6157
2007-10-24,0.9658,0.9732,0.9642,0.9683,5625
2007-10-25,0.9682,0.9698,0.9612,0.9656,5658
2007-10-26,0.9653,0.9667,0.9588,0.9621,4579
2007-10-29,0.9613,0.9626,0.9514,0.9536,5769
2007-10-30,0.9537,0.9573,0.9512,0.9531,4574
2007-10-31,0.9532,0.9564,0.9418,0.9442,6604
2007-11-01,0.9446,0.9521,0.9422,0.9505,8328
2007-11-02,0.9508,0.9515,0.9325,0.9343,7366
2007-11-05,0.9358,0.9369,0.9304,0.9329,4920
2007-11-06,0.9334,0.9337,0.9157,0.9161,5932
2007-11-07,0.9162,0.9402,0.9056,0.9348,9943
2007-11-08,0.9349,0.9391,0.9236,0.9336,9543
2007-11-09,0.9338,0.9446,0.9251,0.9446,8932
2007-11-12,0.9466,0.9723,0.9432,0.9701,8857
2007-11-13,0.97,0.9718,0.9521,0.9581,8970
2007-11-14,0.9579,0.9675,0.9511,0.9661,7858
2007-11-15,0.9663,0.9887,0.9603,0.9879,8706
2007-11-16,0.9876,0.9883,0.9704,0.9734,7422
2007-11-19,0.9753,0.9852,0.9703,0.9843,6835
2007-11-20,0.9842,0.9862,0.9742,0.9782,8338
2007-11-21,0.9783,0.9923,0.9781,0.9868,7052
2007-11-22,0.9871,0.9883,0.9789,0.9842,4605
2007-11-23,0.9841,0.9897,0.98,0.988,4715
2007-11-26,0.9862,0.9913,0.9799,0.9897,4650
2007-11-27,0.9896,1.0,0.982,0.9961,8928
2007-11-28,0.9966,0.9997,0.9841,0.9857,6741
2007-11-29,0.9856,0.9993,0.9834,0.9976,6543
2007-11-30,0.9975,1.0017,0.9922,0.999,5470
2007-12-03,0.9993,1.004,0.9974,1.0,4630
2007-12-04,1.0001,1.0152,0.9992,1.012,5439
2007-12-05,1.0118,1.0213,1.0091,1.0101,6388
2007-12-06,1.0103,1.0192,1.0074,1.0084,5616
2007-12-07,1.0085,1.0147,1.0006,1.0051,5859
2007-12-10,1.0042,1.0118,1.0004,1.0058,4156
2007-12-11,1.0062,1.0164,1.0038,1.0137,5628
2007-12-12,1.0139,1.0175,1.0054,1.0131000000000001,5795
2007-12-13,1.0122,1.0233,1.0094,1.0209,5579
2007-12-14,1.0208,1.0248,1.0126,1.017,5953
2007-12-17,1.0178,1.0225,1.0027,1.0034,6356
2007-12-18,1.0043,1.0143,1.0012,1.0059,5913
2007-12-19,1.0058,1.009,1.0011,1.0021,5410
2007-12-20,1.0025,1.0047,0.9953,0.9997,3821
2007-12-21,0.9998,1.0009,0.991,0.9915,5652
2007-12-24,0.9919,0.9931,0.984,0.9845,3417
2007-12-26,0.9858,0.9868,0.9802,0.9804,2092
2007-12-27,0.981,0.9852,0.9784,0.981,4261
2007-12-28,0.9809,0.985,0.9756,0.9816,4029
2007-12-31,0.9801,0.988,0.9765,0.9879,2449
2008-01-02,0.9919,0.997,0.986,0.9939,4330
2008-01-03,0.9938,0.9965,0.9872,0.9884,5094
2008-01-04,0.9889,1.0042,0.9841,1.0026,6629
2008-01-07,1.0023,1.0078,0.9968,1.0046,5720
2008-01-08,1.005,1.0074,0.9965,1.0042,5578
2008-01-09,1.0046,1.012,1.0019,1.0099,5668
2008-01-10,1.0101,1.015,1.0052,1.0099,6205
2008-01-11,1.0101,1.0219,1.0067,1.0187,6414
2008-01-14,1.02,1.0211,1.0147,1.0171,4607
2008-01-15,1.017,1.0198,1.0124,1.0187,4841
2008-01-16,1.0191,1.0282,1.0153,1.0242,6939
2008-01-17,1.0243,1.0307,1.0181,1.0288,6184
2008-01-18,1.0286,1.0303,1.0215,1.0271,5377
2008-01-21,1.0266,1.0356,1.0262,1.0355,4590
2008-01-22,1.0356,1.0378,1.0206,1.0274,9299
2008-01-23,1.0273,1.0316,1.0221,1.0237,6759
2008-01-24,1.024,1.0255,1.0015,1.0022,10087
2008-01-25,1.0028,1.0107,1.0021,1.008,6322
2008-01-28,1.0079,1.0118,1.0021,1.0041,4155
2008-01-29,1.0038,1.0069,0.9943,0.9982,5758
2008-01-30,0.9993,1.0,0.9871,0.9947,6456
2008-01-31,0.9948,1.0086,0.9924,1.0023,7056
2008-02-01,1.002,1.0035,0.9917,0.9951,6981
2008-02-04,0.994,1.0012,0.9921,0.9939,4377
2008-02-05,0.994,1.0082,0.9931,1.0076,6066
2008-02-06,1.0082,1.0101,1.0006,1.0062,5473
2008-02-07,1.0061,1.0126,1.0046,1.0089,5701
2008-02-08,1.0094,1.0103,0.9947,0.9989,5951
2008-02-11,0.9992,1.0033,0.9956,1.0016,4521
2008-02-12,1.0018,1.0042,0.9937,1.0001,5531
2008-02-13,1.0,1.0027,0.9964,0.9976,4296
2008-02-14,0.9974,1.0015,0.9936,0.9997,4871
2008-02-15,0.9998,1.0112,0.9921,1.0066,4749
2008-02-18,1.0088,1.0097,1.0048,1.0072,3070
2008-02-19,1.0075,1.0175,1.0021,1.0171,5367
2008-02-20,1.0176,1.0198,1.0105,1.0123,5390
2008-02-21,1.0122,1.0141,1.0065,1.0111,4997
2008-02-22,1.0113,1.0166,1.0071,1.0125,4449
2008-02-25,1.013,1.013,0.9947,0.9955,3724
2008-02-26,0.9962,0.9983,0.9782,0.9805,7349
2008-02-27,0.9806,0.9831,0.9758,0.9809,7108
2008-02-28,0.9808,0.982,0.9709,0.9759,6016
2008-02-29,0.9764,0.9889,0.9752,0.9877,7504
2008-03-03,0.9864,0.993,0.9826,0.9888,5817
2008-03-04,0.9894,0.9976,0.9852,0.9945,7591
2008-03-05,0.9944,0.9953,0.9834,0.9842,5789
2008-03-06,0.9843,0.9883,0.9818,0.9851,5649
2008-03-07,0.9853,0.9922,0.9742,0.9906,7642
2008-03-10,0.9902,0.9981,0.9856,0.9949,5506
2008-03-11,0.9955,0.997,0.9892,0.9916,5705
2008-03-12,0.9919,0.9935,0.9837,0.99,6209
2008-03-13,0.9902,0.9916,0.9797,0.9841,7071
2008-03-14,0.9836,0.9964,0.9816,0.9888,6947
2008-03-17,0.9865,1.0014,0.986,0.9974,8585
2008-03-18,0.9975,0.9982,0.9885,0.9903,8408
2008-03-19,0.9904,1.0173,0.9874,1.0116,8019
2008-03-20,1.0117,1.0293,1.0115,1.023,6686
2008-03-21,1.0229,1.0263,1.0222,1.0233,2806
2008-03-24,1.0261,1.0307,1.0156,1.0188,4416
2008-03-25,1.019,1.0221,1.0125,1.0175,7072
2008-03-26,1.0173,1.0204,1.0094,1.0178,5621
2008-03-27,1.0179,1.0232,1.0124,1.0158,6131
2008-03-28,1.0157,1.0225,1.0141,1.0224,4838
2008-03-31,1.0225,1.0292,1.0191,1.0257,5669
2008-04-01,1.0263,1.0326,1.0206,1.0225,7443
2008-04-02,1.023,1.0242,1.0129,1.0145,5379
2008-04-03,1.0144,1.0166,1.0027,1.0044,6026
2008-04-04,1.0043,1.0103,1.0018,1.0084,6206
2008-04-07,1.0094,1.0152,1.0038,1.0138,3698
2008-04-08,1.0139,1.0173,1.0105,1.0139,4275
2008-04-09,1.0137,1.0218,1.0126,1.0185,4763
2008-04-10,1.0184,1.0223,1.0154,1.0199,5046
2008-04-11,1.0196,1.0247,1.0132,1.0233,4923
2008-04-14,1.0268,1.0273,1.0176,1.0183,4802
2008-04-15,1.0188,1.0236,1.0164,1.0179,3916
2008-04-16,1.0172,1.0185,1.0,1.0004,5894
2008-04-17,1.0003,1.0141,0.9987,1.0105,6707
2008-04-18,1.0108,1.0144,1.0025,1.004,5659
2008-04-21,1.0048,1.0092,0.9997,1.0057,4269
2008-04-22,1.0059,1.0153,1.0023,1.0074,5678
2008-04-23,1.0073,1.0214,1.0059,1.0169,4601
2008-04-24,1.0173,1.0211,1.012,1.0143,5351
2008-04-25,1.014,1.0203,1.012,1.0135,5153
2008-04-28,1.0129,1.0181,1.0065,1.0135,5200
2008-04-29,1.0132,1.0164,1.0108,1.0132,4713
2008-04-30,1.0131000000000001,1.0141,1.0036,1.0061,6603
2008-05-01,1.0065,1.0235,1.0061,1.0195,6067
2008-05-02,1.0194,1.0242,1.0146,1.0193,5404
2008-05-05,1.0198,1.0198,1.012,1.0122,2934
2008-05-06,1.0125,1.0144,0.9998,1.0025,5940
2008-05-07,1.0026,1.0097,1.0004,1.0096,5231
2008-05-08,1.0093,1.0176,1.0079,1.0173,6610
2008-05-09,1.0172,1.0175,1.0044,1.0051,5506
2008-05-12,1.0067,1.0105,1.0023,1.0055,4038
2008-05-13,1.0048,1.0093,0.9985,1.0037,4913
2008-05-14,1.004,1.0067,0.9962,1.0025,5801
2008-05-15,1.0029,1.0059,0.9991,1.0001,5126
2008-05-16,1.0004,1.0019,0.9943,0.9991,6347
2008-05-19,0.9995,0.9998,0.9898,0.9916,4263
2008-05-20,0.9914,0.9952,0.9873,0.9916,6311
2008-05-21,0.9917,0.9924,0.9818,0.9828,6068
2008-05-22,0.9829,0.9874,0.9827,0.9848,4824
2008-05-23,0.9847,0.9898,0.9834,0.9897,4625
2008-05-26,0.9884,0.993,0.9861,0.9922,2734
2008-05-27,0.992,0.9949,0.9868,0.9943,5921
2008-05-28,0.9944,0.9957,0.9888,0.9896,5957
2008-05-29,0.9897,0.992,0.9823,0.9895,6546
2008-05-30,0.9896,0.9978,0.9873,0.9933,6817
2008-06-02,0.9949,1.0025,0.9927,1.0014,5744
2008-06-03,1.0015,1.0096,0.9967,1.0094,5928
2008-06-04,1.0089,1.0189,1.0076,1.0169,6183
2008-06-05,1.0166,1.0219,1.0141,1.0174,6583
2008-06-06,1.0176,1.0215,1.016,1.0195,5553
2008-06-09,1.0185,1.024,1.015,1.0225,5153
2008-06-10,1.0223,1.0322,1.0195,1.0215,6673
2008-06-11,1.0217,1.0244,1.0152,1.0198,6097
2008-06-12,1.0195,1.0277,1.0192,1.0232,5045
2008-06-13,1.023,1.0296,1.0217,1.0292,4281
2008-06-16,1.0289,1.0298,1.0196,1.0242,4531
2008-06-17,1.024,1.0246,1.0166,1.019,5289
2008-06-18,1.0191,1.021,1.0166,1.0174,4260
2008-06-19,1.0173,1.0187,1.0109,1.0149,4643
2008-06-20,1.015,1.0194,1.01,1.0162,4578
2008-06-23,1.0166,1.0191,1.0131000000000001,1.0156,4083
2008-06-24,1.0153,1.0172,1.011,1.012,3607
2008-06-25,1.0122,1.0141,1.0087,1.0091,4594
2008-06-26,1.0093,1.0142,1.0081,1.0133,4769
2008-06-27,1.0132,1.0136,1.0048,1.0108,5686
2008-06-30,1.0115,1.0216,1.0061,1.0206,7025
2008-07-01,1.0201,1.0238,1.0141,1.0213,5227
2008-07-02,1.0216,1.0228,1.0087,1.011,6330
2008-07-03,1.0111,1.0218,1.0111,1.0181,5374
2008-07-04,1.0182,1.0204,1.014,1.0195,2700
2008-07-07,1.0191,1.023,1.0149,1.0163,5146
2008-07-08,1.016,1.023,1.0156,1.0189,5912
2008-07-09,1.019,1.0198,1.0097,1.0116,5518
2008-07-10,1.0115,1.0136,1.0076,1.0083,4815
2008-07-11,1.0084,1.0178,1.0067,1.0091,6711
2008-07-14,1.0072,1.0138,1.0042,1.0066,5152
2008-07-15,1.0065,1.0068,0.9974,1.0013,6598
2008-07-16,1.0016,1.0048,0.9995,1.0012,5040
2008-07-17,1.0014,1.008,0.9977,1.005,5848
2008-07-18,1.0053,1.0077,1.0021,1.0056,5153
2008-07-21,1.0066,1.0072,0.999,0.9996,4044
2008-07-22,0.9997,1.0115,0.9997,1.0074,6559
2008-07-23,1.0077,1.0118,1.0056,1.0114,6870
2008-07-24,1.0113,1.0168,1.0076,1.0153,7396
2008-07-25,1.0157,1.0206,1.0128,1.0196,6874
2008-07-28,1.0191,1.0242,1.0173,1.0221,5308
2008-07-29,1.0218,1.0272,1.0205,1.0237,5205
2008-07-30,1.0236,1.0269,1.0218,1.0231,5124
2008-07-31,1.0235,1.0264,1.0213,1.023,5977
2008-08-01,1.0232,1.0295,1.0229,1.0271,5895
2008-08-04,1.0265,1.037,1.0262,1.0365,5348
2008-08-05,1.0367,1.0451,1.036,1.0426,7287
2008-08-06,1.0432,1.0493999999999999,1.0399,1.0479,5448
2008-08-07,1.0476,1.0536,1.0446,1.0523,5353
2008-08-08,1.0524,1.0695999999999999,1.0515,1.0665,8132
2008-08-11,1.0678,1.0716,1.0612,1.0692,5663
2008-08-12,1.0693,1.0727,1.0614,1.0641,7151
2008-08-13,1.0648,1.0714,1.0613,1.0621,7615
2008-08-14,1.0622,1.0655000000000001,1.0562,1.0649,7250
2008-08-15,1.065,1.0692,1.0581,1.0591,6677
2008-08-18,1.0592,1.0646,1.0543,1.0644,5369
2008-08-19,1.0642,1.0668,1.0593,1.0612,5392
2008-08-20,1.0608,1.0651,1.0576,1.0601,4981
2008-08-21,1.0606,1.0606,1.0423,1.0441,6839
2008-08-22,1.044,1.0485,1.0419,1.0469,4203
2008-08-25,1.0479,1.0519,1.0439,1.0505,4885
2008-08-26,1.0508,1.056,1.041,1.0483,7498
2008-08-27,1.0484,1.0493999999999999,1.0426,1.0473,5525
2008-08-28,1.047,1.0536,1.0432,1.0513,5876
2008-08-29,1.0514000000000001,1.0641,1.047,1.0639,6696
2008-09-01,1.0616,1.069,1.0613,1.0679,4590
2008-09-02,1.068,1.0747,1.066,1.0671,8091
2008-09-03,1.067,1.0776,1.0575,1.0611,7777
2008-09-04,1.0612,1.0718,1.0543,1.0715,9172
2008-09-05,1.0714,1.0727,1.06,1.0621,11764
2008-09-08,1.0559,1.0713,1.0551,1.0662,9241
2008-09-09,1.0664,1.0726,1.0602,1.0721,8122
2008-09-10,1.072,1.0742,1.0656,1.074,9515
2008-09-11,1.0739,1.0819,1.0698,1.0741,8790
2008-09-12,1.0739,1.076,1.0586,1.0599,10613
2008-09-15,1.0639,1.075,1.057,1.0689,11423
2008-09-16,1.0691,1.0747,1.0668,1.0716,11345
2008-09-17,1.0715,1.0808,1.0615,1.0722,12149
2008-09-18,1.0697,1.0726,1.0577,1.0579,11778
2008-09-19,1.0578,1.0667,1.0429,1.046,11717
2008-09-22,1.0481,1.0514000000000001,1.0314,1.035,9512
2008-09-23,1.0343,1.0396,1.0304,1.0376,7498
2008-09-24,1.0372,1.0391,1.0312,1.0384,7551
2008-09-25,1.0382,1.0383,1.0297,1.0329,7077
2008-09-26,1.033,1.0372,1.0314,1.0334,6598
2008-09-29,1.0359,1.046,1.0334,1.0453,8986
2008-09-30,1.0454,1.066,1.044,1.0629,10358
2008-10-01,1.0632,1.0659,1.0546,1.0626,10330
2008-10-02,1.0628,1.0808,1.0621,1.079,10761
2008-10-03,1.0788,1.0842,1.0725,1.0825,10833
2008-10-06,1.0844,1.1089,1.0814,1.104,14139
2008-10-07,1.1017,1.1085,1.0951,1.1038000000000001,13284
2008-10-08,1.104,1.1291,1.0995,1.1259000000000001,15917
2008-10-09,1.126,1.1507,1.1187,1.1471,13312
2008-10-10,1.147,1.2123,1.146,1.173,20142
2008-10-13,1.1684,1.1795,1.1447,1.1464,13968
2008-10-14,1.1463,1.1648,1.1304,1.1613,19167
2008-10-15,1.1612,1.1921,1.1537,1.1908,15169
2008-10-16,1.1903,1.1995,1.1756,1.1786,16361
2008-10-17,1.1787,1.1929,1.1773,1.1824,11447
2008-10-20,1.1826,1.1981,1.174,1.1926,9683
2008-10-21,1.1928,1.2207,1.1908,1.2128,11287
2008-10-22,1.2131,1.2596,1.2105,1.2551,14965
2008-10-23,1.2551999999999999,1.274,1.2429999999999999,1.2442,18478
2008-10-24,1.2443,1.2839,1.2443,1.2772999999999999,21358
2008-10-27,1.2751000000000001,1.2981,1.2705,1.2978,16233
2008-10-28,1.2979,1.3014999999999999,1.2690000000000001,1.2704,18666
2008-10-29,1.2705,1.2868,1.2126000000000001,1.2223,24435
2008-10-30,1.2226,1.2254,1.1903,1.2006000000000001,23558
2008-10-31,1.2005,1.2375,1.1941,1.2123,24020
2008-11-03,1.211,1.2114,1.1783,1.1812,12616
2008-11-04,1.1807,1.1892,1.1473,1.1494,11533
2008-11-05,1.149,1.1696,1.1464,1.1696,13573
2008-11-06,1.1694,1.1983,1.1612,1.1973,14993
2008-11-07,1.1971,1.2022,1.1669,1.1891,17681
2008-11-10,1.1817,1.199,1.1659,1.1948,13598
2008-11-11,1.1945999999999999,1.2098,1.189,1.2065,10468
2008-11-12,1.2064,1.2409,1.1984,1.2398,15441
2008-11-13,1.2393,1.2445,1.2091,1.2103,17380
2008-11-14,1.2105,1.2368000000000001,1.2104,1.2368000000000001,18070
2008-11-17,1.2381,1.2422,1.2109,1.2293,15719
2008-11-18,1.2292,1.2385,1.2177,1.2321,14411
2008-11-19,1.2316,1.2551,1.2282,1.2530999999999999,12433
2008-11-20,1.2535,1.2976,1.2526,1.296,14923
2008-11-21,1.2971,1.2983,1.2666,1.2666,14134
2008-11-24,1.2664,1.2772999999999999,1.2239,1.2308,14572
2008-11-25,1.2309,1.2478,1.2125,1.2288000000000001,15707
2008-11-26,1.2287,1.2411,1.2159,1.232,12751
2008-11-27,1.2321,1.2372,1.2234,1.2321,7390
2008-11-28,1.2318,1.2466,1.231,1.2394,15781
2008-12-01,1.2368000000000001,1.2511,1.2304,1.2468,11243
2008-12-02,1.2469999999999999,1.2579,1.2381,1.2486,11320
2008-12-03,1.2487,1.2667,1.2467,1.2525,10691
2008-12-04,1.2524,1.2798,1.2515,1.2771,13473
2008-12-05,1.2770000000000001,1.3004,1.2656,1.2705,12239
2008-12-08,1.2737,1.2752,1.2446,1.2508,11586
2008-12-09,1.2509000000000001,1.2743,1.2502,1.2582,10528
2008-12-10,1.2583,1.2666,1.2488,1.26,10140
2008-12-11,1.2601,1.2607,1.216,1.2358,10377
2008-12-12,1.2353,1.2511,1.2285,1.2482,10486
2008-12-15,1.2456,1.2463,1.223,1.2323,12154
2008-12-16,1.2328000000000001,1.2374,1.1985999999999999,1.2054,11013
2008-12-17,1.2061,1.2119,1.1905999999999999,1.1915,13089
2008-12-18,1.1914,1.2118,1.1818,1.2072,14021
2008-12-19,1.207,1.2394,1.2029,1.2152,15231
2008-12-22,1.2174,1.2219,1.1985000000000001,1.221,12456
2008-12-23,1.2209,1.2251,1.2046000000000001,1.2202,10697
2008-12-24,1.22,1.221,1.208,1.213,6311
2008-12-26,1.2172,1.2223,1.2145,1.2218,2651
2008-12-29,1.2203,1.2225,1.2074,1.2222,8800
2008-12-30,1.2221,1.2338,1.2139,1.2147999999999999,9839
2008-12-31,1.2147000000000001,1.2342,1.2105,1.2184,7758
2009-01-02,1.2202,1.227,1.2057,1.2058,10923
2009-01-05,1.2054,1.2223,1.1865999999999999,1.191,15937
2009-01-06,1.1911,1.1999,1.1761,1.184,16163
2009-01-07,1.1839,1.1999,1.1775,1.193,15527
2009-01-08,1.1931,1.207,1.177,1.1793,15455
2009-01-09,1.1794,1.1967,1.1792,1.1851,18485
2009-01-12,1.1898,1.2197,1.1881,1.2177,18056
2009-01-13,1.218,1.2339,1.2154,1.224,20273
2009-01-14,1.2241,1.2495,1.2104,1.2476,22563
2009-01-15,1.2477,1.2671999999999999,1.2413,1.2530999999999999,21252
2009-01-16,1.2534,1.2576,1.2316,1.2429000000000001,22789
2009-01-19,1.2377,1.2572,1.2375,1.2536,17221
2009-01-20,1.2535,1.2696,1.2529,1.2658,21160
2009-01-21,1.2657,1.2765,1.2543,1.256,23756
2009-01-22,1.2559,1.274,1.2517,1.2523,21769
2009-01-23,1.2517,1.2650000000000001,1.2268,1.231,21268
2009-01-26,1.2339,1.2385,1.214,1.2215,47759
2009-01-27,1.2214,1.2328999999999999,1.2152,1.2245,68805
2009-01-28,1.2244,1.2298,1.2024,1.2112,69407
2009-01-29,1.2111,1.2266,1.2109,1.226,60277
2009-01-30,1.2261,1.2415,1.2211,1.2293,71851
2009-02-02,1.2273,1.2463,1.2258,1.2453,49255
2009-02-03,1.2453,1.2521,1.2291,1.2314,55099
2009-02-04,1.2315,1.2435,1.2224,1.2322,60261
2009-02-05,1.2322,1.2379,1.2226,1.2324,56628
2009-02-06,1.2323,1.2537,1.2187000000000001,1.2191,52293
2009-02-09,1.2187000000000001,1.2296,1.213,1.2174,23130
2009-02-10,1.2173,1.2492,1.2167,1.2432,21367
2009-02-11,1.2431,1.2530999999999999,1.2382,1.2404,18698
2009-02-12,1.2399,1.2547,1.2389999999999999,1.242,18420
2009-02-13,1.2425,1.2463,1.2279,1.2352,15570
2009-02-16,1.24,1.2486,1.2389000000000001,1.242,11374
2009-02-17,1.2423,1.2671999999999999,1.2414,1.2646,18266
2009-02-18,1.2643,1.2652,1.2529,1.2591,16919
2009-02-19,1.2591999999999999,1.2616,1.2466,1.254,15050
2009-02-20,1.2544,1.2649,1.242,1.2518,17736
2009-02-23,1.2511,1.2555,1.2356,1.2507,16331
2009-02-24,1.2506,1.2539,1.2395,1.2416,11344
2009-02-25,1.2413,1.2610999999999999,1.2398,1.2556,16553
2009-02-26,1.2555,1.2576,1.2395,1.2528000000000001,14398
2009-02-27,1.2522,1.2758,1.2517,1.2758,16661
2009-03-02,1.2770000000000001,1.2933,1.2724,1.2908,15682
2009-03-03,1.2909,1.2973,1.2807,1.2951,16419
2009-03-04,1.295,1.2965,1.2709,1.2732999999999999,16211
2009-03-05,1.2734,1.291,1.2730000000000001,1.2892000000000001,14910
2009-03-06,1.2887,1.2894999999999999,1.2764,1.2871000000000001,17258
2009-03-09,1.2841,1.3063,1.2816,1.2993000000000001,16244
2009-03-10,1.2989,1.2999,1.2724,1.2812000000000001,17252
2009-03-11,1.2809,1.2902,1.2751000000000001,1.2868,16662
2009-03-12,1.286,1.2957,1.2766,1.2799,17150
2009-03-13,1.2798,1.284,1.2624,1.2716,18825
2009-03-16,1.2779,1.2782,1.2634,1.2715,14594
2009-03-17,1.2709,1.2765,1.2674,1.2688,15293
2009-03-18,1.2689,1.2751000000000001,1.2429999999999999,1.2473,16069
2009-03-19,1.2471,1.2502,1.2191,1.24103,25783
2009-03-20,1.24102,1.2444600000000001,1.22906,1.2405,34903
2009-03-23,1.2366,1.23975,1.22005,1.2252,24300
2009-03-24,1.22495,1.23215,1.2201,1.22756,20525
2009-03-25,1.22752,1.2354,1.22191,1.23005,29344
2009-03-26,1.23016,1.23345,1.22399,1.22889,31458
2009-03-27,1.22892,1.24435,1.22645,1.2419,26665
2009-03-30,1.2409,1.2646,1.23824,1.26085,21670
2009-03-31,1.2607300000000001,1.2650000000000001,1.2500499999999999,1.2628,28117
2009-04-01,1.2627,1.27135,1.2572999999999999,1.25955,27346
2009-04-02,1.2596,1.26041,1.23346,1.23748,26248
2009-04-03,1.23745,1.24537,1.22935,1.2296,21006
2009-04-06,1.2294100000000001,1.24398,1.22243,1.23957,29877
2009-04-07,1.23948,1.24828,1.23293,1.2371,26208
2009-04-08,1.237,1.24633,1.23068,1.23603,31477
2009-04-09,1.23607,1.23999,1.22099,1.22473,30637
2009-04-10,1.22468,1.22973,1.22363,1.22563,11069
2009-04-13,1.22519,1.22978,1.21648,1.22021,23306
2009-04-14,1.2202,1.22393,1.20608,1.21393,25469
2009-04-15,1.21473,1.21848,1.20128,1.20478,30340
2009-04-16,1.2048,1.21458,1.1981,1.21008,28534
2009-04-17,1.20998,1.21778,1.2074,1.21313,23044
2009-04-20,1.21403,1.2395,1.21218,1.23818,21408
2009-04-21,1.2382,1.25038,1.23248,1.23625,25589
2009-04-22,1.23628,1.24741,1.23268,1.23878,36330
2009-04-23,1.23876,1.24136,1.22213,1.22367,34846
2009-04-24,1.22362,1.22682,1.20722,1.20941,33549
2009-04-27,1.21088,1.22168,1.20746,1.21928,32325
2009-04-28,1.21929,1.22651,1.21631,1.22038,36895
2009-04-29,1.22023,1.22181,1.19878,1.20463,32684
2009-04-30,1.20443,1.20452,1.18603,1.19402,33043
2009-05-01,1.19408,1.19516,1.18298,1.18556,28075
2009-05-04,1.18711,1.18981,1.1722299999999999,1.17241,32252
2009-05-05,1.17232,1.17897,1.16771,1.17631,35645
2009-05-06,1.17615,1.18242,1.16523,1.16722,58828
2009-05-07,1.16714,1.1762,1.16295,1.16971,58176
2009-05-08,1.16966,1.17318,1.149,1.14933,50197
2009-05-11,1.149,1.16719,1.1474199999999999,1.16693,43803
2009-05-12,1.1669100000000001,1.16965,1.15392,1.16198,49025
2009-05-13,1.16207,1.17755,1.15524,1.17375,54185
2009-05-14,1.17378,1.17871,1.16834,1.17086,44733
2009-05-15,1.17081,1.18049,1.16473,1.17748,37267
2009-05-18,1.17843,1.1814,1.16066,1.16332,28224
2009-05-19,1.16328,1.16582,1.15221,1.15578,38535
2009-05-20,1.15583,1.15829,1.13629,1.14198,43038
2009-05-21,1.14208,1.14815,1.13466,1.1366,47171
2009-05-22,1.13652,1.1367099999999999,1.11874,1.11934,45137
2009-05-25,1.12131,1.12777,1.11949,1.12358,15061
2009-05-26,1.12364,1.1354,1.11542,1.11598,46079
2009-05-27,1.11583,1.1233,1.10975,1.12208,51480
2009-05-28,1.12202,1.1256599999999999,1.11065,1.11458,54892
2009-05-29,1.11453,1.11562,1.08905,1.0908,52648
2009-06-01,1.09059,1.09445,1.07842,1.09138,52620
2009-06-02,1.09134,1.09713,1.0789900000000001,1.08157,56697
2009-06-03,1.08155,1.11436,1.07945,1.11356,60648
2009-06-04,1.11357,1.11576,1.09282,1.0985,67443
2009-06-05,1.09843,1.12064,1.09625,1.11891,56454
2009-06-08,1.12038,1.12892,1.11396,1.11593,51542
2009-06-09,1.11595,1.11942,1.09815,1.1038000000000001,55957
2009-06-10,1.10362,1.11631,1.09404,1.10937,58149
2009-06-11,1.10932,1.10933,1.09477,1.10287,55514
2009-06-12,1.10308,1.12468,1.1007,1.11876,47610
2009-06-15,1.11953,1.13756,1.11818,1.13198,48018
2009-06-16,1.13208,1.13718,1.12214,1.13519,47725
2009-06-17,1.13518,1.14476,1.12753,1.13233,51714
2009-06-18,1.13223,1.13629,1.12302,1.13223,38580
2009-06-19,1.13213,1.13624,1.12492,1.13481,35138
2009-06-22,1.1347800000000001,1.15547,1.13343,1.15338,47349
2009-06-23,1.153,1.15818,1.14632,1.14999,54848
2009-06-24,1.14993,1.15825,1.14181,1.1553499999999999,56209
2009-06-25,1.15538,1.1636199999999999,1.15239,1.15507,43342
2009-06-26,1.15504,1.15621,1.1443699999999999,1.15247,44254
2009-06-29,1.15233,1.15997,1.1508099999999999,1.15668,38632
2009-06-30,1.1566,1.16393,1.15094,1.1622,46912
2009-07-01,1.16202,1.16537,1.14391,1.14843,36200
2009-07-02,1.14834,1.16376,1.14703,1.1636,41354
2009-07-03,1.16268,1.16377,1.1561,1.16058,21068
2009-07-06,1.16198,1.16792,1.15857,1.15928,39243
2009-07-07,1.1593499999999999,1.16723,1.15425,1.16606,39938
2009-07-08,1.16627,1.17232,1.15865,1.16659,47830
2009-07-09,1.1666,1.16774,1.15471,1.16182,42623
2009-07-10,1.1619,1.16755,1.15968,1.16376,37512
2009-07-13,1.16201,1.167,1.15038,1.15058,42576
2009-07-14,1.15063,1.15303,1.13202,1.13353,33952
2009-07-15,1.13363,1.13479,1.11163,1.11309,40581
2009-07-16,1.11332,1.12233,1.11233,1.11748,43948
2009-07-17,1.11743,1.11989,1.11285,1.11332,42908
2009-07-20,1.1151,1.11528,1.10184,1.10626,42222
2009-07-21,1.10617,1.11129,1.09643,1.10458,45190
2009-07-22,1.10452,1.10878,1.09494,1.10022,44798
2009-07-23,1.10017,1.10095,1.08401,1.08973,43083
2009-07-24,1.0899,1.0923,1.07935,1.08657,37688
2009-07-27,1.08571,1.08776,1.0777,1.08075,41271
2009-07-28,1.08073,1.0905,1.07492,1.08073,45774
2009-07-29,1.08063,1.09327,1.07978,1.09078,54567
2009-07-30,1.09072,1.09124,1.08034,1.08515,42788
2009-07-31,1.08513,1.08569,1.07629,1.0775,40502
2009-08-03,1.07698,1.07901,1.06421,1.06605,43774
2009-08-04,1.06612,1.0764,1.06318,1.07309,47280
2009-08-05,1.07304,1.07828,1.06775,1.07,34962
2009-08-06,1.06998,1.07975,1.06763,1.07781,33410
2009-08-07,1.07781,1.08651,1.07553,1.08107,31248
2009-08-10,1.08262,1.09276,1.07949,1.08764,31123
2009-08-11,1.08765,1.10451,1.08643,1.1017,41081
2009-08-12,1.10176,1.10745,1.08485,1.08865,48587
2009-08-13,1.08863,1.0907499999999999,1.07925,1.08755,45095
2009-08-14,1.08741,1.10214,1.0813,1.09806,42853
2009-08-17,1.09936,1.11238,1.09903,1.10712,46226
2009-08-18,1.10717,1.11058,1.10009,1.10117,44826
2009-08-19,1.1014,1.11122,1.09394,1.0950199999999999,46280
2009-08-20,1.09505,1.09939,1.08631,1.08798,39044
2009-08-21,1.08803,1.0942,1.07623,1.081,37862
2009-08-24,1.07918,1.08238,1.07253,1.07693,36131
2009-08-25,1.0769,1.08711,1.07184,1.0861,38283
2009-08-26,1.08611,1.09992,1.08297,1.09763,38395
2009-08-27,1.0976,1.10189,1.08308,1.08761,38917
2009-08-28,1.08753,1.09353,1.07907,1.0916,36126
2009-08-31,1.09167,1.10909,1.08983,1.0944099999999999,35425
2009-09-01,1.0944,1.1065,1.0872,1.1031,39319
2009-09-02,1.1031,1.1101,1.1006,1.1047,33732
2009-09-03,1.1047,1.1073,1.0966,1.1022,31613
2009-09-04,1.1021,1.1035,1.0823,1.0885,31595
2009-09-07,1.0862,1.0866,1.074,1.0772,23330
2009-09-08,1.0772,1.082,1.0673,1.079,34159
2009-09-09,1.0791,1.0833,1.0745,1.0787,18404
2009-09-10,1.0788,1.0878,1.0768,1.0777,7854
2009-09-11,1.0776,1.0791,1.0714,1.0766,7531
2009-09-14,1.077,1.0925,1.0769,1.0833,8876
2009-09-15,1.0832,1.0869,1.0711,1.0726,8180
2009-09-16,1.0727,1.0735,1.0644,1.0668,8005
2009-09-17,1.0667,1.0675,1.059,1.0654,7984
2009-09-18,1.0653,1.0767,1.0647,1.069,7432
2009-09-21,1.0701,1.0852,1.0677,1.0786,7491
2009-09-22,1.0785,1.0787,1.0659,1.0687,7714
2009-09-23,1.0688,1.0775,1.0661,1.0766,8533
2009-09-24,1.0765,1.0946,1.0706,1.0891,9501
2009-09-25,1.0892,1.0981,1.0859,1.0909,10433
2009-09-28,1.0914,1.0991,1.0831,1.0853,8348
2009-09-29,1.0852,1.0923,1.0793,1.0848,9609
2009-09-30,1.0849,1.0852,1.067,1.0693,9714
2009-10-01,1.069,1.0845,1.0671,1.0836,9302
2009-10-02,1.0836999999999999,1.0957,1.0788,1.0796000000000001,8630
2009-10-05,1.0808,1.0822,1.0693,1.0702,6887
2009-10-06,1.0701,1.0712,1.0545,1.0592,16472
2009-10-07,1.0593,1.0648,1.0527,1.0612,7723
2009-10-08,1.0613,1.0629,1.0504,1.0515,8289
2009-10-09,1.0517,1.055,1.041,1.042,7992
2009-10-12,1.0426,1.0451,1.0316,1.0343,5821
2009-10-13,1.0344,1.0371,1.0266,1.031,8317
2009-10-14,1.0311,1.0324,1.0233,1.0245,7963
2009-10-15,1.0244,1.0369,1.0205,1.0336,8515
2009-10-16,1.0335,1.0433,1.0287,1.0368,9275
2009-10-19,1.0392,1.042,1.027,1.0274,7581
2009-10-20,1.0275,1.0525,1.0265,1.0492,9062
2009-10-21,1.0491,1.0582,1.0377,1.0431,9277
2009-10-22,1.0433,1.0542,1.0416,1.0468,8547
2009-10-23,1.0469,1.0543,1.0448,1.0536,8227
2009-10-26,1.0507,1.0695000000000001,1.05,1.0685,8700
2009-10-27,1.0684,1.0715,1.0626,1.0642,9135
2009-10-28,1.0641,1.0812,1.0636,1.08,9575
2009-10-29,1.0801,1.082,1.0654,1.0668,8438
2009-10-30,1.06681,1.08462,1.06521,1.0845,46300
2009-10-31,1.0845,1.0845,1.0845,1.0845,1
2009-11-02,1.08464,1.08503,1.07159,1.07735,48638
2009-11-03,1.07729,1.08516,1.06507,1.06666,46770
2009-11-04,1.06667,1.06834,1.05935,1.06226,43562
2009-11-05,1.0621,1.06809,1.06051,1.06598,40213
2009-11-06,1.06596,1.07791,1.06081,1.07519,39915
2009-11-09,1.07322,1.07465,1.05415,1.05581,38916
2009-11-10,1.05518,1.06055,1.04837,1.05008,38275
2009-11-11,1.05002,1.05026,1.04318,1.0445,39011
2009-11-12,1.04448,1.05751,1.04164,1.05535,43597
2009-11-13,1.05536,1.05659,1.04716,1.05161,38946
2009-11-16,1.05326,1.05326,1.04259,1.0478,38969
2009-11-17,1.04798,1.06173,1.04609,1.05148,47601
2009-11-18,1.05145,1.05813,1.04489,1.05493,40950
2009-11-19,1.05501,1.06882,1.05458,1.06317,45110
2009-11-20,1.0631,1.07305,1.06141,1.07043,43664
2009-11-23,1.07062,1.07063,1.05391,1.0566,42409
2009-11-24,1.05664,1.06422,1.05603,1.05727,42260
2009-11-25,1.05726,1.05823,1.04491,1.0455,37952
2009-11-26,1.04549,1.06194,1.04523,1.05864,29878
2009-11-27,1.05863,1.07483,1.0586,1.06169,42453
2009-11-30,1.0601,1.06113,1.0533,1.05608,47472
2009-12-01,1.05601,1.05773,1.04054,1.04702,40724
2009-12-02,1.04704,1.0514000000000001,1.0431300000000001,1.05103,38482
2009-12-03,1.05101,1.05831,1.0462,1.0573,38035
2009-12-04,1.05726,1.05949,1.04339,1.05783,42336
2009-12-07,1.05587,1.06491,1.04827,1.05143,50786
2009-12-08,1.05146,1.06701,1.04868,1.06328,56734
2009-12-09,1.06333,1.06609,1.05143,1.05499,45519
2009-12-10,1.055,1.05819,1.04777,1.05135,39911
2009-12-11,1.0513,1.06216,1.04843,1.05994,35982
2009-12-14,1.06057,1.06615,1.05665,1.05949,39978
2009-12-15,1.0594,1.0651,1.05523,1.06081,38341
2009-12-16,1.0608,1.06415,1.0570599999999999,1.0614,40494
2009-12-17,1.06137,1.07449,1.06099,1.0708,44949
2009-12-18,1.07079,1.07247,1.06284,1.06629,42699
2009-12-21,1.06781,1.06974,1.05356,1.0631,36820
2009-12-22,1.06289,1.06331,1.05407,1.05668,37902
2009-12-23,1.05666,1.0576699999999999,1.04696,1.04867,31729
2009-12-24,1.04874,1.05049,1.04475,1.04963,19415
2009-12-28,1.048,1.04997,1.04159,1.04295,24231
2009-12-29,1.04291,1.04424,1.03649,1.04383,31527
2009-12-30,1.04378,1.05764,1.04345,1.05494,33079
2009-12-31,1.05495,1.05496,1.04563,1.04563,25648
2010-01-04,1.04687,1.05165,1.03507,1.04165,39556
2010-01-05,1.04162,1.04197,1.03356,1.03874,40320
2010-01-06,1.03887,1.0408,1.03121,1.0324,39175
2010-01-07,1.03241,1.0372,1.0291,1.03455,39947
2010-01-08,1.03451,1.03824,1.02968,1.02972,29040
2010-01-11,1.03092,1.03424,1.02512,1.0333,38855
2010-01-12,1.03327,1.0413000000000001,1.03126,1.03885,40401
2010-01-13,1.03885,1.04103,1.02892,1.0304,39962
2010-01-14,1.03051,1.03211,1.02237,1.02343,37591
2010-01-15,1.02329,1.03126,1.02321,1.02897,40723
2010-01-18,1.0297,1.03131,1.02474,1.02614,29257
2010-01-19,1.02611,1.03462,1.0248,1.03124,42621
2010-01-20,1.03117,1.04879,1.03095,1.04566,51814
2010-01-21,1.04565,1.05247,1.04379,1.05149,53812
2010-01-22,1.05147,1.06012,1.04634,1.0577,51077
2010-01-25,1.05637,1.06116,1.05319,1.0572,42493
2010-01-26,1.05722,1.06906,1.05449,1.06261,50297
2010-01-27,1.06258,1.06866,1.0608,1.06337,43645
2010-01-28,1.06341,1.06685,1.05555,1.06641,44172
2010-01-29,1.06645,1.07044,1.06223,1.0703,43908
2010-02-01,1.06887,1.07201,1.06062,1.06067,41996
2010-02-02,1.06073,1.06378,1.05646,1.05717,38358
2010-02-03,1.05717,1.06328,1.05452,1.06156,37208
2010-02-04,1.06183,1.0751,1.05965,1.07258,40400
2010-02-05,1.07268,1.07791,1.06435,1.07144,47824
2010-02-08,1.07019,1.07721,1.06562,1.07609,45410
2010-02-09,1.07611,1.07613,1.06443,1.06654,55132
2010-02-10,1.06661,1.07065,1.05972,1.06278,51666
2010-02-11,1.06265,1.0627,1.04791,1.05016,50807
2010-02-12,1.0502,1.05775,1.04884,1.05024,51024
2010-02-15,1.05147,1.05319,1.04625,1.04854,28878
2010-02-16,1.04876,1.04976,1.04092,1.044,45394
2010-02-17,1.04399,1.047,1.04109,1.0461,45139
2010-02-18,1.0462,1.05115,1.03965,1.0504,49681
2010-02-19,1.05033,1.05291,1.03873,1.03906,50842
2010-02-22,1.0388,1.04399,1.03693,1.0423499999999999,41710
2010-02-23,1.04218,1.05783,1.03805,1.05557,48449
2010-02-24,1.05551,1.05928,1.05098,1.05338,50248
2010-02-25,1.05354,1.06792,1.0513,1.06026,47238
2010-02-26,1.06027,1.06179,1.05102,1.05156,43431
2010-03-01,1.05191,1.0572300000000001,1.04081,1.04111,43835
2010-03-02,1.04112,1.04419,1.03083,1.03542,46746
2010-03-03,1.0354700000000001,1.03605,1.02737,1.03115,42506
2010-03-04,1.03115,1.03385,1.02697,1.03062,41757
2010-03-05,1.0306,1.0331,1.02599,1.02878,36144
2010-03-08,1.02756,1.02926,1.02501,1.02797,30649
2010-03-09,1.02779,1.0319,1.0235,1.02644,31794
2010-03-10,1.02637,1.02916,1.02159,1.02513,27527
2010-03-11,1.02501,1.03203,1.02276,1.02411,29471
2010-03-12,1.02407,1.02467,1.01542,1.01915,32323
2010-03-15,1.01715,1.02311,1.01639,1.01917,34581
2010-03-16,1.01918,1.02019,1.01326,1.01387,34385
2010-03-17,1.0139,1.01422,1.00699,1.01055,29743
2010-03-18,1.01054,1.01503,1.00888,1.0137,30449
2010-03-19,1.01364,1.01875,1.00608,1.01714,30069
2010-03-22,1.01631,1.02423,1.01473,1.01784,28227
2010-03-23,1.01794,1.02278,1.01507,1.01615,29175
2010-03-24,1.01611,1.02806,1.01567,1.02454,33362
2010-03-25,1.02453,1.02482,1.01693,1.02456,31025
2010-03-26,1.02449,1.0302,1.02047,1.02646,34617
2010-03-29,1.0254,1.02715,1.01754,1.02115,28587
2010-03-30,1.02094,1.02216,1.01568,1.01961,27908
2010-03-31,1.01973,1.01978,1.01287,1.01572,35587
2010-04-01,1.01543,1.01612,1.0066,1.0086,29032
2010-04-02,1.00857,1.01284,1.00806,1.01095,14788
2010-04-05,1.0084,1.00891,1.001,1.00161,20239
2010-04-06,1.00164,1.00465,0.99871,1.00139,27741
2010-04-07,1.00125,1.00613,0.99766,1.00513,29357
2010-04-08,1.00503,1.01038,1.00174,1.00218,28506
2010-04-09,1.00218,1.00815,0.99906,1.00255,27377
2010-04-12,1.00451,1.0087,1.00104,1.00281,28476
2010-04-13,1.00313,1.00644,1.0004,1.00176,26065
2010-04-14,1.00177,1.00181,0.99524,0.99867,30095
2010-04-15,0.99867,1.0035,0.99629,1.0019,27637
2010-04-16,1.00189,1.01615,1.00025,1.01273,35701
2010-04-19,1.01515,1.02146,1.01355,1.01462,32575
2010-04-20,1.0147,1.01624,0.99702,0.99836,33334
2010-04-21,0.99827,1.00125,0.99299,0.99894,33769
2010-04-22,0.99895,1.00384,0.99598,1.00068,34451
2010-04-23,1.0006,1.00638,0.99676,0.99888,32713
2010-04-26,0.99965,1.00222,0.99703,1.00058,28770
2010-04-27,1.00058,1.01799,0.99994,1.01632,36766
2010-04-28,1.0163,1.01962,1.00733,1.00956,41914
2010-04-29,1.00947,1.01122,1.00129,1.00581,34005
2010-04-30,1.0057,1.01781,1.00151,1.01775,34422
2010-05-03,1.01613,1.01852,1.01,1.0103,25811
2010-05-04,1.01033,1.02559,1.01029,1.02489,35145
2010-05-05,1.02491,1.0352999999999999,1.02313,1.03072,40842
2010-05-06,1.03057,1.07347,1.02807,1.05231,59032
2010-05-07,1.05234,1.05694,1.03376,1.04381,66780
2010-05-10,1.03161,1.03918,1.0209,1.02376,47813
2010-05-11,1.0237,1.0287,1.01484,1.02014,45250
2010-05-12,1.02115,1.02455,1.01528,1.01898,40436
2010-05-13,1.01901,1.02253,1.01095,1.02169,37850
2010-05-14,1.02166,1.03765,1.02107,1.03549,42557
2010-05-17,1.03507,1.04375,1.0307,1.03184,94306
2010-05-18,1.032,1.04109,1.02455,1.0408,45742
2010-05-19,1.04047,1.0535,1.03849,1.0423,31981
2010-05-20,1.042,1.07179,1.042,1.07168,36275
2010-05-21,1.07165,1.07481,1.05506,1.05932,52832
2010-05-24,1.06223,1.06595,1.05328,1.06293,47274
2010-05-25,1.0629,1.08516,1.06247,1.06607,49173
2010-05-26,1.06624,1.07436,1.05798,1.06991,41923
2010-05-27,1.0699,1.07051,1.04799,1.04962,46022
2010-05-28,1.04945,1.05592,1.0443500000000001,1.05448,45061
2010-05-31,1.0518399999999999,1.05508,1.04129,1.0431300000000001,28218
2010-06-01,1.0434,1.05613,1.04194,1.05437,55311
2010-06-02,1.05436,1.05713,1.03707,1.03851,51005
2010-06-03,1.03851,1.04623,1.03328,1.04067,44259
2010-06-04,1.04087,1.06264,1.03646,1.06264,47438
2010-06-07,1.0606,1.06781,1.05146,1.06084,50453
2010-06-08,1.06081,1.06113,1.0469,1.04776,53834
2010-06-09,1.04777,1.05151,1.03639,1.0444,42384
2010-06-10,1.0444,1.04512,1.02865,1.03097,48171
2010-06-11,1.03085,1.03878,1.0297,1.03203,61003
2010-06-14,1.03421,1.03491,1.02235,1.03306,41752
2010-06-15,1.03302,1.0359099999999999,1.02409,1.025,66426
2010-06-16,1.02501,1.03215,1.02237,1.02543,35011
2010-06-17,1.02538,1.0337,1.02234,1.02738,35759
2010-06-18,1.02746,1.03114,1.02062,1.0217,29610
2010-06-21,1.01959,1.02593,1.0138,1.02364,35785
2010-06-22,1.0236,1.0296,1.01806,1.02853,31335
2010-06-23,1.02865,1.04583,1.02712,1.03908,27196
2010-06-24,1.03904,1.04684,1.03739,1.04317,38761
2010-06-25,1.0431300000000001,1.04408,1.03401,1.03518,31126
2010-06-28,1.03523,1.03708,1.03196,1.03537,30685
2010-06-29,1.03534,1.05751,1.03411,1.05447,35870
2010-06-30,1.05446,1.0647,1.04655,1.06295,43322
2010-07-01,1.06279,1.0673,1.05769,1.05797,45327
2010-07-02,1.05808,1.0667200000000001,1.05552,1.06223,39279
2010-07-05,1.06259,1.06751,1.05756,1.06343,18255
2010-07-06,1.06344,1.06756,1.04837,1.05423,32801
2010-07-07,1.05418,1.06047,1.04624,1.04773,33086
2010-07-08,1.04776,1.0483,1.03788,1.04352,32085
2010-07-09,1.04341,1.0454,1.0295,1.03361,26112
2010-07-12,1.03223,1.0385,1.02995,1.03649,26569
2010-07-13,1.03648,1.03854,1.02755,1.03087,72665
2010-07-14,1.03089,1.03697,1.02852,1.03192,27990
2010-07-15,1.03194,1.04414,1.02826,1.03843,34257
2010-07-16,1.03816,1.05809,1.03779,1.05806,31973
2010-07-19,1.05718,1.05793,1.04983,1.05457,30515
2010-07-20,1.05459,1.05852,1.04218,1.04269,33618
2010-07-21,1.04272,1.05007,1.03506,1.04901,33577
2010-07-22,1.04899,1.05024,1.03545,1.03762,32118
2010-07-23,1.0377,1.04311,1.03454,1.03572,31773
2010-07-26,1.03779,1.03838,1.03023,1.03199,28230
2010-07-27,1.03203,1.03943,1.0255,1.0349,28464
2010-07-28,1.03526,1.03896,1.02982,1.03836,30104
2010-07-29,1.03826,1.039,1.03023,1.03551,29195
2010-07-30,1.0355,1.03743,1.02633,1.02945,31573
2010-08-02,1.02853,1.02942,1.02034,1.02354,24463
2010-08-03,1.02359,1.02723,1.02187,1.02385,25812
2010-08-04,1.02399,1.02698,1.01624,1.01803,25971
2010-08-05,1.01804,1.01864,1.01067,1.01708,26355
2010-08-06,1.01703,1.03048,1.01461,1.02718,27833
2010-08-09,1.02696,1.02985,1.02557,1.02744,23606
2010-08-10,1.02735,1.03876,1.02702,1.03031,31636
2010-08-11,1.03032,1.04792,1.03022,1.04671,35147
2010-08-12,1.04772,1.04934,1.0419,1.04233,30859
2010-08-13,1.04268,1.04376,1.03487,1.0417,29220
2010-08-16,1.04139,1.04641,1.03705,1.04294,28891
2010-08-17,1.04289,1.04366,1.03079,1.03281,31121
2010-08-18,1.03276,1.034,1.02698,1.02858,29440
2010-08-19,1.02866,1.04132,1.02469,1.03974,33536
2010-08-20,1.03954,1.05132,1.03817,1.04729,28994
2010-08-23,1.04927,1.05286,1.04444,1.0516,28729
2010-08-24,1.05166,1.06614,1.05166,1.06086,37883
2010-08-25,1.06085,1.06661,1.05737,1.05929,35480
2010-08-26,1.05933,1.06012,1.05208,1.05718,33319
2010-08-27,1.05732,1.06467,1.05049,1.05065,32805
2010-08-30,1.0497,1.06032,1.04708,1.05962,29065
2010-08-31,1.05973,1.0671599999999999,1.05735,1.06435,38174
2010-09-01,1.06444,1.06511,1.04837,1.05064,28893
2010-09-02,1.05057,1.05544,1.04712,1.05286,25246
2010-09-03,1.0529,1.05677,1.03801,1.03863,23139
2010-09-06,1.03918,1.04025,1.0339,1.03511,15124
2010-09-07,1.03521,1.04827,1.03484,1.04745,23794
2010-09-08,1.04745,1.0508,1.03451,1.03674,31508
2010-09-09,1.03677,1.03932,1.03007,1.03379,28964
2010-09-10,1.03378,1.0373,1.0286,1.03683,28193
2010-09-13,1.034,1.03445,1.02648,1.02791,27392
2010-09-14,1.02796,1.03038,1.02154,1.02797,33962
2010-09-15,1.02797,1.0319,1.02508,1.02564,33897
2010-09-16,1.0255,1.02893,1.02381,1.0262,30177
2010-09-17,1.0262,1.03494,1.02156,1.0328,28598
2010-09-20,1.0328,1.0345,1.0261,1.02998,23204
2010-09-21,1.02995,1.03293,1.02157,1.02587,34708
2010-09-22,1.02599,1.03578,1.019,1.02965,28952
2010-09-23,1.02961,1.03778,1.02835,1.03415,35329
2010-09-24,1.03406,1.03531,1.0225,1.02434,16705
2010-09-27,1.02421,1.03045,1.02224,1.03003,30874
2010-09-28,1.02995,1.03607,1.0284200000000001,1.03009,34647
2010-09-29,1.02989,1.03402,1.02397,1.03243,30616
2010-09-30,1.03245,1.0344,1.02299,1.02981,42239
2010-10-01,1.02986,1.03127,1.01868,1.01953,37862
2010-10-04,1.0195,1.02434,1.01792,1.02313,34903
2010-10-05,1.0233,1.02717,1.01531,1.01556,37471
2010-10-06,1.01562,1.01659,1.00618,1.01092,37568
2010-10-07,1.0109,1.02104,1.00771,1.0177,36312
2010-10-08,1.01786,1.02322,1.0108,1.0112,30601
2010-10-11,1.0105,1.01492,1.0091,1.01353,16667
2010-10-12,1.01353,1.0182,1.00894,1.01008,34351
2010-10-13,1.01014,1.01041,1.00103,1.00344,30626
2010-10-14,1.00343,1.00727,0.99793,1.004,31361
2010-10-15,1.00414,1.01375,1.00125,1.01018,33892
2010-10-18,1.01175,1.02268,1.01164,1.01722,35072
2010-10-19,1.01725,1.03716,1.0161,1.03241,42519
2010-10-20,1.03244,1.03479,1.0206,1.02156,37679
2010-10-21,1.02161,1.03006,1.01675,1.02621,39236
2010-10-22,1.0262,1.0301,1.02227,1.02573,37257
2010-10-25,1.0256,1.02673,1.01534,1.01972,42282
2010-10-26,1.01972,1.02659,1.01807,1.02353,46721
2010-10-27,1.02353,1.03385,1.02251,1.0276,49964
2010-10-28,1.0276,1.02854,1.01805,1.02043,47729
2010-10-29,1.02044,1.02471,1.0168,1.01922,46364
2010-11-01,1.0183,1.02017,1.01258,1.01379,48737
2010-11-02,1.01378,1.0139,1.008,1.00872,48999
2010-11-03,1.00872,1.01541,1.00462,1.00831,58465
2010-11-04,1.00831,1.00964,1.00094,1.00271,54426
2010-11-05,1.00269,1.00797,0.99907,1.00004,49998
2010-11-08,1.00031,1.00545,0.9993,1.00321,49744
2010-11-09,1.00314,1.0093,0.9979,1.0081,56249
2010-11-10,1.00813,1.00862,0.99934,1.0012,56794
2010-11-11,1.00116,1.00713,0.9977,1.00336,51872
2010-11-12,1.00341,1.01446,1.00262,1.01214,62893
2010-11-15,1.01206,1.01381,1.00562,1.00986,50835
2010-11-16,1.00984,1.02536,1.00693,1.02191,65282
2010-11-17,1.02185,1.02598,1.01801,1.02388,59554
2010-11-18,1.0238,1.02439,1.01542,1.01923,56557
2010-11-19,1.01923,1.02324,1.01632,1.0167,51243
2010-11-22,1.01622,1.02159,1.0121,1.0187,48189
2010-11-23,1.01827,1.02631,1.01656,1.023,60654
2010-11-24,1.02305,1.02305,1.0091,1.0105,56567
2010-11-25,1.0105,1.01228,1.00758,1.00928,35925
2010-11-26,1.00936,1.02456,1.00843,1.02116,45713
2010-11-29,1.01857,1.02571,1.0167,1.01927,53292
2010-11-30,1.01919,1.02854,1.01707,1.02544,67713
2010-12-01,1.02537,1.02704,1.01408,1.0181499999999999,67448
2010-12-02,1.01813,1.01884,1.00243,1.00331,66755
2010-12-03,1.00333,1.00792,1.00021,1.00377,56263
2010-12-06,1.00335,1.0082,1.00216,1.00546,49514
2010-12-07,1.00545,1.01248,1.0011,1.01167,57058
2010-12-08,1.01165,1.01396,1.00629,1.01096,58266
2010-12-09,1.01096,1.01249,1.00656,1.01044,52034
2010-12-10,1.0105,1.01139,1.00827,1.00896,44115
2010-12-13,1.00977,1.01068,1.00266,1.00745,46412
2010-12-14,1.00741,1.01093,1.00281,1.00513,50565
2010-12-15,1.0052,1.00937,1.00005,1.00446,55679
2010-12-16,1.00445,1.00739,1.00317,1.00604,49430
2010-12-17,1.00598,1.01452,1.00374,1.01386,47202
2010-12-20,1.01231,1.02074,1.01014,1.01792,47760
2010-12-21,1.01795,1.02053,1.01506,1.01719,45710
2010-12-22,1.01724,1.01776,1.01102,1.01324,46683
2010-12-23,1.01327,1.01636,1.00705,1.0098,41219
2010-12-24,1.00982,1.01136,1.00493,1.00816,19103
2010-12-27,1.00824,1.01095,1.00569,1.00662,33233
2010-12-28,1.00664,1.00707,0.99739,1.0015,38936
2010-12-29,1.00164,1.00555,0.99734,1.0003,34882
2010-12-30,1.00036,1.00217,0.99898,1.00003,32539
2010-12-31,1.00003,1.0006,0.99247,0.99785,25656
2011-01-03,0.99335,0.99481,0.98879,0.99308,35696
2011-01-04,0.99304,1.00334,0.99152,0.99816,47466
2011-01-05,0.99816,1.00225,0.99325,0.99641,47642
2011-01-06,0.99642,0.99931,0.99244,0.99661,43884
2011-01-07,0.99657,1.00028,0.98976,0.99336,49568
2011-01-10,0.99298,0.99832,0.99097,0.99323,43409
2011-01-11,0.99327,0.99494,0.98916,0.98975,45872
2011-01-12,0.98984,0.98987,0.98478,0.98603,46734
2011-01-13,0.98612,0.99081,0.98539,0.98927,42580
2011-01-14,0.98927,0.99762,0.98847,0.99083,44088
2011-01-17,0.98787,0.99004,0.98553,0.98734,33737
2011-01-18,0.98737,0.99333,0.98361,0.99169,52241
2011-01-19,0.9917,0.99647,0.98885,0.99552,52740
2011-01-20,0.99548,1.00295,0.99518,0.99735,60748
2011-01-21,0.99746,0.99866,0.99075,0.99301,52874
2011-01-24,0.99358,0.99805,0.99175,0.99364,43254
2011-01-25,0.99361,1.00034,0.99106,0.99697,54745
2011-01-26,0.99694,0.998,0.99364,0.99551,50943
2011-01-27,0.99546,0.99853,0.99258,0.99486,56413
2011-01-28,0.99483,1.00158,0.99369,1.00115,53025
2011-01-31,1.00065,1.0057,0.99615,1.00058,56272
2011-02-01,1.00053,1.00062,0.98997,0.99043,53654
2011-02-02,0.99043,0.99145,0.98601,0.98847,46654
2011-02-03,0.98847,0.99202,0.9865,0.99113,45955
2011-02-04,0.99103,0.99278,0.98311,0.98713,35606
2011-02-07,0.98731,0.99105,0.9857,0.99069,30179
2011-02-08,0.9907,0.99765,0.9868,0.99491,30584
2011-02-09,0.99495,0.99545,0.99146,0.99383,31752
2011-02-10,0.99375,0.99869,0.99351,0.99593,41175
2011-02-11,0.99594,0.99853,0.98616,0.98753,30487
2011-02-14,0.98732,0.99002,0.985,0.98899,41363
2011-02-15,0.98902,0.9902,0.98508,0.98956,40193
2011-02-16,0.98961,0.98979,0.98451,0.98519,38876
2011-02-17,0.98516,0.98583,0.98154,0.98462,33862
2011-02-18,0.98465,0.9873,0.98178,0.98661,36241
2011-02-21,0.985,0.98713,0.98215,0.98344,33029
2011-02-22,0.98352,0.99173,0.98226,0.98999,53880
2011-02-23,0.98999,0.99578,0.98573,0.98886,50979
2011-02-24,0.98887,0.99002,0.98159,0.98274,53724
2011-02-25,0.98278,0.98299,0.97724,0.97761,43358
2011-02-28,0.97824,0.97881,0.97094,0.97146,48456
2011-03-01,0.97146,0.97548,0.96833,0.97427,49943
2011-03-02,0.9743,0.97748,0.97074,0.9728,42560
2011-03-03,0.97281,0.97519,0.97138,0.97242,43768
2011-03-04,0.9724,0.97423,0.96992,0.97327,37926
2011-03-07,0.97198,0.97424,0.96981,0.97286,40104
2011-03-08,0.97287,0.9747,0.9707,0.97085,40935
2011-03-09,0.97088,0.97146,0.96666,0.96871,38458
2011-03-10,0.96869,0.97661,0.96827,0.97514,47901
2011-03-11,0.97511,0.98005,0.97047,0.97302,49574
2011-03-14,0.97361,0.9763,0.9709,0.97357,44469
2011-03-15,0.97356,0.99729,0.9735,0.98545,69803
2011-03-16,0.98546,0.99655,0.98065,0.99272,68011
2011-03-17,0.9927,0.99382,0.98339,0.98563,64180
2011-03-18,0.98557,0.98638,0.98036,0.98442,54905
2011-03-21,0.98438,0.98452,0.97487,0.97928,45913
2011-03-22,0.97924,0.98123,0.97458,0.98057,46475
2011-03-23,0.98057,0.98417,0.97906,0.98066,47813
2011-03-24,0.98065,0.98231,0.97307,0.9759,50072
2011-03-25,0.9759,0.98256,0.97411,0.98025,41499
2011-03-28,0.98155,0.98217,0.97409,0.97811,42977
2011-03-29,0.97814,0.97836,0.97384,0.97433,39809
2011-03-30,0.9743,0.97519,0.96855,0.9715,45333
2011-03-31,0.97153,0.97278,0.96827,0.96974,44071
2011-04-01,0.96972,0.97036,0.96252,0.963,46910
2011-04-04,0.96413,0.96858,0.96151,0.96663,36930
2011-04-05,0.96663,0.96922,0.96267,0.96397,36754
2011-04-06,0.96397,0.96398,0.95681,0.96004,39687
2011-04-07,0.96006,0.96233,0.95698,0.95877,43283
2011-04-08,0.95878,0.95935,0.95257,0.95525,42562
2011-04-11,0.95512,0.95771,0.95421,0.95625,36019
2011-04-12,0.9563,0.96556,0.95557,0.9627,45634
2011-04-13,0.96263,0.96537,0.95848,0.96259,42202
2011-04-14,0.96258,0.96686,0.95944,0.96069,47304
2011-04-15,0.96072,0.96486,0.95892,0.95898,39028
2011-04-18,0.95883,0.97206,0.95879,0.96427,44265
2011-04-19,0.96427,0.96661,0.95476,0.9562,42334
2011-04-20,0.95623,0.95624,0.94967,0.95253,38704
2011-04-21,0.95255,0.95362,0.94534,0.95262,41126
2011-04-22,0.95265,0.95455,0.95192,0.95416,16345
2011-04-25,0.95252,0.95602,0.95028,0.9543,35502
2011-04-26,0.9543,0.95602,0.94952,0.95094,42554
2011-04-27,0.95101,0.95751,0.94856,0.9505,45529
2011-04-28,0.95034,0.95194,0.94633,0.9505,44359
2011-04-29,0.95048,0.95487,0.94452,0.94487,39077
2011-05-02,0.94502,0.95176,0.9444,0.95064,42734
2011-05-03,0.95065,0.95406,0.94577,0.95288,46583
2011-05-04,0.95288,0.96026,0.95039,0.9586,48723
2011-05-05,0.95864,0.97108,0.95674,0.966,55957
2011-05-06,0.96615,0.97014,0.95729,0.96639,60538
2011-05-09,0.96657,0.96952,0.96037,0.96336,57272
2011-05-10,0.96336,0.96528,0.95615,0.9571,56769
2011-05-11,0.95712,0.96376,0.95128,0.96039,52514
2011-05-12,0.96039,0.96935,0.95983,0.96282,47849
2011-05-13,0.96278,0.97428,0.96037,0.96819,37275
2011-05-16,0.96937,0.97697,0.9683,0.97458,43070
2011-05-17,0.97451,0.97929,0.97147,0.97171,37766
2011-05-18,0.97166,0.97587,0.9695,0.96955,19926
2011-05-19,0.96958,0.97136,0.96532,0.96763,23786
2011-05-20,0.96759,0.97714,0.96408,0.9733,24484
2011-05-23,0.97395,0.98096,0.97357,0.97742,25746
2011-05-24,0.97737,0.97926,0.97536,0.97622,24214
2011-05-25,0.97615,0.98158,0.97434,0.97783,34386
2011-05-26,0.97779,0.98156,0.97554,0.9785,54499
2011-05-27,0.97848,0.97977,0.9752,0.97586,47141
2011-05-30,0.97754,0.97862,0.975,0.97667,24968
2011-05-31,0.97672,0.97688,0.96548,0.96825,45188
2011-06-01,0.96834,0.97807,0.9666,0.97692,51019
2011-06-02,0.97691,0.98087,0.97443,0.97532,49461
2011-06-03,0.97532,0.9851,0.97434,0.97763,37245
2011-06-06,0.97733,0.98162,0.97643,0.98008,44072
2011-06-07,0.98007,0.98084,0.97306,0.97436,34533
2011-06-08,0.97438,0.98197,0.97384,0.97941,34355
2011-06-09,0.97936,0.98119,0.97229,0.97326,29700
2011-06-10,0.9732,0.97977,0.97125,0.97969,30734
2011-06-13,0.97861,0.97974,0.97505,0.97572,47523
2011-06-14,0.9757,0.97706,0.9673,0.96843,44278
2011-06-15,0.96842,0.98279,0.96694,0.97954,44417
2011-06-16,0.97952,0.98977,0.97711,0.9812,62202
2011-06-17,0.98116,0.9868,0.97747,0.981,52385
2011-06-20,0.98062,0.98485,0.97807,0.97963,50655
2011-06-21,0.97959,0.9804,0.9704,0.97203,51006
2011-06-22,0.97214,0.9753,0.97006,0.97399,53510
2011-06-23,0.97375,0.98226,0.97126,0.97824,55788
2011-06-24,0.97823,0.98857,0.97696,0.98845,51639
2011-06-27,0.98767,0.99123,0.98578,0.98588,51909
2011-06-28,0.98586,0.98838,0.98025,0.98051,47706
2011-06-29,0.98046,0.98237,0.96888,0.9699,44504
2011-06-30,0.96991,0.96996,0.96242,0.96378,47395
2011-07-01,0.96381,0.96498,0.95796,0.9583,36466
2011-07-04,0.95904,0.96173,0.95789,0.95992,30278
2011-07-05,0.95992,0.96407,0.95923,0.96296,41866
2011-07-06,0.96299,0.9694,0.96132,0.96515,43137
2011-07-07,0.96506,0.9666,0.95684,0.95877,40787
2011-07-08,0.95883,0.96639,0.95668,0.96182,47071
2011-07-11,0.96177,0.96952,0.96142,0.96882,50610
2011-07-12,0.96867,0.97771,0.96248,0.96532,65497
2011-07-13,0.96532,0.96661,0.95691,0.95691,56921
2011-07-14,0.95681,0.96156,0.95486,0.95964,54345
2011-07-15,0.95961,0.96234,0.95198,0.95314,42786
2011-07-18,0.9541,0.96352,0.95368,0.95972,43458
2011-07-19,0.95968,0.96012,0.9482,0.9498,44837
2011-07-20,0.94972,0.95125,0.9457,0.94751,36895
2011-07-21,0.94748,0.94931,0.9423,0.94376,43775
2011-07-22,0.94373,0.95289,0.94265,0.9478,37480
2011-07-25,0.94794,0.95246,0.94344,0.94696,36605
2011-07-26,0.94727,0.94742,0.94062,0.94339,33431
2011-07-27,0.94339,0.95048,0.94091,0.94903,39907
2011-07-28,0.94901,0.95219,0.94573,0.94896,49786
2011-07-29,0.94889,0.95897,0.94848,0.95512,43858
2011-08-01,0.95551,0.96042,0.94913,0.95597,43775
2011-08-02,0.95594,0.9617,0.95473,0.96111,47847
2011-08-03,0.96111,0.96463,0.95689,0.96108,50692
2011-08-04,0.96105,0.98148,0.96013,0.98056,65344
2011-08-05,0.98058,0.9852,0.97412,0.98184,72881
2011-08-08,0.98174,0.99439,0.97811,0.99261,86765
2011-08-09,0.9926,1.0009,0.97651,0.97689,96036
2011-08-10,0.97694,0.9952,0.97694,0.99446,80463
2011-08-11,0.99446,0.99665,0.98397,0.98432,85441
2011-08-12,0.98433,0.99171,0.98328,0.98694,65755
2011-08-15,0.98801,0.99053,0.9788,0.97974,56288
2011-08-16,0.9798,0.98711,0.9798,0.98226,60218
2011-08-17,0.98228,0.98451,0.97738,0.98011,51157
2011-08-18,0.9801,0.99375,0.97985,0.99094,61498
2011-08-19,0.9909,0.99251,0.98256,0.98995,68432
2011-08-22,0.99093,0.9918,0.98286,0.99032,58761
2011-08-23,0.99031,0.99078,0.98483,0.98784,57297
2011-08-24,0.98784,0.99039,0.98387,0.98745,52470
2011-08-25,0.98745,0.98867,0.97909,0.98808,51753
2011-08-26,0.98806,0.99229,0.98081,0.98116,54624
2011-08-29,0.98184,0.98328,0.97375,0.97621,45238
2011-08-30,0.97621,0.98169,0.97573,0.97872,54451
2011-08-31,0.97872,0.98008,0.97251,0.97804,55605
2011-09-01,0.97802,0.9795,0.97352,0.97605,53250
2011-09-02,0.97606,0.98568,0.97559,0.98512,52809
2011-09-05,0.98694,0.99322,0.98528,0.99134,48766
2011-09-06,0.99131,0.9961,0.98632,0.98988,70941
2011-09-07,0.98988,0.99077,0.98306,0.98414,59669
2011-09-08,0.98415,0.98954,0.98284,0.98818,63641
2011-09-09,0.98819,0.99787,0.98682,0.99654,67678
2011-09-12,0.99712,1.00249,0.99148,0.99251,73343
2011-09-13,0.99251,0.99762,0.98497,0.98588,76204
2011-09-14,0.98593,0.99381,0.98452,0.99041,78339
2011-09-15,0.99043,0.99484,0.98289,0.98358,62697
2011-09-16,0.98359,0.98603,0.9779,0.97791,59205
2011-09-19,0.98083,0.99222,0.98054,0.9906,66152
2011-09-20,0.99057,0.99478,0.98821,0.9928,63806
2011-09-21,0.99271,1.00874,0.99161,1.00549,72837
2011-09-22,1.00548,1.03597,1.00514,1.02954,94386
2011-09-23,1.02952,1.0346899999999999,1.0224,1.02762,92347
2011-09-26,1.02827,1.03846,1.02401,1.02404,93414
2011-09-27,1.02404,1.02802,1.01431,1.01934,75586
2011-09-28,1.01933,1.0344,1.0193,1.03394,79169
2011-09-29,1.03394,1.04009,1.02561,1.03713,84610
2011-09-30,1.03709,1.05019,1.0354700000000001,1.04999,77173
2011-10-03,1.04774,1.05469,1.0432,1.05344,85646
2011-10-04,1.05342,1.0656,1.05041,1.05236,92468
2011-10-05,1.05234,1.0570599999999999,1.03957,1.04044,81660
2011-10-06,1.04046,1.04812,1.03693,1.03772,75325
2011-10-07,1.03769,1.04175,1.02351,1.03915,69537
2011-10-10,1.03798,1.03864,1.02501,1.02675,62916
2011-10-11,1.02675,1.03374,1.02552,1.02844,72079
2011-10-12,1.02844,1.0327,1.01333,1.01794,71393
2011-10-13,1.01797,1.02721,1.01631,1.02086,70804
2011-10-14,1.02086,1.02332,1.00933,1.00966,65906
2011-10-17,1.00996,1.02385,1.00434,1.02328,68726
2011-10-18,1.02333,1.02631,1.01114,1.01504,77254
2011-10-19,1.01501,1.02153,1.00849,1.0191,75281
2011-10-20,1.01911,1.02457,1.01314,1.01614,82700
2011-10-21,1.01611,1.01869,1.00628,1.00628,73575
2011-10-24,1.00945,1.00973,1.00211,1.00388,75233
2011-10-25,1.00392,1.02111,0.99894,1.01592,79651
2011-10-26,1.01591,1.01758,1.00348,1.00455,83485
2011-10-27,1.00455,1.00462,0.98912,0.99147,88117
2011-10-28,0.99149,0.99694,0.98937,0.99135,73670
2011-10-31,0.99208,1.00262,0.99122,0.9996,77757
2011-11-01,0.99958,1.02071,0.99737,1.01897,87322
2011-11-02,1.01891,1.02216,1.01059,1.01404,81265
2011-11-03,1.01354,1.02142,1.00553,1.0076,81616
2011-11-04,1.0076,1.02267,1.00693,1.01855,69662
2011-11-07,1.01618,1.02028,1.01222,1.01333,68064
2011-11-08,1.01332,1.01813,1.0077,1.00896,64911
2011-11-09,1.00896,1.02471,1.00773,1.02471,76680
2011-11-10,1.02463,1.02652,1.01623,1.01629,75312
2011-11-11,1.01627,1.02311,1.01068,1.01117,59445
2011-11-14,1.01046,1.0194,1.0087,1.01655,67560
2011-11-15,1.01657,1.0262,1.01578,1.02079,69548
2011-11-16,1.02072,1.02873,1.01706,1.02398,76471
2011-11-17,1.02399,1.02933,1.02077,1.02837,86012
2011-11-18,1.02828,1.03004,1.01979,1.02722,75192
2011-11-21,1.02762,1.04176,1.02758,1.03942,77673
2011-11-22,1.03937,1.04108,1.03457,1.0378,76182
2011-11-23,1.03779,1.04967,1.0374,1.04757,76720
2011-11-24,1.04758,1.04891,1.0438,1.04706,53827
2011-11-25,1.04698,1.0523,1.04376,1.04655,60734
2011-11-28,1.04334,1.04338,1.03033,1.03473,69446
2011-11-29,1.03471,1.03625,1.02575,1.03009,67145
2011-11-30,1.03009,1.03613,1.01223,1.01869,70756
2011-12-01,1.01869,1.02221,1.01351,1.01397,61738
2011-12-02,1.01398,1.01964,1.00787,1.01908,52563
2011-12-05,1.01848,1.01918,1.01191,1.01693,63680
2011-12-06,1.0169,1.02054,1.00844,1.00958,66121
2011-12-07,1.00958,1.01323,1.00649,1.00903,63748
2011-12-08,1.00906,1.02371,1.00508,1.02297,70573
2011-12-09,1.02294,1.0261,1.0165,1.01654,67993
2011-12-12,1.01998,1.02839,1.01826,1.0272,65786
2011-12-13,1.02722,1.03473,1.02305,1.03365,66319
2011-12-14,1.03367,1.04222,1.03261,1.03905,70154
2011-12-15,1.03905,1.04047,1.03186,1.03407,72736
2011-12-16,1.03407,1.04053,1.02966,1.03818,61141
2011-12-19,1.03877,1.04147,1.03341,1.03831,54560
2011-12-20,1.03829,1.03861,1.0263,1.02945,49840
2011-12-21,1.02938,1.03042,1.0208,1.02676,71638
2011-12-22,1.02674,1.02798,1.01987,1.02078,60738
2011-12-23,1.02084,1.02132,1.01799,1.01983,40429
2011-12-26,1.02227,1.02318,1.0176,1.0188,12638
2011-12-27,1.01884,1.02144,1.01759,1.01921,37392
2011-12-28,1.01888,1.02501,1.01254,1.02438,51422
2011-12-29,1.02438,1.02672,1.01952,1.02053,54522
2011-12-30,1.02051,1.02192,1.0156,1.02087,49267
2012-01-02,1.0201,1.021,1.01723,1.01872,25816
2012-01-03,1.01873,1.01916,1.00756,1.01123,54810
2012-01-04,1.01117,1.01611,1.0108,1.01308,63262
2012-01-05,1.01308,1.02243,1.01196,1.01955,67845
2012-01-06,1.01952,1.02848,1.01686,1.0283,61285
2012-01-09,1.0294,1.03178,1.02249,1.02355,67309
2012-01-10,1.02359,1.02372,1.01507,1.01665,59838
2012-01-11,1.01664,1.02091,1.01382,1.01864,57625
2012-01-12,1.01871,1.02094,1.01385,1.01873,59360
2012-01-13,1.01873,1.02822,1.01626,1.023,63815
2012-01-16,1.02405,1.02522,1.01646,1.01846,45542
2012-01-17,1.01847,1.01872,1.01121,1.01523,60610
2012-01-18,1.01532,1.01755,1.01093,1.01205,65769
2012-01-19,1.01203,1.01267,1.00694,1.01115,60985
2012-01-20,1.01118,1.01595,1.01093,1.01301,53364
2012-01-23,1.01513,1.01566,1.00517,1.00823,57345
2012-01-24,1.00824,1.01394,1.00711,1.00942,49272
2012-01-25,1.00943,1.01457,1.00271,1.00458,56967
2012-01-26,1.00456,1.00467,0.99807,1.00167,54780
2012-01-27,1.00167,1.00396,0.99863,1.00159,60966
2012-01-30,1.00141,1.00689,1.00094,1.00189,59308
2012-01-31,1.00188,1.00521,0.99647,1.002,62210
2012-02-01,1.002,1.00469,0.99626,0.99742,63787
2012-02-02,0.99744,1.00088,0.9967,0.99915,61910
2012-02-03,0.99914,1.00313,0.99262,0.99329,60365
2012-02-06,0.99348,0.99927,0.99276,0.99596,61880
2012-02-07,0.99598,0.99934,0.99394,0.99457,67717
2012-02-08,0.99458,0.99885,0.99334,0.99621,55553
2012-02-09,0.9962,0.99785,0.99249,0.99508,61067
2012-02-10,0.99509,1.00378,0.99485,1.0013,56821
2012-02-13,1.00011,1.00095,0.99705,1.0005,58353
2012-02-14,1.00051,1.00253,0.99774,0.99877,53708
2012-02-15,0.99877,1.00029,0.99375,1.00015,63718
2012-02-16,1.00014,1.00504,0.99519,0.99659,65127
2012-02-17,0.9966,0.99835,0.99399,0.99663,48281
2012-02-20,0.99308,0.99419,0.99053,0.99412,42814
2012-02-21,0.99409,0.99751,0.9923,0.99703,55301
2012-02-22,0.99705,1.00188,0.9953,0.99986,53795
2012-02-23,0.99986,1.00089,0.99523,0.99677,54305
2012-02-24,0.99685,1.00017,0.99647,0.9993,54621
2012-02-27,0.9994,1.00487,0.99752,0.99878,52348
2012-02-28,0.99879,0.99879,0.99407,0.99502,50383
2012-02-29,0.99501,0.99503,0.9844,0.98899,60942
2012-03-01,0.98898,0.98992,0.98408,0.98517,57881
2012-03-02,0.98518,0.98955,0.9847,0.98886,50080
2012-03-05,0.99005,0.9959,0.98843,0.9945,51979
2012-03-06,0.9945,1.00275,0.99354,1.00155,55861
2012-03-07,1.00154,1.00235,0.99727,0.9976,49789
2012-03-08,0.99758,0.99889,0.98916,0.99005,53253
2012-03-09,0.99007,0.99312,0.98716,0.99033,48845
2012-03-12,0.99043,0.99462,0.98984,0.9922,49481
2012-03-13,0.99221,0.99257,0.98794,0.98825,45151
2012-03-14,0.98823,0.99433,0.98812,0.993,47695
2012-03-15,0.99298,0.99473,0.99045,0.99215,50848
2012-03-16,0.99213,0.99394,0.98994,0.99144,41140
2012-03-19,0.99116,0.99298,0.98594,0.98694,46260
2012-03-20,0.98694,0.99675,0.98691,0.9913,45682
2012-03-21,0.9913,0.99345,0.98733,0.99212,51852
2012-03-22,0.99212,1.00075,0.99105,0.99915,56390
2012-03-23,0.99914,1.00331,0.99704,0.99757,47032
2012-03-26,0.99818,0.99982,0.99047,0.99094,54533
2012-03-27,0.99093,0.99551,0.9899,0.99535,45090
2012-03-28,0.99533,0.99985,0.99453,0.99843,50164
2012-03-29,0.99837,1.0018,0.99614,0.99662,51272
2012-03-30,0.9966,0.99977,0.99512,0.99854,46918
2012-04-02,0.99568,0.99897,0.98874,0.99057,54238
2012-04-03,0.99058,0.9928,0.98871,0.99088,60763
2012-04-04,0.99088,0.99726,0.99064,0.99611,62212
2012-04-05,0.99611,0.99976,0.99054,0.99301,57917
2012-04-06,0.993,0.9984,0.99158,0.99685,29319
2012-04-09,0.99721,1.00009,0.99435,0.99691,36073
2012-04-10,0.99692,1.0044,0.99495,1.004,60019
2012-04-11,1.00398,1.0051,1.00078,1.0035,57718
2012-04-12,1.00351,1.00366,0.99395,0.99445,57298
2012-04-13,0.99445,0.99951,0.99253,0.99951,56348
2012-04-16,0.99916,1.00319,0.99733,0.9997,59978
2012-04-17,0.99974,1.00108,0.98648,0.98995,59866
2012-04-18,0.98998,0.99229,0.98812,0.99104,58613
2012-04-19,0.99102,0.99617,0.98784,0.99498,62632
2012-04-20,0.99497,0.99579,0.9896,0.99188,54464
2012-04-23,0.99247,0.9978,0.99044,0.99065,54435
2012-04-24,0.99064,0.99275,0.98686,0.9872,56853
2012-04-25,0.98721,0.98791,0.98229,0.98341,57576
2012-04-26,0.98342,0.98627,0.98059,0.9859,56038
2012-04-27,0.98591,0.98692,0.97988,0.98029,56175
2012-04-30,0.98066,0.98935,0.98029,0.98683,51044
2012-05-01,0.98684,0.98968,0.9832,0.98534,43818
2012-05-02,0.98533,0.99013,0.9848,0.98663,52644
2012-05-03,0.98662,0.98913,0.98273,0.9885,56638
2012-05-04,0.9885,0.99623,0.98613,0.99586,55826
2012-05-07,0.99501,0.99855,0.99255,0.99279,60641
2012-05-08,0.99277,1.00216,0.99224,0.99888,59888
2012-05-09,0.99888,1.00615,0.99838,1.00224,68605
2012-05-10,1.00225,1.00332,0.99763,1.00296,65506
2012-05-11,1.00297,1.00532,0.99531,1.00034,62114
2012-05-14,1.00156,1.0052,0.99914,1.00296,58670
2012-05-15,1.00291,1.0072,0.99894,1.00654,63488
2012-05-16,1.00653,1.01312,1.00537,1.01207,74474
2012-05-17,1.01207,1.01965,1.0104,1.01958,67194
2012-05-18,1.01957,1.02264,1.01378,1.02203,71785
2012-05-21,1.02135,1.02455,1.01641,1.0176,62371
2012-05-22,1.0176,1.02327,1.01509,1.0212,66915
2012-05-23,1.0212,1.02942,1.02075,1.02449,73584
2012-05-24,1.02446,1.02946,1.02253,1.02663,73469
2012-05-25,1.02662,1.03108,1.02457,1.0292,59377
2012-05-28,1.02677,1.0271,1.02226,1.02383,39107
2012-05-29,1.02383,1.02689,1.02063,1.02298,55629
2012-05-30,1.02299,1.03099,1.02212,1.02948,62868
2012-05-31,1.02949,1.03647,1.02607,1.03276,63765
2012-06-01,1.03275,1.04406,1.03216,1.04091,67086
2012-06-04,1.03909,1.04449,1.03688,1.03945,59948
2012-06-05,1.03946,1.04249,1.036,1.03784,58964
2012-06-06,1.03783,1.03825,1.027,1.02766,59492
2012-06-07,1.02765,1.02955,1.02098,1.02783,61286
2012-06-08,1.02786,1.03538,1.0258,1.02595,66182
2012-06-11,1.02226,1.03208,1.01995,1.03188,61023
2012-06-12,1.03185,1.03242,1.02513,1.0261,62554
2012-06-13,1.02611,1.03015,1.02411,1.02932,59041
2012-06-14,1.02927,1.02935,1.0221,1.02308,60435
2012-06-15,1.02303,1.02554,1.02138,1.0215,52298
2012-06-18,1.02014,1.02779,1.01913,1.02342,65151
2012-06-19,1.0234,1.02425,1.01658,1.01788,64420
2012-06-20,1.01787,1.02309,1.01585,1.01871,64599
2012-06-21,1.01868,1.02954,1.01745,1.02828,68848
2012-06-22,1.02831,1.02987,1.02406,1.02436,60599
2012-06-25,1.0254,1.03168,1.02526,1.0291,56019
2012-06-26,1.02911,1.0296,1.0232,1.02414,60492
2012-06-27,1.02419,1.02666,1.02352,1.02542,57302
2012-06-28,1.02543,1.0360800000000001,1.02312,1.03322,67981
2012-06-29,1.03323,1.03404,1.0164,1.0164,72093
2012-07-02,1.01612,1.01999,1.01545,1.01647,58486
2012-07-03,1.01648,1.01712,1.01187,1.01225,54084
2012-07-04,1.01233,1.01412,1.01197,1.0128,49983
2012-07-05,1.01279,1.01563,1.00999,1.01448,60550
2012-07-06,1.01446,1.02066,1.01388,1.01948,57502
2012-07-09,1.01993,1.02201,1.01821,1.0191,51410
2012-07-10,1.0191,1.0228,1.01649,1.02253,55375
2012-07-11,1.02253,1.02297,1.01723,1.01908,56734
2012-07-12,1.01908,1.02486,1.01756,1.01909,59665
2012-07-13,1.0191,1.02024,1.01287,1.01381,55549
2012-07-16,1.01355,1.01719,1.01355,1.01481,49551
2012-07-17,1.01482,1.01686,1.01175,1.01257,54571
2012-07-18,1.01258,1.01487,1.0099,1.01018,51946
2012-07-19,1.01017,1.01057,1.00648,1.00775,53256
2012-07-20,1.00771,1.01299,1.00684,1.01254,51931
2012-07-23,1.01353,1.02037,1.01303,1.01889,59999
2012-07-24,1.01888,1.02251,1.0157,1.0216,59945
2012-07-25,1.02161,1.02303,1.01384,1.01548,62274
2012-07-26,1.01545,1.01653,1.00622,1.00998,63629
2012-07-27,1.01001,1.01052,1.00299,1.00308,61220
2012-07-30,1.00429,1.00527,1.00122,1.00203,54847
2012-07-31,1.00202,1.0042,1.00025,1.00331,58029
2012-08-01,1.00332,1.00553,1.0002,1.0051,58485
2012-08-02,1.00511,1.00833,1.00016,1.00717,63855
2012-08-03,1.00717,1.0075,0.99789,1.0012,63392
2012-08-06,1.00119,1.00194,0.99822,1.00028,53900
2012-08-07,1.00026,1.0012,0.99618,0.99674,54377
2012-08-08,0.99674,0.99876,0.99354,0.99464,56854
2012-08-09,0.99457,0.99496,0.99087,0.9912,55997
2012-08-10,0.99124,0.99692,0.9905,0.99088,51710
2012-08-13,0.99101,0.99392,0.99044,0.99242,49677
2012-08-14,0.99243,0.99404,0.99054,0.99191,51715
2012-08-15,0.99194,0.99346,0.98857,0.98916,42447
2012-08-16,0.98912,0.98991,0.98587,0.98638,43489
2012-08-17,0.98638,0.99,0.98619,0.98901,42442
2012-08-20,0.98851,0.9901,0.9874,0.98842,39087
2012-08-21,0.98843,0.98985,0.98415,0.9889,43252
2012-08-22,0.98889,0.99463,0.98888,0.99083,48370
2012-08-23,0.99083,0.99477,0.98839,0.99377,49063
2012-08-24,0.99376,0.99469,0.99033,0.99215,45070
2012-08-27,0.99166,0.99236,0.9889,0.99051,33476
2012-08-28,0.99052,0.99165,0.98417,0.98791,41906
2012-08-29,0.98792,0.98983,0.98647,0.98939,36848
2012-08-30,0.9894,0.99308,0.98892,0.9922,39766
2012-08-31,0.99223,0.99295,0.98507,0.98609,50530
2012-09-03,0.98662,0.98773,0.985,0.98578,37753
2012-09-04,0.9858,0.98741,0.98422,0.98587,46335
2012-09-05,0.98588,0.99183,0.98563,0.99033,51394
2012-09-06,0.99033,0.99139,0.98083,0.98251,54522
2012-09-07,0.98266,0.98336,0.97645,0.97858,49743
2012-09-10,0.97756,0.97876,0.97535,0.97731,36760
2012-09-11,0.97729,0.97747,0.97125,0.97323,40750
2012-09-12,0.97322,0.97672,0.9714,0.97578,46358
2012-09-13,0.97582,0.97732,0.96645,0.96884,48025
2012-09-14,0.96883,0.97211,0.96319,0.97133,48087
2012-09-17,0.97018,0.97592,0.96923,0.97468,40677
2012-09-18,0.97466,0.97648,0.97298,0.9746,45185
2012-09-19,0.97459,0.9763,0.97241,0.97463,44538
2012-09-20,0.97464,0.98155,0.9744,0.97649,48685
2012-09-21,0.9765,0.97786,0.973,0.97622,45110
2012-09-24,0.97641,0.98173,0.97634,0.97839,40551
2012-09-25,0.97841,0.98095,0.97557,0.98007,49235
2012-09-26,0.98008,0.98589,0.97996,0.98471,49250
2012-09-27,0.98476,0.98528,0.97906,0.98014,49276
2012-09-28,0.98012,0.9851,0.978,0.98363,49594
2012-10-01,0.98399,0.98523,0.9797,0.982,46946
2012-10-02,0.98201,0.98424,0.98107,0.98408,43669
2012-10-03,0.98409,0.98839,0.98384,0.98727,47724
2012-10-04,0.98726,0.98758,0.97984,0.98047,49568
2012-10-05,0.98048,0.98109,0.97343,0.97852,43762
2012-10-08,0.97809,0.97998,0.97498,0.97695,43796
2012-10-09,0.97694,0.98068,0.97431,0.9779,45291
2012-10-10,0.97789,0.98288,0.97673,0.98195,44416
2012-10-11,0.98194,0.98336,0.97627,0.97847,40123
2012-10-12,0.97843,0.98083,0.97665,0.98003,38477
2012-10-15,0.97867,0.98125,0.97677,0.98089,38518
2012-10-16,0.98092,0.98774,0.98011,0.98633,42663
2012-10-17,0.98634,0.98706,0.97716,0.97779,41191
2012-10-18,0.97779,0.98582,0.97633,0.9857,39827
2012-10-19,0.98571,0.99382,0.98439,0.9935,39495
2012-10-22,0.99423,0.99641,0.99165,0.99224,39397
2012-10-23,0.99222,0.99752,0.99001,0.99228,41990
2012-10-24,0.99229,0.99566,0.98879,0.99363,42802
2012-10-25,0.99363,0.99532,0.99018,0.99419,40610
2012-10-26,0.9942,0.99927,0.99406,0.99684,41493
2012-10-29,0.99934,1.00118,0.99784,1.00082,25660
2012-10-30,1.00084,1.00177,0.99821,0.99896,19175
2012-10-31,0.99897,1.00133,0.99594,1.00003,60080
2012-11-01,1.0,1.00127,0.99588,0.99646,70073
2012-11-02,0.99643,0.99837,0.99207,0.99571,78648
2012-11-05,0.9957,0.99763,0.99392,0.9961,71177
2012-11-06,0.99612,0.99665,0.99101,0.99214,74092
2012-11-07,0.99215,0.99819,0.98736,0.99655,98788
2012-11-08,0.99655,1.00055,0.99468,1.00036,87313
2012-11-09,1.00038,1.00327,0.99822,1.00154,75765
2012-11-12,1.00038,1.00057,0.99843,0.99979,61988
2012-11-13,0.9998,1.00349,0.99896,1.00214,67379
2012-11-14,1.00215,1.00394,0.9997,1.00383,68375
2012-11-15,1.00383,1.00406,1.00023,1.00054,70890
2012-11-16,1.0005,1.00552,0.99956,1.00112,68754
2012-11-19,1.00109,1.00165,0.99536,0.99675,66180
2012-11-20,0.99671,0.99899,0.9954,0.99671,68307
2012-11-21,0.99672,0.99907,0.99569,0.99639,66875
2012-11-22,0.99641,0.99809,0.99518,0.99747,52802
2012-11-23,0.99747,0.99807,0.99143,0.99271,59967
2012-11-26,0.99243,0.99594,0.99164,0.99273,64100
2012-11-27,0.99273,0.99473,0.99046,0.99429,68434
2012-11-28,0.99429,0.99602,0.9916,0.99186,73777
2012-11-29,0.99185,0.99381,0.99106,0.99283,47010
2012-11-30,0.99296,0.99506,0.99203,0.99417,66260
2012-12-03,0.99378,0.99515,0.99137,0.99474,62819
2012-12-04,0.99476,0.99535,0.99144,0.99307,64571
2012-12-05,0.99307,0.99408,0.99073,0.99198,42614
2012-12-06,0.99198,0.99257,0.98916,0.99166,64082
2012-12-07,0.9916,0.99329,0.98754,0.98826,60687
2012-12-10,0.98711,0.98877,0.98604,0.98613,57574
2012-12-11,0.98615,0.98795,0.98566,0.98611,58745
2012-12-12,0.98612,0.98652,0.98253,0.98459,60501
2012-12-13,0.98453,0.98548,0.98239,0.98444,59580
2012-12-14,0.98445,0.98649,0.9831,0.98544,61305
2012-12-17,0.98561,0.98807,0.98312,0.98365,59171
2012-12-18,0.98363,0.98598,0.98313,0.98588,55979
2012-12-19,0.98589,0.98907,0.98485,0.98903,61380
2012-12-20,0.98901,0.98957,0.98686,0.98751,63123
2012-12-21,0.98763,0.99525,0.98741,0.99309,66789
2012-12-24,0.99326,0.99442,0.99096,0.99106,40197
2012-12-26,0.99187,0.99503,0.99118,0.99356,31283
2012-12-27,0.99356,0.99577,0.99075,0.99498,63363
2012-12-28,0.99497,0.997,0.99377,0.99678,59377
2012-12-31,0.99532,0.99698,0.99091,0.99476,49824
2013-01-01,0.99281,0.99313,0.992,0.99266,511
2013-01-02,0.99266,0.9943,0.9836,0.98541,65782
2013-01-03,0.98537,0.98869,0.9842,0.98852,65213
2013-01-04,0.98851,0.9923,0.98478,0.98708,68953
2013-01-07,0.98613,0.98844,0.98524,0.98577,63720
2013-01-08,0.98576,0.98823,0.98426,0.98659,65100
2013-01-09,0.98659,0.98805,0.98541,0.98771,66362
2013-01-10,0.98772,0.98796,0.98272,0.98317,72518
2013-01-11,0.98324,0.98528,0.98151,0.98472,72594
2013-01-14,0.98443,0.98657,0.98306,0.98396,72728
2013-01-15,0.98398,0.98663,0.98308,0.98427,81508
2013-01-16,0.98425,0.98772,0.98369,0.98618,74155
2013-01-17,0.98619,0.98853,0.98424,0.98558,77011
2013-01-18,0.98556,0.99461,0.98533,0.99147,77212
2013-01-21,0.99213,0.99385,0.99088,0.99263,57970
2013-01-22,0.99263,0.99453,0.99082,0.99193,78880
2013-01-23,0.99195,1.00041,0.99026,0.99967,75701
2013-01-24,0.99966,1.00356,0.99895,1.00222,75270
2013-01-25,1.00222,1.00996,1.00207,1.00565,73216
2013-01-28,1.00664,1.00997,1.00573,1.00593,69461
2013-01-29,1.00597,1.00661,1.00068,1.00135,73707
2013-01-30,1.00136,1.00521,1.0008,1.00163,73993
2013-01-31,1.00164,1.00342,0.99565,0.99674,71539
2013-02-01,0.99671,1.00035,0.99633,0.99633,69605
2013-02-04,0.99657,0.99924,0.99473,0.99901,67481
2013-02-05,0.99901,0.99941,0.99488,0.99539,70300
2013-02-06,0.9954,0.99883,0.99502,0.99569,69652
2013-02-07,0.99569,0.99936,0.99318,0.99768,68449
2013-02-08,0.99767,1.00348,0.997,1.00197,63969
2013-02-11,1.003,1.00831,1.00264,1.0052,59367
2013-02-12,1.0052,1.00875,1.00136,1.00157,63453
2013-02-13,1.00158,1.00435,1.00115,1.0014,60534
2013-02-14,1.00138,1.00237,0.99988,1.00064,63197
2013-02-15,1.00065,1.00819,1.00012,1.00619,61631
2013-02-18,1.00752,1.01206,1.00568,1.01054,51679
2013-02-19,1.0106,1.01375,1.01007,1.01168,61374
2013-02-20,1.01169,1.01846,1.01084,1.01637,68734
2013-02-21,1.01637,1.02073,1.01623,1.01782,70890
2013-02-22,1.0178,1.02559,1.01585,1.02119,69542
2013-02-25,1.02199,1.02766,1.02199,1.02567,79409
2013-02-26,1.02567,1.03027,1.02398,1.02537,79215
2013-02-27,1.02537,1.02771,1.02264,1.02337,77750
2013-02-28,1.0234,1.03126,1.02163,1.03023,73589
2013-03-01,1.03024,1.03414,1.02619,1.02657,74067
2013-03-04,1.0273,1.03091,1.0268,1.02733,11086
2013-03-05,1.02735,1.02932,1.02553,1.02721,11548
2013-03-06,1.02726,1.03366,1.02543,1.03222,18730
2013-03-07,1.03221,1.0329,1.02847,1.02937,22840
2013-03-08,1.02937,1.03142,1.0234,1.02814,19096
2013-03-11,1.02869,1.02941,1.02547,1.0263,18549
2013-03-12,1.02629,1.02832,1.02485,1.02606,21231
2013-03-13,1.02606,1.02947,1.02459,1.02823,22615
2013-03-14,1.02823,1.02827,1.02114,1.0222,24455
2013-03-15,1.02215,1.02305,1.01805,1.01935,23371
2013-03-18,1.02256,1.02501,1.02035,1.02232,23944
2013-03-19,1.02232,1.02837,1.02143,1.02711,24984
2013-03-20,1.02712,1.02753,1.02381,1.02604,24661
2013-03-21,1.02604,1.02632,1.01994,1.02456,24543
2013-03-22,1.02448,1.02639,1.02203,1.0232,20188
2013-03-25,1.02323,1.02323,1.01878,1.02126,26222
2013-03-26,1.02126,1.02165,1.01589,1.01631,22637
2013-03-27,1.01632,1.0195,1.01498,1.01609,22418
2013-03-28,1.01617,1.01736,1.01445,1.01616,22373
2013-03-29,1.01617,1.01791,1.01565,1.0169,11955
2013-04-01,1.01671,1.01821,1.0159,1.01676,14168
2013-04-02,1.0167,1.01678,1.01245,1.01418,19855
2013-04-03,1.01421,1.01544,1.01247,1.01454,19435
2013-04-04,1.01451,1.0166,1.01037,1.0128,25341
2013-04-05,1.01284,1.02355,1.01227,1.01748,26755
2013-04-08,1.0167,1.0213700000000001,1.01553,1.01642,22539
2013-04-09,1.01641,1.01752,1.01338,1.01616,22615
2013-04-10,1.0163,1.01673,1.01387,1.01423,20793
2013-04-11,1.01422,1.0156,1.00828,1.01022,22911
2013-04-12,1.01025,1.01446,1.00933,1.01313,21361
2013-04-15,1.01409,1.02582,1.01329,1.02417,33627
2013-04-16,1.02415,1.02567,1.02028,1.02088,32400
2013-04-17,1.02089,1.02928,1.02089,1.02616,34068
2013-04-18,1.02623,1.02765,1.02296,1.02564,32473
2013-04-19,1.02567,1.02687,1.02315,1.02639,25689
2013-04-22,1.02559,1.02852,1.02472,1.02587,25406
2013-04-23,1.02587,1.02847,1.02503,1.02618,27562
2013-04-24,1.02618,1.0278,1.02463,1.02562,23670
2013-04-25,1.02564,1.0258,1.01851,1.01997,24794
2013-04-26,1.01997,1.02139,1.01572,1.01625,25791
2013-04-29,1.01662,1.01683,1.01074,1.01179,20837
2013-04-30,1.01179,1.01226,1.00545,1.00717,23548
2013-05-01,1.00717,1.00996,1.00507,1.00816,21414
2013-05-02,1.00818,1.0109,1.0059,1.01059,24340
2013-05-03,1.01065,1.01318,1.00737,1.00737,22665
2013-05-06,1.00767,1.00956,1.00641,1.00684,17134
2013-05-07,1.00685,1.00828,1.00362,1.00457,21217
2013-05-08,1.00456,1.00581,1.00173,1.00257,19967
2013-05-09,1.0026,1.00892,1.00133,1.00687,24695
2013-05-10,1.00687,1.01518,1.00629,1.00987,29877
2013-05-13,1.0112,1.01323,1.00815,1.01043,24612
2013-05-14,1.01043,1.01855,1.00898,1.0182,24149
2013-05-15,1.01819,1.02192,1.01564,1.01641,24376
2013-05-16,1.01641,1.02073,1.0149,1.01855,23624
2013-05-17,1.01856,1.0313,1.01802,1.02788,25690
2013-05-20,1.02749,1.02956,1.02165,1.02425,26527
2013-05-21,1.02422,1.03209,1.02344,1.02687,28889
2013-05-22,1.02687,1.03876,1.02504,1.03713,38259
2013-05-23,1.03715,1.0393,1.02852,1.03009,41436
2013-05-24,1.03009,1.03554,1.0299,1.03151,31208
2013-05-27,1.03148,1.03437,1.03117,1.03359,16785
2013-05-28,1.03359,1.04077,1.03243,1.04023,32604
2013-05-29,1.04025,1.04203,1.03451,1.03494,39394
2013-05-30,1.03501,1.03878,1.02945,1.02964,38736
2013-05-31,1.02969,1.0381,1.02945,1.03736,38703
2013-06-03,1.03625,1.03747,1.02613,1.02803,38171
2013-06-04,1.02803,1.03612,1.02764,1.03394,36694
2013-06-05,1.03399,1.03798,1.03272,1.03422,40225
2013-06-06,1.03435,1.03664,1.01978,1.02625,55227
2013-06-07,1.02627,1.0287,1.01666,1.0193,53360
2013-06-10,1.02185,1.02231,1.01682,1.01926,45962
2013-06-11,1.01926,1.02509,1.01749,1.01873,54060
2013-06-12,1.01877,1.02166,1.01549,1.02101,48762
2013-06-13,1.02103,1.02256,1.01469,1.01552,51249
2013-06-14,1.01545,1.01866,1.01369,1.01675,31152
2013-06-17,1.01722,1.0205,1.01489,1.01868,24775
2013-06-18,1.01868,1.02167,1.01766,1.02139,28036
2013-06-19,1.02139,1.02865,1.01739,1.02706,34622
2013-06-20,1.02706,1.03936,1.02668,1.03787,49939
2013-06-21,1.03788,1.04883,1.03625,1.04538,42739
2013-06-24,1.0478,1.05557,1.04702,1.05008,46955
2013-06-25,1.05007,1.05471,1.04577,1.05133,44543
2013-06-26,1.05125,1.05273,1.04575,1.04756,39753
2013-06-27,1.0471,1.05038,1.04237,1.04761,48761
2013-06-28,1.04763,1.05528,1.04534,1.05164,53851
2013-07-01,1.05217,1.05339,1.04868,1.04951,28834
2013-07-02,1.04966,1.05777,1.04946,1.05464,36543
2013-07-03,1.05464,1.05644,1.0498,1.05026,35274
2013-07-04,1.05029,1.05572,1.04721,1.05165,29125
2013-07-05,1.05165,1.06089,1.05113,1.05805,36843
2013-07-08,1.05801,1.05851,1.05463,1.0561,29240
2013-07-09,1.05609,1.05741,1.05134,1.0526,34552
2013-07-10,1.0526200000000001,1.05399,1.04278,1.0428,39326
2013-07-11,1.04327,1.04477,1.03258,1.0367,50070
2013-07-12,1.03668,1.04039,1.03594,1.03925,34453
2013-07-15,1.03896,1.04332,1.03795,1.04283,30717
2013-07-16,1.04283,1.0441799999999999,1.03633,1.0376,35316
2013-07-17,1.0376,1.04387,1.03555,1.04053,36350
2013-07-18,1.04051,1.0439,1.03726,1.03748,31625
2013-07-19,1.03748,1.03933,1.03553,1.03656,29934
2013-07-22,1.03659,1.03671,1.03215,1.03382,27941
2013-07-23,1.03381,1.03488,1.02774,1.02905,31344
2013-07-24,1.02905,1.03246,1.02625,1.03132,32742
2013-07-25,1.03132,1.03193,1.02552,1.02843,31589
2013-07-26,1.0284200000000001,1.03027,1.02619,1.02746,27082
2013-07-29,1.02822,1.02831,1.02523,1.0264,26881
2013-07-30,1.02641,1.03103,1.02585,1.03061,29135
2013-07-31,1.03062,1.03356,1.02458,1.0279,37403
2013-08-01,1.0279,1.03509,1.02649,1.03492,32818
2013-08-02,1.03491,1.04022,1.03387,1.0387,32435
2013-08-05,1.0388,1.04031,1.03574,1.03582,25112
2013-08-06,1.03581,1.03903,1.03478,1.03741,26827
2013-08-07,1.03742,1.04451,1.03677,1.04224,31451
2013-08-08,1.04224,1.04307,1.03041,1.0325,30491
2013-08-09,1.03255,1.03528,1.02751,1.02858,27824
2013-08-12,1.0294,1.03164,1.0279,1.03056,24627
2013-08-13,1.03053,1.03481,1.03034,1.03428,27032
2013-08-14,1.03427,1.03693,1.03182,1.03391,27397
2013-08-15,1.03389,1.03639,1.03,1.03025,35221
2013-08-16,1.03032,1.03601,1.02934,1.03346,28854
2013-08-19,1.03305,1.0348,1.03156,1.0344,26517
2013-08-20,1.03439,1.04012,1.03407,1.03935,34087
2013-08-21,1.03938,1.04821,1.03918,1.04779,36363
2013-08-22,1.04779,1.053,1.04706,1.05197,32216
2013-08-23,1.0518399999999999,1.0568,1.04944,1.04944,31232
2013-08-26,1.05127,1.05332,1.04978,1.04994,20911
2013-08-27,1.04996,1.05397,1.04719,1.04779,30074
2013-08-28,1.04778,1.05109,1.04735,1.04887,30706
2013-08-29,1.04887,1.0541,1.04797,1.05373,29297
2013-08-30,1.05373,1.05579,1.05086,1.05324,27889
2013-09-02,1.05284,1.05571,1.05161,1.05475,19449
2013-09-03,1.05475,1.05593,1.05089,1.05352,27011
2013-09-04,1.05352,1.05421,1.04753,1.04946,25963
2013-09-05,1.0495700000000001,1.0516,1.04759,1.05045,22510
2013-09-06,1.05042,1.05048,1.03817,1.04042,22784
2013-09-09,1.04029,1.04182,1.03594,1.03705,19535
2013-09-10,1.03707,1.03796,1.03303,1.03497,23493
2013-09-11,1.03502,1.03648,1.03103,1.03144,22821
2013-09-12,1.03143,1.03353,1.03056,1.03256,23783
2013-09-13,1.03257,1.03558,1.03223,1.03489,21098
2013-09-16,1.0315,1.03262,1.02822,1.03217,21598
2013-09-17,1.03223,1.03343,1.02746,1.02956,20768
2013-09-18,1.02958,1.0318,1.02013,1.02272,25486
2013-09-19,1.02278,1.02675,1.01822,1.02652,28131
2013-09-20,1.02648,1.03097,1.02621,1.03026,21874
2013-09-23,1.03059,1.0306,1.02745,1.02819,21346
2013-09-24,1.02818,1.03103,1.02693,1.03028,19561
2013-09-25,1.03028,1.0319,1.02859,1.03157,21437
2013-09-26,1.03159,1.034,1.03026,1.03105,20595
2013-09-27,1.03104,1.03318,1.0298,1.0304,18364
2013-09-30,1.0316,1.03172,1.0275,1.03144,23196
2013-10-01,1.03144,1.03362,1.02874,1.03318,24068
2013-10-02,1.03327,1.03562,1.03231,1.03331,22350
2013-10-03,1.03328,1.03393,1.03126,1.03288,22196
2013-10-04,1.03282,1.034,1.02896,1.02917,19682
2013-10-07,1.02992,1.03333,1.02956,1.03128,20301
2013-10-08,1.03128,1.03734,1.03071,1.03687,22030
2013-10-09,1.03687,1.0407,1.03527,1.03919,23461
2013-10-10,1.03919,1.04192,1.03716,1.03981,21098
2013-10-11,1.03981,1.04119,1.03399,1.03467,22083
2013-10-14,1.0361,1.03691,1.03405,1.03537,16959
2013-10-15,1.03537,1.0391,1.03314,1.03757,21455
2013-10-16,1.03757,1.03848,1.03241,1.03263,22779
2013-10-17,1.03264,1.0332,1.02804,1.02957,24661
2013-10-18,1.0294,1.03017,1.0277,1.02852,18054
2013-10-21,1.02887,1.03067,1.02887,1.03056,15342
2013-10-22,1.03056,1.03096,1.02707,1.02894,18650
2013-10-23,1.02891,1.03965,1.02816,1.03834,25593
2013-10-24,1.03834,1.04376,1.03658,1.04193,22335
2013-10-25,1.04195,1.04603,1.04099,1.04444,19535
2013-10-28,1.04467,1.04512,1.04286,1.04457,16979
2013-10-29,1.04455,1.04709,1.04273,1.04667,20293
2013-10-30,1.04668,1.04963,1.04405,1.04791,21150
2013-10-31,1.0479,1.04894,1.04121,1.04345,23064
2013-11-01,1.04346,1.04537,1.04114,1.04161,19558
2013-11-04,1.04195,1.04278,1.03977,1.04219,14840
2013-11-05,1.0422,1.04617,1.04161,1.04544,18935
2013-11-06,1.04544,1.04588,1.04115,1.04178,17119
2013-11-07,1.04193,1.04629,1.04044,1.04546,23523
2013-11-08,1.04544,1.0503,1.04451,1.04767,22536
2013-11-11,1.04845,1.04859,1.04651,1.04699,16360
2013-11-12,1.047,1.05081,1.04635,1.04931,21514
2013-11-13,1.04929,1.04959,1.0445,1.04511,20299
2013-11-14,1.0451,1.05256,1.04399,1.04652,24136
2013-11-15,1.04653,1.04844,1.04365,1.04366,17826
2013-11-18,1.04366,1.0441799999999999,1.04146,1.04311,17231
2013-11-19,1.04311,1.04849,1.04151,1.04633,20660
2013-11-20,1.04635,1.04734,1.04358,1.0453,24284
2013-11-21,1.0453,1.0526200000000001,1.04523,1.05219,24551
2013-11-22,1.05219,1.05683,1.05111,1.05115,22846
2013-11-25,1.0523,1.0582799999999999,1.0523,1.05333,18895
2013-11-26,1.0534,1.05584,1.052,1.05416,20297
2013-11-27,1.05412,1.06024,1.05312,1.05942,22838
2013-11-28,1.05943,1.05977,1.05707,1.05834,18231
2013-11-29,1.05863,1.06281,1.05588,1.06046,24748
2013-12-02,1.06185,1.06538,1.06136,1.06416,23220
2013-12-03,1.06416,1.06722,1.06308,1.06459,23945
2013-12-04,1.0646,1.07068,1.0637,1.06773,27807
2013-12-05,1.06771,1.06988,1.06247,1.06518,27278
2013-12-06,1.06523,1.07078,1.0622,1.06378,26331
2013-12-09,1.06458,1.06696,1.06254,1.06332,20838
2013-12-10,1.06331,1.06453,1.05997,1.06066,20293
2013-12-11,1.06066,1.06197,1.05842,1.05871,20886
2013-12-12,1.05874,1.06556,1.05607,1.06475,25474
2013-12-13,1.06475,1.06685,1.05807,1.05832,20675
2013-12-16,1.05908,1.05959,1.05721,1.05944,18564
2013-12-17,1.05944,1.06175,1.05756,1.06033,19851
2013-12-18,1.06033,1.07167,1.0601,1.07162,28379
2013-12-19,1.07154,1.07274,1.066,1.06665,24116
2013-12-20,1.06663,1.07369,1.06275,1.06337,23966
2013-12-23,1.06412,1.06524,1.05812,1.06154,19931
2013-12-24,1.0615,1.06342,1.0605,1.06144,14544
2013-12-26,1.06397,1.06494,1.06158,1.06447,8726
2013-12-27,1.06462,1.07183,1.06187,1.0703,44755
2013-12-30,1.07008,1.07271,1.06359,1.06506,41913
2013-12-31,1.06462,1.06563,1.06116,1.06274,38361
2014-01-01,1.06445,1.06475,1.06388,1.0646,1813
2014-01-02,1.06403,1.06775,1.05878,1.06683,64943
2014-01-03,1.06685,1.06715,1.06016,1.06297,53746
2014-01-06,1.06318,1.06805,1.0608,1.06593,56871
2014-01-07,1.0653,1.07811,1.06507,1.07679,67501
2014-01-08,1.0763,1.08299,1.0760399999999999,1.0826,72095
2014-01-09,1.08205,1.08744,1.08174,1.08398,66052
2014-01-10,1.08412,1.09457,1.08366,1.08856,78248
2014-01-13,1.09046,1.09289,1.08418,1.08717,60936
2014-01-14,1.08615,1.09586,1.08583,1.09516,65536
2014-01-15,1.09447,1.09909,1.09195,1.09418,66445
2014-01-16,1.09329,1.09621,1.09043,1.09325,62912
2014-01-17,1.09292,1.09832,1.09253,1.09594,55350
2014-01-20,1.09616,1.0971899999999999,1.09288,1.09508,42267
2014-01-21,1.09457,1.10182,1.09416,1.09686,59369
2014-01-22,1.09659,1.10939,1.09528,1.10928,72013
2014-01-23,1.10869,1.11731,1.10813,1.1102,102298
2014-01-24,1.1097,1.11371,1.10508,1.10862,87397
2014-01-27,1.10652,1.11188,1.1031,1.1116,64202
2014-01-28,1.11145,1.11767,1.10776,1.1154,67127
2014-01-29,1.11516,1.11864,1.11018,1.11687,81737
2014-01-30,1.11688,1.1199,1.115,1.11645,66902
2014-01-31,1.11551,1.1224,1.10869,1.11271,80349
2014-02-03,1.11133,1.11331,1.10404,1.11112,69404
2014-02-04,1.11169,1.11231,1.10475,1.1078000000000001,70616
2014-02-05,1.10805,1.11211,1.10362,1.10762,81349
2014-02-06,1.10797,1.1122,1.10497,1.10699,71624
2014-02-07,1.10686,1.10788,1.09668,1.10321,79303
2014-02-10,1.10372,1.10619,1.10177,1.10537,51102
2014-02-11,1.10547,1.10903,1.10021,1.10104,69323
2014-02-12,1.10071,1.10248,1.09752,1.09949,69372
2014-02-13,1.10013,1.1026,1.09537,1.09801,70318
2014-02-14,1.09753,1.09893,1.09397,1.09775,65861
2014-02-17,1.09836,1.09869,1.09521,1.09559,42752
2014-02-18,1.09632,1.09762,1.09393,1.09505,64263
2014-02-19,1.09466,1.10862,1.09095,1.10743,77633
2014-02-20,1.10766,1.11123,1.10591,1.10995,73081
2014-02-21,1.10974,1.1195,1.10929,1.1109499999999999,77508
2014-02-24,1.11043,1.11424,1.10539,1.10641,60485
2014-02-25,1.10599,1.1096,1.10533,1.10817,55373
2014-02-26,1.10836,1.11441,1.10723,1.11324,57582
2014-02-27,1.11269,1.11596,1.1117,1.1123,59737
2014-02-28,1.11194,1.11466,1.10397,1.10606,72089
2014-03-03,1.10765,1.111,1.10377,1.10788,62513
2014-03-04,1.10754,1.11176,1.10615,1.10908,59148
2014-03-05,1.10904,1.10992,1.10261,1.10323,59802
2014-03-06,1.1028,1.10458,1.09545,1.09859,68445
2014-03-07,1.09849,1.11005,1.09781,1.10868,67160
2014-03-10,1.10913,1.11303,1.1085,1.11096,64426
2014-03-11,1.11065,1.11304,1.10709,1.1109,62877
2014-03-12,1.11049,1.11534,1.10896,1.1121,74632
2014-03-13,1.11187,1.1122,1.10427,1.10744,88993
2014-03-14,1.10744,1.11104,1.10637,1.11043,78585
2014-03-17,1.10997,1.11072,1.10442,1.10623,67223
2014-03-18,1.10523,1.11461,1.10246,1.1133,86761
2014-03-19,1.11335,1.1271,1.11213,1.12413,101715
2014-03-20,1.12377,1.12782,1.12328,1.12411,75839
2014-03-21,1.12423,1.12622,1.11731,1.12199,83159
2014-03-24,1.12071,1.12459,1.11827,1.1195,73673
2014-03-25,1.11891,1.12102,1.11545,1.11672,76971
2014-03-26,1.11651,1.11697,1.108,1.11007,87366
2014-03-27,1.1101,1.11057,1.10129,1.10298,100535
2014-03-28,1.10281,1.10775,1.1,1.106,77114
2014-03-31,1.10606,1.10667,1.10013,1.10518,88195
2014-04-01,1.10507,1.10697,1.10117,1.10276,76127
2014-04-02,1.10255,1.10473,1.10037,1.10321,68491
2014-04-03,1.10316,1.10451,1.10054,1.10372,74241
2014-04-04,1.10336,1.10413,1.09561,1.09799,77901
2014-04-07,1.09776,1.10094,1.0961,1.09704,59615
2014-04-08,1.09702,1.09774,1.09116,1.09238,85959
2014-04-09,1.09238,1.09421,1.08573,1.08826,78074
2014-04-10,1.08795,1.09363,1.08671,1.09329,66245
2014-04-11,1.0935,1.0984,1.09175,1.09801,63757
2014-04-14,1.09725,1.09923,1.09417,1.09635,55529
2014-04-15,1.0961,1.10133,1.09579,1.09815,63039
2014-04-16,1.09768,1.10333,1.09584,1.10137,71030
2014-04-17,1.10101,1.10191,1.09828,1.10081,49188
2014-04-18,1.10027,1.10282,1.09974,1.10199,24005
2014-04-21,1.10221,1.10308,1.10073,1.10122,28487
2014-04-22,1.1009,1.10418,1.09998,1.10271,51825
2014-04-23,1.10244,1.10529,1.10167,1.10307,56391
2014-04-24,1.10306,1.10382,1.10147,1.10229,46075
2014-04-25,1.10214,1.10468,1.1013600000000001,1.1039,44910
2014-04-28,1.10381,1.10403,1.10166,1.10276,46559
2014-04-29,1.10272,1.10296,1.09425,1.09477,62473
2014-04-30,1.09429,1.09792,1.09422,1.09618,65780
2014-05-01,1.09608,1.09952,1.0952,1.09618,51928
2014-05-02,1.09549,1.10064,1.09349,1.09713,66692
2014-05-05,1.09789,1.09887,1.09482,1.09547,45662
2014-05-06,1.09533,1.09604,1.08735,1.0895299999999999,66203
2014-05-07,1.08934,1.09071,1.08752,1.08974,67722
2014-05-08,1.08983,1.09037,1.08135,1.0830899999999999,70940
2014-05-09,1.08292,1.09157,1.08161,1.08947,75064
2014-05-12,1.08976,1.09037,1.0873599999999999,1.08952,49041
2014-05-13,1.08942,1.09261,1.08865,1.09066,62714
2014-05-14,1.0903,1.09211,1.08688,1.08885,57089
2014-05-15,1.08879,1.08908,1.0851,1.08797,62601
2014-05-16,1.08842,1.08881,1.0855,1.08602,58029
2014-05-19,1.08606,1.08757,1.08494,1.08716,55616
2014-05-20,1.0873599999999999,1.09162,1.08703,1.0906,66580
2014-05-21,1.09061,1.09414,1.08927,1.09135,69722
2014-05-22,1.09111,1.09303,1.08837,1.08923,58667
2014-05-23,1.08902,1.09083,1.08601,1.08603,55782
2014-05-26,1.08681,1.08722,1.08524,1.08581,26036
2014-05-27,1.0858,1.08742,1.08351,1.08584,53256
2014-05-28,1.08567,1.08858,1.0843,1.0873599999999999,56184
2014-05-29,1.08744,1.08776,1.0824799999999999,1.08366,58428
2014-05-30,1.08363,1.0867499999999999,1.08218,1.08438,58114
2014-06-02,1.08289,1.09113,1.08289,1.08986,58618
2014-06-03,1.08985,1.09215,1.08902,1.09077,57441
2014-06-04,1.09076,1.09549,1.0906,1.0941,72112
2014-06-05,1.09387,1.09599,1.09159,1.09229,86971
2014-06-06,1.09237,1.09477,1.09016,1.09316,75538
2014-06-09,1.09223,1.09405,1.09001,1.09029,60130
2014-06-10,1.09028,1.09206,1.089,1.09033,62461
2014-06-11,1.09017,1.09061,1.08608,1.08661,65762
2014-06-12,1.08657,1.08696,1.0841,1.08539,65260
2014-06-13,1.08552,1.08698,1.08469,1.08551,60817
2014-06-16,1.08544,1.08817,1.08346,1.08422,64049
2014-06-17,1.08436,1.08745,1.08397,1.08591,60648
2014-06-18,1.08605,1.08974,1.08342,1.0839,72057
2014-06-19,1.08343,1.08416,1.08094,1.08201,66538
2014-06-20,1.08169,1.08256,1.07509,1.07576,70679
2014-06-23,1.07566,1.07586,1.07163,1.07302,67859
2014-06-24,1.07301,1.07451,1.07151,1.07445,60349
2014-06-25,1.07429,1.07514,1.07165,1.07203,58405
2014-06-26,1.07181,1.07245,1.06823,1.06925,60562
2014-06-27,1.06879,1.06961,1.0659,1.06618,55613
2014-06-30,1.06607,1.06962,1.06455,1.06673,58122
2014-07-01,1.06699,1.06772,1.0628,1.06323,55008
2014-07-02,1.06307,1.06701,1.06253,1.06671,61256
2014-07-03,1.06635,1.068,1.06196,1.06402,80367
2014-07-04,1.0633,1.06586,1.06292,1.0653,51899
2014-07-07,1.06444,1.0683799999999999,1.06303,1.06815,62944
2014-07-08,1.06829,1.06942,1.06613,1.0677699999999999,65610
2014-07-09,1.06767,1.0683799999999999,1.06403,1.06532,69952
2014-07-10,1.06496,1.06757,1.06437,1.06519,68405
2014-07-11,1.06483,1.07369,1.06297,1.07338,112600
2014-07-14,1.07348,1.07471,1.07094,1.07119,98292
2014-07-15,1.07109,1.07692,1.0709,1.07562,95988
2014-07-16,1.07579,1.07943,1.07224,1.07441,84214
2014-07-17,1.07408,1.07631,1.07271,1.07598,70591
2014-07-18,1.07612,1.07659,1.07077,1.07318,77958
2014-07-21,1.07283,1.07519,1.07252,1.07375,55912
2014-07-22,1.07368,1.0759,1.073,1.07364,71727
2014-07-23,1.0737,1.07453,1.07092,1.07254,74110
2014-07-24,1.07273,1.07517,1.0717,1.07435,70835
2014-07-25,1.0743800000000001,1.08211,1.07375,1.08025,99020
2014-07-28,1.0815,1.0818,1.07942,1.07981,88893
2014-07-29,1.07973,1.08657,1.07954,1.08502,111311
2014-07-30,1.08504,1.09164,1.0848200000000001,1.09023,108923
2014-07-31,1.0901399999999999,1.09293,1.08757,1.0905,89471
2014-08-01,1.09049,1.09435,1.08838,1.09034,110781
2014-08-04,1.09137,1.09336,1.09043,1.09055,63051
2014-08-05,1.09046,1.09763,1.09036,1.09606,87498
2014-08-06,1.09604,1.09856,1.09115,1.09165,76193
2014-08-07,1.09143,1.0937999999999999,1.09026,1.09269,79443
2014-08-08,1.0924800000000001,1.09835,1.0909,1.0971,91947
2014-08-11,1.09688,1.09771,1.09177,1.0924,57479
2014-08-12,1.09206,1.09527,1.09127,1.0924,65731
2014-08-13,1.09222,1.09398,1.09056,1.09146,71862
2014-08-14,1.09132,1.09206,1.08862,1.09033,62108
2014-08-15,1.0901399999999999,1.09183,1.08596,1.08966,79327
2014-08-18,1.08846,1.08988,1.08744,1.08875,48584
2014-08-19,1.08863,1.09491,1.0885,1.09408,66049
2014-08-20,1.09409,1.09735,1.09313,1.09688,80264
2014-08-21,1.09685,1.0985800000000001,1.0939,1.09396,65935
2014-08-22,1.09401,1.09796,1.09272,1.09412,77388
2014-08-25,1.09635,1.0986,1.0942,1.09847,66935
2014-08-26,1.09824,1.09972,1.09403,1.09535,74133
2014-08-27,1.095,1.09554,1.08277,1.08655,105222
2014-08-28,1.08638,1.08685,1.08357,1.08598,83080
2014-08-29,1.08601,1.0879,1.08098,1.08785,74362
2014-09-01,1.08721,1.08779,1.08555,1.08758,45750
2014-09-02,1.087,1.09348,1.08659,1.09285,83877
2014-09-03,1.09269,1.09423,1.08701,1.08877,95640
2014-09-04,1.08868,1.09096,1.08199,1.08773,105572
2014-09-05,1.0873599999999999,1.09029,1.08391,1.0881,102773
2014-09-08,1.08793,1.09829,1.08772,1.09802,109161
2014-09-09,1.09721,1.10317,1.09636,1.09802,153518
2014-09-10,1.09832,1.10142,1.09329,1.09454,129840
2014-09-11,1.09358,1.10591,1.09346,1.10364,122963
2014-09-12,1.10337,1.10979,1.10278,1.10908,130574
2014-09-15,1.10816,1.10988,1.10349,1.10544,115094
2014-09-16,1.1053,1.10717,1.09652,1.09711,138071
2014-09-17,1.09669,1.10208,1.09262,1.10169,139681
2014-09-18,1.09964,1.10235,1.09283,1.09384,116104
2014-09-19,1.09338,1.09799,1.08862,1.09621,126942
2014-09-22,1.0961400000000001,1.10436,1.09256,1.10383,134400
2014-09-23,1.10431,1.10836,1.0985800000000001,1.10752,123297
2014-09-24,1.10774,1.11222,1.10526,1.10601,119113
2014-09-25,1.10569,1.11274,1.10558,1.11135,144979
2014-09-26,1.11086,1.1169,1.10917,1.11541,120951
2014-09-29,1.11498,1.11785,1.11309,1.1161,120695
2014-09-30,1.11634,1.12195,1.11343,1.11981,133635
2014-10-01,1.11959,1.12232,1.11599,1.11635,135274
2014-10-02,1.11623,1.11777,1.10708,1.1157,172770
2014-10-03,1.11557,1.12703,1.11537,1.1244399999999999,128563
2014-10-06,1.1249,1.12652,1.11107,1.11382,119555
2014-10-07,1.11313,1.1196,1.11259,1.11632,153431
2014-10-08,1.11735,1.12101,1.10926,1.11088,173863
2014-10-09,1.11064,1.11892,1.10812,1.11821,164747
2014-10-10,1.11847,1.12222,1.11594,1.11986,168837
2014-10-13,1.11774,1.12197,1.11774,1.11911,125812
2014-10-14,1.1198,1.13133,1.1189,1.12942,134424
2014-10-15,1.12961,1.13853,1.12258,1.12654,231398
2014-10-16,1.12542,1.13614,1.12259,1.12643,219772
2014-10-17,1.12577,1.12833,1.12101,1.1274,139820
2014-10-20,1.12832,1.12927,1.12502,1.129,115103
2014-10-21,1.1283400000000001,1.12959,1.12019,1.12253,138077
2014-10-22,1.12196,1.12929,1.11834,1.12399,133513
2014-10-23,1.12333,1.12635,1.12067,1.12302,130045
2014-10-24,1.12292,1.12429,1.11941,1.12299,101987
2014-10-27,1.12263,1.12548,1.12119,1.1252,96907
2014-10-28,1.12461,1.12526,1.11642,1.11693,122466
2014-10-29,1.11653,1.12243,1.11215,1.11825,140377
2014-10-30,1.1182,1.12224,1.11647,1.11926,149932
2014-10-31,1.11859,1.1332,1.11814,1.12642,180936
2014-11-03,1.1282,1.13766,1.12628,1.13528,159408
2014-11-04,1.13575,1.14264,1.13389,1.13995,159254
2014-11-05,1.1409,1.14661,1.13703,1.13972,182370
2014-11-06,1.13845,1.14432,1.13781,1.14249,202013
2014-11-07,1.1421999999999999,1.1448,1.1311499999999999,1.13275,201029
2014-11-10,1.13197,1.13843,1.12995,1.13738,134845
2014-11-11,1.13794,1.14013,1.1317300000000001,1.13397,128136
2014-11-12,1.13342,1.13585,1.12806,1.13207,148457
2014-11-13,1.13174,1.13914,1.12984,1.13733,139633
2014-11-14,1.13659,1.13927,1.12636,1.1285,169285
2014-11-17,1.12785,1.13279,1.12677,1.12984,134359
2014-11-18,1.13066,1.1323400000000001,1.12596,1.1302699999999999,116051
2014-11-19,1.1294,1.13588,1.1294,1.13434,140211
2014-11-20,1.13396,1.13687,1.12921,1.13085,148615
2014-11-21,1.13037,1.13256,1.11903,1.12314,154580
2014-11-24,1.12328,1.13119,1.1224,1.1276,97758
2014-11-25,1.1278,1.13164,1.12317,1.12565,140977
2014-11-26,1.12558,1.1296599999999999,1.12275,1.12465,119663
2014-11-27,1.12464,1.1354,1.12347,1.13288,100490
2014-11-28,1.1329500000000001,1.14435,1.13266,1.1415,136758
2014-12-01,1.14267,1.14584,1.13126,1.13266,159802
2014-12-02,1.1327099999999999,1.14238,1.13177,1.14055,124864
2014-12-03,1.14058,1.14177,1.13462,1.1362700000000001,124735
2014-12-04,1.13642,1.13965,1.13396,1.13842,137003
2014-12-05,1.13841,1.14756,1.138,1.14335,136742
2014-12-08,1.1433200000000001,1.1485400000000001,1.1426,1.1477,125562
2014-12-09,1.14774,1.15005,1.13965,1.14446,156289
2014-12-10,1.14452,1.1502,1.14351,1.14801,147946
2014-12-11,1.14809,1.15494,1.14476,1.15075,164894
2014-12-12,1.15197,1.15911,1.15154,1.15767,139887
2014-12-15,1.15815,1.16732,1.1547399999999999,1.16667,138966
2014-12-16,1.16707,1.16707,1.16062,1.16227,160772
2014-12-17,1.16243,1.16713,1.15597,1.16155,160611
2014-12-18,1.16279,1.1648,1.15687,1.15737,133386
2014-12-19,1.15748,1.16336,1.15666,1.16009,115394
2014-12-22,1.1596899999999999,1.16454,1.15775,1.16263,217002
2014-12-23,1.16259,1.16665,1.15983,1.16149,225512
2014-12-24,1.16147,1.16412,1.15894,1.16224,163521
2014-12-26,1.16165,1.1629800000000001,1.16027,1.16197,108049
2014-12-29,1.16121,1.1648,1.16044,1.16316,102256
2014-12-30,1.16343,1.1650800000000001,1.15962,1.16089,82069
2014-12-31,1.16094,1.1627,1.1564,1.16143,71915
2015-01-02,1.16062,1.17848,1.15979,1.17826,113902
2015-01-05,1.1779,1.18407,1.17428,1.17608,158605
2015-01-06,1.1761,1.1838899999999999,1.17299,1.18344,164483
2015-01-07,1.18357,1.18734,1.18124,1.18133,180981
2015-01-08,1.18144,1.18434,1.1796,1.18266,152554
2015-01-09,1.18293,1.18897,1.18024,1.18638,165402
2015-01-12,1.18581,1.19735,1.18343,1.19734,155852
2015-01-13,1.19731,1.1993,1.19254,1.19576,177497
2015-01-14,1.19555,1.20166,1.19284,1.19488,207508
2015-01-15,1.19498,1.19951,1.18019,1.19569,279074
2015-01-16,1.1957200000000001,1.2046000000000001,1.19483,1.19824,189364
2015-01-19,1.19741,1.19851,1.19333,1.19378,99526
2015-01-20,1.19363,1.21139,1.1936,1.21109,127940
2015-01-21,1.21119,1.2393399999999999,1.20617,1.2338,167893
2015-01-22,1.23379,1.2419,1.23126,1.2377799999999999,170628
2015-01-23,1.2379,1.24561,1.23592,1.2416800000000001,161043
2015-01-26,1.24367,1.2488299999999999,1.24042,1.24723,117345
2015-01-27,1.24723,1.24997,1.23788,1.23972,129165
2015-01-28,1.23979,1.25366,1.23875,1.25342,131799
2015-01-29,1.2534399999999999,1.26769,1.25108,1.26133,139432
2015-01-30,1.26153,1.27987,1.26068,1.27263,148266
2015-02-02,1.2696399999999999,1.2772700000000001,1.25566,1.25627,178030
2015-02-03,1.25632,1.26437,1.23511,1.24138,217761
2015-02-04,1.24136,1.2591700000000001,1.23897,1.25724,183654
2015-02-05,1.25717,1.25861,1.23931,1.2434,186980
2015-02-06,1.24325,1.25462,1.23654,1.25182,178251
2015-02-09,1.2534399999999999,1.25394,1.24278,1.24653,132680
2015-02-10,1.24649,1.26239,1.24503,1.25857,159513
2015-02-11,1.25854,1.2697,1.25713,1.26287,161213
2015-02-12,1.26301,1.26447,1.24374,1.25074,178596
2015-02-13,1.25072,1.2536399999999999,1.24213,1.24426,153605
2015-02-16,1.24414,1.249,1.24199,1.24635,123130
2015-02-17,1.24651,1.24779,1.23617,1.23875,175071
2015-02-18,1.23861,1.24657,1.23804,1.24539,157152
2015-02-19,1.24525,1.2554400000000001,1.24359,1.24948,163778
2015-02-20,1.24939,1.25644,1.24214,1.2530000000000001,168497
2015-02-23,1.25284,1.26241,1.25227,1.2570299999999999,149022
2015-02-24,1.25715,1.26634,1.24781,1.24859,186196
2015-02-25,1.24841,1.24973,1.23991,1.24348,164183
2015-02-26,1.24339,1.25348,1.23868,1.25143,190490
2015-02-27,1.25125,1.25302,1.24482,1.2509299999999999,174012
2015-03-02,1.25003,1.2564899999999999,1.24756,1.25343,143249
2015-03-03,1.25331,1.2543,1.24321,1.24946,170599
2015-03-04,1.24942,1.25419,1.24062,1.24271,182750
2015-03-05,1.24256,1.25183,1.24059,1.24852,169092
2015-03-06,1.24833,1.26268,1.24546,1.26219,176673
2015-03-09,1.26163,1.26257,1.25723,1.2600500000000001,133650
2015-03-10,1.26021,1.2692,1.25967,1.26859,212295
2015-03-11,1.2686899999999999,1.27968,1.26633,1.2741799999999999,194222
2015-03-12,1.27482,1.27683,1.2616100000000001,1.26898,194798
2015-03-13,1.26841,1.28232,1.26806,1.27796,205086
2015-03-16,1.27907,1.28183,1.27342,1.27749,173407
2015-03-17,1.27707,1.2797100000000001,1.27484,1.2786,150833
2015-03-18,1.27871,1.28345,1.24477,1.25865,222918
2015-03-19,1.25604,1.27576,1.25067,1.27104,235000
2015-03-20,1.27141,1.27226,1.25442,1.2547,209018
2015-03-23,1.25514,1.26148,1.24947,1.2516,205279
2015-03-24,1.25201,1.25454,1.2426599999999999,1.24969,190657
2015-03-25,1.24912,1.254,1.24725,1.25109,166503
2015-03-26,1.25187,1.25322,1.24094,1.24852,221448
2015-03-27,1.24803,1.26201,1.24675,1.26064,186743
2015-03-30,1.26001,1.2705600000000001,1.25945,1.26734,167685
2015-03-31,1.2673,1.27835,1.26517,1.2684199999999999,168270
2015-04-01,1.2684,1.27096,1.25755,1.26187,180346
2015-04-02,1.2619,1.26552,1.2556,1.25571,165443
2015-04-03,1.25567,1.2574,1.24286,1.24832,102003
2015-04-06,1.2462900000000001,1.2506,1.24365,1.24797,103575
2015-04-07,1.24784,1.2521900000000001,1.2454399999999999,1.25045,167306
2015-04-08,1.25043,1.25582,1.23868,1.25443,183816
2015-04-09,1.25442,1.2612999999999999,1.25078,1.25765,163882
2015-04-10,1.2576,1.26668,1.2557800000000001,1.25606,158804
2015-04-13,1.25767,1.26458,1.25617,1.25967,159758
2015-04-14,1.2595,1.26025,1.24441,1.24843,175404
2015-04-15,1.24834,1.25697,1.228,1.22942,218920
2015-04-16,1.22883,1.23276,1.21425,1.21884,255128
2015-04-17,1.21841,1.22709,1.2086999999999999,1.22407,218884
2015-04-20,1.22057,1.22593,1.21789,1.22286,163597
2015-04-21,1.22191,1.23052,1.22131,1.2282,186282
2015-04-22,1.22782,1.22867,1.22104,1.22336,154166
2015-04-23,1.22348,1.22684,1.21203,1.21448,173393
2015-04-24,1.21383,1.21854,1.21022,1.21776,182070
2015-04-27,1.21888,1.21949,1.20795,1.2089699999999999,168682
2015-04-28,1.20832,1.21166,1.20143,1.20271,195224
2015-04-29,1.20294,1.20729,1.19439,1.20069,240608
2015-04-30,1.20176,1.21323,1.19962,1.20686,245438
2015-05-01,1.20739,1.22046,1.20621,1.21665,181511
2015-05-04,1.21538,1.21806,1.2086999999999999,1.20902,122038
2015-05-05,1.20899,1.2131,1.20018,1.20671,143031
2015-05-06,1.20635,1.20872,1.19395,1.20459,176934
2015-05-07,1.20434,1.21628,1.20331,1.21261,146509
2015-05-08,1.21262,1.2145,1.20447,1.20786,158114
2015-05-11,1.20755,1.21439,1.2064300000000001,1.21013,143454
2015-05-12,1.2099199999999999,1.21067,1.19779,1.20177,198175
2015-05-13,1.20166,1.2028,1.19279,1.1956,190957
2015-05-14,1.1954799999999999,1.20056,1.19192,1.19815,210575
2015-05-15,1.19793,1.20668,1.19775,1.20152,182515
2015-05-18,1.20053,1.21707,1.19986,1.21587,146199
2015-05-19,1.21564,1.22495,1.21286,1.22308,226946
2015-05-20,1.22276,1.22557,1.21666,1.22072,234075
2015-05-21,1.22058,1.22423,1.21707,1.21969,207725
2015-05-22,1.21964,1.23215,1.2172,1.2281,210997
2015-05-25,1.22823,1.23179,1.22747,1.23108,109181
2015-05-26,1.23079,1.2447,1.23042,1.24328,232873
2015-05-27,1.24317,1.24915,1.23945,1.24504,237669
2015-05-28,1.24494,1.25378,1.24215,1.2434,267742
2015-05-29,1.2432400000000001,1.25269,1.24102,1.24402,242523
2015-06-01,1.2438,1.25625,1.24357,1.25206,239744
2015-06-02,1.25199,1.25343,1.23666,1.2399499999999999,276104
2015-06-03,1.23989,1.2509000000000001,1.23843,1.2450700000000001,229571
2015-06-04,1.24487,1.2503600000000001,1.24359,1.2500200000000001,177339
2015-06-05,1.2499500000000001,1.25623,1.24249,1.2428,309642
2015-06-08,1.24313,1.24724,1.23825,1.2409,252450
2015-06-09,1.24072,1.24414,1.23067,1.23344,279024
2015-06-10,1.23338,1.23521,1.22014,1.22529,306427
2015-06-11,1.22517,1.2354,1.22517,1.22909,261396
2015-06-12,1.22902,1.2347299999999999,1.22767,1.23047,186305
2015-06-15,1.23147,1.23601,1.22968,1.23236,197629
2015-06-16,1.23225,1.23462,1.2283,1.22929,195718
2015-06-17,1.22917,1.23527,1.22199,1.22262,229356
2015-06-18,1.2224599999999999,1.22503,1.21271,1.22212,256297
2015-06-19,1.22196,1.22955,1.22144,1.22692,195658
2015-06-22,1.22515,1.23286,1.2217500000000001,1.23072,223126
2015-06-23,1.23061,1.23826,1.23061,1.23247,244061
2015-06-24,1.23235,1.24225,1.22761,1.23813,240969
2015-06-25,1.23817,1.23994,1.23112,1.23254,213025
2015-06-26,1.23245,1.23971,1.23103,1.23133,199371
2015-06-29,1.23309,1.24122,1.2303,1.2402199999999999,287702
2015-06-30,1.24011,1.25,1.23623,1.24914,272992
2015-07-01,1.24901,1.25974,1.24735,1.25882,225058
2015-07-02,1.25876,1.26329,1.2533699999999999,1.25379,246478
2015-07-03,1.25352,1.26021,1.25323,1.25699,182853
2015-07-06,1.25871,1.26636,1.25625,1.26501,244274
2015-07-07,1.26487,1.27794,1.26429,1.27038,281298
2015-07-08,1.27007,1.27677,1.2688,1.27454,288715
2015-07-09,1.27441,1.2744900000000001,1.26651,1.27066,266538
2015-07-10,1.27039,1.27529,1.26326,1.2671299999999999,261675
2015-07-13,1.2696,1.27899,1.2679,1.27406,240699
2015-07-14,1.27389,1.28046,1.27154,1.2726899999999999,254012
2015-07-15,1.27241,1.29575,1.27223,1.2912,275653
2015-07-16,1.29088,1.2969,1.29044,1.2956400000000001,282910
2015-07-17,1.29558,1.30067,1.29471,1.29721,279765
2015-07-20,1.29701,1.3023799999999999,1.29518,1.29916,315116
2015-07-21,1.29928,1.30124,1.2916,1.29447,417366
2015-07-22,1.29422,1.30523,1.2936,1.30289,390692
2015-07-23,1.3026200000000001,1.30473,1.29454,1.30352,375886
2015-07-24,1.30341,1.31025,1.30167,1.3042500000000001,347258
2015-07-27,1.30384,1.30538,1.29783,1.30362,369007
2015-07-28,1.30365,1.30427,1.2911000000000001,1.29202,387339
2015-07-29,1.2919,1.2967,1.28601,1.29427,420278
2015-07-30,1.29439,1.30436,1.2940800000000001,1.30014,418380
2015-07-31,1.29934,1.30961,1.294,1.3085499999999999,471918
2015-08-03,1.30888,1.31758,1.30789,1.31546,416900
2015-08-04,1.31521,1.32015,1.31049,1.31872,461446
2015-08-05,1.31912,1.32131,1.31095,1.31742,410372
2015-08-06,1.31755,1.31969,1.30931,1.31059,407132
2015-08-07,1.31076,1.31834,1.30476,1.3134000000000001,381384
2015-08-10,1.31149,1.31819,1.2990599999999999,1.29981,322603
2015-08-11,1.29986,1.31495,1.29946,1.31101,387786
2015-08-12,1.31116,1.3157,1.29512,1.29753,396723
2015-08-13,1.29749,1.3090600000000001,1.29584,1.30559,383100
2015-08-14,1.30566,1.30971,1.30157,1.30948,365389
2015-08-17,1.3090600000000001,1.31517,1.30593,1.30774,373311
2015-08-18,1.30777,1.31263,1.304,1.30526,396582
2015-08-19,1.3057,1.3177400000000001,1.3023500000000001,1.3123,415909
2015-08-20,1.3127,1.31757,1.30591,1.308,422711
2015-08-21,1.30833,1.31933,1.30585,1.31854,458286
2015-08-24,1.31708,1.32898,1.31371,1.32799,513596
2015-08-25,1.32852,1.3353,1.3142800000000001,1.33322,438776
2015-08-26,1.33334,1.33487,1.32503,1.32849,434498
2015-08-27,1.3287900000000001,1.33051,1.31785,1.31939,389014
2015-08-28,1.31967,1.3300100000000001,1.31661,1.31986,427950
2015-08-31,1.32067,1.33266,1.31164,1.31387,296933
2015-09-01,1.31375,1.32602,1.31163,1.32568,463174
2015-09-02,1.3256000000000001,1.33243,1.31986,1.32663,504557
2015-09-03,1.32672,1.32893,1.31362,1.31764,425254
2015-09-04,1.31776,1.32893,1.31595,1.32772,373074
2015-09-07,1.32574,1.33094,1.32444,1.33047,272434
2015-09-08,1.33035,1.3308499999999999,1.31847,1.3207,217549
2015-09-09,1.32049,1.32664,1.3154,1.32544,230423
2015-09-10,1.32559,1.3287499999999999,1.31755,1.32517,305412
2015-09-11,1.32483,1.33094,1.32147,1.32616,227737
2015-09-14,1.32464,1.32796,1.3224,1.32584,200339
2015-09-15,1.32619,1.3272,1.32264,1.3249,214200
2015-09-16,1.32461,1.32565,1.31596,1.31678,194687
2015-09-17,1.3167499999999999,1.3205200000000001,1.3072599999999999,1.31803,236535
2015-09-18,1.31809,1.32293,1.30117,1.32217,259826
2015-09-21,1.32272,1.32648,1.3175,1.32537,234250
2015-09-22,1.32528,1.32976,1.32183,1.32712,200941
2015-09-23,1.3269199999999999,1.33572,1.32327,1.3318699999999999,232533
2015-09-24,1.33168,1.34161,1.3290199999999999,1.33017,257707
2015-09-25,1.33018,1.33544,1.32973,1.333,224264
2015-09-28,1.33266,1.33967,1.33167,1.33936,178184
2015-09-29,1.33931,1.34568,1.33714,1.34201,224398
2015-09-30,1.34201,1.34302,1.33059,1.3309,250389
2015-10-01,1.3308900000000001,1.33308,1.3218,1.3268900000000001,248170
2015-10-02,1.32634,1.3268,1.315,1.31524,223572
2015-10-05,1.31445,1.3175,1.30639,1.3084799999999999,310844
2015-10-06,1.30823,1.31338,1.30251,1.30322,264654
2015-10-07,1.30337,1.30714,1.29712,1.30545,292987
2015-10-08,1.30563,1.30738,1.29785,1.3014299999999999,289155
2015-10-09,1.30154,1.30214,1.29002,1.29431,297968
2015-10-12,1.29585,1.30106,1.29007,1.2997,240616
2015-10-13,1.29962,1.308,1.29557,1.30353,281792
2015-10-14,1.30383,1.30388,1.29109,1.2934,307208
2015-10-15,1.29353,1.29481,1.28312,1.28628,255604
2015-10-16,1.28623,1.2939,1.28506,1.2916,227087
2015-10-19,1.29006,1.30279,1.28978,1.30205,201593
2015-10-20,1.30171,1.30469,1.29349,1.29765,234736
2015-10-21,1.2979,1.31418,1.29679,1.31396,240063
2015-10-22,1.31378,1.31592,1.30833,1.3088600000000001,280421
2015-10-23,1.30874,1.31977,1.30392,1.3166,307405
2015-10-26,1.3157,1.31836,1.31203,1.31585,248615
2015-10-27,1.31516,1.32721,1.31516,1.32644,271487
2015-10-28,1.32678,1.32794,1.30897,1.31961,309955
2015-10-29,1.31881,1.32376,1.31323,1.31646,290141
2015-10-30,1.317,1.31924,1.30549,1.30741,292257
2015-11-02,1.30715,1.31161,1.30633,1.30927,234584
2015-11-03,1.3092,1.3164799999999999,1.30375,1.30585,285683
2015-11-04,1.30589,1.31915,1.30444,1.31488,279987
2015-11-05,1.3147199999999999,1.31861,1.3140100000000001,1.3167200000000001,306240
2015-11-06,1.31683,1.33173,1.31566,1.33034,285684
2015-11-09,1.32981,1.33097,1.32451,1.32864,249101
2015-11-10,1.3284799999999999,1.3296999999999999,1.32444,1.32742,245466
2015-11-11,1.32725,1.32834,1.3231600000000001,1.32623,234961
2015-11-12,1.32583,1.33405,1.32239,1.32889,297364
2015-11-13,1.32889,1.3349,1.32664,1.33243,241536
2015-11-16,1.32985,1.33703,1.32895,1.33278,265383
2015-11-17,1.33284,1.33436,1.3296700000000001,1.3321100000000001,287006
2015-11-18,1.33156,1.33684,1.32975,1.33018,244108
2015-11-19,1.33007,1.33133,1.3246,1.32821,279575
2015-11-20,1.32832,1.33555,1.32696,1.33477,278388
2015-11-23,1.3327,1.34355,1.33261,1.33646,308593
2015-11-24,1.33621,1.3377,1.32837,1.33034,295019
2015-11-25,1.33034,1.3338700000000001,1.32794,1.32891,295613
2015-11-26,1.32882,1.3324099999999999,1.32834,1.32921,239941
2015-11-27,1.329,1.33758,1.3284500000000001,1.33669,235560
2015-11-30,1.33621,1.33925,1.3311600000000001,1.3361100000000001,269596
2015-12-01,1.33598,1.33965,1.3309,1.33556,330956
2015-12-02,1.33567,1.3407200000000001,1.33075,1.33411,329078
2015-12-03,1.3342100000000001,1.33998,1.32928,1.3354,381609
2015-12-04,1.33534,1.34157,1.33168,1.33601,374679
2015-12-07,1.33684,1.35233,1.3364500000000001,1.34971,266078
2015-12-08,1.34977,1.36222,1.3495599999999999,1.35845,330237
2015-12-09,1.35823,1.36196,1.35162,1.35779,342791
2015-12-10,1.3578299999999999,1.36394,1.35315,1.36242,317130
2015-12-11,1.36223,1.37576,1.36171,1.37544,286318
2015-12-14,1.37171,1.37804,1.3676,1.37287,393774
2015-12-15,1.37311,1.37657,1.36726,1.37333,338880
2015-12-16,1.37362,1.38472,1.3727800000000001,1.37789,321795
2015-12-17,1.37782,1.39862,1.37763,1.39364,316101
2015-12-18,1.39343,1.4001000000000001,1.3853900000000001,1.39524,319318
2015-12-21,1.39331,1.39933,1.39124,1.39569,270725
2015-12-22,1.3955899999999999,1.39643,1.39154,1.39196,231096
2015-12-23,1.39184,1.39365,1.38349,1.38538,220492
2015-12-24,1.3845399999999999,1.3874,1.38121,1.38449,145081
2015-12-28,1.3825,1.3915199999999999,1.38129,1.39039,176603
2015-12-29,1.3902700000000001,1.3939599999999999,1.38153,1.38428,199936
2015-12-30,1.38407,1.39268,1.38281,1.38779,239655
2015-12-31,1.38772,1.39025,1.38222,1.38273,177183
2016-01-04,1.38116,1.3982700000000001,1.3811200000000001,1.39504,304587
2016-01-05,1.39509,1.40186,1.38974,1.39947,281955
2016-01-06,1.39924,1.41083,1.39727,1.40743,327650
2016-01-07,1.40729,1.41693,1.40497,1.41132,393964
2016-01-08,1.41127,1.41766,1.40571,1.41711,351072
2016-01-11,1.41625,1.4245,1.40645,1.42134,311156
2016-01-12,1.42151,1.43149,1.41758,1.426,357346
2016-01-13,1.42588,1.43798,1.41867,1.43395,366617
2016-01-14,1.43373,1.4397199999999999,1.43338,1.43656,386435
2016-01-15,1.43634,1.45532,1.43422,1.45357,364643
2016-01-18,1.46009,1.46058,1.44856,1.45569,321919
2016-01-19,1.4551,1.4588700000000001,1.44311,1.4577200000000001,388443
2016-01-20,1.45767,1.46895,1.4473500000000001,1.45022,487389
2016-01-21,1.45019,1.45401,1.4227,1.42651,488810
2016-01-22,1.4264000000000001,1.42996,1.41095,1.41211,438993
2016-01-25,1.41431,1.4291800000000001,1.41256,1.42898,412856
2016-01-26,1.42873,1.43252,1.40438,1.41163,440378
2016-01-27,1.41144,1.41563,1.40273,1.40946,471539
2016-01-28,1.4093499999999999,1.41223,1.39474,1.40275,483591
2016-01-29,1.40244,1.41087,1.39643,1.39703,457846
2016-02-01,1.39677,1.40618,1.39075,1.39447,404948
2016-02-02,1.39445,1.40817,1.39338,1.40529,400184
2016-02-03,1.40529,1.41025,1.37564,1.3777,452765
2016-02-04,1.3777300000000001,1.3797,1.36385,1.3752,445000
2016-02-05,1.37507,1.39178,1.3709,1.39139,369113
2016-02-08,1.38963,1.39778,1.38401,1.39237,429756
2016-02-09,1.39227,1.39598,1.37857,1.38649,442467
2016-02-10,1.38638,1.39989,1.38196,1.39202,468844
2016-02-11,1.39211,1.4016,1.38819,1.39344,530346
2016-02-12,1.39345,1.39646,1.38124,1.38443,407430
2016-02-15,1.38462,1.38596,1.37973,1.38318,254107
2016-02-16,1.38304,1.39111,1.37058,1.38631,416991
2016-02-17,1.38615,1.38985,1.36666,1.3670900000000001,432352
2016-02-18,1.36653,1.37512,1.36528,1.37232,387266
2016-02-19,1.37234,1.38462,1.3712900000000001,1.37603,352591
2016-02-22,1.37732,1.37923,1.36616,1.37046,339549
2016-02-23,1.36965,1.38206,1.36945,1.37938,376874
2016-02-24,1.37854,1.38588,1.36768,1.37003,389568
2016-02-25,1.36985,1.3734600000000001,1.35164,1.35284,388862
2016-02-26,1.35284,1.35638,1.35045,1.3511199999999999,366097
2016-02-29,1.35096,1.35869,1.3480699999999999,1.35367,354120
2016-03-01,1.35343,1.35511,1.33854,1.3407,338777
2016-03-02,1.34045,1.3498700000000001,1.34009,1.34152,322115
2016-03-03,1.34106,1.34727,1.33707,1.34021,287884
2016-03-04,1.33965,1.34707,1.32882,1.3312,290549
2016-03-07,1.33307,1.33769,1.32608,1.32809,272381
2016-03-08,1.3274599999999999,1.34247,1.3274599999999999,1.34079,282787
2016-03-09,1.34058,1.34459,1.32275,1.32462,308349
2016-03-10,1.32446,1.3397299999999999,1.32313,1.33434,350763
2016-03-11,1.3342,1.33578,1.31668,1.3213,277828
2016-03-14,1.32162,1.33079,1.32103,1.32659,256677
2016-03-15,1.32527,1.34017,1.32516,1.33499,282082
2016-03-16,1.33527,1.34051,1.30912,1.31165,288593
2016-03-17,1.30931,1.31326,1.29447,1.2984,326555
2016-03-18,1.29739,1.3042500000000001,1.2922799999999999,1.30029,297878
2016-03-21,1.29999,1.31018,1.29995,1.30988,278842
2016-03-22,1.30961,1.31382,1.30277,1.30435,275573
2016-03-23,1.30464,1.3219,1.30356,1.32042,274778
2016-03-24,1.31938,1.32957,1.31928,1.32415,268255
2016-03-25,1.32378,1.3284099999999999,1.32247,1.3260100000000001,115644
2016-03-28,1.32657,1.3284500000000001,1.31665,1.3186200000000001,205208
2016-03-29,1.31796,1.32153,1.30498,1.30711,294246
2016-03-30,1.30664,1.30804,1.2911299999999999,1.29641,364706
2016-03-31,1.29639,1.30104,1.28568,1.30042,335925
2016-04-01,1.29993,1.31467,1.29677,1.30118,325364
2016-04-04,1.30313,1.3087,1.30016,1.3084500000000001,284156
2016-04-05,1.30781,1.32184,1.30673,1.31355,329697
2016-04-06,1.31334,1.31861,1.30621,1.30877,332884
2016-04-07,1.30834,1.31803,1.30179,1.31419,325036
2016-04-08,1.31395,1.3155999999999999,1.29514,1.297,324334
2016-04-11,1.29803,1.30155,1.28845,1.28972,334536
2016-04-12,1.28958,1.2920099999999999,1.27493,1.27586,331254
2016-04-13,1.27564,1.28277,1.27438,1.28148,356998
2016-04-14,1.2812000000000001,1.28972,1.27812,1.28429,296819
2016-04-15,1.28353,1.29023,1.27965,1.28148,278887
2016-04-18,1.29427,1.29894,1.27772,1.2782,346124
2016-04-19,1.27823,1.27963,1.263,1.26692,339772
2016-04-20,1.26695,1.2729599999999999,1.2592400000000001,1.26523,323320
2016-04-21,1.26464,1.27495,1.26273,1.2733400000000001,286879
2016-04-22,1.27333,1.2757800000000001,1.26214,1.26715,325009
2016-04-25,1.26573,1.2717,1.26498,1.26765,303572
2016-04-26,1.26737,1.26856,1.25942,1.26014,302192
2016-04-27,1.2601200000000001,1.26938,1.2570700000000001,1.25974,324995
2016-04-28,1.25975,1.26059,1.25144,1.25521,396921
2016-04-29,1.25505,1.25869,1.2498,1.25495,386082
2016-05-02,1.2553,1.25621,1.25125,1.2527300000000001,308066
2016-05-03,1.25227,1.2731,1.24603,1.27236,393891
2016-05-04,1.27191,1.28853,1.2696399999999999,1.2866900000000001,373057
2016-05-05,1.28607,1.28747,1.27847,1.28528,356180
2016-05-06,1.2852299999999999,1.29515,1.28298,1.28986,376752
2016-05-09,1.29495,1.3014999999999999,1.29054,1.2962,339921
2016-05-10,1.29597,1.29798,1.29063,1.29086,324960
2016-05-11,1.29035,1.29416,1.28296,1.28503,316564
2016-05-12,1.28509,1.28779,1.27711,1.28445,338887
2016-05-13,1.28373,1.29574,1.28349,1.2935400000000001,280669
2016-05-16,1.29383,1.29624,1.28742,1.28942,243113
2016-05-17,1.2892299999999999,1.29547,1.28366,1.29071,289001
2016-05-18,1.29016,1.3036699999999999,1.28935,1.30316,360446
2016-05-19,1.30287,1.31543,1.30096,1.30949,372955
2016-05-20,1.3085200000000001,1.31619,1.3076400000000001,1.31087,270798
2016-05-23,1.3113299999999999,1.31735,1.30985,1.3141,251400
2016-05-24,1.31375,1.3188,1.3085499999999999,1.31226,290217
2016-05-25,1.3112,1.3133,1.3014000000000001,1.30186,278745
2016-05-26,1.30109,1.30369,1.29104,1.29765,269390
2016-05-27,1.29764,1.30681,1.29666,1.30258,244301
2016-05-30,1.30254,1.30944,1.30225,1.30471,188300
2016-05-31,1.3044799999999999,1.3134000000000001,1.30165,1.30903,290010
2016-06-01,1.30907,1.31219,1.30415,1.30768,318274
2016-06-02,1.30735,1.3143500000000001,1.30551,1.30961,300357
2016-06-03,1.309,1.31061,1.29149,1.29358,302561
2016-06-06,1.29341,1.29819,1.28027,1.2816,292453
2016-06-07,1.2812700000000001,1.28389,1.27321,1.27343,276317
2016-06-08,1.27287,1.2760500000000001,1.26542,1.26901,293544
2016-06-09,1.26884,1.27663,1.267,1.27227,297994
2016-06-10,1.2720799999999999,1.27812,1.26597,1.27756,315916
2016-06-13,1.2784900000000001,1.28393,1.27496,1.28354,314225
2016-06-14,1.28353,1.28727,1.28122,1.28694,305437
2016-06-15,1.28678,1.29428,1.28256,1.2910599999999999,331327
2016-06-16,1.29039,1.30853,1.28941,1.2965499999999999,383829
2016-06-17,1.29607,1.29635,1.28292,1.28846,326692
2016-06-20,1.28512,1.28603,1.2772000000000001,1.28041,275668
2016-06-21,1.27993,1.28262,1.2762,1.28169,274899
2016-06-22,1.28143,1.28531,1.27414,1.2840500000000001,274355
2016-06-23,1.28336,1.28444,1.26777,1.27472,341331
2016-06-24,1.2741500000000001,1.30988,1.27035,1.30007,386525
2016-06-27,1.30288,1.31197,1.29932,1.30752,403924
2016-06-28,1.30647,1.31073,1.2965900000000001,1.3024,325388
2016-06-29,1.30192,1.3041800000000001,1.2928,1.29344,338521
2016-06-30,1.29312,1.30159,1.2913700000000001,1.2924,368742
2016-07-01,1.29145,1.29744,1.28646,1.29095,274349
2016-07-04,1.2913999999999999,1.29209,1.28307,1.28455,205847
2016-07-05,1.28397,1.30168,1.28339,1.2981,293326
2016-07-06,1.29742,1.30557,1.29463,1.29581,387510
2016-07-07,1.29552,1.3020399999999999,1.28761,1.30005,347722
2016-07-08,1.29999,1.30898,1.29874,1.30429,350628
2016-07-11,1.3042,1.31392,1.30289,1.3115999999999999,309923
2016-07-12,1.3112599999999999,1.31323,1.29795,1.30415,328404
2016-07-13,1.30337,1.30833,1.29353,1.2974700000000001,334397
2016-07-14,1.2974700000000001,1.29861,1.2861799999999999,1.28903,324498
2016-07-15,1.28851,1.29875,1.28602,1.29725,294547
2016-07-18,1.29367,1.30223,1.2926199999999999,1.2944200000000001,263371
2016-07-19,1.29423,1.30538,1.29383,1.30178,258226
2016-07-20,1.3011,1.30954,1.3011,1.30567,246624
2016-07-21,1.30523,1.3100800000000001,1.30234,1.30856,285256
2016-07-22,1.30779,1.3185,1.3054999999999999,1.31281,258157
2016-07-25,1.31271,1.32419,1.3121,1.32176,224394
2016-07-26,1.32129,1.32436,1.31735,1.31853,274896
2016-07-27,1.31778,1.32534,1.31565,1.31854,291224
2016-07-28,1.31841,1.31918,1.3100399999999999,1.31561,261271
2016-07-29,1.31483,1.31857,1.3001,1.30373,289055
2016-08-01,1.30273,1.31268,1.30215,1.31232,199265
2016-08-02,1.31215,1.3140800000000001,1.30044,1.31088,254697
2016-08-03,1.3101,1.31475,1.30623,1.30645,232619
2016-08-04,1.3064,1.30888,1.29954,1.30171,234740
2016-08-05,1.30125,1.32,1.30083,1.3170899999999999,233750
2016-08-08,1.31785,1.3189600000000001,1.31357,1.3158699999999999,185735
2016-08-09,1.31504,1.31893,1.31084,1.31183,212196
2016-08-10,1.31121,1.31235,1.29895,1.3054000000000001,269156
2016-08-11,1.30533,1.30792,1.29572,1.299,252559
2016-08-12,1.29916,1.2992,1.29236,1.29552,227939
2016-08-15,1.2947,1.29749,1.2901099999999999,1.29216,191002
2016-08-16,1.29199,1.29333,1.27982,1.2861,279051
2016-08-17,1.28586,1.29172,1.283,1.2843200000000001,266717
2016-08-18,1.28417,1.28565,1.27631,1.27805,267727
2016-08-19,1.27796,1.28917,1.27724,1.2864200000000001,249811
2016-08-22,1.2889599999999999,1.29649,1.28661,1.29447,239498
2016-08-23,1.29446,1.2946,1.28582,1.2911299999999999,238287
2016-08-24,1.2907899999999999,1.29575,1.29009,1.2925900000000001,256751
2016-08-25,1.2923200000000001,1.29391,1.2898,1.2921,206781
2016-08-26,1.29176,1.3011300000000001,1.28304,1.29987,295137
2016-08-29,1.29833,1.30472,1.29833,1.30109,265843
2016-08-30,1.30093,1.31029,1.3008600000000001,1.30978,245751
2016-08-31,1.30911,1.31451,1.30792,1.3104,288815
2016-09-01,1.3103500000000001,1.31477,1.3082099999999999,1.3101099999999999,280702
2016-09-02,1.30956,1.31139,1.29772,1.29788,320235
2016-09-05,1.29883,1.29948,1.29057,1.29254,208175
2016-09-06,1.29221,1.29328,1.28261,1.2842500000000001,252301
2016-09-07,1.28402,1.29134,1.28217,1.2883,251003
2016-09-08,1.2877399999999999,1.29382,1.28504,1.29365,281703
2016-09-09,1.29299,1.30525,1.29097,1.30377,279469
2016-09-12,1.30473,1.31229,1.30293,1.3038699999999999,336855
2016-09-13,1.30392,1.3189600000000001,1.30287,1.31746,377782
2016-09-14,1.31701,1.3208199999999999,1.3127499999999999,1.3195299999999999,323211
2016-09-15,1.31874,1.3235299999999999,1.313,1.31539,367150
2016-09-16,1.31529,1.32476,1.31412,1.3210899999999999,320951
2016-09-19,1.32183,1.32232,1.3134700000000001,1.32016,286936
2016-09-20,1.3197999999999999,1.32425,1.31707,1.3189600000000001,327471
2016-09-21,1.31837,1.32372,1.30962,1.30998,379114
2016-09-22,1.3096999999999999,1.31021,1.29995,1.30406,338632
2016-09-23,1.30398,1.31806,1.30288,1.31626,332783
2016-09-26,1.31559,1.32431,1.31352,1.32251,280966
2016-09-27,1.32253,1.32804,1.31633,1.31945,344705
2016-09-28,1.31921,1.3269,1.30756,1.30789,384826
2016-09-29,1.30775,1.3183799999999999,1.30476,1.3143500000000001,420555
2016-09-30,1.31426,1.31947,1.30857,1.31237,360663
2016-10-03,1.31148,1.31439,1.30673,1.31192,288782
2016-10-04,1.31164,1.32151,1.3109600000000001,1.31902,355655
2016-10-05,1.31902,1.32315,1.31603,1.31745,302000
2016-10-06,1.31732,1.32484,1.3171599999999999,1.32173,281823
2016-10-07,1.32144,1.33128,1.3185799999999999,1.32945,387626
2016-10-10,1.32385,1.3277700000000001,1.31388,1.3174299999999999,244413
2016-10-11,1.3173599999999999,1.3272300000000001,1.31629,1.32633,353068
2016-10-12,1.32582,1.32871,1.32084,1.32739,337281
2016-10-13,1.3274,1.33064,1.31851,1.3191,326463
2016-10-14,1.31903,1.32192,1.3101099999999999,1.31298,323879
2016-10-17,1.3125499999999999,1.31825,1.31182,1.31265,238266
2016-10-18,1.31283,1.31394,1.30541,1.31076,251627
2016-10-19,1.3108,1.3141,1.30051,1.3112599999999999,256034
2016-10-20,1.31074,1.32325,1.3105,1.32286,261359
2016-10-21,1.3225,1.33545,1.32222,1.3322,235537
2016-10-24,1.33256,1.33971,1.3281399999999999,1.32846,225981
2016-10-25,1.32795,1.33708,1.32749,1.33507,274047
2016-10-26,1.3343099999999999,1.3384,1.33134,1.33782,280811
2016-10-27,1.33753,1.34066,1.33518,1.3385,273649
2016-10-28,1.33832,1.34332,1.3352,1.33864,321258
2016-10-31,1.34186,1.3424,1.33743,1.34119,259590
2016-11-01,1.34039,1.34253,1.33525,1.33852,283922
2016-11-02,1.3384800000000001,1.34233,1.33588,1.3384800000000001,304363
2016-11-03,1.33844,1.34022,1.33606,1.33965,280928
2016-11-04,1.33924,1.3465,1.33854,1.33955,212611
2016-11-07,1.33324,1.34172,1.3330899999999999,1.33627,236602
2016-11-08,1.33583,1.33906,1.32827,1.32874,246789
2016-11-09,1.32832,1.35244,1.32632,1.3422,532666
2016-11-10,1.3418999999999999,1.3508499999999999,1.33859,1.34681,293444
2016-11-11,1.34622,1.35477,1.34554,1.35395,455380
2016-11-14,1.35008,1.35883,1.34996,1.35569,391852
2016-11-15,1.35549,1.35602,1.34436,1.34471,343920
2016-11-16,1.34475,1.35054,1.34039,1.34448,316338
2016-11-17,1.34425,1.35251,1.33991,1.35214,316245
2016-11-18,1.35023,1.35639,1.34918,1.34932,360127
2016-11-21,1.3493,1.35126,1.3385799999999999,1.34173,297907
2016-11-22,1.34122,1.34669,1.33771,1.34395,306663
2016-11-23,1.34351,1.35161,1.34233,1.34862,271162
2016-11-24,1.34801,1.35349,1.34755,1.34879,215488
2016-11-25,1.34862,1.35342,1.3453,1.35067,283525
2016-11-28,1.34977,1.35367,1.33958,1.34093,314325
2016-11-29,1.3409499999999999,1.34805,1.33954,1.34308,295624
2016-11-30,1.3425099999999999,1.34633,1.33561,1.34364,390787
2016-12-01,1.34331,1.34374,1.33002,1.33168,313394
2016-12-02,1.33103,1.33205,1.32542,1.328,286595
2016-12-05,1.32831,1.3355299999999999,1.32351,1.32709,330329
2016-12-06,1.32651,1.33109,1.32515,1.32757,243751
2016-12-07,1.32717,1.32961,1.32226,1.32352,222198
2016-12-08,1.3231,1.325,1.3183500000000001,1.3189,280758
2016-12-09,1.3186200000000001,1.32121,1.31516,1.31705,229156
2016-12-12,1.31399,1.3161,1.31077,1.31295,266027
2016-12-13,1.31243,1.31393,1.31017,1.31303,241661
2016-12-14,1.31305,1.32948,1.30798,1.32831,320642
2016-12-15,1.32761,1.3417,1.3267,1.33328,444165
2016-12-16,1.33312,1.33922,1.33176,1.33296,339322
2016-12-19,1.3332899999999999,1.34223,1.33166,1.34064,246026
2016-12-20,1.34066,1.34336,1.33591,1.3366799999999999,231414
2016-12-21,1.33652,1.34268,1.33571,1.34108,219653
2016-12-22,1.34093,1.3519700000000001,1.34079,1.34762,246576
2016-12-23,1.34733,1.35565,1.34733,1.35241,189120
2016-12-26,1.35077,1.35415,1.31757,1.35059,61545
2016-12-27,1.34993,1.35793,1.34993,1.35744,139072
2016-12-28,1.35664,1.3598,1.35385,1.3559,193477
2016-12-29,1.35535,1.3559700000000001,1.34805,1.35013,245716
2016-12-30,1.34976,1.35073,1.34005,1.34296,284032
2017-01-02,1.3419699999999999,1.3452600000000001,1.33661,1.34331,175184
2017-01-03,1.34332,1.34602,1.33978,1.34257,273459
2017-01-04,1.34262,1.34569,1.3281,1.32999,331275
2017-01-05,1.33,1.3312599999999999,1.31909,1.32233,363706
2017-01-06,1.32171,1.32676,1.31766,1.32346,315371
2017-01-09,1.3244500000000001,1.32768,1.31962,1.32144,250052
2017-01-10,1.32127,1.32569,1.31911,1.32304,282660
2017-01-11,1.32295,1.32939,1.31186,1.31799,400197
2017-01-12,1.3178,1.31849,1.3029,1.3143099999999999,361128
2017-01-13,1.3142,1.3167499999999999,1.311,1.3111,326782
2017-01-16,1.31311,1.31874,1.31176,1.31722,232289
2017-01-17,1.31694,1.3189,1.3018,1.304,398669
2017-01-18,1.30362,1.32708,1.30307,1.32679,364493
2017-01-19,1.32695,1.33529,1.32517,1.33165,392543
2017-01-20,1.33173,1.33871,1.32834,1.33122,372941
2017-01-23,1.33164,1.33345,1.32203,1.32345,333629
2017-01-24,1.3229199999999999,1.32989,1.31052,1.31573,326643
2017-01-25,1.31532,1.3163,1.3060399999999999,1.3069600000000001,315188
2017-01-26,1.30702,1.31302,1.30525,1.30873,304802
2017-01-27,1.30868,1.31532,1.30831,1.3149600000000001,280850
2017-01-30,1.3128,1.31687,1.30759,1.31154,287955
2017-01-31,1.3112,1.31233,1.2968,1.30285,371389
2017-02-01,1.30255,1.31021,1.30241,1.30476,350203
2017-02-02,1.30471,1.30512,1.29796,1.30239,328124
2017-02-03,1.30234,1.3076400000000001,1.29915,1.3020800000000001,300932
2017-02-06,1.30218,1.31351,1.30066,1.30835,292021
2017-02-07,1.30782,1.32118,1.30732,1.3182,284638
2017-02-08,1.3179,1.32,1.31341,1.3143099999999999,292142
2017-02-09,1.31413,1.3167900000000001,1.30936,1.31436,260133
2017-02-10,1.31389,1.31577,1.3062,1.3073000000000001,266537
2017-02-13,1.30819,1.31211,1.30535,1.30705,229058
2017-02-14,1.30711,1.31066,1.30239,1.30731,262425
2017-02-15,1.30704,1.31198,1.3063799999999999,1.30761,266231
2017-02-16,1.30762,1.308,1.3008600000000001,1.30691,263165
2017-02-17,1.30661,1.31259,1.30595,1.30824,218563
2017-02-20,1.30932,1.3119,1.30734,1.3103,141032
2017-02-21,1.30996,1.31644,1.30975,1.31383,211352
2017-02-22,1.31386,1.32093,1.31094,1.31636,219798
2017-02-23,1.31606,1.31698,1.3081800000000001,1.31029,201598
2017-02-24,1.31013,1.31182,1.30507,1.30876,200199
2017-02-27,1.30954,1.3180399999999999,1.30827,1.31783,232069
2017-02-28,1.31773,1.33137,1.31637,1.32999,254890
2017-03-01,1.32926,1.33572,1.32834,1.33246,289839
2017-03-02,1.33229,1.34015,1.33224,1.33901,209850
2017-03-03,1.3388,1.34366,1.3368,1.3368,234248
2017-03-06,1.33753,1.34244,1.33681,1.34079,190588
2017-03-07,1.34064,1.3435000000000001,1.33823,1.34125,222275
2017-03-08,1.3409200000000001,1.34997,1.33967,1.3488,262651
2017-03-09,1.34873,1.35345,1.34818,1.35099,310816
2017-03-10,1.35037,1.35142,1.34205,1.34689,287737
2017-03-13,1.3449200000000001,1.34757,1.34298,1.34455,235558
2017-03-14,1.34455,1.3495,1.34383,1.34821,239381
2017-03-15,1.34782,1.3484099999999999,1.32948,1.33002,288523
2017-03-16,1.33025,1.33522,1.32757,1.3313,287717
2017-03-17,1.33191,1.33773,1.33036,1.33412,211507
2017-03-20,1.33317,1.33727,1.3303,1.33539,203622
2017-03-21,1.33466,1.33644,1.3263099999999999,1.33533,264946
2017-03-22,1.33511,1.34089,1.33197,1.3332600000000001,258655
2017-03-23,1.33274,1.33566,1.3315000000000001,1.33527,233021
2017-03-24,1.33493,1.33853,1.3345500000000001,1.33765,220238
2017-03-27,1.33541,1.34032,1.33203,1.33753,228639
2017-03-28,1.33756,1.3414,1.33534,1.33812,204870
2017-03-29,1.33812,1.34006,1.33218,1.33246,218091
2017-03-30,1.3325,1.33515,1.32766,1.3336299999999999,224750
2017-03-31,1.33349,1.33676,1.32837,1.33152,216373
2017-04-03,1.3302100000000001,1.33994,1.32861,1.33786,178218
2017-04-04,1.33782,1.34554,1.33728,1.34002,194449
2017-04-05,1.3400400000000001,1.34398,1.33777,1.34326,204708
2017-04-06,1.3431899999999999,1.34504,1.33975,1.34112,188124
2017-04-07,1.34119,1.34307,1.33415,1.33939,261783
2017-04-10,1.33921,1.34267,1.33216,1.33233,184087
2017-04-11,1.33228,1.33571,1.33094,1.33235,191001
2017-04-12,1.33203,1.33386,1.32379,1.32519,254138
2017-04-13,1.32523,1.3338,1.32226,1.3327,222463
2017-04-14,1.33271,1.33366,1.3309,1.33171,115899
2017-04-17,1.32987,1.33218,1.32615,1.33131,150010
2017-04-18,1.33128,1.33993,1.33068,1.33783,241352
2017-04-19,1.33803,1.3490199999999999,1.33738,1.3484,204291
2017-04-20,1.34843,1.34993,1.3456299999999999,1.34683,199520
2017-04-21,1.3467799999999999,1.3525,1.34575,1.3483100000000001,177229
2017-04-24,1.34596,1.35213,1.34104,1.34992,220955
2017-04-25,1.3498,1.3626,1.34925,1.3569200000000001,223870
2017-04-26,1.35693,1.36218,1.35416,1.3620700000000001,256793
2017-04-27,1.36155,1.3670200000000001,1.35293,1.36323,260831
2017-04-28,1.36269,1.36967,1.36237,1.36387,227777
2017-05-01,1.3655300000000001,1.36864,1.3636300000000001,1.3679700000000001,139200
2017-05-02,1.36776,1.37574,1.3649200000000001,1.37077,202153
2017-05-03,1.37077,1.37399,1.36787,1.37313,228199
2017-05-04,1.37233,1.37762,1.36992,1.37465,270298
2017-05-05,1.37474,1.37933,1.36409,1.3664399999999999,301188
2017-05-08,1.36558,1.37331,1.3643,1.36908,252005
2017-05-09,1.3689200000000001,1.37531,1.3669799999999999,1.37199,255368
2017-05-10,1.3719000000000001,1.3732,1.36467,1.36543,259599
2017-05-11,1.36542,1.37699,1.36473,1.36965,236820
2017-05-12,1.3695300000000001,1.37419,1.3665,1.37036,219548
2017-05-15,1.3695300000000001,1.37221,1.36008,1.36318,236512
2017-05-16,1.36299,1.36586,1.35742,1.36052,231169
2017-05-17,1.3602,1.36413,1.35707,1.36041,265874
2017-05-18,1.3596,1.3669,1.35804,1.36028,324644
2017-05-19,1.36025,1.36102,1.35049,1.35049,236296
2017-05-22,1.35125,1.35402,1.34842,1.35028,182067
2017-05-23,1.35008,1.35251,1.3455300000000001,1.35137,224741
2017-05-24,1.3511199999999999,1.35397,1.34047,1.34059,252912
2017-05-25,1.34052,1.34931,1.3387,1.34845,251917
2017-05-26,1.34802,1.34966,1.34322,1.34345,215912
2017-05-29,1.34322,1.34673,1.34266,1.34493,101765
2017-05-30,1.3449,1.3506,1.34429,1.3458700000000001,152832
2017-05-31,1.34582,1.35226,1.34359,1.35,202663
2017-06-01,1.34982,1.3526799999999999,1.3470900000000001,1.35147,202054
2017-06-02,1.35142,1.35468,1.34721,1.3474300000000001,204105
2017-06-05,1.34828,1.35009,1.34581,1.34713,183298
2017-06-06,1.34714,1.34859,1.34364,1.34528,221578
2017-06-07,1.34503,1.35254,1.34257,1.35086,232992
2017-06-08,1.35073,1.35213,1.34842,1.35059,238742
2017-06-09,1.35003,1.35358,1.34219,1.3462100000000001,245034
2017-06-12,1.34518,1.34701,1.33191,1.33234,216128
2017-06-13,1.33229,1.33239,1.32108,1.32416,230772
2017-06-14,1.32396,1.3271,1.31642,1.32473,326934
2017-06-15,1.32462,1.33078,1.32243,1.32684,274960
2017-06-16,1.32672,1.3273,1.32033,1.32049,209760
2017-06-19,1.32116,1.32573,1.31904,1.3217400000000001,201392
2017-06-20,1.32169,1.3284799999999999,1.32035,1.3267,213542
2017-06-21,1.32646,1.3347,1.32153,1.33304,245431
2017-06-22,1.3332600000000001,1.33377,1.32074,1.32343,227692
2017-06-23,1.32321,1.33074,1.32097,1.32615,197489
2017-06-26,1.32588,1.32701,1.32116,1.32466,193875
2017-06-27,1.32436,1.32603,1.31467,1.31958,252408
2017-06-28,1.31986,1.31986,1.30124,1.30439,315960
2017-06-29,1.3036400000000001,1.30432,1.29855,1.30042,234586
2017-06-30,1.30032,1.30104,1.29453,1.29623,207822
2017-07-03,1.29667,1.3011,1.29592,1.30051,142913
2017-07-04,1.30049,1.30139,1.29116,1.29362,172481
2017-07-05,1.29351,1.30141,1.29274,1.29584,192215
2017-07-06,1.2955999999999999,1.29827,1.29227,1.29762,180810
2017-07-07,1.29768,1.29929,1.28589,1.28677,203929
2017-07-10,1.28752,1.29322,1.28664,1.2891,170609
2017-07-11,1.28887,1.2943,1.28842,1.29207,155128
2017-07-12,1.29138,1.29391,1.26797,1.27442,250403
2017-07-13,1.27474,1.27704,1.27193,1.2725,187739
2017-07-14,1.27191,1.27469,1.26434,1.26477,179993
2017-07-17,1.2644,1.26985,1.26266,1.26904,172509
2017-07-18,1.2695699999999999,1.27009,1.25803,1.26263,224076
2017-07-19,1.26264,1.26522,1.25774,1.25933,163757
2017-07-20,1.26032,1.26402,1.25399,1.25873,211667
2017-07-21,1.25849,1.26085,1.2521499999999999,1.25392,200547
2017-07-24,1.25321,1.2551700000000001,1.24829,1.25058,185268
2017-07-25,1.25069,1.25323,1.24804,1.25048,186033
2017-07-26,1.2505899999999999,1.25433,1.24131,1.24481,246203
2017-07-27,1.24442,1.2576100000000001,1.24133,1.2554699999999999,238981
2017-07-28,1.25523,1.2567,1.24186,1.24304,248118
2017-07-31,1.24389,1.25287,1.24215,1.2477800000000001,231245
2017-08-01,1.24722,1.25533,1.24501,1.25478,228281
2017-08-02,1.25401,1.25925,1.25313,1.25715,215364
2017-08-03,1.25687,1.2618,1.25521,1.25885,208622
2017-08-04,1.25804,1.26677,1.2551700000000001,1.26494,207344
2017-08-07,1.26456,1.27142,1.2628599999999999,1.2678,160324
2017-08-08,1.26773,1.27051,1.2650000000000001,1.26663,186388
2017-08-09,1.26657,1.2721,1.26615,1.2698800000000001,224372
2017-08-10,1.26999,1.27447,1.26719,1.27431,223725
2017-08-11,1.27401,1.27524,1.26521,1.26724,235495
2017-08-14,1.2665,1.2730299999999999,1.2665,1.2723900000000001,179174
2017-08-15,1.272,1.27777,1.27177,1.27575,196119
2017-08-16,1.27565,1.27699,1.26129,1.26202,182841
2017-08-17,1.26155,1.2683,1.25876,1.26739,184733
2017-08-18,1.26755,1.2690299999999999,1.25563,1.25763,202337
2017-08-21,1.25622,1.2606600000000001,1.25529,1.25592,151017
2017-08-22,1.25586,1.2594699999999999,1.25253,1.25617,159351
2017-08-23,1.25602,1.2597800000000001,1.25403,1.25473,177355
2017-08-24,1.25489,1.25604,1.25135,1.25157,153772
2017-08-25,1.2517,1.25391,1.2465,1.24721,182438
2017-08-28,1.24729,1.25092,1.24433,1.25057,117895
2017-08-29,1.25054,1.25496,1.24404,1.25166,208960
2017-08-30,1.25102,1.26365,1.25,1.26243,173840
2017-08-31,1.2618800000000001,1.2662900000000001,1.24755,1.24783,212823
2017-09-01,1.24826,1.24914,1.23392,1.23908,216069
2017-09-04,1.2416800000000001,1.24259,1.23746,1.24123,112526
2017-09-05,1.24118,1.2417,1.2335099999999999,1.23772,192489
2017-09-06,1.23727,1.2414399999999999,1.2134,1.22202,218783
2017-09-07,1.22213,1.22408,1.21097,1.21222,227992
2017-09-08,1.2117,1.2165300000000001,1.20608,1.21554,224716
2017-09-11,1.21495,1.21698,1.20969,1.21184,172502
2017-09-12,1.21112,1.21895,1.20816,1.21852,205961
2017-09-13,1.21837,1.222,1.21299,1.21723,214154
2017-09-14,1.21708,1.22394,1.21561,1.21641,199891
2017-09-15,1.21618,1.2218,1.21185,1.21886,192897
2017-09-18,1.21841,1.23377,1.21707,1.22908,170734
2017-09-19,1.22911,1.23086,1.22543,1.22906,182327
2017-09-20,1.22892,1.23901,1.21949,1.23203,221964
2017-09-21,1.23243,1.23676,1.23201,1.23251,186716
2017-09-22,1.2322899999999999,1.23512,1.22503,1.23372,177410
2017-09-25,1.23279,1.23849,1.23121,1.23682,170570
2017-09-26,1.23681,1.24127,1.23294,1.23487,196047
2017-09-27,1.23471,1.24826,1.2335099999999999,1.24756,265302
2017-09-28,1.24743,1.25191,1.24155,1.24234,229690
2017-09-29,1.24271,1.25325,1.24161,1.24593,201652
2017-10-02,1.24801,1.2524600000000001,1.2462900000000001,1.25083,168237
2017-10-03,1.25073,1.25384,1.24798,1.24851,156998
2017-10-04,1.24853,1.24984,1.24479,1.24747,161326
2017-10-05,1.24733,1.25847,1.24613,1.25635,160966
2017-10-06,1.25632,1.25992,1.25247,1.25314,193232
2017-10-09,1.25285,1.2558799999999999,1.25247,1.25461,88661
2017-10-10,1.25481,1.2555,1.24827,1.25145,151487
2017-10-11,1.25138,1.25306,1.24519,1.24529,158454
2017-10-12,1.24556,1.24905,1.24323,1.24739,160986
2017-10-13,1.24755,1.25199,1.24518,1.24628,155352
2017-10-16,1.2473,1.2557800000000001,1.24623,1.25155,142348
2017-10-17,1.25157,1.25911,1.25123,1.25199,147026
2017-10-18,1.25207,1.25338,1.24573,1.24665,169409
2017-10-19,1.24642,1.24943,1.24499,1.24833,183443
2017-10-20,1.24839,1.26302,1.24758,1.26246,183925
2017-10-23,1.26185,1.26599,1.2612999999999999,1.26448,123749
2017-10-24,1.26422,1.2692700000000001,1.26193,1.26742,153543
2017-10-25,1.26706,1.28167,1.2631000000000001,1.27952,194403
2017-10-26,1.27912,1.28574,1.27746,1.2846,168337
2017-10-27,1.28446,1.29165,1.28076,1.28076,197960
2017-10-30,1.28145,1.28612,1.28109,1.28314,128597
2017-10-31,1.2831000000000001,1.29146,1.28223,1.28875,146907
2017-11-01,1.28856,1.2910300000000001,1.28533,1.28644,165306
2017-11-02,1.28632,1.28757,1.27981,1.28119,147947
2017-11-03,1.28072,1.28352,1.27143,1.2762,142163
2017-11-06,1.27643,1.27824,1.2701,1.27024,118814
2017-11-07,1.27021,1.28195,1.27021,1.27756,134314
2017-11-08,1.27762,1.27777,1.27145,1.27251,124900
2017-11-09,1.27191,1.27406,1.26671,1.26799,148241
2017-11-10,1.26809,1.2695699999999999,1.26654,1.26885,127569
2017-11-13,1.2686,1.27416,1.26724,1.27317,108882
2017-11-14,1.27297,1.27732,1.27001,1.27297,156445
2017-11-15,1.27291,1.27892,1.27124,1.2762,174242
2017-11-16,1.2760799999999999,1.27833,1.27276,1.27552,148443
2017-11-17,1.27512,1.28235,1.27129,1.27617,198195
2017-11-20,1.2763,1.28206,1.2753999999999999,1.28187,173051
2017-11-21,1.28178,1.28366,1.27482,1.27777,176610
2017-11-22,1.2776,1.27873,1.26931,1.26939,166714
2017-11-23,1.26958,1.27276,1.26721,1.27069,137559
2017-11-24,1.27066,1.27475,1.26928,1.27034,157748
2017-11-27,1.27009,1.27704,1.26796,1.27682,155547
2017-11-28,1.27682,1.28244,1.27535,1.28145,164933
2017-11-29,1.28141,1.28746,1.28041,1.28628,180363
2017-11-30,1.28612,1.29095,1.28499,1.28956,181271
2017-12-01,1.28932,1.2901099999999999,1.26803,1.26803,240497
2017-12-04,1.26975,1.2726899999999999,1.26558,1.26723,163335
2017-12-05,1.26732,1.27045,1.2623,1.2683900000000001,159286
2017-12-06,1.26858,1.28074,1.26525,1.27882,172149
2017-12-07,1.27857,1.28681,1.27814,1.2852999999999999,143060
2017-12-08,1.28517,1.288,1.28038,1.28474,152849
2017-12-11,1.28464,1.28687,1.28301,1.2854700000000001,132004
2017-12-12,1.2854,1.2892299999999999,1.28124,1.28646,150131
2017-12-13,1.28623,1.28802,1.27911,1.28167,209409
2017-12-14,1.28099,1.28659,1.27128,1.2793700000000001,231595
2017-12-15,1.27923,1.28943,1.27383,1.28639,242415
2017-12-18,1.28629,1.28813,1.28417,1.2861,191584
2017-12-19,1.28616,1.2919800000000001,1.28494,1.2875,210841
2017-12-20,1.28755,1.28804,1.28178,1.2831000000000001,191932
2017-12-21,1.28274,1.28389,1.2699,1.27369,224547
2017-12-22,1.27373,1.2796,1.26971,1.2726199999999999,200546
2017-12-26,1.27094,1.27351,1.26803,1.26804,69963
2017-12-27,1.2683,1.26955,1.26267,1.26523,168913
2017-12-28,1.26535,1.26609,1.25647,1.25659,171450
2017-12-29,1.25621,1.25887,1.25142,1.25701,199425
2018-01-02,1.25258,1.2559,1.24994,1.25108,176830
2018-01-03,1.25104,1.25537,1.2499,1.25358,212339
2018-01-04,1.25355,1.25549,1.24835,1.24867,226486
2018-01-05,1.24831,1.25132,1.2355,1.24087,229021
2018-01-08,1.24092,1.24497,1.2377799999999999,1.24177,174208
2018-01-09,1.24194,1.24779,1.23977,1.24627,197596
2018-01-10,1.24564,1.25833,1.24273,1.25443,290167
2018-01-11,1.25453,1.25903,1.2515100000000001,1.25184,272933
2018-01-12,1.25186,1.25561,1.24566,1.24586,277027
2018-01-15,1.24569,1.24714,1.2402199999999999,1.24276,294491
2018-01-16,1.24252,1.24523,1.23966,1.24341,238353
2018-01-17,1.2416800000000001,1.25393,1.23606,1.24347,348920
2018-01-18,1.24366,1.24869,1.24136,1.2416,289882
2018-01-19,1.24165,1.25083,1.23994,1.24936,255551
2018-01-22,1.24667,1.24964,1.24343,1.24424,172616
2018-01-23,1.24418,1.24911,1.2418,1.24181,231815
2018-01-24,1.24189,1.24272,1.2316,1.2344,271800
2018-01-25,1.23392,1.23911,1.22818,1.23755,392860
2018-01-26,1.23764,1.23909,1.22928,1.23187,320389
2018-01-29,1.23093,1.23612,1.23093,1.23371,258295
2018-01-30,1.23373,1.23788,1.23091,1.23333,231404
2018-01-31,1.23332,1.23479,1.22486,1.2313,296768
2018-02-01,1.23142,1.23314,1.22571,1.2265,252123
2018-02-02,1.22633,1.24366,1.22553,1.24268,326954
2018-02-05,1.24321,1.25433,1.23971,1.25359,359274
2018-02-06,1.25328,1.25668,1.24896,1.24897,490703
2018-02-07,1.2490700000000001,1.25773,1.2490700000000001,1.2564899999999999,297883
2018-02-08,1.25572,1.26143,1.2546,1.2601200000000001,386011
2018-02-09,1.2598099999999999,1.26875,1.25599,1.25797,435874
2018-02-12,1.25796,1.2622900000000001,1.25556,1.25759,224284
2018-02-13,1.25778,1.2624900000000001,1.25661,1.25912,211617
2018-02-14,1.25881,1.26488,1.249,1.24906,289156
2018-02-15,1.24915,1.25372,1.24654,1.24793,268576
2018-02-16,1.2482199999999999,1.2567599999999999,1.245,1.25568,241954
2018-02-19,1.25563,1.25923,1.2527,1.25583,166935
2018-02-20,1.25577,1.26485,1.2554,1.26448,218698
2018-02-21,1.26463,1.27024,1.26207,1.27006,250426
2018-02-22,1.27021,1.27592,1.26711,1.27033,235287
2018-02-23,1.2703,1.27256,1.26115,1.2628599999999999,213776
2018-02-26,1.2635100000000001,1.27114,1.26147,1.26753,167127
2018-02-27,1.26794,1.27775,1.26678,1.27746,208809
2018-02-28,1.27745,1.28416,1.27613,1.28282,201520
2018-03-01,1.28292,1.28953,1.28084,1.28355,284392
2018-03-02,1.28319,1.29156,1.28195,1.28842,251917
2018-03-05,1.28722,1.30007,1.28638,1.29631,249080
2018-03-06,1.29657,1.29949,1.2862,1.28743,272890
2018-03-07,1.28743,1.30007,1.28742,1.2910599999999999,339428
2018-03-08,1.29036,1.29613,1.2866900000000001,1.2895699999999999,291290
2018-03-09,1.28948,1.29087,1.28083,1.28106,265520
2018-03-12,1.28094,1.2845,1.28029,1.28413,171879
2018-03-13,1.2839800000000001,1.2984200000000001,1.28295,1.29518,263118
2018-03-14,1.29624,1.29758,1.29206,1.29558,247049
2018-03-15,1.29553,1.3067199999999999,1.29453,1.3048199999999999,240924
2018-03-16,1.30494,1.30985,1.30451,1.30958,228434
2018-03-19,1.30896,1.3124500000000001,1.30466,1.30811,244657
2018-03-20,1.30763,1.3103099999999999,1.30526,1.3073299999999999,216674
2018-03-21,1.30701,1.30766,1.28899,1.29033,306456
2018-03-22,1.28996,1.29485,1.28293,1.29302,284378
2018-03-23,1.29291,1.29379,1.28236,1.28946,308030
2018-03-26,1.28821,1.2922,1.28392,1.28427,221776
2018-03-27,1.28424,1.29026,1.28146,1.28843,228593
2018-03-28,1.28843,1.29335,1.28627,1.29211,271339
2018-03-29,1.2920099999999999,1.29392,1.28605,1.28819,212191
2018-03-30,1.28823,1.28998,1.286,1.28948,107910
2018-04-02,1.28941,1.29434,1.28622,1.29119,166979
2018-04-03,1.2912,1.29234,1.27806,1.2806,210361
2018-04-04,1.28051,1.28474,1.2757100000000001,1.27678,204785
2018-04-05,1.27677,1.28063,1.27444,1.27471,167854
2018-04-06,1.27478,1.27954,1.27329,1.27807,204282
2018-04-09,1.27611,1.28187,1.26874,1.2696100000000001,160301
2018-04-10,1.2699,1.27081,1.2588,1.2601200000000001,152191
2018-04-11,1.2599,1.26233,1.25441,1.25799,143253
2018-04-12,1.25702,1.2622200000000001,1.25614,1.25861,164253
2018-04-13,1.25879,1.2617099999999999,1.25519,1.26139,124165
2018-04-16,1.25969,1.26231,1.25629,1.25643,113714
2018-04-17,1.2564600000000001,1.25793,1.25269,1.25494,119396
2018-04-18,1.2546,1.26592,1.2546,1.26251,149042
2018-04-19,1.26267,1.26759,1.25852,1.2671299999999999,164981
2018-04-20,1.26711,1.27651,1.26294,1.27633,162823
2018-04-23,1.27492,1.28575,1.27421,1.28483,154879
2018-04-24,1.28444,1.28609,1.2812299999999999,1.28326,178180
2018-04-25,1.28278,1.28972,1.28203,1.2840500000000001,178602
2018-04-26,1.28375,1.28852,1.28207,1.2868,213432
2018-04-27,1.2867,1.29004,1.28256,1.28273,167348
2018-04-30,1.28332,1.28744,1.28048,1.2842,173131
2018-05-01,1.2843200000000001,1.29135,1.282,1.28454,194327
2018-05-02,1.28434,1.28876,1.2802799999999999,1.2882799999999999,236940
2018-05-03,1.28768,1.29085,1.2815699999999999,1.28464,235071
2018-05-04,1.28463,1.2917399999999999,1.28357,1.28437,171890
2018-05-07,1.28449,1.28992,1.28392,1.28804,149942
2018-05-08,1.28785,1.29972,1.28756,1.29455,278684
2018-05-09,1.29462,1.29745,1.28247,1.28529,229104
2018-05-10,1.28521,1.28624,1.27424,1.27664,290538
2018-05-11,1.27627,1.28,1.27287,1.2793700000000001,207237
2018-05-14,1.27763,1.28131,1.27499,1.28111,167306
2018-05-15,1.28025,1.29243,1.27916,1.28759,248665
2018-05-16,1.287,1.2876699999999999,1.27773,1.27888,261604
2018-05-17,1.27899,1.2822200000000001,1.27492,1.28037,246702
2018-05-18,1.2803200000000001,1.29108,1.27905,1.28838,233537
2018-05-21,1.28701,1.28905,1.27814,1.27838,188431
2018-05-22,1.2785199999999999,1.28223,1.27423,1.28178,211890
2018-05-23,1.2818399999999999,1.29152,1.28119,1.28267,290504
2018-05-24,1.28274,1.29204,1.28274,1.28809,263062
2018-05-25,1.28754,1.29884,1.28754,1.29733,232750
2018-05-28,1.29604,1.30217,1.29583,1.29922,169767
2018-05-29,1.29917,1.30467,1.29679,1.3014000000000001,350389
2018-05-30,1.30138,1.30402,1.28356,1.28728,360215
2018-05-31,1.28735,1.29905,1.2818,1.29558,367975
2018-06-01,1.29575,1.30072,1.29309,1.2951,340271
2018-06-04,1.29439,1.2964,1.28995,1.29295,291469
2018-06-05,1.29266,1.30668,1.29139,1.29663,315668
2018-06-06,1.2965499999999999,1.29731,1.28558,1.29426,327755
2018-06-07,1.29434,1.30014,1.2934999999999999,1.29707,296725
2018-06-08,1.29712,1.30392,1.29203,1.29253,310755
2018-06-11,1.29917,1.30273,1.29548,1.29769,225798
2018-06-12,1.29768,1.3029600000000001,1.29761,1.30136,300364
2018-06-13,1.30134,1.30515,1.29549,1.29852,316625
2018-06-14,1.2981,1.3109600000000001,1.29491,1.3102800000000001,308036
2018-06-15,1.31019,1.3207200000000001,1.30933,1.3207200000000001,290428
2018-06-18,1.31793,1.32371,1.3159,1.31997,223911
2018-06-19,1.32009,1.32911,1.3195700000000001,1.32856,335401
2018-06-20,1.32774,1.3321399999999999,1.3268499999999999,1.33043,290074
2018-06-21,1.3302399999999999,1.33354,1.32822,1.33103,328999
2018-06-22,1.3312300000000001,1.3382100000000001,1.3259,1.3265799999999999,300992
2018-06-25,1.3262,1.3324500000000001,1.3262,1.32968,275004
2018-06-26,1.32927,1.3329,1.32803,1.33064,278354
2018-06-27,1.3302399999999999,1.3386,1.32768,1.33354,329260
2018-06-28,1.33359,1.3351199999999999,1.3241100000000001,1.32471,314646
2018-06-29,1.32484,1.32693,1.31298,1.31342,341574
2018-07-02,1.31458,1.32249,1.31388,1.31833,225564
2018-07-03,1.31839,1.3207499999999999,1.3132,1.31378,231741
2018-07-04,1.31366,1.31613,1.31115,1.31407,201318
2018-07-05,1.31396,1.31604,1.31145,1.31294,214016
2018-07-06,1.3130899999999999,1.31503,1.30763,1.30819,212559
2018-07-09,1.3082799999999999,1.31226,1.30656,1.31054,175296
2018-07-10,1.3109600000000001,1.3146,1.30999,1.3112300000000001,189630
2018-07-11,1.3115,1.32146,1.3063799999999999,1.32068,294256
2018-07-12,1.3212,1.32184,1.31491,1.31525,223465
2018-07-13,1.31541,1.32087,1.31494,1.3161,204296
2018-07-16,1.31514,1.31625,1.31091,1.31315,194732
2018-07-17,1.31364,1.32191,1.31105,1.3189899999999999,234212
2018-07-18,1.31904,1.32596,1.31609,1.31656,274578
2018-07-19,1.31677,1.32895,1.3159,1.32714,335061
2018-07-20,1.327,1.32896,1.31136,1.31446,277757
2018-07-23,1.3127,1.31788,1.31136,1.31704,152733
2018-07-24,1.31666,1.31906,1.31348,1.31535,152285
2018-07-25,1.3153000000000001,1.31656,1.3023500000000001,1.3045499999999999,191043
2018-07-26,1.30451,1.30924,1.30239,1.30714,161927
2018-07-27,1.3069600000000001,1.30782,1.304,1.3061,146264
2018-07-30,1.30499,1.30779,1.29936,1.30348,115134
2018-07-31,1.30298,1.30955,1.29807,1.3005900000000001,175119
2018-08-01,1.30119,1.30321,1.29742,1.30016,148654
2018-08-02,1.29993,1.30389,1.29927,1.3021099999999999,122323
2018-08-03,1.30183,1.30383,1.29671,1.29915,146069
2018-08-06,1.29913,1.30393,1.29866,1.30026,91600
2018-08-07,1.30009,1.30746,1.29613,1.30526,116876
2018-08-08,1.30515,1.31193,1.30057,1.30212,142052
2018-08-09,1.30124,1.3063500000000001,1.29993,1.30501,122135
2018-08-10,1.30491,1.31527,1.3039100000000001,1.31409,213377
2018-08-13,1.3161,1.317,1.31029,1.31334,178963
2018-08-14,1.3126,1.31357,1.30559,1.3057400000000001,149694
2018-08-15,1.30567,1.31738,1.30493,1.31407,171929
2018-08-16,1.31391,1.31737,1.31128,1.31569,165445
2018-08-17,1.31548,1.31687,1.30507,1.3061099999999999,148474
2018-08-20,1.30593,1.30918,1.30386,1.30432,120763
2018-08-21,1.30439,1.30568,1.30127,1.30328,135869
2018-08-22,1.30363,1.30444,1.29858,1.29951,149724
2018-08-23,1.29894,1.30983,1.29888,1.30807,135387
2018-08-24,1.30802,1.31025,1.30103,1.30267,153729
2018-08-27,1.3012000000000001,1.30668,1.29524,1.29661,142904
2018-08-28,1.29656,1.2981500000000001,1.28864,1.29319,137949
2018-08-29,1.29209,1.2962,1.2902,1.29074,146924
2018-08-30,1.2907600000000001,1.29995,1.29022,1.29809,154225
2018-08-31,1.2983799999999999,1.30877,1.29609,1.30389,186308
2018-09-03,1.3071,1.3102,1.30437,1.3090899999999999,92934
2018-09-04,1.3092,1.3207200000000001,1.30884,1.31876,147250
2018-09-05,1.31759,1.32056,1.31571,1.3177699999999999,162162
2018-09-06,1.31761,1.32254,1.31271,1.31413,157921
2018-09-07,1.31378,1.31897,1.3109,1.31624,165242
2018-09-10,1.3158,1.31973,1.31504,1.3162099999999999,101726
2018-09-11,1.31555,1.31739,1.30411,1.3066,119660
2018-09-12,1.30648,1.30776,1.29796,1.29939,141074
2018-09-13,1.29924,1.30248,1.29751,1.2995,126197
2018-09-14,1.29949,1.30535,1.2982,1.30301,115040
2018-09-17,1.3030300000000001,1.30478,1.3002099999999999,1.30415,92499
2018-09-18,1.30343,1.30639,1.2971,1.29739,143807
2018-09-19,1.29753,1.30151,1.2899,1.29258,130374
2018-09-20,1.29146,1.29319,1.28836,1.2901,143123
2018-09-21,1.29031,1.29424,1.28848,1.29119,112075
2018-09-24,1.29242,1.29557,1.29081,1.2955,95386
2018-09-25,1.29543,1.29717,1.29351,1.29519,91989
2018-09-26,1.2950300000000001,1.30246,1.29434,1.30175,107939
2018-09-27,1.3018,1.30812,1.30071,1.30412,118363
2018-09-28,1.30413,1.30483,1.2907,1.29073,104440
2018-10-01,1.28472,1.28851,1.27814,1.28131,120824
2018-10-02,1.2811,1.28403,1.27986,1.2822,103475
2018-10-03,1.28233,1.28821,1.28064,1.28638,114373
2018-10-04,1.28651,1.29369,1.28562,1.2922,116021
2018-10-05,1.29199,1.29543,1.28865,1.29407,139140
2018-10-08,1.2944200000000001,1.30096,1.29351,1.29614,97798
2018-10-09,1.29525,1.3002799999999999,1.29348,1.29432,126142
2018-10-10,1.29453,1.30683,1.29257,1.30667,114083
2018-10-11,1.30616,1.30709,1.3014000000000001,1.30315,172655
2018-10-12,1.30302,1.30515,1.30017,1.3024499999999999,127462
2018-10-15,1.30142,1.30504,1.29542,1.299,131084
2018-10-16,1.29894,1.2998,1.29153,1.29321,110733
2018-10-17,1.2931599999999999,1.30253,1.29312,1.30167,139482
2018-10-18,1.30169,1.30873,1.30161,1.30849,144029
2018-10-19,1.30843,1.31314,1.30268,1.30979,150074
2018-10-22,1.30912,1.31258,1.30785,1.31,135119
2018-10-23,1.30998,1.31215,1.30749,1.30835,148716
2018-10-24,1.30836,1.30998,1.2968199999999999,1.30559,163774
2018-10-25,1.3056,1.30978,1.30144,1.30715,156000
2018-10-26,1.30735,1.31588,1.30668,1.3102,179561
2018-10-29,1.30921,1.31486,1.30812,1.3129,138159
2018-10-30,1.3131300000000001,1.3146499999999999,1.30996,1.31118,144703
2018-10-31,1.31063,1.31693,1.31043,1.3158,133694
2018-11-01,1.31555,1.3168199999999999,1.30678,1.30841,135723
2018-11-02,1.3082799999999999,1.3118400000000001,1.30476,1.30988,143147
2018-11-05,1.3088199999999999,1.31151,1.307,1.31094,115501
2018-11-06,1.31078,1.31437,1.3098,1.31205,108281
2018-11-07,1.31202,1.31579,1.30553,1.31111,157306
2018-11-08,1.31129,1.31825,1.30864,1.3154,149107
2018-11-09,1.3155000000000001,1.32324,1.31394,1.32111,137084
2018-11-12,1.32046,1.32488,1.31818,1.32473,131988
2018-11-13,1.32432,1.3262800000000001,1.3214299999999999,1.3234,152431
2018-11-14,1.32335,1.32632,1.32065,1.32409,175418
2018-11-15,1.32404,1.32486,1.3155000000000001,1.3176700000000001,172335
2018-11-16,1.31761,1.3185799999999999,1.31261,1.31493,143675
2018-11-19,1.31491,1.3201,1.31405,1.31699,111132
2018-11-20,1.31688,1.33174,1.31545,1.33056,150740
2018-11-21,1.32952,1.33166,1.32272,1.32307,120859
2018-11-22,1.32295,1.32444,1.31805,1.31869,93403
2018-11-23,1.31815,1.32577,1.31815,1.32301,145111
2018-11-26,1.32202,1.32605,1.31861,1.3253599999999999,120723
2018-11-27,1.3248199999999999,1.33274,1.32348,1.32925,138960
2018-11-28,1.32941,1.33589,1.3241100000000001,1.32749,147498
2018-11-29,1.32712,1.3311899999999999,1.32524,1.3281399999999999,151108
2018-11-30,1.32804,1.33325,1.32697,1.32895,146688
2018-12-03,1.3233,1.32673,1.31589,1.31959,164742
2018-12-04,1.31948,1.3265799999999999,1.3163,1.32612,182456
2018-12-05,1.32575,1.33985,1.32516,1.33536,137584
2018-12-06,1.33501,1.3443800000000001,1.33501,1.33814,199496
2018-12-07,1.33762,1.33998,1.32528,1.33166,173138
2018-12-10,1.33316,1.34158,1.32918,1.33961,151423
2018-12-11,1.33972,1.34233,1.33775,1.33891,137399
2018-12-12,1.33887,1.33965,1.33216,1.33499,132794
2018-12-13,1.3348900000000001,1.33833,1.33374,1.33533,116074
2018-12-14,1.33457,1.3400699999999999,1.33445,1.33842,114790
2018-12-17,1.33818,1.342,1.33715,1.34056,128430
2018-12-18,1.34056,1.3496000000000001,1.33897,1.34659,148622
2018-12-19,1.34618,1.35066,1.34144,1.34833,161962
2018-12-20,1.34825,1.35298,1.34454,1.3507799999999999,185441
2018-12-21,1.3505,1.36015,1.34921,1.3599,175700
2018-12-24,1.35995,1.36155,1.35639,1.36083,125843
2018-12-26,1.35881,1.36176,1.3566,1.35718,79525
2018-12-27,1.3571,1.36602,1.35651,1.36178,168184
2018-12-28,1.36175,1.36604,1.3594,1.36375,142519
2018-12-31,1.36374,1.3664,1.36081,1.36466,96858
2019-01-02,1.3630499999999999,1.36616,1.35683,1.35768,146198
2019-01-03,1.35825,1.3657,1.3468200000000001,1.34878,194786
2019-01-04,1.34853,1.34954,1.33717,1.33719,149334
2019-01-07,1.3373300000000001,1.33888,1.32776,1.32977,107053
2019-01-08,1.3296000000000001,1.33222,1.3266499999999999,1.32722,106890
2019-01-09,1.32737,1.3277999999999999,1.31792,1.3208,146744
2019-01-10,1.32053,1.32589,1.32008,1.32344,112757
2019-01-11,1.32304,1.32778,1.31824,1.3263,117305
2019-01-14,1.32537,1.3296700000000001,1.32449,1.3284500000000001,100916
2019-01-15,1.32813,1.32934,1.32252,1.32649,129401
2019-01-16,1.32632,1.32834,1.32342,1.32534,110450
2019-01-17,1.32524,1.3317999999999999,1.32452,1.32768,118038
2019-01-18,1.32728,1.32834,1.32306,1.32636,105677
2019-01-21,1.32591,1.33175,1.32512,1.32946,99119
2019-01-22,1.32905,1.33567,1.32905,1.3354300000000001,108729
2019-01-23,1.33525,1.3369900000000001,1.33041,1.33416,112389
2019-01-24,1.3338999999999999,1.33742,1.33284,1.33506,124336
2019-01-25,1.33437,1.33617,1.32144,1.32178,114297
2019-01-28,1.32166,1.32851,1.3202099999999999,1.32612,85361
2019-01-29,1.3259,1.3284,1.32407,1.3268,111518
2019-01-30,1.3265500000000001,1.32809,1.31176,1.31474,125990
2019-01-31,1.31473,1.31644,1.3119399999999999,1.31217,128874
2019-02-01,1.31202,1.31565,1.30677,1.30972,113799
2019-02-04,1.30933,1.31466,1.3084500000000001,1.31087,82196
2019-02-05,1.31116,1.31524,1.31012,1.3124500000000001,75339
2019-02-06,1.31251,1.32142,1.31238,1.32101,86353
2019-02-07,1.32099,1.33164,1.32027,1.33061,85004
2019-02-08,1.32988,1.33283,1.32314,1.32728,86719
2019-02-11,1.32686,1.33182,1.32608,1.32992,66633
2019-02-12,1.33002,1.33138,1.32322,1.32341,78047
2019-02-13,1.32361,1.32586,1.31951,1.32528,75049
2019-02-14,1.32513,1.33395,1.32279,1.32938,105248
2019-02-15,1.32888,1.33122,1.32435,1.32457,93916
2019-02-18,1.32493,1.32539,1.32242,1.32359,70331
2019-02-19,1.32349,1.32805,1.32046,1.32096,91725
2019-02-20,1.32114,1.32153,1.3149199999999999,1.31742,96724
2019-02-21,1.3174299999999999,1.32338,1.31617,1.32293,125231
2019-02-22,1.32256,1.3241399999999999,1.31329,1.31345,101865
2019-02-25,1.31334,1.31967,1.31118,1.31861,107048
2019-02-26,1.31868,1.3235000000000001,1.31541,1.31673,98291
2019-02-27,1.31626,1.31756,1.31172,1.31543,267628
2019-02-28,1.31536,1.32065,1.31393,1.31692,112428
2019-03-01,1.3168199999999999,1.33057,1.3129,1.33057,122428
2019-03-04,1.3275000000000001,1.3336999999999999,1.32739,1.33012,105492
2019-03-05,1.33014,1.33594,1.33007,1.33479,98247
2019-03-06,1.33498,1.34565,1.33474,1.34406,108936
2019-03-07,1.34368,1.34666,1.34125,1.34539,128906
2019-03-08,1.34446,1.3465500000000001,1.33894,1.34166,125563
2019-03-11,1.34115,1.34392,1.33913,1.33935,89674
2019-03-12,1.33921,1.34162,1.33505,1.33536,101625
2019-03-13,1.33522,1.33705,1.32896,1.32986,106648
2019-03-14,1.32985,1.33463,1.32861,1.333,108154
2019-03-15,1.33316,1.33705,1.32883,1.33373,98910
2019-03-18,1.33283,1.33647,1.33006,1.33364,90841
2019-03-19,1.33332,1.33437,1.32497,1.33212,121571
2019-03-20,1.33185,1.33467,1.32568,1.32965,125051
2019-03-21,1.33041,1.33989,1.32742,1.33608,147684
2019-03-22,1.3366,1.34287,1.33511,1.34277,182988
2019-03-25,1.34243,1.34439,1.33976,1.34043,133572
2019-03-26,1.33993,1.34165,1.3371,1.3382100000000001,130231
2019-03-27,1.33801,1.3439,1.33761,1.3410199999999999,141412
2019-03-28,1.34087,1.34501,1.33952,1.34296,142601
2019-03-29,1.34396,1.34415,1.33407,1.33504,119889
2019-04-01,1.33456,1.337,1.32969,1.3305,118883
2019-04-02,1.33053,1.3373300000000001,1.32982,1.33337,119649
2019-04-03,1.33343,1.33525,1.32953,1.3342100000000001,109912
2019-04-04,1.33413,1.3372,1.33355,1.3357299999999999,103347
2019-04-05,1.33582,1.34022,1.33481,1.33768,103834
2019-04-08,1.33819,1.33875,1.33038,1.33114,93141
2019-04-09,1.33103,1.33313,1.32831,1.33274,96470
2019-04-10,1.33206,1.33591,1.33054,1.33164,98108
2019-04-11,1.33106,1.33951,1.33096,1.3383,91947
2019-04-12,1.33847,1.3384800000000001,1.33117,1.33256,112356
2019-04-15,1.33292,1.33897,1.32964,1.33653,90510
2019-04-16,1.33663,1.34021,1.33454,1.33484,102753
2019-04-17,1.3349,1.33718,1.32736,1.33402,113012
2019-04-18,1.33407,1.3399,1.33311,1.3374,111976
2019-04-19,1.33712,1.33931,1.33642,1.33887,72374
2019-04-22,1.33837,1.339,1.33344,1.33456,69205
2019-04-23,1.33497,1.34422,1.3342399999999999,1.34214,85499
2019-04-24,1.3419699999999999,1.35209,1.34157,1.3492,128074
2019-04-25,1.34843,1.35159,1.34781,1.3484,96784
2019-04-26,1.3485,1.34974,1.3451,1.3454,112316
2019-04-29,1.34548,1.34788,1.3439,1.3456299999999999,71043
2019-04-30,1.34569,1.3479700000000001,1.33803,1.33868,107731
2019-05-01,1.3387,1.34606,1.3376000000000001,1.34439,90820
2019-05-02,1.34306,1.34756,1.34298,1.34738,92332
2019-05-03,1.34667,1.3489,1.34053,1.3419400000000001,83133
2019-05-06,1.34554,1.34933,1.34315,1.34456,91098
2019-05-07,1.34486,1.3488,1.34087,1.34717,107217
2019-05-08,1.34646,1.34859,1.3444,1.34763,113143
2019-05-09,1.3473600000000001,1.35046,1.34581,1.34755,124877
2019-05-10,1.34606,1.3485,1.3379400000000001,1.3412899999999999,146148
2019-05-13,1.3419400000000001,1.3483800000000001,1.3415300000000001,1.34776,107644
2019-05-14,1.3471600000000001,1.34867,1.34551,1.34618,93567
2019-05-15,1.34616,1.34927,1.34264,1.34354,102255
2019-05-16,1.34356,1.34689,1.33996,1.34585,83276
2019-05-17,1.34586,1.35127,1.3433899999999999,1.34644,116175
2019-05-20,1.34395,1.3455599999999999,1.3415300000000001,1.34271,93254
2019-05-21,1.34236,1.34328,1.3394599999999999,1.34044,102627
2019-05-22,1.34006,1.34374,1.33563,1.34328,95610
2019-05-23,1.3435000000000001,1.3501699999999999,1.34295,1.3471899999999999,126086
2019-05-24,1.3471,1.34818,1.34293,1.3439999999999999,110994
2019-05-27,1.34355,1.34521,1.3428499999999999,1.34418,62431
2019-05-28,1.34406,1.34981,1.34324,1.3492899999999999,105406
2019-05-29,1.3479999999999999,1.3546,1.3479700000000001,1.35184,139669
2019-05-30,1.35156,1.35198,1.34846,1.3498,97302
2019-05-31,1.35006,1.3564,1.34924,1.3514599999999999,147461
2019-06-03,1.35165,1.35267,1.34338,1.34364,140918
2019-06-04,1.34383,1.34486,1.33805,1.33932,133099
2019-06-05,1.33926,1.34277,1.33618,1.3413300000000001,128835
2019-06-06,1.34141,1.34297,1.33589,1.33609,122962
2019-06-07,1.33606,1.3367200000000001,1.32614,1.32651,121872
2019-06-10,1.3235700000000001,1.32802,1.3235700000000001,1.32669,93018
2019-06-11,1.32673,1.33081,1.32493,1.3283800000000001,102514
2019-06-12,1.3281,1.3344,1.32725,1.33419,101214
2019-06-13,1.33406,1.33419,1.32992,1.3325,99692
2019-06-14,1.33246,1.34218,1.33224,1.34085,105679
2019-06-17,1.34063,1.34192,1.33922,1.34111,77258
2019-06-18,1.34094,1.3431600000000001,1.33741,1.33759,108951
2019-06-19,1.33756,1.33826,1.3278400000000001,1.32795,120153
2019-06-20,1.32776,1.32864,1.31501,1.31897,138962
2019-06-21,1.31886,1.32286,1.31613,1.32222,116063
2019-06-24,1.32095,1.32161,1.31768,1.31787,83804
2019-06-25,1.31796,1.32076,1.31515,1.3167,118808
2019-06-26,1.31666,1.31948,1.3106,1.31262,100357
2019-06-27,1.31246,1.31372,1.30907,1.30934,84706
2019-06-28,1.30926,1.31017,1.30587,1.30878,96358
2019-07-01,1.30777,1.31448,1.30697,1.31332,82090
2019-07-02,1.31322,1.31381,1.30957,1.3106,84792
2019-07-03,1.31049,1.31188,1.30558,1.30558,80075
2019-07-04,1.30582,1.3079100000000001,1.3036699999999999,1.3047900000000001,56247
2019-07-05,1.30498,1.31362,1.30434,1.30746,78142
2019-07-08,1.30668,1.3102800000000001,1.3048899999999999,1.3096,47134
2019-07-09,1.3091599999999999,1.31413,1.3088600000000001,1.31258,69357
2019-07-10,1.3125200000000001,1.3143799999999999,1.30619,1.30801,108978
2019-07-11,1.30795,1.30912,1.30416,1.30705,92834
2019-07-12,1.30714,1.30776,1.30176,1.30273,83752
2019-07-15,1.30292,1.30533,1.3021,1.3048,68118
2019-07-16,1.30476,1.30914,1.30225,1.30871,40759
2019-07-17,1.3087,1.30933,1.30353,1.30519,33043
2019-07-18,1.30514,1.30953,1.30253,1.3026499999999999,41744
2019-07-19,1.3026499999999999,1.31094,1.30155,1.30565,48998
2019-07-22,1.30605,1.31196,1.30401,1.31174,37497
2019-07-23,1.31175,1.31638,1.3112599999999999,1.31331,40601
2019-07-24,1.31319,1.31503,1.31185,1.31387,40979
2019-07-25,1.31387,1.31669,1.31151,1.3164500000000001,56027
2019-07-26,1.3164500000000001,1.31986,1.31481,1.31646,41771
2019-07-29,1.31686,1.31821,1.31487,1.31613,29420
2019-07-30,1.3161100000000001,1.31916,1.31436,1.31511,39100
2019-07-31,1.31502,1.32141,1.3105,1.3189600000000001,69979
2019-08-01,1.31895,1.32471,1.31825,1.3210899999999999,80512
2019-08-02,1.3210899999999999,1.32656,1.3199,1.32008,88600
2019-08-05,1.32095,1.3247,1.31773,1.3211300000000001,73758
2019-08-06,1.31942,1.3290899999999999,1.3170600000000001,1.32786,59054
2019-08-07,1.32773,1.33445,1.32616,1.33008,69412
2019-08-08,1.32995,1.33137,1.32212,1.32254,45022
2019-08-09,1.32214,1.32742,1.31959,1.32117,44383
2019-08-12,1.3197,1.32498,1.31955,1.32396,38022
2019-08-13,1.32346,1.32927,1.31837,1.32224,55719
2019-08-14,1.32217,1.33256,1.32104,1.3318400000000001,58359
2019-08-15,1.33186,1.33385,1.32854,1.33129,63644
2019-08-16,1.33105,1.3324799999999999,1.32612,1.3266,36822
2019-08-19,1.3268499999999999,1.33369,1.3250899999999999,1.33232,27379
2019-08-20,1.33217,1.33454,1.33081,1.33183,38186
2019-08-21,1.33148,1.3324,1.32535,1.32874,38109
2019-08-22,1.32855,1.33148,1.32748,1.33023,50027
2019-08-23,1.3302399999999999,1.33385,1.32766,1.3284,74521
2019-08-26,1.32925,1.33192,1.32463,1.32537,86945
2019-08-27,1.32535,1.33003,1.32247,1.3281100000000001,68637
2019-08-28,1.3281100000000001,1.33178,1.3277700000000001,1.33059,72357
2019-08-29,1.33049,1.33186,1.32722,1.32863,68803
2019-08-30,1.3286,1.3332899999999999,1.3247,1.33053,72687
2019-09-02,1.33154,1.33606,1.33117,1.33228,36293
2019-09-03,1.3321399999999999,1.33822,1.3318699999999999,1.33347,71952
2019-09-04,1.33325,1.3344,1.32182,1.32217,66311
2019-09-05,1.32215,1.3246,1.3191,1.32302,63651
2019-09-06,1.32291,1.3241399999999999,1.31577,1.31649,62049
2019-09-09,1.31661,1.31769,1.31388,1.31671,45243
2019-09-10,1.31676,1.3191,1.31332,1.31519,44665
2019-09-11,1.31515,1.3214000000000001,1.31392,1.31925,45761
2019-09-12,1.3192300000000001,1.32202,1.31762,1.32089,62011
2019-09-13,1.3207499999999999,1.32859,1.31996,1.32858,43745
2019-09-16,1.32195,1.32707,1.32093,1.32391,63915
2019-09-17,1.32391,1.32992,1.32329,1.32429,56940
2019-09-18,1.3242099999999999,1.33098,1.32382,1.32877,53591
2019-09-19,1.32866,1.33068,1.32415,1.32613,45200
2019-09-20,1.32556,1.33002,1.32518,1.3265,45383
2019-09-23,1.32595,1.33044,1.32539,1.3262399999999999,38476
2019-09-24,1.32625,1.32741,1.32317,1.32409,41141
2019-09-25,1.32409,1.3288,1.32345,1.32667,43339
2019-09-26,1.32667,1.32758,1.32311,1.32663,41129
2019-09-27,1.32645,1.32781,1.32135,1.32366,45592
2019-09-30,1.32351,1.32593,1.32237,1.32396,39155
2019-10-01,1.32392,1.32897,1.32091,1.3217400000000001,49681
2019-10-02,1.32166,1.33278,1.32055,1.33235,44002
2019-10-03,1.33225,1.33473,1.3309,1.33356,51578
2019-10-04,1.33334,1.33381,1.32984,1.33076,48068
2019-10-07,1.33225,1.3330199999999999,1.32897,1.33075,42339
2019-10-08,1.33075,1.33361,1.32874,1.33235,50943
2019-10-09,1.3324500000000001,1.33382,1.32947,1.33316,44839
2019-10-10,1.33298,1.33453,1.32683,1.32882,57238
2019-10-11,1.32876,1.33,1.31705,1.31974,63103
2019-10-14,1.32005,1.32391,1.3191,1.32318,33150
2019-10-15,1.32332,1.32392,1.3195299999999999,1.3198699999999999,41730
2019-10-16,1.31985,1.3235000000000001,1.31839,1.32003,44980
2019-10-17,1.31999,1.32112,1.31305,1.3134299999999999,41498
2019-10-18,1.3134299999999999,1.31452,1.31189,1.3125,28854
2019-10-21,1.31315,1.31378,1.30817,1.30875,29049
2019-10-22,1.30874,1.31224,1.30707,1.30935,35235
2019-10-23,1.30934,1.3109,1.3068,1.30701,28531
2019-10-24,1.30705,1.30926,1.30525,1.30694,33152
2019-10-25,1.3069600000000001,1.30763,1.30556,1.30596,24165
2019-10-28,1.30595,1.3078,1.30488,1.30545,24744
2019-10-29,1.30526,1.31003,1.30415,1.30868,29855
2019-10-30,1.30858,1.3207900000000001,1.30742,1.31593,45358
2019-10-31,1.31572,1.3177699999999999,1.31349,1.31638,41383
2019-11-01,1.31619,1.31958,1.31385,1.31399,37601
2019-11-04,1.31345,1.31603,1.31298,1.315,26976
2019-11-05,1.31493,1.31779,1.31148,1.31556,38047
2019-11-06,1.31558,1.3192599999999999,1.31414,1.31802,29900
2019-11-07,1.31795,1.31967,1.3159399999999999,1.31738,35975
2019-11-08,1.31724,1.32365,1.3171599999999999,1.3226200000000001,30137
2019-11-11,1.3219400000000001,1.32347,1.32122,1.3231600000000001,22024
2019-11-12,1.32315,1.32571,1.3216,1.32305,32972
2019-11-13,1.32309,1.32677,1.3225,1.32481,31758
2019-11-14,1.32484,1.327,1.32434,1.32454,29879
2019-11-15,1.32461,1.32516,1.32159,1.32216,26687
2019-11-18,1.32223,1.3235000000000001,1.31997,1.32047,26519
2019-11-19,1.32051,1.3271899999999999,1.31897,1.32664,32994
2019-11-20,1.3266200000000001,1.33271,1.32619,1.33018,36800
2019-11-21,1.33027,1.33244,1.3269199999999999,1.32846,43370
2019-11-22,1.32843,1.33011,1.32539,1.32998,36661
2019-11-25,1.32945,1.3318400000000001,1.3284500000000001,1.32979,31596
2019-11-26,1.32957,1.33158,1.3268900000000001,1.32711,35868
2019-11-27,1.3271,1.32892,1.3259699999999999,1.32803,32579
2019-11-28,1.3281399999999999,1.32988,1.32755,1.32798,19771
2019-11-29,1.32792,1.33132,1.32707,1.3271600000000001,28909
2019-12-02,1.32705,1.3308499999999999,1.32705,1.33076,31885
2019-12-03,1.33073,1.33203,1.32828,1.32943,33055
2019-12-04,1.32942,1.32974,1.31917,1.31989,37638
2019-12-05,1.3199,1.3202,1.3158,1.31727,32697
2019-12-06,1.31719,1.32695,1.3171,1.32513,28475
2019-12-09,1.32505,1.32646,1.32221,1.3238400000000001,25531
2019-12-10,1.3237700000000001,1.32492,1.3223799999999999,1.32293,30728
2019-12-11,1.32285,1.32393,1.31615,1.3172,35003
2019-12-12,1.31718,1.31937,1.31622,1.31814,44811
2019-12-13,1.31818,1.32042,1.31502,1.31629,55557
2019-12-16,1.31715,1.31855,1.31145,1.31522,34330
2019-12-17,1.31516,1.31845,1.3145,1.31581,34235
2019-12-18,1.31579,1.31752,1.31019,1.31134,31436
2019-12-19,1.31124,1.31376,1.31074,1.31247,30366
2019-12-20,1.31244,1.31807,1.31204,1.31473,32718
2019-12-23,1.31461,1.3176,1.314,1.31447,27944
2019-12-24,1.31454,1.31676,1.3140800000000001,1.31654,22870
2019-12-26,1.31544,1.31627,1.3103,1.3119399999999999,14250
2019-12-27,1.31162,1.3121800000000001,1.30637,1.3076699999999999,32575
2019-12-30,1.3069899999999999,1.30839,1.30499,1.3066900000000001,38924
2019-12-31,1.30679,1.30683,1.2951,1.29846,35120
2020-01-02,1.29839,1.30076,1.2968199999999999,1.2979,39175
2020-01-03,1.2979,1.30068,1.29605,1.30013,48045
2020-01-06,1.29857,1.29894,1.29596,1.29636,35521
2020-01-07,1.29633,1.3029,1.2956400000000001,1.30033,37063
2020-01-08,1.30027,1.30432,1.29757,1.30384,62618
2020-01-09,1.30379,1.31044,1.30256,1.30552,40212
2020-01-10,1.30551,1.30751,1.30286,1.30525,36856
2020-01-13,1.30495,1.30671,1.30311,1.3054999999999999,35245
2020-01-14,1.30548,1.3079,1.30464,1.30607,34889
2020-01-15,1.3060800000000001,1.30778,1.30347,1.3041,38321
2020-01-16,1.3041,1.30557,1.30317,1.30406,37039
2020-01-17,1.30408,1.30746,1.30334,1.30667,32963
2020-01-20,1.3057,1.30719,1.30433,1.30463,23040
2020-01-21,1.3044799999999999,1.3079399999999999,1.30439,1.3069,31986
2020-01-22,1.30687,1.31521,1.30355,1.31344,39818
2020-01-23,1.31333,1.3171,1.31236,1.31266,39980
2020-01-24,1.3125499999999999,1.31524,1.31178,1.3148,36700
2020-01-27,1.3149600000000001,1.3199100000000001,1.31474,1.31937,45984
2020-01-28,1.31934,1.32053,1.31539,1.31546,37168
2020-01-29,1.31548,1.3209,1.31546,1.3197999999999999,33528
2020-01-30,1.31982,1.32261,1.3187,1.32083,42987
2020-01-31,1.3207200000000001,1.32528,1.31938,1.32337,48862
2020-02-03,1.32355,1.33033,1.32312,1.3284799999999999,46713
2020-02-04,1.3284500000000001,1.33012,1.3263099999999999,1.3275299999999999,44182
2020-02-05,1.3275000000000001,1.33025,1.3262399999999999,1.32805,48921
2020-02-06,1.32806,1.33086,1.32698,1.32828,38940
2020-02-07,1.32829,1.3320699999999999,1.3277700000000001,1.33049,44115
2020-02-10,1.32995,1.33289,1.32878,1.33158,43436
2020-02-11,1.33157,1.33196,1.3276,1.32851,34942
2020-02-12,1.32853,1.32954,1.3235299999999999,1.3249,33258
2020-02-13,1.32489,1.32707,1.32398,1.32667,39805
2020-02-14,1.3266200000000001,1.32686,1.32352,1.3250899999999999,29140
2020-02-17,1.32465,1.32524,1.32246,1.32324,19461
2020-02-18,1.3232,1.32779,1.3229600000000001,1.32592,31610
2020-02-19,1.3258,1.32609,1.32145,1.32182,32079
2020-02-20,1.32187,1.32683,1.32114,1.32584,39155
2020-02-21,1.32575,1.3268,1.32017,1.32259,41469
2020-02-24,1.3249,1.33071,1.32427,1.32926,50921
2020-02-25,1.32926,1.33051,1.32668,1.32772,52896
2020-02-26,1.32756,1.33346,1.32709,1.33305,58626
2020-02-27,1.3330899999999999,1.33938,1.33161,1.33886,66490
2020-02-28,1.33888,1.3464,1.33775,1.3391600000000001,99734
2020-03-02,1.34331,1.34416,1.33145,1.3326,86705
2020-03-03,1.33219,1.33904,1.33181,1.33832,96426
2020-03-04,1.33804,1.3430900000000001,1.33273,1.3385,62962
2020-03-05,1.33843,1.34379,1.33823,1.34101,52339
2020-03-06,1.34098,1.34391,1.33789,1.34247,79566
2020-03-09,1.35461,1.37584,1.3517000000000001,1.36921,126779
2020-03-10,1.36986,1.37955,1.3608500000000001,1.37245,109612
2020-03-11,1.37239,1.3794,1.36808,1.37789,97279
2020-03-12,1.37721,1.39608,1.37066,1.39161,120687
2020-03-13,1.39218,1.39944,1.37812,1.38001,144371
2020-03-16,1.3890799999999999,1.40173,1.3728500000000001,1.39974,178961
2020-03-17,1.4014,1.42759,1.39598,1.4205,137740
2020-03-18,1.4200300000000001,1.46502,1.41659,1.4509699999999999,137931
2020-03-19,1.44981,1.46673,1.44194,1.45007,148774
2020-03-20,1.45098,1.45351,1.41483,1.43323,149290
2020-03-23,1.4353,1.45594,1.4335200000000001,1.44962,187143
2020-03-24,1.44902,1.45309,1.43742,1.44645,130193
2020-03-25,1.4462,1.4481600000000001,1.41771,1.41867,119542
2020-03-26,1.4189,1.42751,1.40096,1.40452,110122
2020-03-27,1.40181,1.4154200000000001,1.39202,1.39704,123544
2020-03-30,1.40111,1.41832,1.40025,1.4163999999999999,111458
2020-03-31,1.41638,1.43488,1.4010799999999999,1.40595,136190
2020-04-01,1.40592,1.42717,1.40592,1.41871,111113
2020-04-02,1.41849,1.4298,1.4078,1.41347,125363
2020-04-03,1.41338,1.42237,1.40937,1.41973,112192
2020-04-06,1.422,1.42608,1.4081000000000001,1.41086,106718
2020-04-07,1.41099,1.41429,1.39446,1.3991500000000001,127922
2020-04-08,1.39914,1.40811,1.39759,1.4007399999999999,103653
2020-04-09,1.40119,1.40771,1.39307,1.39724,127309
2020-04-10,1.39723,1.40084,1.39441,1.39507,22978
2020-04-13,1.3924,1.40008,1.3854899999999999,1.3902700000000001,73688
2020-04-14,1.39024,1.39245,1.38623,1.38805,77263
2020-04-15,1.38803,1.41318,1.38758,1.41136,88296
2020-04-16,1.41128,1.41818,1.40624,1.4080300000000001,96955
2020-04-17,1.40794,1.4117600000000001,1.40039,1.4007399999999999,94603
2020-04-20,1.4013200000000001,1.415,1.4013200000000001,1.41459,93422
2020-04-21,1.41462,1.42645,1.4113,1.4209100000000001,156408
2020-04-22,1.4209,1.42374,1.41146,1.41593,105989
2020-04-23,1.41585,1.41978,1.39996,1.4072200000000001,107777
2020-04-24,1.40709,1.41197,1.40232,1.40918,90380
2020-04-27,1.4090099999999999,1.41165,1.4028800000000001,1.40316,79832
2020-04-28,1.4032,1.40723,1.39354,1.39973,78062
2020-04-29,1.3994900000000001,1.40034,1.3875199999999999,1.3878300000000001,70127
2020-04-30,1.3878300000000001,1.3958300000000001,1.385,1.39432,82263
2020-05-01,1.3943699999999999,1.4108800000000001,1.39254,1.40881,68071
2020-05-04,1.40821,1.4152,1.40507,1.40861,69895
2020-05-05,1.40851,1.40944,1.40076,1.40465,63619
2020-05-06,1.4047100000000001,1.41567,1.40224,1.41439,70896
2020-05-07,1.41436,1.41724,1.39521,1.3971,65034
2020-05-08,1.39711,1.399,1.39082,1.39216,52209
2020-05-11,1.3932,1.40422,1.38998,1.4005,65129
2020-05-12,1.40045,1.40801,1.39721,1.40767,69717
2020-05-13,1.40768,1.4114499999999999,1.40059,1.41001,94934
2020-05-14,1.41002,1.41404,1.40316,1.40503,88050
2020-05-15,1.4049,1.41167,1.4018,1.41073,81392
2020-05-18,1.40914,1.41121,1.39355,1.39355,60921
2020-05-19,1.39355,1.39689,1.3866,1.39413,72906
2020-05-20,1.39404,1.39603,1.38675,1.39001,66946
2020-05-21,1.38999,1.39699,1.38906,1.39532,72060
2020-05-22,1.39532,1.40482,1.39408,1.39987,72056
2020-05-25,1.3988,1.40075,1.39682,1.39777,55059
2020-05-26,1.3976899999999999,1.39853,1.3756599999999999,1.37737,64400
2020-05-27,1.37763,1.3822,1.37275,1.37504,89564
2020-05-28,1.37503,1.37894,1.37338,1.37605,91164
2020-05-29,1.3763,1.38321,1.3714,1.37676,98543
2020-06-01,1.37748,1.38006,1.35579,1.35714,80311
2020-06-02,1.35705,1.3584800000000001,1.34836,1.35174,76019
2020-06-03,1.35164,1.3572,1.34796,1.34944,90796
2020-06-04,1.34938,1.35409,1.34674,1.34992,84917
2020-06-05,1.34998,1.35125,1.3391,1.3419699999999999,90814
2020-06-08,1.34081,1.34364,1.33562,1.33806,71748
2020-06-09,1.33805,1.34874,1.3359,1.34148,82720
2020-06-10,1.34142,1.34375,1.3315000000000001,1.34103,102351
2020-06-11,1.34109,1.36315,1.33967,1.36274,135578
2020-06-12,1.36265,1.3666,1.35269,1.35804,149893
2020-06-15,1.36015,1.36855,1.3546,1.35713,134865
2020-06-16,1.3572199999999999,1.36224,1.35042,1.35382,129866
2020-06-17,1.35393,1.35941,1.35115,1.35638,107619
2020-06-18,1.3563100000000001,1.36159,1.35209,1.35983,103359
2020-06-19,1.35981,1.36172,1.35466,1.36019,91456
2020-06-22,1.36099,1.36295,1.3518,1.35206,76145
2020-06-23,1.35201,1.35704,1.34853,1.35483,94076
2020-06-24,1.3547500000000001,1.36402,1.35274,1.36365,102532
2020-06-25,1.36361,1.36696,1.36071,1.3636,91661
2020-06-26,1.36361,1.37151,1.3627500000000001,1.36856,73612
2020-06-29,1.36693,1.37048,1.36464,1.3657599999999999,76650
2020-06-30,1.36571,1.36991,1.35696,1.35739,76435
2020-07-01,1.35737,1.36011,1.3545099999999999,1.35862,71096
2020-07-02,1.35857,1.36236,1.35601,1.35628,74591
2020-07-03,1.35628,1.35811,1.35435,1.35449,54491
2020-07-06,1.35586,1.3563100000000001,1.35191,1.35373,67758
2020-07-07,1.35375,1.36093,1.35244,1.36018,65734
2020-07-08,1.3602,1.36234,1.34921,1.35111,71667
2020-07-09,1.35107,1.3593899999999999,1.34906,1.35845,78876
2020-07-10,1.35842,1.3631,1.35748,1.35931,71173
2020-07-13,1.35775,1.36117,1.35361,1.3608,60160
2020-07-14,1.36079,1.3645800000000001,1.35915,1.3615,82682
2020-07-15,1.3614600000000001,1.36176,1.35043,1.35076,70602
2020-07-16,1.3507799999999999,1.35811,1.35012,1.35742,66635
2020-07-17,1.35727,1.35887,1.35513,1.3581400000000001,46765
2020-07-20,1.35679,1.3599700000000001,1.35252,1.35331,52137
2020-07-21,1.3532899999999999,1.35365,1.34246,1.3458,56054
2020-07-22,1.34568,1.34826,1.33992,1.34158,64160
2020-07-23,1.34145,1.3427,1.33507,1.3409,74702
2020-07-24,1.34088,1.34447,1.33765,1.34176,93829
2020-07-27,1.34204,1.34307,1.33529,1.33535,72770
2020-07-28,1.33538,1.34067,1.33305,1.33781,70670
2020-07-29,1.3376299999999999,1.33864,1.33322,1.33392,67181
2020-07-30,1.3339400000000001,1.34593,1.33314,1.34214,88488
2020-07-31,1.34207,1.34358,1.33715,1.341,85020
2020-08-03,1.33999,1.34507,1.33795,1.33895,63899
2020-08-04,1.33781,1.34201,1.33178,1.3317999999999999,67213
2020-08-05,1.33176,1.33298,1.3233,1.3265799999999999,69435
2020-08-06,1.32656,1.33227,1.32433,1.33049,86858
2020-08-07,1.32962,1.33981,1.32827,1.33815,89281
2020-08-10,1.33883,1.33945,1.33335,1.33496,55304
2020-08-11,1.3349,1.33603,1.327,1.32996,81855
2020-08-12,1.32968,1.33465,1.32288,1.32447,94095
2020-08-13,1.3244,1.32588,1.31914,1.32232,78268
2020-08-14,1.32229,1.32712,1.32056,1.32661,66375
2020-08-17,1.32417,1.32625,1.31915,1.32144,51036
2020-08-18,1.32129,1.3231,1.31513,1.31676,69792
2020-08-19,1.31656,1.32264,1.31326,1.32128,72266
2020-08-20,1.32119,1.3244099999999999,1.3167900000000001,1.31853,76223
2020-08-21,1.31846,1.32336,1.31585,1.31711,63571
2020-08-24,1.3164500000000001,1.32378,1.31339,1.32168,56735
2020-08-25,1.32162,1.3239,1.3167200000000001,1.31707,57008
2020-08-26,1.31678,1.32046,1.31315,1.31429,52151
2020-08-27,1.31419,1.3166,1.31013,1.31266,91894
2020-08-28,1.3119,1.31322,1.30466,1.30982,85936
2020-08-31,1.3096,1.3104,1.30197,1.30466,71622
2020-09-01,1.3048,1.30863,1.2993700000000001,1.3064,83417
2020-09-02,1.30621,1.30951,1.30368,1.30435,68310
2020-09-03,1.30429,1.31613,1.30371,1.31265,102712
2020-09-04,1.31205,1.31399,1.30437,1.30607,102737
2020-09-07,1.30422,1.3115700000000001,1.30422,1.30946,55595
2020-09-08,1.30963,1.32379,1.30858,1.32352,95975
2020-09-09,1.32344,1.32589,1.31453,1.31457,78440
2020-09-10,1.31444,1.3201800000000001,1.3118400000000001,1.31913,88288
2020-09-11,1.31903,1.3207,1.31505,1.3175,70950
2020-09-14,1.3171599999999999,1.31964,1.3152599999999999,1.31746,56971
2020-09-15,1.31725,1.3201800000000001,1.31342,1.31848,60583
2020-09-16,1.31841,1.32002,1.31271,1.31763,82680
2020-09-17,1.31772,1.32465,1.31495,1.3165200000000001,85861
2020-09-18,1.31571,1.32084,1.3136700000000001,1.32016,75635
2020-09-21,1.31938,1.332,1.3170600000000001,1.3306499999999999,93826
2020-09-22,1.33056,1.33453,1.32831,1.33027,72014
2020-09-23,1.33022,1.3385500000000001,1.32935,1.3385500000000001,71073
2020-09-24,1.33743,1.34176,1.33249,1.33603,102756
2020-09-25,1.33595,1.34176,1.3332,1.3391899999999999,68765
2020-09-28,1.3383099999999999,1.3403,1.33539,1.3368,66397
2020-09-29,1.33681,1.34182,1.33515,1.3384800000000001,69990
2020-09-30,1.33805,1.34199,1.33012,1.33157,83127
2020-10-01,1.3313,1.33236,1.32666,1.32883,83409
2020-10-02,1.32873,1.33308,1.32735,1.33061,118743
2020-10-05,1.3295,1.33026,1.32551,1.32626,49926
2020-10-06,1.3262800000000001,1.33165,1.32416,1.3311,84893
2020-10-07,1.331,1.33402,1.3254299999999999,1.32544,72156
2020-10-08,1.32535,1.3271600000000001,1.31942,1.31956,58583
2020-10-09,1.31965,1.31998,1.3109199999999999,1.31176,59313
2020-10-12,1.31284,1.3142800000000001,1.3100800000000001,1.31124,48526
2020-10-13,1.31124,1.3146499999999999,1.30987,1.31366,72437
2020-10-14,1.31323,1.31627,1.31158,1.31417,70521
2020-10-15,1.31402,1.32591,1.31387,1.3223500000000001,85119
2020-10-16,1.32163,1.32372,1.31768,1.31925,64934
2020-10-19,1.3183799999999999,1.31928,1.315,1.31902,53609
2020-10-20,1.31904,1.32034,1.3104,1.31272,57168
2020-10-21,1.31278,1.31517,1.30806,1.31448,63153
2020-10-22,1.31376,1.31769,1.31233,1.31332,57198
2020-10-23,1.3134299999999999,1.31599,1.31088,1.31251,58129
2020-10-26,1.3124500000000001,1.32248,1.31239,1.3201800000000001,63685
2020-10-27,1.32103,1.32117,1.31418,1.31843,58032
2020-10-28,1.31842,1.33334,1.31785,1.33198,89041
2020-10-29,1.33202,1.33894,1.32775,1.33198,87973
2020-10-30,1.3323800000000001,1.33481,1.32793,1.33217,103109
2020-11-02,1.33115,1.337,1.32148,1.32159,89283
2020-11-03,1.32156,1.32338,1.31036,1.31427,74670
2020-11-04,1.31395,1.32989,1.30951,1.31322,157106
2020-11-05,1.31266,1.31779,1.30278,1.30434,110501
2020-11-06,1.30439,1.30965,1.3019,1.30587,103376
2020-11-09,1.30371,1.30517,1.29279,1.30068,126150
2020-11-10,1.3007,1.30503,1.29846,1.30308,100352
2020-11-11,1.3030599999999999,1.3077,1.3008199999999999,1.30613,68918
2020-11-12,1.30618,1.31494,1.30554,1.31396,66213
2020-11-13,1.31369,1.3172,1.31159,1.31295,59005
2020-11-16,1.31254,1.3138,1.3065,1.3072599999999999,61044
2020-11-17,1.30728,1.31162,1.30629,1.31051,57341
2020-11-18,1.3103,1.31172,1.30339,1.3081,60875
2020-11-19,1.30748,1.31228,1.30518,1.3072300000000001,61309
2020-11-20,1.30718,1.30965,1.30385,1.30919,59775
2020-11-23,1.30838,1.31121,1.3045,1.30836,55050
2020-11-24,1.30788,1.30904,1.29943,1.29969,65695
2020-11-25,1.29966,1.30286,1.29858,1.30053,61856
2020-11-26,1.30043,1.30223,1.2989899999999999,1.30155,44932
2020-11-27,1.30126,1.3024499999999999,1.29717,1.29905,47035
2020-11-30,1.29945,1.30094,1.2923,1.2996699999999999,69090
2020-12-01,1.2993700000000001,1.30085,1.29275,1.2933,64882
2020-12-02,1.29315,1.29582,1.29096,1.29163,63245
2020-12-03,1.29153,1.29409,1.28517,1.2861,58679
2020-12-04,1.2858,1.2873299999999999,1.27718,1.27839,63895
2020-12-07,1.27775,1.28326,1.27736,1.2797,62944
2020-12-08,1.2797399999999999,1.2825199999999999,1.27676,1.2816100000000001,66523
2020-12-09,1.28159,1.2833,1.27689,1.28169,61472
2020-12-10,1.28133,1.28286,1.27062,1.2737,66857
2020-12-11,1.2732700000000001,1.27921,1.2719,1.2767,63307
2020-12-14,1.27491,1.27893,1.27193,1.2762,63428
2020-12-15,1.27597,1.27711,1.2687599999999999,1.2698,57148
2020-12-16,1.26966,1.2789,1.26929,1.27377,65765
2020-12-17,1.2739,1.27502,1.26882,1.2721,50933
2020-12-18,1.27166,1.2798,1.27155,1.2782,58909
2020-12-21,1.2797100000000001,1.29566,1.27834,1.28565,103579
2020-12-22,1.2854700000000001,1.29332,1.2842799999999999,1.29063,73956
2020-12-23,1.29056,1.29145,1.28338,1.28447,70095
2020-12-24,1.28437,1.28535,1.28128,1.28449,65258
2020-12-28,1.28495,1.28756,1.28132,1.2848899999999999,60740
2020-12-29,1.28505,1.28537,1.27795,1.28166,63654
2020-12-30,1.2815699999999999,1.28267,1.27491,1.27563,59405
2020-12-31,1.27573,1.2769599999999999,1.27135,1.27221,54072
2021-01-04,1.2713999999999999,1.27976,1.26646,1.27739,92618
2021-01-05,1.2772999999999999,1.27907,1.26554,1.2667,86503
2021-01-06,1.2665899999999999,1.2723200000000001,1.26295,1.26738,133944
2021-01-07,1.26705,1.27332,1.26631,1.26898,93170
2021-01-08,1.26908,1.2742499999999999,1.26582,1.2686899999999999,102017
2021-01-11,1.2699500000000001,1.2834699999999999,1.26897,1.27827,79760
2021-01-12,1.27833,1.2791000000000001,1.27077,1.2708599999999999,70363
2021-01-13,1.27073,1.27464,1.26799,1.26948,61176
2021-01-14,1.2689599999999999,1.27071,1.26242,1.2637800000000001,67558
2021-01-15,1.26322,1.2763900000000001,1.2631299999999999,1.2733400000000001,74761
2021-01-18,1.27265,1.27988,1.27256,1.27524,66963
2021-01-19,1.2753700000000001,1.27636,1.2715,1.27322,62416
2021-01-20,1.27322,1.27378,1.26058,1.26319,68880
2021-01-21,1.26322,1.2647300000000001,1.25888,1.26368,66540
2021-01-22,1.26325,1.27401,1.26311,1.27333,65052
2021-01-25,1.27115,1.27787,1.2686899999999999,1.27374,70914
2021-01-26,1.27368,1.27821,1.26895,1.26899,60925
2021-01-27,1.26908,1.2822200000000001,1.26849,1.28,103611
2021-01-28,1.27939,1.28809,1.27792,1.28282,113485
2021-01-29,1.28285,1.28742,1.27373,1.27749,133162
2021-02-01,1.27863,1.28641,1.27609,1.28519,108284
2021-02-02,1.2845,1.28693,1.27795,1.27803,92597
2021-02-03,1.27804,1.2811,1.27628,1.27838,80920
2021-02-04,1.27838,1.2845,1.27767,1.2825,72722
2021-02-05,1.28248,1.28323,1.2753700000000001,1.27595,75206
2021-02-08,1.27545,1.2782200000000001,1.27339,1.2736,58567
2021-02-09,1.27353,1.27656,1.26907,1.26914,67348
2021-02-10,1.26905,1.27102,1.26671,1.2699799999999999,73922
2021-02-11,1.27,1.27103,1.26602,1.27038,61190
2021-02-12,1.27016,1.27626,1.26763,1.2689,52689
2021-02-15,1.26827,1.26909,1.26304,1.26359,39197
2021-02-16,1.26323,1.27019,1.2609,1.26884,65537
2021-02-17,1.26868,1.27459,1.26841,1.27021,80337
2021-02-18,1.27014,1.27306,1.26648,1.26737,68885
2021-02-19,1.2675,1.27134,1.25938,1.26165,65906
2021-02-22,1.26095,1.26533,1.25801,1.26124,75558
2021-02-23,1.26113,1.26467,1.25784,1.25851,83508
2021-02-24,1.25848,1.25979,1.25046,1.25112,92717
2021-02-25,1.25121,1.26141,1.24676,1.2601,117307
2021-02-26,1.2597,1.27429,1.25867,1.27427,151587
2021-03-01,1.27263,1.27366,1.26403,1.26453,75039
2021-03-02,1.26452,1.26976,1.25998,1.26362,91871
2021-03-03,1.26269,1.26579,1.25927,1.2653699999999999,89933
2021-03-04,1.26543,1.2693400000000001,1.25746,1.2664900000000001,132005
2021-03-05,1.2664,1.27368,1.26427,1.26521,131453
2021-03-08,1.26489,1.26996,1.26218,1.26617,108339
2021-03-09,1.26587,1.26852,1.259,1.26348,96531
2021-03-10,1.26335,1.26828,1.26092,1.26153,91800
2021-03-11,1.2613400000000001,1.2624900000000001,1.252,1.25306,65613
2021-03-12,1.2527599999999999,1.25726,1.24616,1.24752,72984
2021-03-15,1.2472699999999999,1.2512699999999999,1.24403,1.24781,64377
2021-03-16,1.24707,1.25,1.24355,1.24427,62723
2021-03-17,1.24451,1.24928,1.23997,1.2405599999999999,69606
2021-03-18,1.24037,1.25263,1.2364600000000001,1.24929,83062
2021-03-19,1.24846,1.25473,1.24613,1.2500499999999999,80637
2021-03-22,1.25183,1.25406,1.24729,1.25214,52045
2021-03-23,1.25204,1.25942,1.25086,1.2581,66280
2021-03-24,1.25868,1.26083,1.2542499999999999,1.25775,64040
2021-03-25,1.25711,1.26285,1.2546,1.26053,81934
2021-03-26,1.26085,1.26106,1.25604,1.25767,57314
2021-03-29,1.25692,1.26265,1.25692,1.25898,54355
2021-03-30,1.25894,1.26467,1.25799,1.26306,54753
2021-03-31,1.26255,1.26304,1.25389,1.2561200000000001,60754
2021-04-01,1.25616,1.26016,1.2542,1.2545600000000001,59244
2021-04-02,1.25418,1.258,1.2527599999999999,1.2572,24015
2021-04-05,1.25735,1.25941,1.25014,1.25232,42775
2021-04-06,1.25207,1.25823,1.2516,1.25633,49538
2021-04-07,1.25616,1.26342,1.2561499999999999,1.2606899999999999,65137
2021-04-08,1.26063,1.26266,1.25575,1.25597,60193
2021-04-09,1.25594,1.26104,1.25254,1.25269,71938
2021-04-12,1.25415,1.25736,1.25241,1.25618,57705
2021-04-13,1.25579,1.2628300000000001,1.25266,1.25328,62154
2021-04-14,1.25315,1.25757,1.24994,1.25183,61205
2021-04-15,1.2518099999999999,1.25579,1.24763,1.25412,57954
2021-04-16,1.2536,1.2559,1.24938,1.2506599999999999,59689
2021-04-19,1.25042,1.25435,1.24707,1.25321,63843
2021-04-20,1.25319,1.2623199999999999,1.24782,1.2610999999999999,71191
2021-04-21,1.26059,1.26533,1.24594,1.24959,69330
2021-04-22,1.24958,1.2534399999999999,1.24726,1.25042,66601
2021-04-23,1.25037,1.25088,1.2460499999999999,1.2473,60536
2021-04-26,1.24749,1.24901,1.23837,1.23923,59999
2021-04-27,1.2395,1.24182,1.23881,1.23975,46624
2021-04-28,1.23968,1.2417799999999999,1.231,1.23127,63615
2021-04-29,1.23125,1.23214,1.2275,1.228,56581
2021-04-30,1.22797,1.23221,1.22656,1.22834,61381
2021-05-03,1.22848,1.23184,1.22663,1.22744,54075
2021-05-04,1.22741,1.23514,1.22725,1.23045,63524
2021-05-05,1.23055,1.23115,1.2251400000000001,1.22656,49837
2021-05-06,1.22647,1.22879,1.21414,1.21468,60840
2021-05-07,1.21462,1.21932,1.2124,1.21245,64675
2021-05-10,1.21206,1.21299,1.20783,1.20988,60232
2021-05-11,1.2095799999999999,1.21255,1.20779,1.21008,72054
2021-05-12,1.2101,1.21371,1.20454,1.21324,90324
2021-05-13,1.21324,1.2202600000000001,1.21034,1.2161,88483
2021-05-14,1.21606,1.2178499999999999,1.20803,1.20937,64053
2021-05-17,1.2106,1.21359,1.20604,1.20658,67500
2021-05-18,1.20666,1.2080899999999999,1.20123,1.20641,58246
2021-05-19,1.20614,1.21428,1.20536,1.21309,96249
2021-05-20,1.21322,1.21439,1.20489,1.20591,62308
2021-05-21,1.20578,1.20946,1.2027,1.20642,67960
2021-05-24,1.2066,1.20851,1.20403,1.20419,49521
2021-05-25,1.20422,1.2078,1.20284,1.20651,66514
2021-05-26,1.2062599999999999,1.21272,1.20428,1.21215,58461
2021-05-27,1.21185,1.21417,1.20561,1.20661,54620
2021-05-28,1.20635,1.21196,1.20605,1.20705,56745
2021-05-31,1.20645,1.20913,1.20465,1.20621,44436
2021-06-01,1.2058,1.20771,1.20065,1.20693,46981
2021-06-02,1.20683,1.20917,1.20286,1.20323,33938
2021-06-03,1.20327,1.21194,1.20257,1.21045,43807
2021-06-04,1.21047,1.21326,1.207,1.20784,40807
2021-06-07,1.20695,1.2106,1.2056499999999999,1.20786,28746
2021-06-08,1.20796,1.21172,1.20706,1.21079,39013
2021-06-09,1.21063,1.21171,1.20574,1.21082,37442
2021-06-10,1.21084,1.21243,1.20697,1.20928,45216
2021-06-11,1.20923,1.21768,1.20796,1.21482,37243
2021-06-14,1.21545,1.21708,1.21276,1.21437,37929
2021-06-15,1.21376,1.22035,1.21289,1.21826,44833
2021-06-16,1.21788,1.2283,1.21564,1.22756,62391
2021-06-17,1.22749,1.23776,1.22586,1.23535,75071
2021-06-18,1.2353399999999999,1.24802,1.23385,1.24715,75378
2021-06-21,1.24556,1.24864,1.23528,1.23608,71466
2021-06-22,1.23567,1.24028,1.23011,1.2304599999999999,54244
2021-06-23,1.23057,1.23281,1.2252,1.23039,50219
2021-06-24,1.23045,1.23403,1.2282,1.23225,47393
2021-06-25,1.23191,1.23292,1.22716,1.22887,42307
2021-06-28,1.22921,1.2347299999999999,1.22872,1.23371,43501
2021-06-29,1.23287,1.2402199999999999,1.23287,1.24004,43023
2021-06-30,1.24004,1.24231,1.23551,1.2397,50237
2021-07-01,1.23957,1.2445,1.23642,1.24355,46208
2021-07-02,1.2429999999999999,1.24491,1.23086,1.23183,53511
2021-07-05,1.2313399999999999,1.23711,1.23067,1.23413,33845
2021-07-06,1.23354,1.24942,1.23022,1.24624,54461
2021-07-07,1.24562,1.25189,1.24225,1.2481200000000001,65170
2021-07-08,1.24765,1.25898,1.2473,1.25332,77956
2021-07-09,1.2534100000000001,1.25563,1.24381,1.244,65495
2021-07-12,1.24435,1.25139,1.24435,1.24511,58895
2021-07-13,1.24516,1.25392,1.24418,1.25132,61950
2021-07-14,1.25069,1.25257,1.24256,1.25084,63604
2021-07-15,1.2499500000000001,1.26133,1.24966,1.25933,71552
2021-07-16,1.2591999999999999,1.26202,1.25606,1.26053,54905
2021-07-19,1.26026,1.28072,1.25955,1.27454,87204
2021-07-20,1.27439,1.27862,1.26741,1.26795,76584
2021-07-21,1.26786,1.2729599999999999,1.25252,1.256,68160
2021-07-22,1.2546599999999999,1.2594,1.25284,1.25603,61245
2021-07-23,1.25582,1.2606600000000001,1.25543,1.25572,51298
2021-07-26,1.2557,1.25903,1.25275,1.25465,67426
2021-07-27,1.25473,1.26037,1.25375,1.26009,66109
2021-07-28,1.26011,1.2603900000000001,1.2515,1.2524199999999999,80970
2021-07-29,1.25214,1.25297,1.24317,1.24455,57210
2021-07-30,1.24428,1.2490700000000001,1.24216,1.2466599999999999,66579
2021-08-02,1.24746,1.25144,1.24524,1.25034,59575
2021-08-03,1.2502900000000001,1.25753,1.24889,1.25348,57295
2021-08-04,1.25336,1.25622,1.2515,1.254,49507
2021-08-05,1.25401,1.2547,1.24742,1.24986,54701
2021-08-06,1.24884,1.25803,1.24867,1.25474,48950
2021-08-09,1.25448,1.25874,1.2530999999999999,1.25774,57111
2021-08-10,1.25774,1.25889,1.2517800000000001,1.25192,43165
2021-08-11,1.2519,1.25478,1.24887,1.25016,46348
2021-08-12,1.25004,1.25329,1.24984,1.25211,44708
2021-08-13,1.2521200000000001,1.25315,1.25009,1.25135,31208
2021-08-16,1.2515399999999999,1.25837,1.25112,1.25712,45375
2021-08-17,1.25699,1.26484,1.25652,1.26258,58167
2021-08-18,1.26244,1.2662,1.25977,1.26578,61403
2021-08-19,1.26506,1.2830599999999999,1.2640799999999999,1.2826,86613
2021-08-20,1.28243,1.29485,1.2809300000000001,1.282,66598
2021-08-23,1.28187,1.28318,1.2642,1.26488,52076
2021-08-24,1.26481,1.26574,1.25782,1.25867,46185
2021-08-25,1.2585600000000001,1.26431,1.2582900000000001,1.25896,48211
2021-08-26,1.25888,1.26948,1.25854,1.26854,50449
2021-08-27,1.26854,1.27077,1.2605,1.26109,55253
2021-08-30,1.26147,1.2634,1.2572999999999999,1.26057,41168
2021-08-31,1.26037,1.26529,1.25689,1.26149,63136
2021-09-01,1.2613699999999999,1.26366,1.25797,1.26185,48017
2021-09-02,1.26162,1.26375,1.25476,1.25516,40902
2021-09-03,1.25501,1.2558500000000001,1.24929,1.25231,60257
2021-09-06,1.25268,1.25586,1.2516,1.25308,36223
2021-09-07,1.25272,1.26553,1.25191,1.26464,66956
2021-09-08,1.26465,1.27614,1.2625899999999999,1.26898,76280
2021-09-09,1.2686899999999999,1.27271,1.2622200000000001,1.26619,80456
2021-09-10,1.26618,1.26953,1.25819,1.26935,68447
2021-09-13,1.2681200000000001,1.2695,1.26376,1.2646600000000001,63498
2021-09-14,1.2644199999999999,1.26979,1.2600799999999999,1.26924,72117
2021-09-15,1.2692,1.27081,1.26235,1.2627,69071
2021-09-16,1.26237,1.2699,1.26158,1.2682,67759
2021-09-17,1.26797,1.27715,1.26361,1.27715,70141
2021-09-20,1.27545,1.28955,1.27442,1.28163,77985
2021-09-21,1.28158,1.2848,1.2742200000000001,1.28115,82247
2021-09-22,1.28168,1.28257,1.26978,1.27724,90226
2021-09-23,1.27715,1.27955,1.26329,1.2653699999999999,76339
2021-09-24,1.2653699999999999,1.27298,1.26403,1.26504,63129
2021-09-27,1.26447,1.26723,1.26096,1.26273,67357
2021-09-28,1.2626,1.27068,1.25934,1.2684199999999999,96824
2021-09-29,1.26823,1.27741,1.26678,1.27541,90896
2021-09-30,1.27542,1.27625,1.2629299999999999,1.26804,99094
2021-10-01,1.26767,1.2738399999999999,1.26274,1.26413,95825
2021-10-04,1.26419,1.26542,1.25571,1.25881,93237
2021-10-05,1.25874,1.26294,1.2545,1.2579799999999999,73929
2021-10-06,1.2579099999999999,1.26475,1.25652,1.25885,96556
2021-10-07,1.25884,1.2599,1.2539799999999999,1.25502,64168
2021-10-08,1.25482,1.25621,1.2451,1.24699,76680
2021-10-11,1.24753,1.24912,1.24457,1.24821,52901
2021-10-12,1.248,1.24979,1.24337,1.24643,64724
2021-10-13,1.24622,1.24783,1.24299,1.24417,59674
2021-10-14,1.24402,1.24447,1.23542,1.23688,51101
2021-10-15,1.23673,1.23969,1.2336,1.23587,56594
2021-10-18,1.2364,1.24093,1.23477,1.23777,58882
2021-10-19,1.2375,1.23822,1.2310699999999999,1.23644,56967
2021-10-20,1.23616,1.23674,1.23069,1.23175,57153
2021-10-21,1.23165,1.23834,1.22878,1.23699,59525
2021-10-22,1.23686,1.23896,1.23203,1.23614,65000
2021-10-25,1.23645,1.2399499999999999,1.23376,1.2382900000000001,56922
2021-10-26,1.23827,1.23959,1.23498,1.23892,50899
2021-10-27,1.23864,1.2431,1.22999,1.23592,75904
2021-10-28,1.23555,1.23822,1.23295,1.23446,73876
2021-10-29,1.23421,1.24078,1.23273,1.23709,71423
2021-11-01,1.23753,1.2403,1.23515,1.23706,58205
2021-11-02,1.2365599999999999,1.24243,1.2361900000000001,1.24057,51871
2021-11-03,1.24014,1.24569,1.2380200000000001,1.23882,70016
2021-11-04,1.23869,1.24711,1.23767,1.24557,60346
2021-11-05,1.24538,1.24793,1.24355,1.24542,61585
2021-11-08,1.244,1.24652,1.24355,1.24411,45018
2021-11-09,1.24398,1.24858,1.2428,1.2437,53905
2021-11-10,1.2435,1.2503,1.23867,1.24953,71254
2021-11-11,1.24931,1.25962,1.24738,1.25803,59274
2021-11-12,1.25785,1.2604199999999999,1.25407,1.25468,48711
2021-11-15,1.25411,1.25555,1.2501,1.25118,47615
2021-11-16,1.2509299999999999,1.25678,1.24923,1.25602,51443
2021-11-17,1.2558799999999999,1.26223,1.2539799999999999,1.26079,52854
2021-11-18,1.26109,1.2646600000000001,1.25922,1.25983,52532
2021-11-19,1.25958,1.26619,1.25841,1.2633,63998
2021-11-22,1.26398,1.27046,1.26276,1.26983,58646
2021-11-23,1.26943,1.27445,1.26594,1.26687,71644
2021-11-24,1.26684,1.27098,1.26506,1.26635,64195
2021-11-25,1.26593,1.26766,1.264,1.2646600000000001,32395
2021-11-26,1.26443,1.27991,1.26438,1.27864,98667
2021-11-29,1.27489,1.27927,1.27199,1.2739,80676
2021-11-30,1.2736399999999999,1.28366,1.27298,1.2778,115447
2021-12-01,1.27752,1.28294,1.27125,1.28189,92060
2021-12-02,1.28151,1.28369,1.27778,1.28076,99483
2021-12-03,1.28037,1.28538,1.27433,1.28372,96261
2021-12-06,1.28229,1.28423,1.2753,1.2755,70936
2021-12-07,1.2754400000000001,1.2767,1.26346,1.2637800000000001,57227
2021-12-08,1.2635399999999999,1.2666,1.26064,1.26504,78874
2021-12-09,1.26491,1.27217,1.26455,1.27124,58880
2021-12-10,1.2711299999999999,1.2739099999999999,1.26788,1.27223,58282
2021-12-13,1.27255,1.28209,1.27053,1.28071,60325
2021-12-14,1.28047,1.28646,1.27968,1.2861,57895
2021-12-15,1.28583,1.2937,1.28292,1.28325,76996
2021-12-16,1.28301,1.28572,1.2763200000000001,1.27735,80347
2021-12-17,1.27702,1.2900800000000001,1.2764,1.28824,81391
2021-12-20,1.28885,1.29633,1.28755,1.29414,87957
2021-12-21,1.29417,1.29458,1.29117,1.29122,54624
2021-12-22,1.291,1.29238,1.2832,1.2834400000000001,45637
2021-12-23,1.2830599999999999,1.2852999999999999,1.27975,1.28031,40744
2021-12-24,1.28043,1.28342,1.27851,1.28111,114671
2021-12-27,1.2803499999999999,1.2847,1.2778100000000001,1.27875,28446
2021-12-28,1.27853,1.2831299999999999,1.27739,1.28168,28733
2021-12-29,1.28158,1.2834400000000001,1.27875,1.27888,36262
2021-12-30,1.27869,1.2812299999999999,1.27333,1.27398,34323
2021-12-31,1.27356,1.27503,1.26202,1.2643900000000001,46033
2022-01-03,1.26328,1.27785,1.26297,1.27438,43685
2022-01-04,1.27426,1.27655,1.26667,1.27055,41908
2022-01-05,1.27055,1.27658,1.26884,1.27551,50887
2022-01-06,1.27523,1.28134,1.27061,1.27268,67463
2022-01-07,1.27218,1.27304,1.26314,1.26404,58220
2022-01-10,1.26416,1.26973,1.26098,1.26753,65190
2022-01-11,1.26753,1.26764,1.25668,1.25719,59443
2022-01-12,1.25708,1.25793,1.2495,1.25083,57373
2022-01-13,1.25038,1.25209,1.24526,1.25191,53849
2022-01-14,1.25144,1.25698,1.24702,1.25447,70199
2022-01-17,1.25345,1.25566,1.24996,1.25143,46521
2022-01-18,1.251,1.25631,1.24855,1.25131,77662
2022-01-19,1.25102,1.2524199999999999,1.24502,1.25137,72741
2022-01-20,1.25137,1.2516,1.24526,1.25013,62856
2022-01-21,1.2499,1.2587,1.2496800000000001,1.25812,88478
2022-01-24,1.25781,1.2701500000000001,1.25539,1.26361,110726
2022-01-25,1.26321,1.2668599999999999,1.25968,1.26309,107201
2022-01-26,1.2624900000000001,1.26877,1.25589,1.26682,116373
2022-01-27,1.26658,1.27472,1.2649599999999999,1.27409,127819
2022-01-28,1.27386,1.27962,1.27123,1.27689,113256
2022-01-31,1.2763900000000001,1.27766,1.26814,1.27058,74651
2022-02-01,1.2703,1.27261,1.26546,1.2686,72939
2022-02-02,1.26813,1.27055,1.2649599999999999,1.26663,65287
2022-02-03,1.26624,1.27149,1.26574,1.26768,80348
2022-02-04,1.26732,1.2787,1.2662200000000001,1.27651,84716
2022-02-07,1.27469,1.27558,1.26572,1.2665600000000001,65074
2022-02-08,1.26644,1.2720500000000001,1.26593,1.2706,58843
2022-02-09,1.27016,1.27148,1.26648,1.26693,39440
2022-02-10,1.2668300000000001,1.27272,1.26355,1.2717800000000001,84712
2022-02-11,1.27157,1.27531,1.26688,1.2735,110613
2022-02-14,1.27305,1.27835,1.27192,1.27289,115278
2022-02-15,1.27244,1.27741,1.27005,1.2717100000000001,80077
2022-02-16,1.27158,1.2725,1.26633,1.26871,69990
2022-02-17,1.26867,1.27336,1.26737,1.27068,100522
2022-02-18,1.27036,1.27604,1.2673,1.27482,75820
2022-02-21,1.2742,1.27609,1.27212,1.27509,61135
2022-02-22,1.27509,1.27828,1.27183,1.27683,92291
2022-02-23,1.2767,1.27699,1.2681,1.2732700000000001,66231
2022-02-24,1.2729599999999999,1.2877,1.27264,1.28141,185376
2022-02-25,1.2812000000000001,1.282,1.26947,1.26992,105710
2022-02-28,1.27655,1.2809300000000001,1.2659,1.26738,119397
2022-03-01,1.26698,1.27499,1.2652999999999999,1.2741799999999999,93300
2022-03-02,1.27394,1.27445,1.26276,1.26295,96059
2022-03-03,1.26285,1.26921,1.25865,1.26798,85564
2022-03-04,1.26783,1.27916,1.2665199999999999,1.27264,110325
2022-03-07,1.27227,1.28203,1.26849,1.28194,135654
2022-03-08,1.28183,1.2900800000000001,1.27956,1.28881,133619
2022-03-09,1.28873,1.28938,1.28031,1.28072,94498
2022-03-10,1.28039,1.28413,1.27498,1.2766600000000001,84759
2022-03-11,1.27638,1.27933,1.26933,1.27514,85229
2022-03-14,1.27288,1.28261,1.27215,1.28197,88237
2022-03-15,1.28182,1.28709,1.27609,1.27677,83883
2022-03-16,1.2765900000000001,1.27778,1.26738,1.26792,93460
2022-03-17,1.2677,1.26983,1.26126,1.26234,67913
2022-03-18,1.26215,1.26461,1.2588599999999999,1.26027,58261
2022-03-21,1.26091,1.26212,1.25645,1.25921,56669
2022-03-22,1.25906,1.26237,1.25667,1.25709,54792
2022-03-23,1.2570000000000001,1.26051,1.25415,1.25625,48223
2022-03-24,1.25611,1.2585600000000001,1.2509000000000001,1.2523900000000001,54483
2022-03-25,1.25223,1.25525,1.24648,1.24757,53216
2022-03-28,1.24855,1.25923,1.2472699999999999,1.25172,58852
2022-03-29,1.25161,1.25295,1.24692,1.24973,62975
2022-03-30,1.2496,1.25083,1.2429000000000001,1.24793,52184
2022-03-31,1.24747,1.25328,1.24635,1.25048,54396
2022-04-01,1.25011,1.25391,1.24799,1.25113,45491
2022-04-04,1.25146,1.2528000000000001,1.24676,1.24853,34732
2022-04-05,1.24843,1.24974,1.24023,1.24851,44052
2022-04-06,1.2483,1.2558,1.2477800000000001,1.25423,58891
2022-04-07,1.2539,1.2610999999999999,1.25301,1.25901,54332
2022-04-08,1.25887,1.26185,1.2564,1.25712,44017
2022-04-11,1.25605,1.26401,1.2555399999999999,1.26309,51898
2022-04-12,1.26306,1.26611,1.25808,1.2641499999999999,63061
2022-04-13,1.26425,1.26757,1.2554400000000001,1.2565,63061
2022-04-14,1.25623,1.2641499999999999,1.25207,1.26032,57252
2022-04-15,1.2599,1.2619799999999999,1.2582900000000001,1.26086,97989
2022-04-18,1.26088,1.26436,1.26027,1.26088,42149
2022-04-19,1.26061,1.26465,1.25677,1.26212,59571
2022-04-20,1.26208,1.26238,1.24716,1.24972,62057
2022-04-21,1.24932,1.25897,1.2458,1.2579500000000001,64092
2022-04-22,1.25797,1.27258,1.25666,1.27091,77410
2022-04-25,1.27145,1.27768,1.26821,1.27345,86200
2022-04-26,1.2734,1.28271,1.26837,1.28248,70637
2022-04-27,1.28238,1.28535,1.27774,1.28167,77307
2022-04-28,1.28159,1.28791,1.27904,1.28073,73346
2022-04-29,1.28049,1.28601,1.27182,1.28569,77783
2022-05-02,1.28241,1.29134,1.28241,1.28779,77580
2022-05-03,1.2876,1.28931,1.2824900000000001,1.28388,77890
2022-05-04,1.28355,1.28529,1.2729599999999999,1.27356,88407
2022-05-05,1.27375,1.2867600000000001,1.2713,1.28325,102558
2022-05-06,1.28325,1.29121,1.28119,1.2907199999999999,120791
2022-05-09,1.2904,1.30149,1.2901,1.30048,108965
2022-05-10,1.3005,1.30518,1.29611,1.3027,123193
2022-05-11,1.3026900000000001,1.30389,1.29204,1.29866,130192
2022-05-12,1.2987600000000001,1.30762,1.29763,1.30426,144379
2022-05-13,1.30416,1.30473,1.2882500000000001,1.2904900000000001,87929
2022-05-16,1.29162,1.2980800000000001,1.28357,1.28419,96087
2022-05-17,1.28407,1.28577,1.2806,1.2808,82404
2022-05-18,1.2808,1.28952,1.2794400000000001,1.28872,89367
2022-05-19,1.28872,1.28911,1.27821,1.28219,133717
2022-05-20,1.28219,1.2867600000000001,1.27758,1.28357,101759
2022-05-23,1.28372,1.28423,1.27649,1.27649,78854
2022-05-24,1.27648,1.28721,1.27634,1.28141,93964
2022-05-25,1.28142,1.28844,1.2802,1.28138,96824
2022-05-26,1.28145,1.2848,1.27678,1.27695,75771
2022-05-27,1.27698,1.27833,1.2717100000000001,1.27182,65354
2022-05-30,1.27193,1.27275,1.26499,1.26531,43970
2022-05-31,1.26541,1.26863,1.26287,1.26459,82770
2022-06-01,1.26451,1.26762,1.26059,1.26559,80589
2022-06-02,1.26551,1.26854,1.25637,1.25687,65678
2022-06-03,1.25671,1.2595100000000001,1.25506,1.2589000000000001,67281
2022-06-06,1.25941,1.2600799999999999,1.25346,1.25793,59582
2022-06-07,1.2577099999999999,1.2618,1.25231,1.25306,75057
2022-06-08,1.25286,1.25647,1.25171,1.25604,70728
2022-06-09,1.2558799999999999,1.2704900000000001,1.2546300000000001,1.26983,80637
2022-06-10,1.26963,1.28121,1.26807,1.27851,95441
2022-06-13,1.27775,1.29,1.27738,1.28963,133935
2022-06-14,1.28952,1.29743,1.28656,1.29484,130051
2022-06-15,1.29417,1.29952,1.28621,1.28905,150601
2022-06-16,1.2886199999999999,1.29697,1.28602,1.2947199999999999,129272
2022-06-17,1.29449,1.30785,1.29382,1.3026499999999999,112219
2022-06-20,1.30165,1.3035700000000001,1.2978100000000001,1.29805,68718
2022-06-21,1.29783,1.29854,1.29052,1.29199,73130
2022-06-22,1.29178,1.29959,1.29115,1.29449,101088
2022-06-23,1.2943500000000001,1.30171,1.29356,1.29945,110525
2022-06-24,1.29905,1.29993,1.28891,1.28906,82996
2022-06-27,1.28895,1.29159,1.28637,1.2873,87562
2022-06-28,1.28748,1.28942,1.28186,1.28738,91643
2022-06-29,1.28731,1.28997,1.28433,1.2893,100581
2022-06-30,1.2889300000000001,1.29327,1.28607,1.28717,112466
2022-07-01,1.28717,1.29658,1.28662,1.28827,103500
2022-07-04,1.28736,1.29023,1.28366,1.28601,51534
2022-07-05,1.2858399999999999,1.3083,1.28427,1.30316,114422
2022-07-06,1.30305,1.30773,1.3011300000000001,1.30384,128235
2022-07-07,1.3034,1.30554,1.29624,1.2965900000000001,92693
2022-07-08,1.29641,1.30349,1.29355,1.2937400000000001,101588
2022-07-11,1.29466,1.30512,1.29399,1.30071,93327
2022-07-12,1.3005200000000001,1.30502,1.29834,1.30225,113400
2022-07-13,1.30199,1.30603,1.2935699999999999,1.29735,131294
2022-07-14,1.29735,1.32233,1.29573,1.31173,150166
2022-07-15,1.31156,1.31349,1.30127,1.30241,109004
2022-07-18,1.30164,1.30243,1.28978,1.29817,94451
2022-07-19,1.2978100000000001,1.29892,1.2867,1.28692,99431
2022-07-20,1.2867600000000001,1.29064,1.28541,1.2883200000000001,104027
2022-07-21,1.2881,1.29364,1.2858800000000001,1.2867,118643
2022-07-22,1.28662,1.29273,1.2821500000000001,1.29138,96153
2022-07-25,1.2917,1.29459,1.2833999999999999,1.28457,85084
2022-07-26,1.28414,1.29006,1.28151,1.28848,84755
2022-07-27,1.28824,1.29109,1.28075,1.2822,95765
2022-07-28,1.2819,1.28693,1.27945,1.28055,98151
2022-07-29,1.28043,1.28546,1.2788,1.27966,94983
2022-08-01,1.28052,1.2855400000000001,1.2766600000000001,1.2838,81169
2022-08-02,1.28392,1.28868,1.28331,1.28787,122393
2022-08-03,1.28783,1.28913,1.28319,1.28419,93207
2022-08-04,1.2839,1.28757,1.28174,1.28643,87442
2022-08-05,1.28627,1.29843,1.2857,1.29363,85477
2022-08-08,1.29284,1.29496,1.28382,1.28549,63972
2022-08-09,1.28542,1.28998,1.28392,1.28846,67346
2022-08-10,1.28805,1.2894999999999999,1.27505,1.27735,77352
2022-08-11,1.27718,1.27912,1.2727,1.27629,72945
2022-08-12,1.27614,1.28024,1.27387,1.27728,71132
2022-08-15,1.27663,1.29333,1.27646,1.29043,66470
2022-08-16,1.29034,1.29281,1.28305,1.28436,73052
2022-08-17,1.28396,1.29359,1.28267,1.29119,92197
2022-08-18,1.2907600000000001,1.29665,1.288,1.29465,77413
2022-08-19,1.2943799999999999,1.30085,1.2939,1.2991,68481
2022-08-22,1.2981500000000001,1.30605,1.29709,1.30561,67861
2022-08-23,1.30542,1.30627,1.29327,1.29562,86367
2022-08-24,1.29555,1.3018,1.29487,1.2965200000000001,79175
2022-08-25,1.2962099999999999,1.29752,1.28945,1.29227,76595
2022-08-26,1.29219,1.30424,1.29034,1.30354,93839
2022-08-29,1.30313,1.30753,1.2989899999999999,1.30129,80007
2022-08-30,1.30051,1.31076,1.2971300000000001,1.30904,101775
2022-08-31,1.30914,1.31402,1.30626,1.31302,109388
2022-09-01,1.31296,1.32073,1.31171,1.31535,105115
2022-09-02,1.31541,1.31693,1.3074,1.3125200000000001,105791
2022-09-05,1.3128600000000001,1.31729,1.31243,1.31415,63891
2022-09-06,1.3137699999999999,1.31697,1.30958,1.3149899999999999,104764
2022-09-07,1.3151,1.32081,1.31098,1.31166,112798
2022-09-08,1.31166,1.3158699999999999,1.30765,1.3091599999999999,112262
2022-09-09,1.30895,1.30945,1.29813,1.30187,95667
2022-09-12,1.30308,1.30417,1.29631,1.29866,73420
2022-09-13,1.29829,1.31746,1.29531,1.31727,105222
2022-09-14,1.31619,1.32054,1.31384,1.31643,102772
2022-09-15,1.3166,1.32396,1.31529,1.3226499999999999,90055
2022-09-16,1.3226499999999999,1.33073,1.32249,1.32605,84102
2022-09-19,1.3261,1.33436,1.32447,1.32508,91753
2022-09-20,1.3247499999999999,1.33744,1.32266,1.33662,89259
2022-09-21,1.33635,1.34671,1.3356,1.34586,132689
2022-09-22,1.34548,1.35438,1.34084,1.34844,142848
2022-09-23,1.34829,1.36118,1.34674,1.35892,132028
2022-09-26,1.35942,1.38076,1.35582,1.37354,192567
2022-09-27,1.37324,1.37752,1.36392,1.37225,166139
2022-09-28,1.37213,1.3832499999999999,1.3602,1.36035,197235
2022-09-29,1.36048,1.3755,1.36011,1.36821,188489
2022-09-30,1.36776,1.38374,1.36574,1.38255,175015
2022-10-03,1.38097,1.38244,1.36198,1.36223,151385
2022-10-04,1.3620999999999999,1.36638,1.3502399999999999,1.35088,151805
2022-10-05,1.35131,1.36951,1.35027,1.3618700000000001,137563
2022-10-06,1.36142,1.37548,1.35639,1.37465,151290
2022-10-07,1.37448,1.37601,1.3675,1.3733,148014
2022-10-10,1.37245,1.37813,1.37022,1.3777,133577
2022-10-11,1.3774199999999999,1.38545,1.37137,1.37938,179844
2022-10-12,1.37947,1.3830200000000001,1.3759299999999999,1.38168,193909
2022-10-13,1.38095,1.39772,1.37063,1.37543,188923
2022-10-14,1.37401,1.3897599999999999,1.37032,1.38804,203449
2022-10-17,1.38693,1.38782,1.3698299999999999,1.3716,142265
2022-10-18,1.37123,1.381,1.36565,1.37335,157858
2022-10-19,1.37368,1.38092,1.37177,1.37618,136940
2022-10-20,1.37606,1.38061,1.36501,1.37641,162684
2022-10-21,1.37621,1.3853900000000001,1.36291,1.3642400000000001,199729
2022-10-24,1.36291,1.37741,1.36057,1.37032,207128
2022-10-25,1.37045,1.37473,1.36008,1.36072,140727
2022-10-26,1.36075,1.36501,1.3507,1.35537,160406
2022-10-27,1.3554,1.3626,1.34947,1.35644,176999
2022-10-28,1.35625,1.36343,1.35244,1.36039,145517
2022-10-31,1.3598,1.36846,1.35923,1.36185,111844
2022-11-01,1.36182,1.36681,1.3529499999999999,1.36287,125203
2022-11-02,1.3628,1.37133,1.35476,1.37072,142673
2022-11-03,1.37066,1.3807800000000001,1.36817,1.37486,144431
2022-11-04,1.37446,1.3750499999999999,1.34681,1.34801,161565
2022-11-07,1.35239,1.35524,1.34645,1.34932,130524
2022-11-08,1.34917,1.35263,1.33868,1.34256,117861
2022-11-09,1.34249,1.35411,1.3409900000000001,1.35241,156186
2022-11-10,1.35263,1.35705,1.33077,1.33185,167710
2022-11-11,1.33186,1.33602,1.32354,1.3249900000000001,135258
2022-11-14,1.3272300000000001,1.3316,1.3238400000000001,1.33148,132845
2022-11-15,1.33142,1.33354,1.3225500000000001,1.32795,128813
2022-11-16,1.32767,1.33464,1.32241,1.33259,99259
2022-11-17,1.33219,1.3400400000000001,1.33043,1.3323800000000001,78408
2022-11-18,1.3324,1.34085,1.32999,1.3382,63608
2022-11-21,1.33652,1.34944,1.33596,1.34528,63742
2022-11-22,1.3445,1.34534,1.33646,1.33695,52417
2022-11-23,1.3366799999999999,1.34396,1.33443,1.33527,61709
2022-11-24,1.33471,1.33615,1.33157,1.33357,34923
2022-11-25,1.33375,1.33979,1.33166,1.3372,48845
2022-11-28,1.3385500000000001,1.35041,1.3377,1.34943,64961
2022-11-29,1.34923,1.36452,1.34084,1.35791,72789
2022-11-30,1.35759,1.3593,1.34089,1.34122,86853
2022-12-01,1.34219,1.34702,1.33948,1.34318,85760
2022-12-02,1.3428,1.3520400000000001,1.3409900000000001,1.34683,80556
2022-12-05,1.34527,1.36046,1.33847,1.35888,65325
2022-12-06,1.3584,1.36751,1.35703,1.36502,65877
2022-12-07,1.3642699999999999,1.36993,1.35883,1.36523,79564
2022-12-08,1.36499,1.3688500000000001,1.35606,1.3593,61736
2022-12-09,1.35847,1.3691,1.35684,1.36412,65830
2022-12-12,1.36258,1.3682400000000001,1.36182,1.36341,51464
2022-12-13,1.36353,1.3643399999999999,1.35209,1.3544,88862
2022-12-14,1.35447,1.3611900000000001,1.35179,1.35456,95063
2022-12-15,1.35445,1.3673600000000001,1.35335,1.36554,74723
2022-12-16,1.36467,1.37045,1.3617,1.3694899999999999,66952
2022-12-19,1.36725,1.3694,1.36226,1.36466,54983
2022-12-20,1.3646099999999999,1.37033,1.35795,1.36127,86585
2022-12-21,1.36025,1.3637299999999999,1.35885,1.36136,59992
2022-12-22,1.36005,1.3684,1.35703,1.36471,54643
2022-12-23,1.36443,1.36578,1.35622,1.35929,56709
2022-12-26,1.3593,1.35988,1.35723,1.35826,8978
2022-12-27,1.35826,1.35826,1.3483800000000001,1.35216,42772
2022-12-28,1.35201,1.36113,1.34852,1.36023,51076
2022-12-29,1.35995,1.3608,1.35375,1.35479,43692
2022-12-30,1.35454,1.35808,1.35137,1.35489,53672
2023-01-02,1.3529200000000001,1.35808,1.35145,1.35667,21331
2023-01-03,1.35742,1.36845,1.35221,1.36689,70161
2023-01-04,1.36659,1.3679700000000001,1.3474300000000001,1.34765,83329
2023-01-05,1.34753,1.35947,1.34693,1.35717,74033
2023-01-06,1.35666,1.3664100000000001,1.34327,1.34399,77151
2023-01-09,1.34308,1.3443800000000001,1.33564,1.3389199999999999,63216
2023-01-10,1.33829,1.34446,1.33756,1.34267,70407
2023-01-11,1.34233,1.34444,1.3403800000000001,1.34232,49868
2023-01-12,1.3422100000000001,1.34548,1.3345099999999999,1.337,87379
2023-01-13,1.33582,1.3439,1.3321100000000001,1.3391899999999999,61232
2023-01-16,1.33812,1.34175,1.33522,1.34071,38264
2023-01-17,1.34048,1.34365,1.33684,1.339,65938
2023-01-18,1.33837,1.34995,1.33502,1.34906,79736
2023-01-19,1.34856,1.35201,1.3446,1.3464800000000001,60851
2023-01-20,1.34639,1.34967,1.33708,1.33755,49651
2023-01-23,1.33774,1.34171,1.33416,1.33671,47177
2023-01-24,1.3368,1.3413,1.33463,1.33683,45949
2023-01-25,1.33681,1.34273,1.33395,1.3391,54785
2023-01-26,1.33839,1.3407200000000001,1.33027,1.33213,54307
2023-01-27,1.33169,1.33461,1.32999,1.33095,45146
2023-01-30,1.33108,1.33886,1.32995,1.33857,49772
2023-01-31,1.33842,1.34708,1.32982,1.33045,58102
2023-02-01,1.33037,1.3379699999999999,1.3266200000000001,1.32897,86906
2023-02-02,1.32853,1.33466,1.32618,1.3314300000000001,94055
2023-02-03,1.33165,1.3425500000000001,1.33091,1.3401100000000001,107650
2023-02-06,1.34076,1.34748,1.33959,1.3446,78144
2023-02-07,1.34435,1.34681,1.3379400000000001,1.33982,114461
2023-02-08,1.33968,1.34497,1.33595,1.34455,75930
2023-02-09,1.34418,1.34625,1.33719,1.34557,57714
2023-02-10,1.34491,1.34714,1.33372,1.3342800000000001,80851
2023-02-13,1.33371,1.33791,1.33242,1.33311,43164
2023-02-14,1.33307,1.33899,1.32728,1.3336000000000001,89703
2023-02-15,1.3334,1.34398,1.3329,1.33935,71485
2023-02-16,1.33859,1.34784,1.33567,1.34569,71864
2023-02-17,1.34486,1.35365,1.3446,1.34714,63332
2023-02-20,1.34754,1.3494,1.34406,1.3452,30157
2023-02-21,1.34481,1.35484,1.34388,1.35337,70804
2023-02-22,1.35336,1.35675,1.35138,1.35499,63904
2023-02-23,1.35463,1.35805,1.35156,1.35476,57906
2023-02-24,1.3544,1.36645,1.35267,1.3605800000000001,72836
2023-02-27,1.36091,1.36236,1.35335,1.35746,57084
2023-02-28,1.35763,1.36474,1.35602,1.3645100000000001,57908
2023-03-01,1.36399,1.3658299999999999,1.35837,1.3590200000000001,73458
2023-03-02,1.359,1.36406,1.35819,1.3595,70694
2023-03-03,1.35911,1.36435,1.3554599999999999,1.35867,61697
2023-03-06,1.35994,1.36282,1.35815,1.36123,51971
2023-03-07,1.36121,1.37604,1.3599,1.37528,69957
2023-03-08,1.37465,1.38143,1.37413,1.38028,59746
2023-03-09,1.37962,1.38365,1.37519,1.3826800000000001,63117
2023-03-10,1.38214,1.38613,1.37606,1.3822,119946
2023-03-13,1.38033,1.38141,1.36765,1.37305,174745
2023-03-14,1.37306,1.3749500000000001,1.3651,1.36813,119082
2023-03-15,1.36813,1.38138,1.36595,1.37611,127931
2023-03-16,1.37611,1.3787099999999999,1.3713,1.37188,120488
2023-03-17,1.37214,1.37726,1.36772,1.37335,79900
2023-03-20,1.37,1.37463,1.36509,1.36635,83874
2023-03-21,1.36635,1.37364,1.3643399999999999,1.37086,54288
2023-03-22,1.37086,1.37436,1.36563,1.37298,68033
2023-03-23,1.3719999999999999,1.37331,1.363,1.3713600000000001,70325
2023-03-24,1.37069,1.38039,1.37048,1.37374,76806
2023-03-27,1.37291,1.37447,1.3648799999999999,1.36596,56676
2023-03-28,1.3660700000000001,1.3694600000000001,1.35911,1.35969,45052
2023-03-29,1.35971,1.3616,1.35558,1.35569,43854
2023-03-30,1.35574,1.35806,1.35153,1.35221,42539
2023-03-31,1.35211,1.35638,1.3507,1.35135,45702
2023-04-03,1.34911,1.35358,1.34109,1.3434599999999999,54635
2023-04-04,1.34155,1.34668,1.34056,1.34433,55137
2023-04-05,1.34354,1.34824,1.34254,1.34568,50959
2023-04-06,1.34572,1.3505099999999999,1.34463,1.3492,42688
2023-04-07,1.34715,1.35296,1.34663,1.35046,25572
2023-04-10,1.35144,1.3553,1.34842,1.35088,34096
2023-04-11,1.35087,1.35156,1.34616,1.34636,40917
2023-04-12,1.34632,1.34887,1.34276,1.3441100000000001,53546
2023-04-13,1.34358,1.34474,1.33327,1.33388,44251
2023-04-14,1.3335,1.33951,1.33,1.3353,56227
2023-04-17,1.3361100000000001,1.3419400000000001,1.3342,1.3393,46785
2023-04-18,1.33921,1.33987,1.3359,1.33874,43692
2023-04-19,1.33866,1.34664,1.33842,1.34583,47181
2023-04-20,1.34574,1.34889,1.3448,1.34766,46053
2023-04-21,1.34697,1.35625,1.34697,1.35388,46745
2023-04-24,1.35264,1.35667,1.35221,1.35409,40261
2023-04-25,1.3537,1.36472,1.3523800000000001,1.36259,46242
2023-04-26,1.36256,1.36503,1.35987,1.36352,58127
2023-04-27,1.36347,1.36449,1.35885,1.35904,52443
2023-04-28,1.35904,1.36672,1.35355,1.35443,61529
2023-05-01,1.35345,1.35824,1.35296,1.35426,48377
2023-05-02,1.35347,1.3637000000000001,1.35277,1.3625099999999999,63532
2023-05-03,1.36223,1.36388,1.35811,1.36131,71893
2023-05-04,1.36099,1.36321,1.35187,1.35377,82523
2023-05-05,1.35333,1.35396,1.33705,1.33731,68464
2023-05-08,1.33765,1.3387,1.33142,1.33717,44702
2023-05-09,1.3363,1.34058,1.33616,1.33829,50728
2023-05-10,1.33836,1.34141,1.33345,1.3370600000000001,64103
2023-05-11,1.3366799999999999,1.34951,1.33623,1.34886,67739
2023-05-12,1.34898,1.35647,1.34792,1.35557,53203
2023-05-15,1.3536000000000001,1.3567,1.34585,1.34657,47895
2023-05-16,1.3461400000000001,1.3493,1.3403399999999999,1.34776,52005
2023-05-17,1.3461699999999999,1.35351,1.34364,1.34541,56168
2023-05-18,1.34421,1.3524,1.34421,1.35011,54715
2023-05-19,1.35005,1.35229,1.34681,1.34974,64975
2023-05-22,1.34955,1.35183,1.34845,1.35045,51377
2023-05-23,1.35029,1.35481,1.34839,1.35016,57385
2023-05-24,1.35036,1.36052,1.3494,1.35938,64879
2023-05-25,1.3590200000000001,1.36443,1.35857,1.36423,55747
2023-05-26,1.36346,1.3654,1.36003,1.36141,49653
2023-05-29,1.36063,1.3615599999999999,1.35822,1.35889,28900
2023-05-30,1.35821,1.36127,1.3566500000000001,1.35992,61589
2023-05-31,1.35968,1.36507,1.35686,1.35733,58991
2023-06-01,1.3568500000000001,1.3584399999999999,1.34359,1.34473,66448
2023-06-02,1.34463,1.34504,1.34062,1.3422399999999999,58980
2023-06-05,1.34173,1.3461,1.34123,1.3443100000000001,48916
2023-06-06,1.34445,1.34517,1.33894,1.3401100000000001,50719
2023-06-07,1.3400699999999999,1.3426,1.33201,1.3369900000000001,55631
2023-06-08,1.33695,1.33877,1.33334,1.33564,65674
2023-06-09,1.33508,1.33705,1.33125,1.33376,56342
2023-06-12,1.33303,1.3383099999999999,1.33141,1.33664,46106
2023-06-13,1.33647,1.33777,1.32854,1.33136,65847
2023-06-14,1.3312300000000001,1.33525,1.32714,1.33221,63411
2023-06-15,1.33209,1.33539,1.32092,1.32195,51796
2023-06-16,1.32134,1.32389,1.31768,1.31967,54285
2023-06-19,1.3186499999999999,1.32281,1.31785,1.32088,33131
2023-06-20,1.3208199999999999,1.3268900000000001,1.32049,1.3232300000000001,61896
2023-06-21,1.3233,1.32451,1.31566,1.31626,65022
2023-06-22,1.3162,1.31787,1.31381,1.31509,68724
2023-06-23,1.31481,1.32251,1.31424,1.31795,63473
2023-06-26,1.31783,1.31806,1.31354,1.31527,56487
2023-06-27,1.3146900000000001,1.31914,1.31159,1.31905,59248
2023-06-28,1.3191,1.32758,1.31887,1.32554,55545
2023-06-29,1.32554,1.32847,1.3238400000000001,1.32504,62410
2023-06-30,1.32498,1.32836,1.32061,1.32444,60075
2023-07-03,1.32369,1.32727,1.3229600000000001,1.3242,42051
2023-07-04,1.3242,1.32561,1.32024,1.32222,32262
2023-07-05,1.32198,1.32924,1.3216,1.3279,49103
2023-07-06,1.32788,1.33716,1.32744,1.33651,58581
2023-07-07,1.33629,1.33862,1.32652,1.3275000000000001,55846
2023-07-10,1.32663,1.33036,1.32643,1.32799,45403
2023-07-11,1.32771,1.32888,1.32297,1.3229899999999999,46327
2023-07-12,1.32284,1.32333,1.31429,1.31866,60745
2023-07-13,1.3182800000000001,1.3194,1.3103,1.31073,56986
2023-07-14,1.3106,1.3226200000000001,1.30922,1.3213599999999999,49630
2023-07-17,1.32063,1.32315,1.31601,1.31971,45162
2023-07-18,1.31922,1.32425,1.31665,1.3167,59042
2023-07-19,1.3167200000000001,1.31924,1.31549,1.3163,53784
2023-07-20,1.31636,1.3194,1.31186,1.31705,56036
2023-07-21,1.3171300000000001,1.32256,1.3152599999999999,1.32227,44508
2023-07-24,1.3213300000000001,1.32281,1.31497,1.31651,55408
2023-07-25,1.31625,1.32086,1.31461,1.31704,46064
2023-07-26,1.31628,1.32371,1.31628,1.32059,61451
2023-07-27,1.32051,1.32424,1.31573,1.32229,70042
2023-07-28,1.32208,1.32515,1.32,1.32515,67255
2023-07-31,1.32285,1.32607,1.31504,1.31874,43032
2023-08-01,1.3183099999999999,1.32993,1.31793,1.3279,45645
2023-08-02,1.3272599999999999,1.33527,1.32635,1.3349,56274
2023-08-03,1.33467,1.33774,1.33281,1.3352,67851
2023-08-04,1.33497,1.33935,1.33186,1.3378700000000001,82608
2023-08-07,1.3357,1.33986,1.33551,1.33683,64282
2023-08-08,1.33681,1.35012,1.3361,1.34174,83441
2023-08-09,1.34159,1.3453300000000001,1.3403399999999999,1.34161,62158
2023-08-10,1.34162,1.34491,1.33714,1.34473,80080
2023-08-11,1.34388,1.34654,1.34117,1.34439,66174
2023-08-14,1.34303,1.34792,1.34303,1.34598,71949
2023-08-15,1.34593,1.35008,1.34387,1.34968,83947
2023-08-16,1.34945,1.35443,1.3474599999999999,1.35316,74788
2023-08-17,1.35314,1.35519,1.34955,1.35443,74104
2023-08-18,1.35436,1.35741,1.35237,1.3550200000000001,83124
2023-08-21,1.35423,1.3572,1.34954,1.35438,67604
2023-08-22,1.35436,1.35643,1.35123,1.3549,81150
2023-08-23,1.35405,1.36033,1.3519700000000001,1.35235,102510
2023-08-24,1.3523,1.35886,1.35094,1.35808,110397
2023-08-25,1.3576,1.3639299999999999,1.35686,1.36043,106497
2023-08-28,1.35865,1.36112,1.35696,1.35978,82609
2023-08-29,1.35872,1.36368,1.35493,1.35514,102039
2023-08-30,1.3551,1.35763,1.35124,1.35306,100884
2023-08-31,1.35304,1.35571,1.35035,1.3508,91058
2023-09-01,1.3508,1.36123,1.34885,1.35919,89835
2023-09-04,1.35859,1.3604,1.3574899999999999,1.35908,50579
2023-09-05,1.35898,1.36688,1.3584800000000001,1.36404,89813
2023-09-06,1.36399,1.3675899999999999,1.3621699999999999,1.36334,85727
2023-09-07,1.3633600000000001,1.36938,1.36315,1.36847,79025
2023-09-08,1.36792,1.36891,1.36074,1.36386,84535
2023-09-11,1.36314,1.3637000000000001,1.3560400000000001,1.35721,82140
2023-09-12,1.35676,1.35925,1.35429,1.35504,68039
2023-09-13,1.35484,1.35864,1.35205,1.35467,102605
2023-09-14,1.35488,1.35537,1.34928,1.35046,76130
2023-09-15,1.35037,1.35491,1.34937,1.35248,86547
2023-09-18,1.35159,1.35279,1.34713,1.34842,58498
2023-09-19,1.34775,1.34885,1.3372600000000001,1.34473,80924
2023-09-20,1.34469,1.34769,1.33951,1.34611,96275
2023-09-21,1.3461,1.3523100000000001,1.34427,1.34815,87375
2023-09-22,1.34686,1.34911,1.34229,1.3480400000000001,70837
2023-09-25,1.3465,1.34913,1.34519,1.34519,65245
2023-09-26,1.34519,1.35276,1.34483,1.35149,86815
2023-09-27,1.35117,1.3542399999999999,1.34928,1.34947,78219
2023-09-28,1.34949,1.35157,1.347,1.34844,100737
2023-09-29,1.34845,1.3584100000000001,1.34162,1.35767,93669
2023-10-02,1.35676,1.36792,1.35577,1.36743,83384
2023-10-03,1.36611,1.37356,1.3649200000000001,1.37077,97499
2023-10-04,1.37023,1.37793,1.36898,1.37433,108959
2023-10-05,1.37394,1.3785,1.37028,1.37028,97228
2023-10-06,1.37026,1.37448,1.36432,1.36574,111775
2023-10-09,1.36664,1.36786,1.35804,1.35858,80993
2023-10-10,1.35829,1.36167,1.35686,1.35804,96213
2023-10-11,1.35779,1.36232,1.35708,1.35903,84702
2023-10-12,1.35896,1.37,1.35777,1.36901,79733
2023-10-13,1.36842,1.36932,1.36359,1.3653,88289
2023-10-16,1.36435,1.36571,1.3605800000000001,1.36074,71002
2023-10-17,1.36069,1.37024,1.36048,1.36463,75408
2023-10-18,1.36457,1.3716,1.36166,1.37144,78954
2023-10-19,1.3713199999999999,1.3740299999999999,1.36789,1.37178,92061
2023-10-20,1.37167,1.37336,1.36691,1.37151,75129
2023-10-23,1.3700700000000001,1.37359,1.36669,1.36879,74501
2023-10-24,1.36882,1.37542,1.36604,1.37372,72322
2023-10-25,1.37296,1.38095,1.37296,1.37941,73968
2023-10-26,1.3792,1.38436,1.3789,1.38289,82340
2023-10-27,1.38276,1.388,1.3795600000000001,1.3872900000000001,74083
2023-10-30,1.38659,1.38724,1.38125,1.3822999999999999,62475
2023-10-31,1.38253,1.3891499999999999,1.38131,1.38713,69665
2023-11-01,1.38707,1.38983,1.38404,1.3850500000000001,76799
2023-11-02,1.38511,1.38553,1.37351,1.37374,61296
2023-11-03,1.37404,1.37599,1.3649,1.36521,70758
2023-11-06,1.36539,1.37022,1.36286,1.3673199999999999,55988
2023-11-07,1.36758,1.37822,1.36758,1.37647,59729
2023-11-08,1.37622,1.38141,1.37543,1.37923,65208
2023-11-09,1.37918,1.38157,1.37458,1.38048,65623
2023-11-10,1.38053,1.3854199999999999,1.37892,1.37933,62818
2023-11-13,1.37935,1.38312,1.37768,1.3804,55858
2023-11-14,1.38011,1.38428,1.36839,1.36902,66238
2023-11-15,1.36833,1.3709500000000001,1.3654,1.36803,64840
2023-11-16,1.36771,1.37763,1.36771,1.37522,70417
2023-11-17,1.37504,1.37704,1.37074,1.3714,65353
2023-11-20,1.37067,1.37489,1.36893,1.37222,63453
2023-11-21,1.37178,1.37311,1.36805,1.36996,74814
2023-11-22,1.3698299999999999,1.3765100000000001,1.3685,1.3685,78937
2023-11-23,1.36866,1.37106,1.36503,1.36939,41136
2023-11-24,1.36832,1.3711,1.3593199999999999,1.36274,51590
2023-11-27,1.36282,1.36605,1.36129,1.36129,62302
2023-11-28,1.36143,1.36191,1.35596,1.35701,74923
2023-11-29,1.3561,1.36143,1.35407,1.35862,77367
2023-11-30,1.3575,1.36261,1.35516,1.35583,80034
2023-12-01,1.35577,1.35643,1.34867,1.34933,75671
2023-12-04,1.34996,1.35615,1.34795,1.3535,77469
2023-12-05,1.35308,1.35937,1.35304,1.35892,78896
2023-12-06,1.35797,1.3596,1.35483,1.35906,71854
2023-12-07,1.35914,1.36188,1.35832,1.3597000000000001,79882
2023-12-08,1.35927,1.3609200000000001,1.355,1.35802,86435
2023-12-11,1.35782,1.3604,1.35497,1.35733,69219
2023-12-12,1.35731,1.3618000000000001,1.35445,1.35883,66282
2023-12-13,1.35863,1.36079,1.34944,1.35153,76319
2023-12-14,1.35063,1.35158,1.33937,1.34043,91446
2023-12-15,1.34016,1.34145,1.33498,1.3378999999999999,80348
2023-12-18,1.33662,1.34086,1.3349199999999999,1.33965,60737
2023-12-19,1.33935,1.33998,1.33307,1.33307,61628
2023-12-20,1.33312,1.337,1.33111,1.33667,68745
2023-12-21,1.3367200000000001,1.33698,1.3275299999999999,1.32782,81514
2023-12-22,1.3277999999999999,1.32923,1.32186,1.32613,70196
2023-12-25,1.3247200000000001,1.32587,1.3247200000000001,1.32568,50
2023-12-26,1.32443,1.32616,1.31931,1.31931,32602
2023-12-27,1.31952,1.32188,1.3176700000000001,1.32057,41843
2023-12-28,1.31992,1.32349,1.31819,1.3226,53384
2023-12-29,1.3227,1.32647,1.3177699999999999,1.3247200000000001,57881
2024-01-02,1.3249,1.33335,1.32222,1.33186,72201
2024-01-03,1.33194,1.33716,1.33131,1.33513,82427
2024-01-04,1.3351,1.33655,1.33164,1.33473,73474
2024-01-05,1.3339400000000001,1.33985,1.32867,1.33545,88447
2024-01-08,1.33447,1.34043,1.33383,1.33452,64907
2024-01-09,1.33454,1.34144,1.33399,1.33876,59527
2024-01-10,1.33876,1.33942,1.33646,1.33791,58922
2024-01-11,1.33793,1.34424,1.33502,1.33923,85779
2024-01-12,1.3391,1.34113,1.33426,1.34054,73414
2024-01-15,1.33995,1.34475,1.33812,1.34271,41818
2024-01-16,1.34257,1.35013,1.3421699999999999,1.34931,79336
2024-01-17,1.34931,1.35413,1.34796,1.35034,75251
2024-01-18,1.3501400000000001,1.35271,1.34801,1.34851,70102
2024-01-19,1.3483800000000001,1.35016,1.34265,1.34275,68755
2024-01-22,1.3431600000000001,1.3482,1.34145,1.34762,59133
2024-01-23,1.34728,1.34914,1.34528,1.34589,57706
2024-01-24,1.34589,1.35277,1.34294,1.3522,71124
2024-01-25,1.3522,1.3534,1.34677,1.34733,72344
2024-01-26,1.34733,1.34825,1.3413599999999999,1.3446799999999999,68607
2024-01-29,1.34584,1.34647,1.34094,1.34119,56487
2024-01-30,1.34104,1.34461,1.33949,1.33967,61455
2024-01-31,1.33966,1.34456,1.3357999999999999,1.34328,88443
2024-02-01,1.34332,1.34637,1.3367200000000001,1.33847,89640
2024-02-02,1.33842,1.34753,1.33652,1.34653,77197
2024-02-05,1.34585,1.35434,1.3455,1.35392,68547
2024-02-06,1.3536000000000001,1.35434,1.34758,1.34898,76897
2024-02-07,1.34897,1.3492,1.34546,1.34619,72974
2024-02-08,1.34622,1.34924,1.34473,1.34566,69508
2024-02-09,1.34539,1.34812,1.34122,1.3453300000000001,68472
2024-02-12,1.34585,1.34747,1.34296,1.34484,58163
2024-02-13,1.34484,1.35856,1.34388,1.3563,72012
2024-02-14,1.35615,1.3571900000000001,1.35304,1.35409,63631
2024-02-15,1.35388,1.35515,1.3462,1.34623,62904
2024-02-16,1.3461699999999999,1.35073,1.34605,1.34832,62736
2024-02-19,1.3475,1.34961,1.34673,1.34901,33198
2024-02-20,1.34887,1.3529499999999999,1.34717,1.35216,67209
2024-02-21,1.35209,1.35358,1.34934,1.35045,68495
2024-02-22,1.35045,1.35073,1.3440400000000001,1.34803,69438
2024-02-23,1.34801,1.35171,1.34612,1.35062,60663
2024-02-26,1.34882,1.35282,1.34882,1.35029,52836
2024-02-27,1.35031,1.3538700000000001,1.34839,1.35271,55181
2024-02-28,1.35272,1.36055,1.35206,1.35754,56949
2024-02-29,1.35759,1.3597000000000001,1.35403,1.35755,65273
2024-03-01,1.35778,1.36013,1.35447,1.35582,59435
2024-03-04,1.3544100000000001,1.35834,1.35439,1.3571,51838
2024-03-05,1.3571900000000001,1.36048,1.35549,1.35894,55541
2024-03-06,1.35908,1.3599700000000001,1.34984,1.35093,63910
2024-03-07,1.35129,1.35252,1.34538,1.34565,61209
2024-03-08,1.34567,1.34974,1.3419400000000001,1.34833,70577
2024-03-11,1.3477999999999999,1.35093,1.34688,1.34806,72926
2024-03-12,1.34806,1.35251,1.34661,1.34901,75721
2024-03-13,1.34901,1.34977,1.34585,1.34668,45415
2024-03-14,1.34668,1.35406,1.3458999999999999,1.35278,65938
2024-03-15,1.35273,1.35515,1.35095,1.35382,66697
2024-03-18,1.35316,1.3551199999999999,1.35203,1.35312,42873
2024-03-19,1.35311,1.36131,1.35281,1.35614,61743
2024-03-20,1.35614,1.36044,1.34815,1.34927,62837
2024-03-21,1.3493,1.35411,1.3455300000000001,1.35262,54204
2024-03-22,1.35262,1.36136,1.35193,1.36064,50789
2024-03-25,1.36038,1.36137,1.357,1.35838,50518
2024-03-26,1.35831,1.35903,1.35521,1.35799,43495
2024-03-27,1.35799,1.36074,1.35638,1.35663,34851
2024-03-28,1.35676,1.36132,1.35245,1.35379,46457
2024-03-29,1.3535300000000001,1.35606,1.35296,1.35344,24838
2024-04-01,1.35296,1.35861,1.3514300000000001,1.3569,49471
2024-04-02,1.35686,1.3584,1.35558,1.35656,50464
2024-04-03,1.35655,1.35884,1.3511,1.35254,52615
2024-04-04,1.35257,1.35584,1.34774,1.3541,43287
2024-04-05,1.3541400000000001,1.3647,1.35345,1.35885,71279
2024-04-08,1.3591,1.36161,1.3568799999999999,1.35712,67176
2024-04-09,1.3571,1.35982,1.35465,1.35691,58015
2024-04-10,1.35694,1.37022,1.35555,1.36799,79211
2024-04-11,1.36804,1.37252,1.36603,1.36876,73050
2024-04-12,1.3686,1.37867,1.36813,1.37713,68418
2024-04-15,1.3777,1.3792900000000001,1.37245,1.37872,70169
2024-04-16,1.37873,1.38456,1.37736,1.3827,84217
2024-04-17,1.3827099999999999,1.38373,1.3759000000000001,1.3771200000000001,80804
2024-04-18,1.37709,1.3780999999999999,1.37412,1.37656,62898
2024-04-19,1.37653,1.38038,1.37228,1.37482,82681
2024-04-22,1.37363,1.37526,1.36863,1.36982,53246
2024-04-23,1.36974,1.37138,1.3655300000000001,1.36618,56742
2024-04-24,1.36574,1.37283,1.36513,1.3701699999999999,53906
2024-04-25,1.37009,1.37306,1.3649499999999999,1.36557,64737
2024-04-26,1.3654600000000001,1.3695300000000001,1.36316,1.36676,56386
2024-04-29,1.36651,1.36764,1.36313,1.36596,54184
2024-04-30,1.36599,1.37839,1.36548,1.37769,61962
2024-05-01,1.37755,1.37828,1.37029,1.37377,65676
2024-05-02,1.37378,1.37402,1.36688,1.36728,64624
2024-05-03,1.36717,1.3691200000000001,1.3609200000000001,1.36846,71868
2024-05-06,1.3678,1.36966,1.36474,1.36643,37494
2024-05-07,1.36585,1.37408,1.3657,1.37253,42985
2024-05-08,1.37256,1.37622,1.37138,1.37198,38349
2024-05-09,1.37181,1.37375,1.36741,1.36755,40598
2024-05-10,1.36754,1.36899,1.36326,1.36712,37000
2024-05-13,1.36708,1.36891,1.36601,1.3665,30285
2024-05-14,1.36659,1.369,1.36322,1.3649499999999999,38477
2024-05-15,1.3649200000000001,1.36602,1.35895,1.36008,43629
2024-05-16,1.36001,1.36406,1.35894,1.36164,37649
2024-05-17,1.36151,1.36432,1.36007,1.36094,35613
2024-05-20,1.3616,1.36348,1.35957,1.3624,33786
2024-05-21,1.36233,1.3675,1.36142,1.3653,42030
2024-05-22,1.3651,1.36977,1.36231,1.36925,45426
2024-05-23,1.36936,1.37429,1.36561,1.37282,53717
2024-05-24,1.37265,1.37381,1.36474,1.3663,40812
2024-05-27,1.3668,1.3670200000000001,1.36291,1.36315,19940
2024-05-28,1.3630900000000001,1.36532,1.36142,1.36445,48305
2024-05-29,1.3643100000000001,1.37188,1.36395,1.3716300000000001,48881
2024-05-30,1.37147,1.37343,1.36596,1.36785,59134
2024-05-31,1.3679000000000001,1.3689,1.3618700000000001,1.3626,58207
2024-06-03,1.3631,1.3668,1.36022,1.36263,57458
2024-06-04,1.36258,1.36985,1.36199,1.3674,65378
2024-06-05,1.36743,1.3740999999999999,1.36649,1.3693,56410
2024-06-06,1.36911,1.3709500000000001,1.3663699999999999,1.36662,47490
2024-06-07,1.36681,1.37671,1.36587,1.3765100000000001,61248
2024-06-10,1.37571,1.37812,1.37533,1.37572,45418
2024-06-11,1.3755600000000001,1.37912,1.3747500000000001,1.37572,48790
2024-06-12,1.37558,1.37602,1.36794,1.37222,66343
2024-06-13,1.37202,1.37629,1.37086,1.37418,54576
2024-06-14,1.37419,1.37791,1.37271,1.37297,63170
2024-06-17,1.3727,1.37639,1.37201,1.37215,42661
2024-06-18,1.37222,1.3756,1.37086,1.37162,49819
2024-06-19,1.37146,1.3725399999999999,1.3697599999999999,1.37054,22525
2024-06-20,1.37025,1.37203,1.36816,1.36875,42313
2024-06-21,1.3687,1.37179,1.3674,1.36911,43935
2024-06-24,1.36886,1.37076,1.36494,1.36574,38898
2024-06-25,1.36542,1.36801,1.36203,1.36566,39695
2024-06-26,1.3654,1.37073,1.36499,1.37005,40376
2024-06-27,1.37008,1.37119,1.36754,1.36996,43571
2024-06-28,1.36988,1.37337,1.36548,1.36769,56093
2024-07-01,1.3671,1.37483,1.36628,1.3734199999999999,44817
2024-07-02,1.37352,1.37547,1.3666800000000001,1.36779,44530
2024-07-03,1.3675899999999999,1.3686,1.36167,1.36343,38141
2024-07-04,1.36342,1.36396,1.36075,1.3612600000000001,20464
2024-07-05,1.36098,1.36526,1.36018,1.3639999999999999,46374
2024-07-08,1.3646,1.36467,1.36236,1.36326,38798
2024-07-09,1.36314,1.36477,1.3627500000000001,1.36341,40523
2024-07-10,1.36337,1.3642400000000001,1.36075,1.36188,38179
2024-07-11,1.3616,1.36474,1.35883,1.36316,59732
2024-07-12,1.36301,1.36389,1.36107,1.36338,59514
2024-07-15,1.36429,1.3688500000000001,1.36169,1.36816,51770
2024-07-16,1.3681,1.37073,1.3664100000000001,1.36725,49384
2024-07-17,1.36701,1.3700999999999999,1.36562,1.36819,61101
2024-07-18,1.36814,1.37179,1.36699,1.37051,58274
2024-07-19,1.37026,1.37472,1.36977,1.37272,56838
2024-07-22,1.3717,1.37743,1.37048,1.37562,49061
2024-07-23,1.37511,1.37851,1.37488,1.37836,42686
2024-07-24,1.37828,1.38158,1.37769,1.38069,51489
2024-07-25,1.38056,1.38486,1.37962,1.38232,72011
2024-07-26,1.38238,1.3848500000000001,1.38068,1.38368,51003
2024-07-29,1.38305,1.38645,1.38158,1.38509,43375
2024-07-30,1.38495,1.3863699999999999,1.38377,1.38483,49667
2024-07-31,1.38461,1.38581,1.37867,1.3807,66058
2024-08-01,1.38066,1.38885,1.37937,1.38741,71080
2024-08-02,1.3872200000000001,1.3887800000000001,1.38335,1.38717,110215
2024-08-05,1.3854199999999999,1.39462,1.38089,1.3822999999999999,140614
2024-08-06,1.38201,1.38553,1.37562,1.37832,108699
2024-08-07,1.37839,1.37904,1.37204,1.37575,86396
2024-08-08,1.37567,1.3765,1.3725800000000001,1.37313,81896
2024-08-09,1.37317,1.37561,1.37176,1.37284,66851
2024-08-12,1.3735,1.37474,1.3716300000000001,1.37397,50461
2024-08-13,1.37396,1.3747,1.37024,1.37038,61083
2024-08-14,1.3702,1.37239,1.36884,1.37119,74659
2024-08-15,1.37122,1.37378,1.36948,1.3726,67438
2024-08-16,1.37262,1.37368,1.36768,1.3677000000000001,60962
2024-08-19,1.36783,1.36844,1.36292,1.36328,55778
2024-08-20,1.36316,1.36408,1.36042,1.3618299999999999,56711
2024-08-21,1.36188,1.3623,1.3574,1.35922,35987
2024-08-22,1.35921,1.36169,1.3569499999999999,1.36144,30240
2024-08-23,1.36144,1.36144,1.34969,1.3508,33822
2024-08-26,1.35043,1.35138,1.3461400000000001,1.34844,29786
2024-08-27,1.34844,1.3486500000000001,1.34405,1.3441,29266
2024-08-28,1.3441,1.34876,1.34393,1.34798,55824
2024-08-29,1.34787,1.34905,1.3449499999999999,1.3483,59027
2024-08-30,1.34817,1.3509,1.34647,1.3492199999999999,60609
2024-09-02,1.34836,1.3504800000000001,1.34829,1.3489900000000001,22817
2024-09-03,1.34918,1.3562,1.34857,1.3548499999999999,56987
2024-09-04,1.35486,1.35649,1.34994,1.3505,58206
2024-09-05,1.35034,1.35249,1.35002,1.35012,56935
2024-09-06,1.35005,1.3582,1.34652,1.35714,70182
2024-09-09,1.35598,1.35766,1.35457,1.3557000000000001,47398
2024-09-10,1.35562,1.36148,1.35537,1.36081,50929
2024-09-11,1.36077,1.36224,1.3566099999999999,1.3574,63768
2024-09-12,1.35742,1.36041,1.35644,1.35776,55028
2024-09-13,1.35778,1.35996,1.35646,1.35854,44674
2024-09-16,1.35924,1.36072,1.35663,1.35856,47307
2024-09-17,1.35833,1.36163,1.35797,1.35961,52333
2024-09-18,1.35954,1.36224,1.35395,1.36023,82718
2024-09-19,1.3604,1.36469,1.35325,1.3556300000000001,81204
2024-09-20,1.35556,1.35893,1.35415,1.35687,68159
2024-09-23,1.35499,1.35815,1.3486500000000001,1.35394,55761
2024-09-24,1.3538299999999999,1.3538299999999999,1.3429,1.34293,57186
2024-09-25,1.34295,1.34863,1.3418999999999999,1.34821,58542
2024-09-26,1.34787,1.34893,1.3457,1.34625,71988
2024-09-27,1.3463,1.3526,1.3463,1.35141,78081
2024-09-30,1.35049,1.35377,1.3489200000000001,1.35243,83726
2024-10-01,1.35223,1.35394,1.3480400000000001,1.34898,108696
2024-10-02,1.34891,1.35094,1.34718,1.35007,71065
2024-10-03,1.34981,1.35591,1.34816,1.35533,89732
2024-10-04,1.35515,1.35907,1.35338,1.35752,82171
2024-10-07,1.35552,1.36391,1.35552,1.36178,64881
2024-10-08,1.3617,1.36748,1.36106,1.36447,68321
2024-10-09,1.36423,1.37184,1.36423,1.37086,59338
2024-10-10,1.37086,1.37748,1.3688500000000001,1.37397,63379
2024-10-11,1.37379,1.3783,1.37244,1.37618,43373
2024-10-14,1.37496,1.38048,1.37496,1.37921,46591
2024-10-15,1.37934,1.3838,1.37693,1.37723,51900
2024-10-16,1.3772,1.3792499999999999,1.37485,1.37492,49899
2024-10-17,1.3754,1.38009,1.37467,1.3794,60900
2024-10-18,1.37948,1.38145,1.3785,1.3798,55380
2024-10-21,1.37979,1.38491,1.37949,1.38303,59915
2024-10-22,1.3829500000000001,1.38373,1.38132,1.38158,59312
2024-10-23,1.3815,1.38622,1.38048,1.38339,75475
2024-10-24,1.38338,1.38681,1.3812,1.38537,73694
2024-10-25,1.38492,1.38972,1.38376,1.38913,66099
2024-10-28,1.38877,1.3908,1.38789,1.38891,56330
2024-10-29,1.38891,1.39292,1.38761,1.3912499999999999,73327
2024-10-30,1.39109,1.3940000000000001,1.38945,1.38989,76416
2024-10-31,1.38989,1.39447,1.38903,1.39294,81792
2024-11-01,1.39288,1.3958300000000001,1.39022,1.39496,75468
2024-11-04,1.39209,1.39265,1.38745,1.3899,77515
2024-11-05,1.39002,1.3906100000000001,1.38208,1.38224,56024
2024-11-06,1.38227,1.39581,1.38153,1.39362,143520
2024-11-07,1.39359,1.39478,1.38415,1.38582,81116
2024-11-08,1.3857599999999999,1.39275,1.3851499999999999,1.39082,66409
2024-11-11,1.39076,1.39502,1.39044,1.39234,51325
2024-11-12,1.39182,1.39668,1.39141,1.39417,70737
2024-11-13,1.3937300000000001,1.40024,1.39299,1.39931,77127
2024-11-14,1.3992,1.40641,1.39875,1.40578,84946
2024-11-15,1.40561,1.41052,1.40327,1.40863,92492
2024-11-18,1.40853,1.4102299999999999,1.40038,1.40122,74720
2024-11-19,1.40097,1.40362,1.39536,1.39537,86809
2024-11-20,1.39537,1.40141,1.39501,1.3973200000000001,64094
2024-11-21,1.39717,1.39778,1.3930799999999999,1.39717,76301
2024-11-22,1.39719,1.40204,1.39571,1.39746,87904
2024-11-25,1.39449,1.40067,1.3927,1.39839,77682
2024-11-26,1.39826,1.41773,1.39758,1.40503,109924
2024-11-27,1.40514,1.40772,1.40086,1.40241,90515
2024-11-28,1.40234,1.40312,1.39981,1.4010099999999999,46538
2024-11-29,1.40022,1.40451,1.3980000000000001,1.39958,99922
2024-12-02,1.39874,1.40892,1.39874,1.40394,101458
2024-12-03,1.40395,1.40755,1.40088,1.40601,78424
2024-12-04,1.40607,1.40826,1.40513,1.40594,81849
2024-12-05,1.40624,1.4079,1.40099,1.4014199999999999,68982
2024-12-06,1.40149,1.41642,1.40137,1.41552,83803
2024-12-09,1.41526,1.41745,1.40926,1.41636,66508
2024-12-10,1.41612,1.4194499999999999,1.41551,1.41745,70772
2024-12-11,1.41756,1.41932,1.41193,1.41517,87283
2024-12-12,1.41458,1.42275,1.41307,1.42144,88211
2024-12-13,1.42141,1.42446,1.42088,1.42294,67391
2024-12-16,1.42244,1.42716,1.42164,1.4234200000000001,63855
2024-12-17,1.42354,1.43231,1.42312,1.43031,69192
2024-12-18,1.43019,1.44492,1.42935,1.4441,82447
2024-12-19,1.44384,1.44668,1.43438,1.4390800000000001,104217
2024-12-20,1.43929,1.44351,1.43347,1.43698,92425
2024-12-23,1.43616,1.44329,1.43484,1.43622,65571
2024-12-24,1.43606,1.44198,1.43444,1.43444,42412
2024-12-25,1.4346,1.43493,1.43454,1.43461,24
2024-12-26,1.4362,1.44201,1.4347400000000001,1.43998,39028
2024-12-27,1.43968,1.4449,1.43742,1.44126,53683
2024-12-30,1.44086,1.44325,1.43442,1.43534,62651
2024-12-31,1.4355,1.44088,1.43378,1.4377,64882
2025-01-02,1.4375,1.44416,1.43686,1.43934,76467
2025-01-03,1.43948,1.44631,1.43825,1.4445000000000001,61592
2025-01-06,1.4437,1.44495,1.42791,1.43279,101081
2025-01-07,1.43239,1.43705,1.42972,1.43578,81222
2025-01-08,1.43584,1.44095,1.4338600000000001,1.43655,88582
2025-01-09,1.43644,1.44045,1.43644,1.43916,56823
2025-01-10,1.43925,1.44424,1.43749,1.44183,88742
2025-01-13,1.44193,1.44469,1.43696,1.43737,86415
2025-01-14,1.43675,1.44098,1.43424,1.4346700000000001,87987
2025-01-15,1.43455,1.43665,1.43017,1.43384,70497
2025-01-16,1.43384,1.44027,1.43204,1.43929,78232
2025-01-17,1.43907,1.44843,1.43819,1.44788,73690
2025-01-20,1.44537,1.44849,1.42606,1.43062,74450
2025-01-21,1.43088,1.45157,1.4289100000000001,1.43153,111991
2025-01-22,1.43127,1.43907,1.43003,1.4368400000000001,78045
2025-01-23,1.43692,1.44131,1.43337,1.43773,84498
2025-01-24,1.4380899999999999,1.43834,1.43143,1.43414,90148
2025-01-27,1.43573,1.44009,1.4333,1.43688,105457
2025-01-28,1.43685,1.44198,1.43627,1.43909,84823
2025-01-29,1.43917,1.4471,1.4387699999999999,1.44097,94163
2025-01-30,1.44095,1.45943,1.43922,1.44781,79997
2025-01-31,1.44744,1.4559199999999999,1.43708,1.4537,119762
2025-02-03,1.47351,1.47929,1.4387400000000001,1.44239,174376
2025-02-04,1.44223,1.45029,1.43011,1.43181,95068
2025-02-05,1.43182,1.43442,1.42693,1.43155,76197
2025-02-06,1.43125,1.43663,1.43006,1.43037,66606
2025-02-07,1.43017,1.4344299999999999,1.42732,1.42907,80824
2025-02-10,1.43482,1.43761,1.4304700000000001,1.43149,60748
2025-02-11,1.4307699999999999,1.43453,1.42789,1.42829,55965
2025-02-12,1.4284,1.4342,1.42551,1.43093,78499
2025-02-13,1.43006,1.4304700000000001,1.41826,1.41933,81230
2025-02-14,1.41907,1.42008,1.41505,1.41688,65441
2025-02-17,1.41614,1.41939,1.4159,1.41803,41522
2025-02-18,1.41745,1.42122,1.41745,1.41929,58214
2025-02-19,1.41885,1.42449,1.41748,1.42388,67180
2025-02-20,1.4229,1.42446,1.41659,1.41747,71615
2025-02-21,1.41659,1.42359,1.41657,1.42233,77582
2025-02-24,1.42158,1.4267400000000001,1.4181300000000001,1.42583,85865
2025-02-25,1.42578,1.4317199999999999,1.42394,1.43171,94655
2025-02-26,1.4310800000000001,1.43682,1.42937,1.43356,91704
2025-02-27,1.4334,1.4448699999999999,1.43215,1.44347,94720
2025-02-28,1.44325,1.44711,1.43993,1.44665,102337
2025-03-03,1.44373,1.45416,1.43685,1.44766,107793
2025-03-04,1.44751,1.45426,1.437,1.4392,149470
2025-03-05,1.43873,1.44498,1.43296,1.43432,138463
2025-03-06,1.4337,1.4376,1.42381,1.42932,136677
2025-03-07,1.42882,1.44261,1.42789,1.43644,124951
2025-03-10,1.43728,1.44724,1.43505,1.44391,121421
2025-03-11,1.44375,1.45206,1.43784,1.44341,153756
2025-03-12,1.44333,1.44841,1.43527,1.43699,110133
2025-03-13,1.43689,1.44512,1.43584,1.44429,117050
2025-03-14,1.44434,1.44452,1.43551,1.43616,105428
2025-03-17,1.43683,1.43803,1.42752,1.42863,80461
2025-03-18,1.42868,1.43193,1.42593,1.42976,80154
2025-03-19,1.42913,1.43483,1.42853,1.43258,84368
2025-03-20,1.43243,1.44013,1.43121,1.43228,83339
2025-03-21,1.43253,1.43727,1.43131,1.43485,79940
2025-03-24,1.43438,1.43505,1.42888,1.43182,78854
2025-03-25,1.4316200000000001,1.43322,1.42706,1.4276499999999999,71122
2025-03-26,1.4277199999999999,1.42977,1.4234499999999999,1.4268100000000001,77820
2025-03-27,1.42639,1.4328400000000001,1.42593,1.4304299999999999,84767
2025-03-28,1.4301599999999999,1.43327,1.4276,1.43092,74168
2025-03-31,1.43011,1.4395,1.4296,1.43885,87156
2025-04-01,1.43827,1.44147,1.42972,1.43032,86998
2025-04-02,1.4298899999999999,1.43644,1.42272,1.42471,87951
2025-04-03,1.42263,1.43187,1.40263,1.40971,183874
2025-04-04,1.4085,1.4258600000000001,1.40531,1.4222000000000001,221298
2025-04-07,1.42544,1.42956,1.4178899999999999,1.42471,274315
2025-04-08,1.4240300000000001,1.42715,1.41428,1.42598,176751
2025-04-09,1.42607,1.42732,1.40739,1.40759,224547
2025-04-10,1.40811,1.41103,1.3951,1.39824,184874
2025-04-11,1.3976899999999999,1.39841,1.38389,1.38541,209555
2025-04-14,1.38552,1.39107,1.38281,1.38712,122276
2025-04-15,1.3864,1.39772,1.38495,1.39596,92258
2025-04-16,1.3945,1.3964699999999999,1.3853900000000001,1.3856600000000001,103504
2025-04-17,1.3853,1.3905699999999999,1.38279,1.38338,87426
2025-04-18,1.38283,1.38694,1.38266,1.38399,217329
2025-04-21,1.384,1.38491,1.3780700000000001,1.38397,79047
2025-04-22,1.38395,1.3860999999999999,1.3792499999999999,1.3811200000000001,83503
2025-04-23,1.3810799999999999,1.39041,1.37977,1.38823,99782
2025-04-24,1.38797,1.38986,1.38394,1.38543,75931
2025-04-25,1.3848799999999999,1.38919,1.38448,1.3852,62457
2025-04-28,1.3860999999999999,1.38924,1.3816,1.38284,62009
2025-04-29,1.38267,1.38711,1.3808,1.38331,64373
2025-04-30,1.3827099999999999,1.38551,1.37695,1.37978,64779
2025-05-01,1.37909,1.38619,1.37838,1.38533,55398
2025-05-02,1.3848799999999999,1.3855,1.37598,1.38155,68191
2025-05-05,1.3787099999999999,1.3829500000000001,1.37865,1.38236,57691
2025-05-06,1.38179,1.3845,1.3750200000000001,1.37755,61725
2025-05-07,1.37698,1.3838300000000001,1.37601,1.3838,69193
2025-05-08,1.38319,1.39327,1.38132,1.39224,65879
2025-05-09,1.3914,1.39444,1.3906100000000001,1.39359,51987
2025-05-12,1.38871,1.40155,1.38871,1.3973900000000001,73755
2025-05-13,1.39727,1.4016,1.39309,1.39353,63172
2025-05-14,1.39337,1.39856,1.39014,1.39817,66080
2025-05-15,1.397,1.40045,1.3955199999999999,1.39587,56373
2025-05-16,1.39484,1.39955,1.39353,1.39673,50531
2025-05-19,1.39621,1.39724,1.39172,1.395,52467
2025-05-20,1.39354,1.3968099999999999,1.39085,1.3915,56947
2025-05-21,1.3913,1.39147,1.38137,1.38584,75489
2025-05-22,1.385,1.38888,1.38458,1.38563,66822
2025-05-23,1.38509,1.38614,1.37086,1.37273,75327
2025-05-26,1.37201,1.3739,1.36856,1.37359,42879
2025-05-27,1.37337,1.38355,1.37216,1.38127,59686
2025-05-28,1.38072,1.3844,1.3801,1.38367,60205
2025-05-29,1.3832499999999999,1.38612,1.37849,1.38073,77060
2025-05-30,1.37992,1.38297,1.37138,1.37371,68989
2025-06-02,1.37291,1.37385,1.36741,1.37117,69310
2025-06-03,1.37122,1.37425,1.37009,1.37199,58832
2025-06-04,1.37148,1.37314,1.3652199999999999,1.3679000000000001,64661
2025-06-05,1.3673199999999999,1.36837,1.36341,1.3673899999999999,69819
2025-06-06,1.36734,1.3704100000000001,1.36601,1.3694899999999999,66061
2025-06-09,1.36835,1.37072,1.36691,1.36985,50769
2025-06-10,1.36934,1.37282,1.36677,1.36703,59646
2025-06-11,1.36673,1.36899,1.36496,1.36713,64925
2025-06-12,1.36688,1.3675,1.35993,1.36016,63404
2025-06-13,1.36006,1.36514,1.3566,1.358,91463
2025-06-16,1.35788,1.36068,1.35393,1.35704,76801
2025-06-17,1.35644,1.3693,1.3556300000000001,1.36782,70665
2025-06-18,1.36701,1.37032,1.36342,1.3693,84544
2025-06-19,1.36906,1.37462,1.36801,1.37002,59085
2025-06-20,1.37029,1.37467,1.36869,1.37323,65923
2025-06-23,1.3743400000000001,1.37979,1.37248,1.37347,91299
2025-06-24,1.37314,1.3738000000000001,1.36784,1.37241,71070
2025-06-25,1.37106,1.37542,1.37025,1.37256,56588
2025-06-26,1.37182,1.37245,1.36174,1.3639999999999999,73194
2025-06-27,1.36384,1.3759299999999999,1.36273,1.36821,70503
2025-06-30,1.36811,1.36996,1.35996,1.3607,76135
2025-07-01,1.36056,1.3666800000000001,1.35907,1.3645800000000001,62958
2025-07-02,1.3643399999999999,1.36588,1.35832,1.35926,62042
2025-07-03,1.35882,1.36238,1.3556300000000001,1.3584399999999999,57951
2025-07-04,1.35779,1.3617,1.35663,1.36013,76162
2025-07-07,1.35868,1.36855,1.35854,1.36819,63630
2025-07-08,1.36769,1.3694,1.36381,1.36616,62554
2025-07-09,1.36575,1.3709799999999999,1.36554,1.36862,55632
2025-07-10,1.36819,1.37081,1.36535,1.36536,47587
2025-07-11,1.36533,1.37303,1.36517,1.36907,66872
2025-07-14,1.36978,1.3707799999999999,1.36696,1.37042,55477
2025-07-15,1.36928,1.37296,1.36714,1.37221,57796
2025-07-16,1.37185,1.37551,1.36796,1.36807,69490
2025-07-17,1.36845,1.3774,1.36794,1.37524,56343
2025-07-18,1.37406,1.37508,1.3695300000000001,1.37267,47617
2025-07-21,1.37066,1.37344,1.36772,1.36816,49665
2025-07-22,1.36799,1.36951,1.36023,1.36053,45211
2025-07-23,1.36019,1.36287,1.35751,1.35956,50327
2025-07-24,1.35903,1.36544,1.35903,1.36374,51162
2025-07-25,1.36334,1.37255,1.36317,1.37004,60259
2025-07-28,1.36971,1.37421,1.3688500000000001,1.37387,63292
2025-07-29,1.37351,1.37883,1.37298,1.37708,62040
2025-07-30,1.37661,1.38446,1.37584,1.38294,67727
2025-07-31,1.3826100000000001,1.38578,1.38131,1.3856600000000001,68325
2025-08-01,1.3839299999999999,1.3879000000000001,1.37628,1.37821,97315
2025-08-04,1.3774899999999999,1.37945,1.3758,1.37788,73926
2025-08-05,1.37732,1.38099,1.37629,1.37713,66745
2025-08-06,1.37703,1.37794,1.37348,1.3740700000000001,58610
2025-08-07,1.37377,1.37734,1.37211,1.37484,64653
2025-08-08,1.37426,1.37631,1.3725399999999999,1.37548,54211
2025-08-11,1.37435,1.37951,1.37431,1.37777,52806
2025-08-12,1.37766,1.38057,1.3753600000000001,1.37716,72403
2025-08-13,1.37693,1.37818,1.37511,1.37579,53856
2025-08-14,1.3756,1.38192,1.37443,1.38158,67919
2025-08-15,1.38136,1.3819,1.3787099999999999,1.38179,52449
2025-08-18,1.38096,1.38311,1.37825,1.3802699999999999,50041
2025-08-19,1.38008,1.38692,1.37961,1.38677,54985
2025-08-20,1.38609,1.38834,1.38514,1.38735,62284
2025-08-21,1.38726,1.39119,1.3862999999999999,1.39096,58629
2025-08-22,1.39085,1.39243,1.3814199999999999,1.3823400000000001,70340
2025-08-25,1.3814199999999999,1.38636,1.3814,1.38597,49976
2025-08-26,1.38562,1.38677,1.38221,1.3838599999999999,66052
2025-08-27,1.3835600000000001,1.38574,1.37825,1.3792200000000001,54722
2025-08-28,1.37865,1.37901,1.3740999999999999,1.37483,57394
2025-08-29,1.37394,1.37787,1.37263,1.37396,60747
2025-09-01,1.37272,1.3761700000000001,1.37268,1.37499,41632
2025-09-02,1.37493,1.38145,1.374,1.37821,75125
2025-09-03,1.37778,1.38072,1.37745,1.3792200000000001,63578
2025-09-04,1.37921,1.3845,1.37889,1.38178,53236
2025-09-05,1.38159,1.38538,1.37585,1.38242,65648
2025-09-08,1.38249,1.38441,1.37879,1.38023,59776
2025-09-09,1.38018,1.38598,1.37934,1.38429,55555
2025-09-10,1.3842400000000001,1.3869500000000001,1.383,1.38626,60649
2025-09-11,1.38606,1.38901,1.38255,1.3832900000000001,59328
2025-09-12,1.38301,1.38632,1.38277,1.3844400000000001,50830
2025-09-15,1.38314,1.3846,1.37664,1.37777,52355
2025-09-16,1.37734,1.37805,1.37338,1.37375,53664
2025-09-17,1.3736,1.3787,1.3726,1.37732,63521
2025-09-18,1.37697,1.38097,1.37633,1.37955,63669
2025-09-19,1.37942,1.38251,1.37687,1.37765,64321
2025-09-22,1.3772,1.38311,1.3772,1.38177,51559
2025-09-23,1.38144,1.38499,1.3811200000000001,1.38351,55438
2025-09-24,1.38327,1.3906399999999999,1.38297,1.38955,57249
2025-09-25,1.38937,1.39493,1.38846,1.39395,59317
2025-09-26,1.39239,1.39584,1.39138,1.39415,59239
2025-09-29,1.39277,1.39468,1.39028,1.39139,53599
2025-09-30,1.3909799999999999,1.39356,1.38958,1.39192,54636
2025-10-01,1.39174,1.39567,1.3906399999999999,1.39363,62488
2025-10-02,1.3933200000000001,1.39859,1.39319,1.3967,49978
2025-10-03,1.39662,1.39695,1.39395,1.3947,51715
2025-10-06,1.3947,1.3967800000000001,1.3940299999999999,1.39429,57482
2025-10-07,1.39418,1.39624,1.39382,1.39494,53242
2025-10-08,1.39478,1.3971,1.39316,1.39524,57442
2025-10-09,1.39507,1.4034,1.3933,1.40233,67192
2025-10-10,1.40161,1.40341,1.39758,1.40002,81107
2025-10-13,1.39885,1.40393,1.39824,1.40362,64956
2025-10-14,1.40297,1.40798,1.40272,1.40428,73189
2025-10-15,1.40435,1.40599,1.40266,1.40392,67672
2025-10-16,1.4038599999999999,1.40605,1.40222,1.40542,75055
2025-10-17,1.40507,1.40672,1.4007800000000001,1.40213,64458
2025-10-20,1.40141,1.4051,1.40051,1.4038599999999999,45431
2025-10-21,1.40332,1.4065699999999999,1.40029,1.40231,55294
2025-10-22,1.4020299999999999,1.40319,1.39757,1.3995,55865
2025-10-23,1.39914,1.4004400000000001,1.39794,1.3991500000000001,41911
2025-10-24,1.39889,1.40385,1.39728,1.39921,50561
2025-10-27,1.4007100000000001,1.40083,1.39699,1.3989099999999999,47286
2025-10-28,1.39899,1.40054,1.3933,1.39446,46426
2025-10-29,1.39446,1.39546,1.3888,1.39431,62455
2025-10-30,1.3941,1.40143,1.39268,1.39853,59388
2025-10-31,1.3984,1.40353,1.39787,1.40085,53336
2025-11-03,1.4008099999999999,1.40755,1.40035,1.40552,41370
2025-11-04,1.40547,1.41074,1.40527,1.41019,48065
2025-11-05,1.4099300000000001,1.41403,1.4096199999999999,1.41072,51273
2025-11-06,1.41051,1.41398,1.4090099999999999,1.4117,54706
2025-11-07,1.41085,1.4126,1.40273,1.40438,48262
2025-11-10,1.40462,1.40506,1.40008,1.4020299999999999,60750
2025-11-11,1.40175,1.40409,1.4001299999999999,1.40184,43809
2025-11-12,1.4015900000000001,1.40215,1.39897,1.40065,49778
2025-11-13,1.40035,1.4037600000000001,1.39849,1.40348,50475
2025-11-14,1.40275,1.40451,1.40138,1.40219,72746
2025-11-17,1.40157,1.40577,1.40122,1.40549,72674
2025-11-18,1.40462,1.40619,1.39709,1.39873,80923
2025-11-19,1.3985699999999999,1.40652,1.39818,1.40488,78036
2025-11-20,1.4048,1.41067,1.40396,1.40961,82509
2025-11-21,1.40937,1.41308,1.40812,1.40978,86926
2025-11-24,1.40917,1.41185,1.40911,1.41055,61216
2025-11-25,1.41061,1.41247,1.40897,1.40994,68463
2025-11-26,1.40948,1.4104700000000001,1.40343,1.40423,73789
2025-11-27,1.4042,1.40495,1.40272,1.4028399999999999,53237
2025-11-28,1.40321,1.4050799999999999,1.3937599999999999,1.3965,172046
2025-12-01,1.39709,1.40012,1.39545,1.3997,73450
2025-12-02,1.3993,1.40145,1.39663,1.3967399999999999,63415
2025-12-03,1.39677,1.39753,1.39379,1.39499,67430
2025-12-04,1.39475,1.39772,1.39252,1.39565,70939
2025-12-05,1.3953,1.39607,1.38181,1.38183,65805
2025-12-08,1.3823400000000001,1.38597,1.37996,1.38565,70029
2025-12-09,1.38514,1.3860700000000001,1.38235,1.38443,69672
2025-12-10,1.38442,1.38716,1.3783400000000001,1.3792499999999999,82384
2025-12-11,1.3789500000000001,1.38227,1.3756599999999999,1.37692,79849
2025-12-12,1.37692,1.37943,1.3753199999999999,1.37694,78866
2025-12-15,1.37619,1.3788,1.37472,1.3767,74545
2025-12-16,1.37652,1.37808,1.37302,1.37522,84572
2025-12-17,1.3753600000000001,1.37978,1.37504,1.37866,75219
2025-12-18,1.37828,1.37961,1.37561,1.37769,81029
2025-12-19,1.3774199999999999,1.38055,1.37547,1.37947,68556
2025-12-22,1.37879,1.38025,1.37355,1.3746399999999999,67996
2025-12-23,1.37462,1.3750499999999999,1.36849,1.36866,76727
2025-12-24,1.36853,1.36899,1.36645,1.3675,62827
2025-12-26,1.36762,1.36848,1.3642400000000001,1.36683,71244
2025-12-29,1.36574,1.3700999999999999,1.36547,1.36881,72950
2025-12-30,1.36875,1.37087,1.36782,1.3695599999999999,62766
2025-12-31,1.36927,1.37277,1.36877,1.37203,61349
2026-01-02,1.37215,1.37476,1.36999,1.37283,68060
2026-01-05,1.37299,1.3815,1.37294,1.3772,88122
2026-01-06,1.37679,1.3816,1.37514,1.38138,75488
2026-01-07,1.38104,1.38614,1.379,1.38599,70855
2026-01-08,1.38587,1.38882,1.3850799999999999,1.38656,74090
2026-01-09,1.38601,1.39191,1.38601,1.39113,77441
2026-01-12,1.3909099999999999,1.39176,1.3867099999999999,1.3879299999999999,77587
2026-01-13,1.38745,1.3898,1.38545,1.38893,76779
2026-01-14,1.38871,1.38975,1.38658,1.38827,72536
2026-01-15,1.38764,1.39195,1.38751,1.3893499999999999,67410
2026-01-16,1.38888,1.39287,1.38821,1.39146,73366
2026-01-19,1.39081,1.3918,1.38592,1.3869,68168
2026-01-20,1.3866800000000001,1.3878599999999999,1.3814,1.38365,87640
2026-01-21,1.3833,1.38429,1.37851,1.3831,85275
2026-01-22,1.38327,1.38443,1.37828,1.37862,80387
2026-01-23,1.37845,1.37996,1.36935,1.36971,81709
2026-01-26,1.36954,1.37199,1.36713,1.37072,100364
2026-01-27,1.36989,1.37392,1.35585,1.35757,95133
2026-01-28,1.35748,1.36143,1.35359,1.35574,118898
2026-01-29,1.3553600000000001,1.35774,1.34847,1.34886,133149
2026-01-30,1.34893,1.36232,1.34817,1.36164,148047
2026-02-02,1.3603399999999999,1.37021,1.35991,1.3679999999999999,157346
2026-02-03,1.36744,1.36859,1.36323,1.36413,124522
2026-02-04,1.36337,1.36839,1.36283,1.36628,118052
2026-02-05,1.36604,1.37103,1.36518,1.37097,123562
2026-02-06,1.37043,1.37244,1.3624,1.36696,93213
2026-02-09,1.36691,1.3673899999999999,1.35521,1.3554599999999999,91761
2026-02-10,1.3563399999999999,1.35761,1.35229,1.35522,78984
2026-02-11,1.35504,1.36188,1.3504,1.35755,100943
2026-02-12,1.35664,1.36355,1.35552,1.36087,102366
2026-02-13,1.36102,1.36374,1.35933,1.36137,97797
2026-02-16,1.3603,1.36385,1.36022,1.36357,58529
2026-02-17,1.36277,1.36928,1.36277,1.36359,88698
2026-02-18,1.36328,1.37001,1.36317,1.3694600000000001,76127
2026-02-19,1.3693,1.37147,1.36676,1.36805,83355
2026-02-20,1.36784,1.37107,1.36688,1.36768,106314
2026-02-23,1.3665,1.37039,1.36482,1.36968,94686
2026-02-24,1.36948,1.37248,1.36903,1.3698299999999999,76110
2026-02-25,1.3698299999999999,1.37061,1.36718,1.36733,76604
2026-02-26,1.36776,1.37124,1.36591,1.36799,81453
2026-02-27,1.36742,1.36848,1.36247,1.3642400000000001,86595
2026-03-02,1.36435,1.37186,1.36323,1.36764,139269
2026-03-03,1.36758,1.37524,1.3653,1.36769,167793
2026-03-04,1.36703,1.36997,1.36266,1.3641,136192
2026-03-05,1.36403,1.37161,1.36145,1.36738,144024
2026-03-06,1.36745,1.36774,1.3562400000000001,1.35636,139015
2026-03-09,1.35972,1.3606500000000001,1.35252,1.35843,184356
2026-03-10,1.35907,1.36014,1.3542,1.35784,134752
2026-03-11,1.3578299999999999,1.36048,1.35544,1.35906,113137
2026-03-12,1.3590499999999999,1.3642,1.35763,1.3637000000000001,119546
2026-03-13,1.36392,1.37416,1.36205,1.37247,126878
2026-03-16,1.3716,1.3726099999999999,1.36527,1.36842,101724
2026-03-17,1.36838,1.3722400000000001,1.36772,1.36896,90634
2026-03-18,1.36895,1.37375,1.36865,1.3732,108517
2026-03-19,1.3731200000000001,1.37479,1.37042,1.37387,131894
2026-03-20,1.37308,1.37474,1.36991,1.37208,123089
2026-03-23,1.37115,1.37545,1.36699,1.37252,174229
2026-03-24,1.37247,1.3785,1.37143,1.37642,146209
2026-03-25,1.37615,1.38199,1.3749799999999999,1.3811,111857
2026-03-26,1.3808799999999999,1.38657,1.38,1.38595,94914
2026-03-27,1.38593,1.38953,1.3844400000000001,1.38894,95456
2026-03-30,1.38766,1.39447,1.38758,1.39234,101809
2026-03-31,1.39209,1.39665,1.39054,1.39134,113829
2026-04-01,1.39167,1.39182,1.38721,1.3873,102515
2026-04-02,1.38693,1.3933200000000001,1.38686,1.3919000000000001,109501
2026-04-03,1.39173,1.39492,1.39119,1.39385,63343
2026-04-06,1.39321,1.39474,1.3902,1.39083,83154
2026-04-07,1.39108,1.39298,1.38855,1.38857,91813
2026-04-08,1.38821,1.38995,1.38233,1.3844699999999999,125747
2026-04-09,1.38367,1.3860000000000001,1.38045,1.38144,83008
2026-04-10,1.38116,1.38438,1.37989,1.3832499999999999,80406
2026-04-13,1.3859,1.38778,1.37857,1.3792900000000001,92932
2026-04-14,1.37891,1.37914,1.37308,1.3766,82674
2026-04-15,1.3766,1.37882,1.37265,1.37404,87841
2026-04-16,1.3734600000000001,1.37389,1.36951,1.37026,96803
2026-04-17,1.37027,1.37052,1.3649,1.36878,94046
2026-04-20,1.36746,1.37097,1.36347,1.36441,89977
2026-04-21,1.3647,1.36767,1.3631,1.36605,99822
2026-04-22,1.3666,1.36745,1.36429,1.36711,87151
2026-04-23,1.36658,1.37141,1.36601,1.36982,107165
2026-04-24,1.3708,1.37143,1.36625,1.36677,92160
2026-04-27,1.36791,1.36813,1.3597299999999999,1.3626,84586
2026-04-28,1.36246,1.36913,1.36128,1.3684,93632
2026-04-29,1.3669799999999999,1.37104,1.3667,1.3683100000000001,107325
2026-04-30,1.36879,1.36889,1.35797,1.35815,119586
2026-05-01,1.35819,1.35934,1.355,1.35914,96094
2026-05-04,1.35821,1.36259,1.35746,1.3624,102784
2026-05-05,1.36202,1.36299,1.36037,1.36197,83974
2026-05-06,1.36104,1.36413,1.35777,1.36327,113703
2026-05-07,1.36243,1.36653,1.362,1.3664399999999999,93398
2026-05-08,1.3663,1.37097,1.36425,1.36768,89374
2026-05-11,1.36747,1.3694600000000001,1.3648,1.36775,86662
2026-05-12,1.36711,1.3724,1.36711,1.36966,96879
2026-05-13,1.36931,1.37187,1.36842,1.37053,93327
2026-05-14,1.37062,1.37377,1.36965,1.37194,92040
2026-05-15,1.37204,1.37671,1.37134,1.37482,106771
2026-05-18,1.37394,1.37633,1.3731900000000001,1.37384,112199
2026-05-19,1.37313,1.3774,1.37313,1.3743699999999999,101650
2026-05-20,1.37427,1.37785,1.3731,1.3744100000000001,112983
2026-05-21,1.37334,1.37999,1.37334,1.37774,115199
2026-05-22,1.37721,1.38245,1.37705,1.3819,88171
2026-05-25,1.38016,1.38204,1.37947,1.38025,68662
2026-05-26,1.3798,1.3820999999999999,1.37971,1.3811200000000001,93510
2026-05-27,1.38061,1.38519,1.38032,1.384,102686
2026-05-28,1.38324,1.3869799999999999,1.37737,1.3783699999999999,116130
2026-05-29,1.37758,1.38294,1.37699,1.37955,119128
2026-06-01,1.3792,1.38493,1.37855,1.38409,111324
2026-06-02,1.3839299999999999,1.3854,1.38151,1.3839000000000001,97554
2026-06-03,1.38269,1.38994,1.38265,1.38974,106264
2026-06-04,1.38934,1.39252,1.38808,1.39104,110094
2026-06-05,1.38934,1.39507,1.38654,1.39405,114094
2026-06-08,1.39287,1.39608,1.39245,1.39534,134756
2026-06-09,1.39485,1.39693,1.3918599999999999,1.39486,137764
2026-06-10,1.39417,1.39571,1.38989,1.39433,144004
2026-06-11,1.39399,1.40234,1.3931200000000001,1.39663,147651
2026-06-12,1.39519,1.39957,1.39507,1.39881,157394
2026-06-15,1.39815,1.39938,1.39504,1.399,124653
2026-06-16,1.39829,1.40183,1.39801,1.39945,111055
2026-06-17,1.3991500000000001,1.41226,1.3989099999999999,1.41012,114461
2026-06-18,1.40917,1.41466,1.40917,1.4135900000000001,125367
2026-06-19,1.41272,1.41833,1.4123700000000001,1.41604,96196
2026-06-22,1.4160300000000001,1.41934,1.41443,1.4159,110290
2026-06-23,1.4152,1.42171,1.41507,1.42093,115492
2026-06-24,1.42023,1.42481,1.42,1.42319,118699
2026-06-25,1.42245,1.42483,1.41775,1.42007,124421
2026-06-26,1.42001,1.4209100000000001,1.41693,1.41923,123930
2026-06-29,1.41842,1.42177,1.4175200000000001,1.42103,96003
2026-06-30,1.42026,1.42476,1.41776,1.41955,107291
2026-07-01,1.41949,1.42351,1.41902,1.4215499999999999,107600
2026-07-02,1.42044,1.42242,1.415,1.4181,131128
2026-07-03,1.41775,1.42069,1.4159,1.42013,101043
2026-07-06,1.41872,1.42385,1.41871,1.42045,103453
2026-07-07,1.42,1.42262,1.41832,1.41998,100745
2026-07-08,1.41834,1.42084,1.41546,1.41733,133095
2026-07-09,1.416,1.41894,1.41523,1.41679,109378
2026-07-10,1.41587,1.41724,1.4116900000000001,1.4155,115445
2026-07-13,1.41509,1.41747,1.4125,1.41553,135589
2026-07-14,1.4148100000000001,1.41552,1.40476,1.40595,149554
2026-07-15,1.4056600000000001,1.40767,1.40247,1.40412,117552
2026-07-16,1.4031,1.40582,1.4009800000000001,1.40412,112385
2026-07-17,1.40381,1.40448,1.40051,1.4019599999999999,92923
2026-07-20,1.40095,1.40719,1.40032,1.40703,83807
2026-07-21,1.40703,1.4110800000000001,1.40542,1.41099,88240
2026-07-22,1.41075,1.41116,1.40765,1.4086699999999999,79160
2026-07-23,1.40773,1.40997,1.40563,1.40834,99824
2026-07-24,1.40789,1.41147,1.4065699999999999,1.4094,104137
2026-07-27,1.4084400000000001,1.4126400000000001,1.40703,1.41234,91426
2026-07-28,1.41184,1.41287,1.40863,1.41082,80001
2026-07-29,1.4099599999999999,1.41098,1.40233,1.4047,111242
2026-07-30,1.40397,1.40676,1.39905,1.40099,118915
2026-07-31,1.40051,1.40584,1.4002,1.40123,122402
2026-08-03,1.40053,1.40534,1.40016,1.40459,95585
2026-08-04,1.40404,1.40801,1.4034900000000001,1.40607,105353
2026-08-05,1.40574,1.40801,1.40043,1.4010799999999999,96306
2026-08-06,1.4007800000000001,1.40374,1.39902,1.40126,74176
2026-08-07,1.4010099999999999,1.4029,1.39255,1.3940299999999999,90778
2026-08-10,1.39471,1.39638,1.39265,1.39402,79674
2026-08-11,1.39351,1.3946,1.3915,1.3924699999999999,78220
2026-08-12,1.3921700000000001,1.39469,1.39077,1.39389,74997
2026-08-13,1.39385,1.39584,1.39275,1.39306,80656
2026-08-14,1.39282,1.3933499999999999,1.3863699999999999,1.38743,78952
2026-08-17,1.38727,1.38774,1.3844400000000001,1.38739,71617
2026-08-18,1.38638,1.39097,1.38618,1.38963,70339
2026-08-19,1.38898,1.39076,1.38032,1.38079,102859
2026-08-20,1.38006,1.38126,1.37549,1.37891,95218
2026-08-21,1.37855,1.37882,1.37321,1.37674,84172
2026-08-24,1.3805100000000001,1.3860000000000001,1.37828,1.38449,96528
2026-08-25,1.38378,1.3867,1.38248,1.38402,90077
2026-08-26,1.3826100000000001,1.38927,1.38258,1.3875600000000001,81188
2026-08-27,1.38717,1.3891,1.38521,1.38551,90618
2026-08-28,1.38504,1.3909799999999999,1.3842400000000001,1.39076,87435
