time,open,high,low,close,volume
1991-06-11,1.5105,1.533,1.5067,1.5309,5222
1991-06-12,1.516,1.5493999999999999,1.5069,1.5394,7002
1991-06-13,1.5309,1.5493999999999999,1.5271,1.5389,6752
1991-06-14,1.5377,1.5451000000000001,1.5271,1.5389,3481
1991-06-16,1.5394,1.5476999999999999,1.537,1.542,1881
1991-06-17,1.5394,1.5649,1.537,1.5644,4362
1991-06-18,1.542,1.5683,1.536,1.5398,6582
1991-06-19,1.5634000000000001,1.5683,1.525,1.5365,6952
1991-06-20,1.542,1.5514999999999999,1.525,1.5489000000000002,4472
1991-06-21,1.5389,1.5514999999999999,1.5384,1.5489000000000002,1621
1991-06-23,1.5489000000000002,1.5651000000000002,1.5278,1.5344,6011
1991-06-24,1.5489000000000002,1.5651000000000002,1.5278,1.5503,9942
1991-06-25,1.5344,1.5558999999999998,1.5283,1.5479,6612
1991-06-26,1.5489000000000002,1.5558999999999998,1.542,1.5503,4142
1991-06-27,1.5479,1.5636999999999999,1.5455,1.5535,4062
1991-06-28,1.5499,1.5636999999999999,1.5489000000000002,1.5535,2601
1991-06-30,1.5525,1.5678,1.5499,1.5669,2141
1991-07-01,1.5525,1.5859999999999999,1.5499,1.583,5292
1991-07-02,1.5683,1.5859999999999999,1.5629,1.5805,5502
1991-07-03,1.5819999999999999,1.5845,1.572,1.583,3322
1991-07-04,1.5807,1.5895000000000001,1.572,1.575,3572
1991-07-05,1.584,1.5895000000000001,1.572,1.575,2601
1991-07-07,1.5739999999999998,1.5745,1.5581,1.56,1881
1991-07-08,1.5739999999999998,1.5756999999999999,1.5581,1.5755,3422
1991-07-09,1.5615,1.5817,1.561,1.572,3712
1991-07-10,1.5755,1.5926,1.5691000000000002,1.5920999999999998,4762
1991-07-11,1.572,1.5936,1.5451000000000001,1.5499,8072
1991-07-12,1.5920999999999998,1.5936,1.5451000000000001,1.5499,5481
1991-07-14,1.5484,1.5564,1.5455,1.552,1821
1991-07-15,1.5484,1.5634000000000001,1.5455,1.5629,3252
1991-07-16,1.5554000000000001,1.5644,1.5514999999999999,1.5564,3212
1991-07-17,1.5644,1.5644,1.5312999999999999,1.5394,5202
1991-07-18,1.5564,1.5569,1.5110000000000001,1.5119,6542
1991-07-19,1.5413000000000001,1.5413000000000001,1.5110000000000001,1.5119,3121
1991-07-21,1.514,1.526,1.5048,1.526,3041
1991-07-22,1.514,1.536,1.5048,1.5269,5572
1991-07-23,1.526,1.536,1.5076,1.5135,5002
1991-07-24,1.5264,1.5375,1.5076,1.5335,5322
1991-07-25,1.513,1.5375,1.5110000000000001,1.5229,5722
1991-07-26,1.5278,1.5278,1.5110000000000001,1.5229,2871
1991-07-28,1.526,1.5335,1.5239,1.5269,1831
1991-07-29,1.526,1.5335,1.5188000000000001,1.533,4062
1991-07-30,1.5269,1.533,1.5173999999999999,1.5225,4312
1991-07-31,1.5309,1.5379,1.5173999999999999,1.5325,4342
1991-08-01,1.5239,1.5424,1.506,1.514,7642
1991-08-02,1.533,1.5424,1.506,1.514,5381
1991-08-04,1.5114,1.513,1.4954,1.4969999999999999,2081
1991-08-05,1.5114,1.513,1.4885,1.4934,3752
1991-08-06,1.4949,1.5028000000000001,1.4885,1.4985,3182
1991-08-07,1.4969999999999999,1.5089000000000001,1.49,1.5019,4592
1991-08-08,1.4949,1.5169000000000001,1.49,1.516,5412
1991-08-09,1.5021,1.5169000000000001,1.4983,1.516,2331
1991-08-11,1.514,1.5165,1.5076,1.5089000000000001,1271
1991-08-12,1.514,1.5165,1.5055,1.5149,2492
1991-08-13,1.5069,1.5227,1.5055,1.5227,2322
1991-08-14,1.5149,1.541,1.5067,1.537,6422
1991-08-15,1.5215999999999998,1.5451000000000001,1.5067,1.5444,8092
1991-08-16,1.5389,1.5451000000000001,1.5285,1.5444,2771
1991-08-18,1.542,1.5855000000000001,1.5394,1.554,8021
1991-08-19,1.542,1.5855000000000001,1.5368,1.542,12542
1991-08-20,1.553,1.5649,1.5076,1.5144,10392
1991-08-21,1.5427,1.5511,1.5039,1.5117,8262
1991-08-22,1.5190000000000001,1.5335,1.5039,1.5274,5182
1991-08-23,1.5117,1.5335,1.5117,1.5274,2791
1991-08-25,1.526,1.5312999999999999,1.5215999999999998,1.526,1941
1991-08-26,1.526,1.5312999999999999,1.5204,1.5239,3312
1991-08-27,1.525,1.5309,1.5152999999999999,1.5173999999999999,3822
1991-08-28,1.5241,1.5309,1.5117,1.5239,4942
1991-08-29,1.5173999999999999,1.533,1.5117,1.5276,5112
1991-08-30,1.525,1.533,1.5186,1.5276,2621
1991-09-01,1.529,1.5337,1.5243,1.5337,1411
1991-09-02,1.529,1.5337,1.5215999999999998,1.5229,2842
1991-09-03,1.529,1.5318,1.5186,1.5239,2932
1991-09-04,1.5209000000000001,1.5295,1.5186,1.5269,2782
1991-09-05,1.5243,1.5297,1.506,1.5064,3882
1991-09-06,1.5278,1.5297,1.506,1.5064,2601
1991-09-08,1.5048,1.5110000000000001,1.4809999999999999,1.4858,4101
1991-09-09,1.5048,1.5110000000000001,1.476,1.4809999999999999,5832
1991-09-10,1.4861,1.4905,1.476,1.4784,3992
1991-09-11,1.4809999999999999,1.4905,1.4699,1.4771,4582
1991-09-12,1.4779,1.4885,1.4699,1.4784,5202
1991-09-13,1.4764,1.4885,1.4731,1.4784,2881
1991-09-15,1.4784,1.4814,1.459,1.4624,2881
1991-09-16,1.4784,1.4814,1.4537,1.46,4442
1991-09-17,1.463,1.4809999999999999,1.4537,1.4721,5092
1991-09-18,1.4604,1.4809999999999999,1.4575,1.4755,4982
1991-09-19,1.4744,1.4828000000000001,1.4689999999999999,1.471,3712
1991-09-20,1.476,1.4828000000000001,1.4689999999999999,1.471,2261
1991-09-22,1.4649,1.4673,1.4545,1.4579,1861
1991-09-23,1.4649,1.4695,1.448,1.4695,5062
1991-09-24,1.4585,1.4695,1.448,1.4639,4692
1991-09-25,1.4684,1.4689999999999999,1.4586999999999999,1.4679,2892
1991-09-26,1.4639,1.4718,1.453,1.453,3622
1991-09-27,1.4684,1.4718,1.453,1.453,2221
1991-09-29,1.4499,1.453,1.4447999999999999,1.453,1331
1991-09-30,1.4499,1.4562,1.4447999999999999,1.4562,1852
1991-10-01,1.453,1.4585,1.4496,1.457,2132
1991-10-02,1.4553,1.4585,1.4444,1.4545,4222
1991-10-03,1.4566,1.4748999999999999,1.4444,1.4689999999999999,6022
1991-10-04,1.4546999999999999,1.4748999999999999,1.4506999999999999,1.4689999999999999,3411
1991-10-06,1.466,1.4755,1.466,1.4734,1161
1991-10-07,1.466,1.4925,1.466,1.4925,3332
1991-10-08,1.4734,1.499,1.4721,1.4799,5292
1991-10-09,1.4925,1.499,1.4727000000000001,1.4839,5442
1991-10-10,1.4795,1.4912,1.4727000000000001,1.479,4442
1991-10-11,1.4852,1.4912,1.4775,1.479,2121
1991-10-13,1.479,1.4868999999999999,1.4768,1.4868999999999999,1231
1991-10-14,1.479,1.4954,1.4768,1.4954,2492
1991-10-15,1.488,1.4965,1.4854,1.492,2952
1991-10-16,1.4965,1.4965,1.4795,1.4814,3272
1991-10-17,1.4912,1.4923,1.4744,1.4771,2972
1991-10-18,1.4812,1.4834,1.4744,1.4771,1391
1991-10-20,1.4764,1.4839,1.4753,1.483,1061
1991-10-21,1.4764,1.4861,1.4753,1.4834,2622
1991-10-22,1.483,1.4969999999999999,1.4781,1.4969999999999999,2902
1991-10-23,1.4836,1.4969999999999999,1.4836,1.488,3072
1991-10-24,1.4965,1.4965,1.4836,1.488,3132
1991-10-25,1.488,1.4909,1.4839,1.488,1401
1991-10-27,1.488,1.5089000000000001,1.488,1.5064,2341
1991-10-28,1.488,1.5304,1.471,1.4764,11192
1991-10-29,1.5067,1.5304,1.4609,1.4649,11342
1991-10-30,1.4762,1.479,1.4609,1.4679,4432
1991-10-31,1.4649,1.4734,1.4409,1.444,5322
1991-11-01,1.4682,1.4699,1.4409,1.444,3381
1991-11-03,1.443,1.4511,1.432,1.4432,3801
1991-11-04,1.443,1.4524,1.432,1.4459,6192
1991-11-05,1.445,1.4539,1.44,1.4475,5012
1991-11-06,1.4459,1.4539,1.4365,1.4509,5382
1991-11-07,1.4475,1.456,1.4365,1.452,4352
1991-11-08,1.4509,1.456,1.4475,1.452,1591
1991-11-10,1.4499,1.4585,1.4459,1.4487999999999999,2411
1991-11-11,1.4499,1.4585,1.4452,1.4545,3762
1991-11-12,1.4494,1.4556,1.4452,1.4494,3032
1991-11-13,1.4534,1.4556,1.4434,1.4469,2852
1991-11-14,1.4494,1.453,1.4344999999999999,1.4344999999999999,3652
1991-11-15,1.4466999999999999,1.453,1.4344999999999999,1.4344999999999999,2481
1991-11-17,1.431,1.4314,1.4192,1.431,2441
1991-11-18,1.431,1.4314,1.41,1.418,5342
1991-11-19,1.431,1.431,1.41,1.42,4142
1991-11-20,1.4184,1.4263,1.4162,1.422,2962
1991-11-21,1.419,1.4263,1.4043999999999999,1.411,4662
1991-11-22,1.423,1.4251,1.4043999999999999,1.411,2941
1991-11-24,1.4082,1.414,1.4037,1.4134,1541
1991-11-25,1.4082,1.4384000000000001,1.3995,1.4259,8072
1991-11-26,1.4134,1.4384000000000001,1.3995,1.4277,8412
1991-11-27,1.4264999999999999,1.4302000000000001,1.42,1.4289,3142
1991-11-28,1.4275,1.4419,1.4232,1.4338,3572
1991-11-29,1.4289,1.4419,1.4279,1.4338,2311
1991-12-01,1.4334,1.4334,1.4212,1.4275,1851
1991-12-02,1.4334,1.4334,1.4212,1.4224,3102
1991-12-03,1.4271,1.43,1.413,1.4134,3652
1991-12-04,1.4224,1.4295,1.4035,1.4043999999999999,4482
1991-12-05,1.4134,1.4184,1.3852,1.3852,4522
1991-12-06,1.4043999999999999,1.407,1.3852,1.3852,2441
1991-12-08,1.3860999999999999,1.3923,1.3856,1.3908,871
1991-12-09,1.3860999999999999,1.4025,1.3801999999999999,1.3952,4852
1991-12-10,1.3904,1.4072,1.3801999999999999,1.3925,6832
1991-12-11,1.3954,1.4072,1.3862999999999999,1.3999,4872
1991-12-12,1.3917,1.4042,1.3862999999999999,1.4035,3922
1991-12-13,1.3999,1.4042,1.3929,1.4035,1901
1991-12-15,1.4035,1.4035,1.3923,1.3945,1341
1991-12-16,1.4035,1.4035,1.3858,1.391,3112
1991-12-17,1.3945,1.3963999999999999,1.3858,1.3919000000000001,3502
1991-12-18,1.391,1.3954,1.3804,1.3825,3752
1991-12-19,1.3915,1.395,1.3578999999999999,1.3644,5332
1991-12-20,1.3825,1.3835,1.3578999999999999,1.3644,3311
1991-12-22,1.3639999999999999,1.3639999999999999,1.3399,1.3484,3261
1991-12-23,1.3639999999999999,1.3639999999999999,1.3399,1.3529,4432
1991-12-24,1.3484,1.355,1.346,1.346,1832
1991-12-25,1.3504,1.3515,1.3418999999999999,1.3435000000000001,1282
1991-12-26,1.3449,1.355,1.3367,1.3515,3622
1991-12-27,1.3449,1.355,1.3367,1.3515,3001
1991-12-29,1.3585,1.359,1.3475,1.3559,2041
1991-12-30,1.3585,1.362,1.3475,1.3585,3812
1991-12-31,1.357,1.362,1.3524,1.3585,1771
1992-01-01,1.359,1.37,1.3473,1.367,3741
1992-01-02,1.359,1.3789,1.3473,1.3734,5862
1992-01-03,1.3664,1.3789,1.3648,1.3734,2121
1992-01-05,1.3709,1.3709,1.343,1.3444,2931
1992-01-06,1.3709,1.3709,1.3378999999999999,1.339,5082
1992-01-07,1.3457,1.3535,1.336,1.3455,4962
1992-01-08,1.3386,1.3999,1.336,1.3945,8912
1992-01-09,1.3455,1.415,1.3449,1.412,10592
1992-01-10,1.3935,1.415,1.3833,1.412,4491
1992-01-12,1.4114,1.4114,1.3961999999999999,1.4054,2441
1992-01-13,1.4114,1.417,1.3919000000000001,1.4123999999999999,6702
1992-01-14,1.4048,1.4545,1.3919000000000001,1.443,10322
1992-01-15,1.4114,1.4545,1.4083999999999999,1.4338,8622
1992-01-16,1.4434,1.4469,1.4039,1.4043999999999999,8302
1992-01-17,1.433,1.4469,1.4039,1.4043999999999999,5741
1992-01-19,1.397,1.416,1.397,1.414,2101
1992-01-20,1.397,1.416,1.397,1.4064,4642
1992-01-21,1.4060000000000001,1.4142000000000001,1.4009,1.4094,4762
1992-01-22,1.407,1.4324,1.4019,1.4289,5472
1992-01-23,1.409,1.4325999999999999,1.4029,1.411,7322
1992-01-24,1.4297,1.4325999999999999,1.4029,1.411,4071
1992-01-26,1.4259,1.4374,1.4214,1.432,2591
1992-01-27,1.4259,1.4374,1.418,1.423,4632
1992-01-28,1.4334,1.4334,1.411,1.4289,5652
1992-01-29,1.423,1.445,1.411,1.4359,8062
1992-01-30,1.4324,1.445,1.421,1.4338,7602
1992-01-31,1.4365,1.4405000000000001,1.4234,1.4338,3151
1992-02-02,1.431,1.4318,1.423,1.4255,1211
1992-02-03,1.431,1.4334,1.4154,1.422,4522
1992-02-04,1.4249,1.4334,1.4094,1.411,5012
1992-02-05,1.422,1.4234,1.4011,1.407,3362
1992-02-06,1.411,1.4114,1.3900000000000001,1.3900000000000001,4202
1992-02-07,1.4074,1.4114,1.3900000000000001,1.3900000000000001,2541
1992-02-09,1.3900000000000001,1.41,1.3892,1.409,2261
1992-02-10,1.3900000000000001,1.4295,1.3892,1.4275,5072
1992-02-11,1.4082,1.4415,1.4058,1.439,5362
1992-02-12,1.4275,1.463,1.423,1.4615,6862
1992-02-13,1.4394,1.4721,1.4304000000000001,1.4654,7782
1992-02-14,1.4615,1.4721,1.4527999999999999,1.4654,3471
1992-02-16,1.463,1.4675,1.448,1.4624,3841
1992-02-17,1.463,1.4909,1.448,1.4861,7602
1992-02-18,1.4675,1.4909,1.4628,1.4861,5562
1992-02-19,1.4861,1.5005,1.4819,1.4845,5352
1992-02-20,1.4849999999999999,1.5025,1.4825,1.501,5902
1992-02-21,1.4845,1.5025,1.4825,1.501,2351
1992-02-23,1.501,1.5070000000000001,1.4895,1.492,2601
1992-02-24,1.501,1.5070000000000001,1.4768,1.5045,7392
1992-02-25,1.492,1.5171999999999999,1.4768,1.4935,8682
1992-02-26,1.504,1.5171999999999999,1.4805,1.4805,6032
1992-02-27,1.4931,1.4975,1.4765,1.4855,4462
1992-02-28,1.4805,1.4906,1.4765,1.4855,2321
1992-03-01,1.4856,1.4949,1.4809999999999999,1.49,2341
1992-03-02,1.4856,1.512,1.4809999999999999,1.5070000000000001,5122
1992-03-03,1.4898,1.525,1.4895,1.5225,4892
1992-03-04,1.5070000000000001,1.5335,1.5067,1.525,4412
1992-03-05,1.522,1.5335,1.5068000000000001,1.5135,4892
1992-03-06,1.525,1.5255,1.5068000000000001,1.5135,2591
1992-03-08,1.51,1.5112999999999999,1.5055,1.5055,711
1992-03-09,1.51,1.518,1.5002,1.5165,3172
1992-03-10,1.5055,1.5234999999999999,1.5002,1.506,4862
1992-03-11,1.517,1.5234999999999999,1.5055,1.509,4772
1992-03-12,1.5055,1.5191,1.505,1.5095,4622
1992-03-13,1.509,1.5165,1.505,1.5095,2251
1992-03-15,1.5114999999999998,1.513,1.5055,1.5055,901
1992-03-16,1.5114999999999998,1.513,1.4878,1.4878,2972
1992-03-17,1.5055,1.5070000000000001,1.4877,1.4968,3372
1992-03-18,1.4878,1.5175,1.4877,1.5142,3852
1992-03-19,1.4953,1.5310000000000001,1.4953,1.5175,5652
1992-03-20,1.5135,1.5310000000000001,1.5135,1.5175,3101
1992-03-22,1.517,1.5242,1.513,1.5145,1991
1992-03-23,1.517,1.5242,1.51,1.513,3502
1992-03-24,1.5145,1.5183,1.4995,1.5005,3022
1992-03-25,1.513,1.5165,1.4995,1.5143,3482
1992-03-26,1.501,1.5165,1.492,1.4925,4272
1992-03-27,1.5145,1.5145,1.492,1.4925,2301
1992-03-29,1.4948000000000001,1.51,1.4945,1.4995,2631
1992-03-30,1.4948000000000001,1.51,1.4945,1.4987,4142
1992-03-31,1.502,1.5145,1.4963,1.5085,3692
1992-04-01,1.4987,1.5152999999999999,1.4987,1.501,4492
1992-04-02,1.5095,1.5152999999999999,1.4865,1.488,4462
1992-04-03,1.5005,1.5034999999999998,1.4865,1.488,2151
1992-04-05,1.4883,1.4929999999999999,1.4843,1.4929999999999999,1271
1992-04-06,1.4883,1.4998,1.4843,1.4889999999999999,3032
1992-04-07,1.4929999999999999,1.4998,1.487,1.494,2922
1992-04-08,1.4889999999999999,1.504,1.4845,1.4855,4212
1992-04-09,1.494,1.5096,1.4845,1.5070000000000001,5722
1992-04-10,1.4855,1.5096,1.4855,1.5070000000000001,2671
1992-04-12,1.5074999999999998,1.526,1.5074999999999998,1.5215,2301
1992-04-13,1.5074999999999998,1.526,1.5074999999999998,1.5234999999999999,4002
1992-04-14,1.5154999999999998,1.5354999999999999,1.5110000000000001,1.532,4062
1992-04-15,1.5218,1.5470000000000002,1.5186,1.544,4622
1992-04-16,1.532,1.5470000000000002,1.5297,1.5443,2872
1992-04-17,1.5434,1.5447,1.5412,1.5443,611
1992-04-19,1.544,1.5485,1.5375,1.54,1801
1992-04-20,1.544,1.5485,1.5365,1.545,3712
1992-04-21,1.5401,1.5495999999999999,1.5365,1.54,3832
1992-04-22,1.545,1.5495999999999999,1.537,1.538,3842
1992-04-23,1.54,1.5476,1.5238,1.5285,4062
1992-04-24,1.5394999999999999,1.54,1.5238,1.5285,2141
1992-04-26,1.529,1.5375,1.5232,1.5234999999999999,2311
1992-04-27,1.529,1.5375,1.5150000000000001,1.5154999999999998,4222
1992-04-28,1.5230000000000001,1.5283,1.5137,1.521,3782
1992-04-29,1.5154999999999998,1.528,1.509,1.51,4472
1992-04-30,1.522,1.528,1.4985,1.5005,5002
1992-05-01,1.5205,1.5205,1.4985,1.5005,2401
1992-05-03,1.5015,1.5150000000000001,1.5015,1.5114999999999998,1701
1992-05-04,1.5015,1.5150000000000001,1.5005,1.5072999999999999,4182
1992-05-05,1.5114999999999998,1.5150000000000001,1.498,1.498,4302
1992-05-06,1.5048,1.5145,1.498,1.5105,3812
1992-05-07,1.4986,1.5305,1.4986,1.525,4832
1992-05-08,1.51,1.5305,1.5088,1.525,2841
1992-05-10,1.525,1.5301,1.5245,1.5245,1071
1992-05-11,1.525,1.5301,1.5030000000000001,1.504,3632
1992-05-12,1.524,1.5258,1.479,1.48,5632
1992-05-13,1.5041,1.5064,1.47,1.4784,5952
1992-05-14,1.479,1.4915,1.47,1.4849999999999999,5822
1992-05-15,1.4784,1.4915,1.4735,1.4849999999999999,2941
1992-05-17,1.4729999999999999,1.475,1.4635,1.4652,1521
1992-05-18,1.4729999999999999,1.475,1.4588999999999999,1.4605000000000001,3382
1992-05-19,1.4651,1.4722,1.4588999999999999,1.4698,3272
1992-05-20,1.4605000000000001,1.4875,1.4605000000000001,1.4845,3482
1992-05-21,1.4698,1.4963,1.4698,1.4863,4832
1992-05-22,1.4845,1.4963,1.4816,1.4863,2761
1992-05-24,1.4863,1.4873,1.4835,1.4855,681
1992-05-25,1.4863,1.4877,1.4758,1.4828999999999999,2802
1992-05-26,1.4855,1.4983,1.4758,1.4887000000000001,4622
1992-05-27,1.4828999999999999,1.4983,1.4746000000000001,1.4752,4422
1992-05-28,1.4888,1.491,1.4508,1.4555,4862
1992-05-29,1.4755,1.4755,1.4508,1.4555,2941
1992-05-31,1.4555,1.464,1.4468,1.455,3391
1992-06-01,1.4555,1.4715,1.4468,1.466,5552
1992-06-02,1.456,1.4735,1.4557,1.4689999999999999,3942
1992-06-03,1.466,1.4753,1.4567,1.4571,4282
1992-06-04,1.4693,1.4753,1.4435,1.4521,6072
1992-06-05,1.456,1.4633,1.4435,1.4521,3571
1992-06-07,1.45,1.455,1.4483,1.4485999999999999,1201
1992-06-08,1.45,1.459,1.4453,1.454,3412
1992-06-09,1.4487,1.4605000000000001,1.4453,1.4498,3932
1992-06-10,1.454,1.4605000000000001,1.4292,1.43,4342
1992-06-11,1.45,1.4523,1.4205999999999999,1.4264999999999999,4612
1992-06-12,1.431,1.4328,1.4205999999999999,1.4264999999999999,1991
1992-06-14,1.428,1.428,1.4088,1.4144999999999999,2491
1992-06-15,1.428,1.428,1.4041000000000001,1.4041000000000001,5442
1992-06-16,1.414,1.4238,1.4020000000000001,1.4162,5932
1992-06-17,1.404,1.432,1.4020000000000001,1.414,6982
1992-06-18,1.416,1.432,1.411,1.4195,5452
1992-06-19,1.414,1.4228,1.4128,1.4195,1451
1992-06-21,1.4175,1.4263,1.4138,1.4144999999999999,2201
1992-06-22,1.4175,1.4263,1.4069,1.4167,4962
1992-06-23,1.4245,1.4245999999999999,1.399,1.4003,5262
1992-06-24,1.4167,1.4197,1.3820999999999999,1.3820999999999999,4832
1992-06-25,1.4002,1.4028,1.3779,1.3805,4752
1992-06-26,1.3825,1.391,1.3779,1.3805,2421
1992-06-28,1.3811,1.3836,1.3655,1.373,2811
1992-06-29,1.3811,1.3836,1.3655,1.3719999999999999,4712
1992-06-30,1.373,1.381,1.3583,1.37,4972
1992-07-01,1.3729,1.3751,1.347,1.3519999999999999,6282
1992-07-02,1.3699,1.3719999999999999,1.347,1.3574,4842
1992-07-03,1.3519,1.3608,1.3498999999999999,1.3574,1631
1992-07-05,1.3574,1.3733,1.3527,1.354,3781
1992-07-06,1.3574,1.3733,1.3388,1.34,5972
1992-07-07,1.3541,1.3568,1.3328,1.341,5932
1992-07-08,1.34,1.375,1.3328,1.366,8142
1992-07-09,1.341,1.3753,1.3405,1.3523,7782
1992-07-10,1.3645,1.3753,1.3523,1.3523,3381
1992-07-12,1.3505,1.3518,1.33,1.33,2311
1992-07-13,1.3505,1.3518,1.33,1.3425,5062
1992-07-14,1.33,1.35,1.33,1.34,5412
1992-07-15,1.343,1.3488,1.3262,1.3305,5482
1992-07-16,1.3399,1.345,1.2977,1.3005,6802
1992-07-17,1.3305,1.3326,1.2977,1.3005,3981
1992-07-19,1.2986,1.328,1.2738,1.3215,8551
1992-07-20,1.2986,1.3385,1.2738,1.3205,14502
1992-07-21,1.322,1.3385,1.308,1.3165,8542
1992-07-22,1.321,1.326,1.3108,1.3135,3812
1992-07-23,1.3165,1.333,1.3101,1.3324,3962
1992-07-24,1.314,1.333,1.3101,1.3324,2741
1992-07-26,1.3235000000000001,1.3301,1.3094999999999999,1.3094999999999999,2721
1992-07-27,1.3235000000000001,1.3301,1.3025,1.3025,4322
1992-07-28,1.3094999999999999,1.321,1.3014999999999999,1.318,3962
1992-07-29,1.3026,1.3313,1.3014999999999999,1.316,5322
1992-07-30,1.317,1.3313,1.3075,1.3145,5752
1992-07-31,1.3146,1.3215,1.3075,1.3145,2791
1992-08-02,1.3139,1.322,1.312,1.3165,1741
1992-08-03,1.3139,1.3258,1.312,1.3239,2912
1992-08-04,1.316,1.3345,1.316,1.3285,3312
1992-08-05,1.3239,1.3351,1.3215,1.3274,3792
1992-08-06,1.3305,1.3351,1.3115,1.3135,4072
1992-08-07,1.3275000000000001,1.3306,1.3115,1.3135,2421
1992-08-09,1.3131,1.3195000000000001,1.3129,1.3129,1301
1992-08-10,1.3131,1.3285,1.3129,1.319,3812
1992-08-11,1.3129,1.3285,1.3129,1.3195999999999999,3992
1992-08-12,1.32,1.3265,1.3075,1.3075,4032
1992-08-13,1.32,1.3275000000000001,1.3075,1.32,5212
1992-08-14,1.3084,1.3275000000000001,1.3084,1.32,2661
1992-08-16,1.3194,1.33,1.3141,1.316,2841
1992-08-17,1.3194,1.33,1.3054999999999999,1.306,4062
1992-08-18,1.317,1.3171,1.2995,1.303,3622
1992-08-19,1.306,1.313,1.287,1.2885,4662
1992-08-20,1.3029,1.3054999999999999,1.2695,1.2715,5462
1992-08-21,1.2885,1.294,1.2695,1.2715,3201
1992-08-23,1.27,1.27,1.2408,1.241,2941
1992-08-24,1.27,1.27,1.2383,1.2475,5632
1992-08-25,1.241,1.2648,1.2383,1.2585,5052
1992-08-26,1.2475,1.27,1.2475,1.2607,4442
1992-08-27,1.2585,1.27,1.2542,1.26,3512
1992-08-28,1.2605,1.2616,1.2542,1.26,1431
1992-08-30,1.26,1.2645,1.245,1.249,2801
1992-08-31,1.26,1.2645,1.236,1.236,4242
1992-09-01,1.2502,1.2503,1.2301,1.2427,3542
1992-09-02,1.2359,1.266,1.2301,1.2650000000000001,4772
1992-09-03,1.2427,1.2863,1.2415,1.2498,9202
1992-09-04,1.2655,1.2863,1.2458,1.2498,6531
1992-09-06,1.251,1.254,1.2485,1.251,1101
1992-09-07,1.251,1.254,1.231,1.234,3402
1992-09-08,1.251,1.254,1.231,1.2535,4402
1992-09-09,1.2335,1.268,1.2335,1.2665,5752
1992-09-10,1.2530000000000001,1.292,1.2429999999999999,1.291,6302
1992-09-11,1.2665,1.292,1.2665,1.291,2651
1992-09-13,1.2894,1.3303,1.2894,1.312,5921
1992-09-14,1.2894,1.3303,1.2894,1.321,9982
1992-09-15,1.312,1.3255,1.2962,1.32,9362
1992-09-16,1.321,1.3255,1.2845,1.2845,10102
1992-09-17,1.3185,1.3255,1.2845,1.307,7202
1992-09-18,1.286,1.3085,1.286,1.307,2401
1992-09-20,1.2946,1.3178,1.289,1.3,5221
1992-09-21,1.2946,1.3178,1.2848,1.3075,9012
1992-09-22,1.3,1.3176,1.2848,1.3054999999999999,6312
1992-09-23,1.3075,1.318,1.2948,1.3035,6952
1992-09-24,1.3056,1.318,1.2928,1.2945,5922
1992-09-25,1.304,1.305,1.2928,1.2945,1491
1992-09-27,1.2894999999999999,1.2905,1.2650000000000001,1.2705,3201
1992-09-28,1.2894999999999999,1.2905,1.2265,1.2272,8572
1992-09-29,1.2705,1.275,1.2182,1.2349999999999999,9352
1992-09-30,1.2272,1.2483,1.2182,1.2437,6872
1992-10-01,1.2349999999999999,1.26,1.2295,1.2315,7792
1992-10-02,1.2425,1.26,1.23,1.2315,4901
1992-10-04,1.233,1.2405,1.2105,1.2395,5351
1992-10-05,1.233,1.2508,1.2105,1.2485,7592
1992-10-06,1.2395,1.274,1.2351,1.2730000000000001,5832
1992-10-07,1.2485,1.317,1.2438,1.3135,8312
1992-10-08,1.2732999999999999,1.325,1.2732999999999999,1.3155000000000001,9152
1992-10-09,1.315,1.325,1.3026,1.3155000000000001,4431
1992-10-11,1.3169,1.3175,1.292,1.31,4411
1992-10-12,1.3169,1.3285,1.292,1.304,8712
1992-10-13,1.31,1.3285,1.2965,1.304,7562
1992-10-14,1.304,1.3128,1.2862,1.3022,6582
1992-10-15,1.2998,1.3235000000000001,1.2862,1.3218,5882
1992-10-16,1.302,1.3235000000000001,1.3008,1.3218,2561
1992-10-18,1.3268,1.346,1.316,1.346,4081
1992-10-19,1.3268,1.3679999999999999,1.316,1.3565,8272
1992-10-20,1.3452,1.3679999999999999,1.3414,1.3604,7142
1992-10-21,1.3567,1.3615,1.3437999999999999,1.3458,5012
1992-10-22,1.3606,1.3732,1.3341,1.3635,8092
1992-10-23,1.3456000000000001,1.3732,1.3341,1.3635,6031
1992-10-25,1.3647,1.3775,1.3578999999999999,1.3643,3881
1992-10-26,1.3647,1.3782,1.3578999999999999,1.3593,7462
1992-10-27,1.3635,1.3805,1.3553,1.3738000000000001,7172
1992-10-28,1.3593,1.3805,1.3553,1.3724,6072
1992-10-29,1.3719999999999999,1.3791,1.3665,1.3757,4332
1992-10-30,1.3724,1.3780000000000001,1.3671,1.3757,1851
1992-11-01,1.3755,1.401,1.374,1.395,3451
1992-11-02,1.3755,1.4088,1.374,1.3985,7412
1992-11-03,1.3965,1.409,1.3820000000000001,1.4020000000000001,8962
1992-11-04,1.3980000000000001,1.421,1.3820000000000001,1.4187,7722
1992-11-05,1.4025,1.4362,1.3993,1.4348,5152
1992-11-06,1.4187,1.4362,1.416,1.4348,2431
1992-11-08,1.435,1.4395,1.4205,1.4385,3451
1992-11-09,1.435,1.4435,1.4205,1.4285,5452
1992-11-10,1.4385,1.4435,1.4248,1.4297,4712
1992-11-11,1.432,1.4395,1.4248,1.428,4932
1992-11-12,1.429,1.4365999999999999,1.4115,1.418,4682
1992-11-13,1.4272,1.4284,1.4115,1.418,2461
1992-11-15,1.4203999999999999,1.4412,1.4193,1.438,2621
1992-11-16,1.4203999999999999,1.4585,1.4193,1.447,5882
1992-11-17,1.4376,1.4585,1.4375,1.444,5462
1992-11-18,1.4474,1.4567,1.4167,1.4168,5242
1992-11-19,1.4468,1.451,1.4035,1.446,9802
1992-11-20,1.4186,1.451,1.4035,1.446,6761
1992-11-22,1.449,1.4583,1.43,1.434,4161
1992-11-23,1.449,1.4583,1.4287,1.429,7432
1992-11-24,1.4335,1.4473,1.4238,1.4274,5852
1992-11-25,1.428,1.437,1.4238,1.4325,3972
1992-11-26,1.4268,1.4513,1.4267,1.44,4392
1992-11-27,1.433,1.4513,1.4328,1.44,3001
1992-11-29,1.4385,1.4518,1.433,1.433,3211
1992-11-30,1.4385,1.4518,1.4,1.4035,7612
1992-12-01,1.4335,1.437,1.3912,1.3975,8802
1992-12-02,1.4045,1.4167,1.3912,1.4115,6752
1992-12-03,1.396,1.4346999999999999,1.396,1.428,6132
1992-12-04,1.412,1.4346999999999999,1.4078,1.428,3781
1992-12-06,1.443,1.4493,1.3925,1.393,6361
1992-12-07,1.443,1.4493,1.384,1.399,9942
1992-12-08,1.3932,1.416,1.384,1.411,5802
1992-12-09,1.399,1.4176,1.3989,1.4085,5692
1992-12-10,1.411,1.4176,1.399,1.408,5222
1992-12-11,1.4085,1.413,1.404,1.408,1751
1992-12-13,1.41,1.4158,1.4055,1.4075,1811
1992-12-14,1.41,1.4158,1.405,1.4095,3372
1992-12-15,1.4075,1.4138,1.3940000000000001,1.3985,4112
1992-12-16,1.41,1.4125,1.3848,1.399,6032
1992-12-17,1.3984,1.417,1.3848,1.4075,6322
1992-12-18,1.3995,1.417,1.3988,1.4075,2841
1992-12-20,1.4073,1.4165,1.405,1.4125,1781
1992-12-21,1.4073,1.4445000000000001,1.405,1.44,5432
1992-12-22,1.4125,1.4455,1.4125,1.4435,5902
1992-12-23,1.44,1.449,1.4325,1.449,4172
1992-12-24,1.444,1.449,1.4369,1.443,2662
1992-12-25,1.449,1.449,1.4423,1.443,741
1992-12-27,1.445,1.4722,1.4447999999999999,1.4665,3331
1992-12-28,1.445,1.4722,1.4447999999999999,1.464,5602
1992-12-29,1.4665,1.4716,1.4573,1.464,3912
1992-12-30,1.464,1.4678,1.4536,1.4665,4232
1992-12-31,1.464,1.4678,1.4536,1.4665,2591
1993-01-03,1.466,1.482,1.466,1.479,1901
1993-01-04,1.466,1.4865,1.466,1.471,4492
1993-01-05,1.4791,1.4935,1.468,1.4885,5992
1993-01-06,1.4715,1.4971,1.468,1.4947,5472
1993-01-07,1.491,1.5074999999999998,1.4849,1.5,4712
1993-01-08,1.4944,1.5074999999999998,1.4915,1.5,2641
1993-01-10,1.4898,1.4946,1.4833,1.49,2241
1993-01-11,1.4898,1.5007000000000001,1.4833,1.4985,4382
1993-01-12,1.4905,1.5032999999999999,1.4833,1.4835,4672
1993-01-13,1.4982,1.5032999999999999,1.4765,1.4835,4882
1993-01-14,1.483,1.4982,1.4765,1.4965,3992
1993-01-15,1.4835,1.4982,1.4835,1.4965,1641
1993-01-17,1.4965,1.498,1.476,1.4765,2401
1993-01-18,1.4965,1.498,1.4682,1.474,5532
1993-01-19,1.4767000000000001,1.4852,1.4647999999999999,1.467,4312
1993-01-20,1.474,1.4845,1.4647999999999999,1.48,3542
1993-01-21,1.467,1.4845,1.4555,1.458,5222
1993-01-22,1.479,1.4803,1.4555,1.458,2861
1993-01-24,1.458,1.4615,1.441,1.446,2901
1993-01-25,1.458,1.4615,1.44,1.4515,5472
1993-01-26,1.446,1.4665,1.44,1.463,4342
1993-01-27,1.4523,1.4665,1.4454,1.4605000000000001,5442
1993-01-28,1.463,1.4898,1.4454,1.4875,7682
1993-01-29,1.462,1.4898,1.457,1.4875,4011
1993-01-31,1.4867,1.52,1.4855,1.5175,3821
1993-02-01,1.4867,1.5274999999999999,1.4855,1.5222,7142
1993-02-02,1.517,1.5325,1.5083,1.5243,6542
1993-02-03,1.5225,1.5403,1.5154999999999998,1.5350000000000001,6232
1993-02-04,1.5234999999999999,1.5403,1.5194999999999999,1.5314999999999999,6012
1993-02-05,1.5345,1.5365,1.52,1.5314999999999999,3001
1993-02-07,1.5314999999999999,1.5365,1.5245,1.5350000000000001,2051
1993-02-08,1.5314999999999999,1.5457,1.5245,1.53,5272
1993-02-09,1.536,1.5457,1.5168,1.538,6792
1993-02-10,1.5305,1.5425,1.5168,1.5354999999999999,5422
1993-02-11,1.538,1.544,1.5230000000000001,1.5375,5902
1993-02-12,1.536,1.544,1.5230000000000001,1.5375,4051
1993-02-14,1.5365,1.5495,1.5350000000000001,1.541,2451
1993-02-15,1.5365,1.5495,1.5030000000000001,1.5034999999999998,6752
1993-02-16,1.5425,1.544,1.4929999999999999,1.4975,6392
1993-02-17,1.504,1.532,1.4929999999999999,1.505,8562
1993-02-18,1.4977,1.532,1.496,1.5085,8842
1993-02-19,1.5048,1.512,1.4983,1.5085,2371
1993-02-21,1.5105,1.5110000000000001,1.4842,1.4867,2981
1993-02-22,1.5105,1.5110000000000001,1.4818,1.4976,5312
1993-02-23,1.4855,1.5085,1.4818,1.5051999999999999,5472
1993-02-24,1.4969999999999999,1.52,1.4887000000000001,1.5165,5422
1993-02-25,1.5065,1.5295,1.5036,1.526,4132
1993-02-26,1.5165,1.5295,1.5154999999999998,1.526,1851
1993-02-28,1.5312000000000001,1.5405,1.525,1.538,2421
1993-03-01,1.5312000000000001,1.5405,1.5173999999999999,1.521,4982
1993-03-02,1.538,1.5387,1.5097,1.5230000000000001,5802
1993-03-03,1.5198,1.5283,1.5097,1.521,5842
1993-03-04,1.5230000000000001,1.552,1.5143,1.5455,6732
1993-03-05,1.521,1.552,1.5191,1.5455,4131
1993-03-07,1.5474999999999999,1.5483,1.5352999999999999,1.5394999999999999,1801
1993-03-08,1.5474999999999999,1.5483,1.5312000000000001,1.54,4512
1993-03-09,1.5394999999999999,1.545,1.5312000000000001,1.5327,3612
1993-03-10,1.5403,1.541,1.5204,1.5234999999999999,3402
1993-03-11,1.5327,1.5375,1.5150000000000001,1.52,4982
1993-03-12,1.5238,1.5293,1.5150000000000001,1.52,2481
1993-03-14,1.5223,1.5295999999999998,1.5205,1.522,1791
1993-03-15,1.5223,1.5295999999999998,1.5144,1.5255,3772
1993-03-16,1.5227,1.5345,1.5144,1.532,3932
1993-03-17,1.5255,1.5363,1.506,1.5065,5462
1993-03-18,1.532,1.5363,1.5,1.508,6162
1993-03-19,1.5065,1.514,1.5,1.508,2651
1993-03-21,1.513,1.517,1.5074999999999998,1.5137,1831
1993-03-22,1.513,1.517,1.5074999999999998,1.5095,2992
1993-03-23,1.5137,1.517,1.5037,1.5150000000000001,3272
1993-03-24,1.5095,1.524,1.5037,1.5230000000000001,3852
1993-03-25,1.5150000000000001,1.524,1.5085,1.5125,3862
1993-03-26,1.5219,1.5238,1.5085,1.5125,2121
1993-03-28,1.5078,1.5114999999999998,1.5025,1.5038,1401
1993-03-29,1.5078,1.5114999999999998,1.4935,1.4935,2822
1993-03-30,1.5043,1.506,1.4885,1.4885,2822
1993-03-31,1.4935,1.4995,1.472,1.475,5452
1993-04-01,1.4895,1.4995,1.4707,1.479,9112
1993-04-02,1.475,1.498,1.4707,1.479,5061
1993-04-04,1.4767000000000001,1.4826,1.475,1.4763,1481
1993-04-05,1.4767000000000001,1.4905,1.475,1.4845,3532
1993-04-06,1.476,1.4923,1.476,1.4905,3352
1993-04-07,1.4845,1.4923,1.4768,1.4775,2842
1993-04-08,1.4905,1.491,1.4753,1.4756,1992
1993-04-09,1.4785,1.479,1.4753,1.4756,451
1993-04-11,1.4785,1.4785,1.4577,1.462,2511
1993-04-12,1.4785,1.4785,1.4435,1.4455,5502
1993-04-13,1.4622,1.4668,1.4435,1.4578,5162
1993-04-14,1.4465,1.4689999999999999,1.445,1.466,4172
1993-04-15,1.458,1.4832,1.455,1.4825,4242
1993-04-16,1.4665,1.4832,1.464,1.4825,2241
1993-04-18,1.48,1.4805,1.4665,1.4675,1551
1993-04-19,1.48,1.4805,1.4491,1.4592,4742
1993-04-20,1.4675,1.4692,1.4491,1.4555,4922
1993-04-21,1.4592,1.4645000000000001,1.4465,1.4465,4132
1993-04-22,1.4555,1.463,1.4255,1.428,5192
1993-04-23,1.4465,1.4487,1.4255,1.428,2791
1993-04-25,1.4255,1.4285999999999999,1.4137,1.4195,2381
1993-04-26,1.4255,1.4285999999999999,1.413,1.4272,4462
1993-04-27,1.419,1.4415,1.413,1.4275,4932
1993-04-28,1.429,1.4415,1.4195,1.4245,5602
1993-04-29,1.427,1.4365,1.4195,1.4304999999999999,4702
1993-04-30,1.424,1.4365,1.4235,1.4304999999999999,1951
1993-05-02,1.43,1.4443,1.4275,1.4275,3111
1993-05-03,1.43,1.4443,1.4157,1.419,5232
1993-05-04,1.429,1.4313,1.4109,1.417,3842
1993-05-05,1.419,1.425,1.4109,1.4125,3872
1993-05-06,1.416,1.4295,1.4075,1.429,4902
1993-05-07,1.4125,1.4295,1.4075,1.429,2751
1993-05-09,1.43,1.459,1.426,1.457,3901
1993-05-10,1.43,1.4642,1.426,1.4602,6322
1993-05-11,1.456,1.4682,1.45,1.462,4212
1993-05-12,1.4575,1.4682,1.4538,1.462,3722
1993-05-13,1.4595,1.4655,1.4475,1.4495,4332
1993-05-14,1.4615,1.4655,1.4475,1.4495,2401
1993-05-16,1.4525000000000001,1.4715,1.4473,1.4665,3441
1993-05-17,1.4525000000000001,1.4825,1.4473,1.4805,5642
1993-05-18,1.4625,1.4825,1.4625,1.4735,4552
1993-05-19,1.4809999999999999,1.4815,1.4605000000000001,1.468,4852
1993-05-20,1.476,1.4769999999999999,1.4605000000000001,1.468,4512
1993-05-21,1.4665,1.4758,1.465,1.468,2011
1993-05-23,1.47,1.48,1.464,1.47,3201
1993-05-24,1.47,1.48,1.4555,1.4575,5392
1993-05-25,1.468,1.4717,1.4505,1.453,4432
1993-05-26,1.458,1.4642,1.4264999999999999,1.4541,8132
1993-05-27,1.453,1.4565000000000001,1.415,1.4186,8602
1993-05-28,1.4285,1.4335,1.415,1.4186,2711
1993-05-30,1.42,1.424,1.4175,1.4205,1251
1993-05-31,1.42,1.427,1.4144999999999999,1.415,3252
1993-06-01,1.42,1.429,1.414,1.4245,4052
1993-06-02,1.415,1.4324,1.414,1.427,4432
1993-06-03,1.424,1.467,1.419,1.463,7082
1993-06-04,1.425,1.467,1.4245,1.463,4701
1993-06-06,1.4595,1.465,1.4525000000000001,1.454,1951
1993-06-07,1.4595,1.465,1.4495,1.461,3902
1993-06-08,1.4525000000000001,1.4783,1.4495,1.471,4862
1993-06-09,1.4595,1.4783,1.458,1.4605000000000001,5202
1993-06-10,1.472,1.4762,1.445,1.4535,5792
1993-06-11,1.4605000000000001,1.466,1.445,1.4535,3501
1993-06-13,1.45,1.4553,1.441,1.4535,2511
1993-06-14,1.45,1.4745,1.441,1.4715,6522
1993-06-15,1.454,1.4905,1.4457,1.4835,7612
1993-06-16,1.4695,1.491,1.4655,1.4815,6252
1993-06-17,1.484,1.508,1.4765,1.5013,6472
1993-06-18,1.4795,1.508,1.478,1.5013,3821
1993-06-20,1.498,1.51,1.498,1.5005,2151
1993-06-21,1.498,1.5158,1.496,1.5114999999999998,5062
1993-06-22,1.501,1.5190000000000001,1.496,1.505,6162
1993-06-23,1.5085,1.5218,1.501,1.516,6192
1993-06-24,1.506,1.5218,1.502,1.514,6282
1993-06-25,1.517,1.5202,1.502,1.514,3341
1993-06-27,1.512,1.522,1.5015,1.504,3301
1993-06-28,1.512,1.522,1.4938,1.4975,5992
1993-06-29,1.504,1.5175,1.491,1.514,6442
1993-06-30,1.4985,1.5266,1.491,1.508,8372
1993-07-01,1.5110000000000001,1.5266,1.494,1.512,8272
1993-07-02,1.5065,1.5150000000000001,1.494,1.512,3651
1993-07-04,1.5074999999999998,1.517,1.5070000000000001,1.5135,1401
1993-07-05,1.5074999999999998,1.5225,1.505,1.5125,4852
1993-07-06,1.512,1.5225,1.5038,1.5114999999999998,6342
1993-07-07,1.512,1.5225,1.5038,1.5110000000000001,5992
1993-07-08,1.5110000000000001,1.5382,1.5070000000000001,1.5310000000000001,6642
1993-07-09,1.51,1.5382,1.51,1.5310000000000001,3541
1993-07-11,1.5335,1.5411000000000001,1.5274,1.5285,2241
1993-07-12,1.5335,1.5411000000000001,1.5154,1.5190000000000001,4862
1993-07-13,1.5270000000000001,1.5325,1.5067,1.51,6192
1993-07-14,1.5185,1.5288,1.504,1.5190000000000001,6092
1993-07-15,1.5098,1.5270000000000001,1.504,1.506,5882
1993-07-16,1.518,1.5270000000000001,1.5042,1.506,3361
1993-07-18,1.508,1.5098,1.4954,1.501,2181
1993-07-19,1.508,1.5098,1.4935,1.496,4632
1993-07-20,1.5005,1.508,1.4935,1.4995,4252
1993-07-21,1.4955,1.508,1.495,1.504,3052
1993-07-22,1.5005,1.522,1.5,1.5194999999999999,4202
1993-07-23,1.505,1.522,1.5,1.5194999999999999,2951
1993-07-25,1.517,1.525,1.5157,1.5190000000000001,1661
1993-07-26,1.517,1.5253,1.5157,1.521,3182
1993-07-27,1.52,1.5253,1.5108000000000001,1.5114999999999998,3012
1993-07-28,1.52,1.5305,1.505,1.528,5192
1993-07-29,1.514,1.532,1.505,1.5230000000000001,6502
1993-07-30,1.524,1.532,1.5175,1.5230000000000001,2801
1993-08-01,1.5225,1.5305,1.4925,1.4945,4801
1993-08-02,1.5225,1.5305,1.4919,1.5025,6922
1993-08-03,1.4925,1.512,1.4919,1.5034999999999998,4072
1993-08-04,1.501,1.517,1.501,1.5072999999999999,4722
1993-08-05,1.505,1.517,1.498,1.5034999999999998,5312
1993-08-06,1.5055,1.5117,1.498,1.5034999999999998,2541
1993-08-08,1.505,1.508,1.4988000000000001,1.5030999999999999,1651
1993-08-09,1.505,1.5295,1.4988000000000001,1.5265,4652
1993-08-10,1.5025,1.5350000000000001,1.5025,1.5335,5052
1993-08-11,1.525,1.5381,1.5205,1.5245,4972
1993-08-12,1.5295,1.5381,1.5154999999999998,1.5234999999999999,6082
1993-08-13,1.5245,1.5318,1.5154999999999998,1.5234999999999999,3161
1993-08-15,1.5270000000000001,1.528,1.4875,1.496,5001
1993-08-16,1.5270000000000001,1.528,1.4875,1.5034999999999998,7572
1993-08-17,1.4929999999999999,1.5081,1.4795,1.4865,6072
1993-08-18,1.5025,1.505,1.4729999999999999,1.4865,7552
1993-08-19,1.487,1.4935,1.4665,1.4675,7592
1993-08-20,1.4855,1.4932,1.4665,1.4675,3541
1993-08-22,1.478,1.487,1.466,1.4805,3951
1993-08-23,1.478,1.488,1.466,1.474,6752
1993-08-24,1.482,1.4895,1.47,1.4809999999999999,5902
1993-08-25,1.476,1.4895,1.4642,1.4723,6292
1993-08-26,1.484,1.486,1.462,1.4675,5742
1993-08-27,1.47,1.476,1.462,1.4675,2551
1993-08-29,1.472,1.4769999999999999,1.4655,1.472,2301
1993-08-30,1.472,1.484,1.465,1.4785,5302
1993-08-31,1.4705,1.484,1.4555,1.4585,6102
1993-09-01,1.4785,1.4809999999999999,1.442,1.445,5752
1993-09-02,1.4585,1.462,1.4184999999999999,1.422,7322
1993-09-03,1.4465,1.4541,1.4184999999999999,1.422,4671
1993-09-05,1.4285,1.4304999999999999,1.4138,1.42,2491
1993-09-06,1.4285,1.433,1.41,1.4195,7042
1993-09-07,1.42,1.433,1.41,1.4175,6352
1993-09-08,1.4165,1.4255,1.3963999999999999,1.4005,5322
1993-09-09,1.4175,1.4224999999999999,1.3875,1.393,7372
1993-09-10,1.4005,1.4104999999999999,1.3875,1.393,3851
1993-09-12,1.3985,1.411,1.3885,1.4020000000000001,4151
1993-09-13,1.3985,1.4135,1.3885,1.4015,7502
1993-09-14,1.404,1.4135,1.3805,1.3915,6902
1993-09-15,1.4020000000000001,1.409,1.3805,1.4,7432
1993-09-16,1.391,1.4093,1.3851,1.4055,5992
1993-09-17,1.4,1.4093,1.396,1.4055,2111
1993-09-19,1.4005,1.413,1.399,1.401,2751
1993-09-20,1.4005,1.4364,1.3963,1.423,8522
1993-09-21,1.4005,1.4364,1.3963,1.422,8772
1993-09-22,1.421,1.438,1.4125,1.433,5602
1993-09-23,1.417,1.4419,1.417,1.429,5282
1993-09-24,1.431,1.4419,1.4275,1.429,2681
1993-09-26,1.424,1.4278,1.4165,1.4224999999999999,2111
1993-09-27,1.424,1.4278,1.408,1.412,5062
1993-09-28,1.4215,1.4275,1.404,1.413,5452
1993-09-29,1.412,1.4318,1.404,1.426,5062
1993-09-30,1.415,1.4392,1.4135,1.424,6502
1993-10-01,1.425,1.4392,1.419,1.424,3941
1993-10-03,1.4365,1.4395,1.414,1.418,3251
1993-10-04,1.4365,1.4395,1.4102999999999999,1.423,5842
1993-10-05,1.4175,1.431,1.4102999999999999,1.4235,5102
1993-10-06,1.423,1.431,1.4182000000000001,1.4255,4262
1993-10-07,1.424,1.4303,1.3980000000000001,1.4045,5392
1993-10-08,1.4255,1.4267,1.3980000000000001,1.4045,3641
1993-10-10,1.401,1.41,1.3998,1.4071,1431
1993-10-11,1.401,1.41,1.3945,1.3995,3582
1993-10-12,1.407,1.409,1.3945,1.404,3752
1993-10-13,1.396,1.426,1.396,1.423,4652
1993-10-14,1.4045,1.431,1.4015,1.4278,4272
1993-10-15,1.422,1.431,1.422,1.4278,1221
1993-10-17,1.4275,1.451,1.425,1.447,3251
1993-10-18,1.4275,1.4515,1.425,1.448,5032
1993-10-19,1.445,1.459,1.4408,1.4505,5172
1993-10-20,1.448,1.4735,1.4408,1.4729999999999999,6192
1993-10-21,1.451,1.4795,1.4485000000000001,1.478,5102
1993-10-22,1.472,1.4795,1.465,1.478,2301
1993-10-24,1.476,1.4875,1.4675,1.4845,3151
1993-10-25,1.476,1.4875,1.4675,1.4775,4942
1993-10-26,1.484,1.487,1.4748,1.4815,3342
1993-10-27,1.4769999999999999,1.496,1.471,1.478,6302
1993-10-28,1.4805,1.496,1.471,1.4925,7252
1993-10-29,1.4775,1.4929999999999999,1.4729999999999999,1.4925,2501
1993-10-31,1.491,1.5053,1.488,1.502,2361
1993-11-01,1.491,1.5135999999999998,1.488,1.5095,5182
1993-11-02,1.5025,1.5135999999999998,1.496,1.499,4532
1993-11-03,1.5074999999999998,1.5095,1.4929999999999999,1.5025,3812
1993-11-04,1.4985,1.5085,1.4895,1.4969999999999999,5502
1993-11-05,1.501,1.5085,1.4895,1.4969999999999999,3401
1993-11-07,1.4929999999999999,1.4963,1.4809999999999999,1.4845,2211
1993-11-08,1.4929999999999999,1.499,1.4809999999999999,1.4929999999999999,4662
1993-11-09,1.4845,1.5,1.4825,1.4895,4602
1993-11-10,1.492,1.5,1.4865,1.4965,4012
1993-11-11,1.4895,1.509,1.4842,1.4901,6232
1993-11-12,1.496,1.509,1.4842,1.4901,4371
1993-11-14,1.491,1.4965,1.4849999999999999,1.495,1901
1993-11-15,1.491,1.5077,1.4849999999999999,1.504,4122
1993-11-16,1.495,1.5105,1.492,1.4969999999999999,5322
1993-11-17,1.5030000000000001,1.5105,1.492,1.505,4722
1993-11-18,1.4969999999999999,1.5125,1.4955,1.5055,3972
1993-11-19,1.5030000000000001,1.5125,1.4995,1.5055,2351
1993-11-21,1.504,1.5085,1.4885,1.495,3101
1993-11-22,1.504,1.5085,1.4845,1.4925,6152
1993-11-23,1.494,1.5005,1.4845,1.4927000000000001,4732
1993-11-24,1.4915,1.5,1.4875,1.4983,2922
1993-11-25,1.4925,1.5055,1.4909,1.498,3132
1993-11-26,1.4975,1.5055,1.4958,1.498,1891
1993-11-28,1.4995,1.5034999999999998,1.4895,1.491,1951
1993-11-29,1.4995,1.5034999999999998,1.4885,1.499,3752
1993-11-30,1.49,1.504,1.4885,1.5,3802
1993-12-01,1.498,1.504,1.4929999999999999,1.496,3302
1993-12-02,1.5,1.508,1.482,1.4905,5902
1993-12-03,1.4965,1.508,1.482,1.4905,4601
1993-12-05,1.4889999999999999,1.49,1.457,1.4615,3851
1993-12-06,1.4889999999999999,1.49,1.457,1.4595,5852
1993-12-07,1.4625,1.4735,1.457,1.471,3602
1993-12-08,1.46,1.476,1.46,1.4655,3602
1993-12-09,1.4695,1.476,1.4495,1.4545,4352
1993-12-10,1.464,1.466,1.4495,1.4545,2351
1993-12-12,1.453,1.4687999999999999,1.4495,1.467,2461
1993-12-13,1.453,1.472,1.4495,1.465,4462
1993-12-14,1.466,1.472,1.461,1.4691,3442
1993-12-15,1.4645000000000001,1.4729999999999999,1.4562,1.4601,3962
1993-12-16,1.4685000000000001,1.4729999999999999,1.453,1.4623,4082
1993-12-17,1.4593,1.4623,1.453,1.4623,1561
1993-12-19,1.461,1.466,1.4555,1.4581,1811
1993-12-20,1.461,1.466,1.4465,1.451,3762
1993-12-21,1.4555,1.4585,1.4319,1.4385,5322
1993-12-22,1.448,1.4535,1.4313,1.432,4812
1993-12-23,1.437,1.444,1.4313,1.4375,3442
1993-12-24,1.4335,1.444,1.432,1.4375,2001
1993-12-26,1.435,1.4475,1.435,1.444,1601
1993-12-27,1.435,1.4475,1.435,1.4391,3582
1993-12-28,1.4425,1.4705,1.4354,1.467,5832
1993-12-29,1.4385,1.486,1.437,1.4830999999999999,7002
1993-12-30,1.466,1.4903,1.4617,1.4885,5232
1993-12-31,1.4815,1.4903,1.4764,1.4885,2081
1994-01-02,1.487,1.494,1.4745,1.4931,3291
1994-01-03,1.487,1.4955,1.4745,1.482,5242
1994-01-04,1.4935,1.4955,1.4745,1.4806,4162
1994-01-05,1.4825,1.4865,1.4675,1.4826,5502
1994-01-06,1.4805,1.4849999999999999,1.464,1.4671,5962
1994-01-07,1.482,1.4848,1.464,1.4671,2671
1994-01-09,1.467,1.4741,1.4625,1.4721,1811
1994-01-10,1.467,1.4815,1.4625,1.4781,3432
1994-01-11,1.4707,1.4815,1.46,1.462,3822
1994-01-12,1.478,1.4825,1.456,1.4786000000000001,5842
1994-01-13,1.462,1.4893,1.456,1.4786000000000001,6322
1994-01-14,1.4778,1.4893,1.4755,1.4786000000000001,2681
1994-01-16,1.4809999999999999,1.4825,1.4725,1.4755,1451
1994-01-17,1.4809999999999999,1.4825,1.4595,1.4616,3862
1994-01-18,1.4745,1.478,1.456,1.4616,3952
1994-01-19,1.46,1.4695,1.4515,1.4561,4552
1994-01-20,1.462,1.4695,1.4498,1.4651,5892
1994-01-21,1.4545,1.4695,1.4498,1.4651,2881
1994-01-23,1.468,1.4725,1.463,1.4666000000000001,1761
1994-01-24,1.468,1.4765,1.463,1.4666000000000001,3972
1994-01-25,1.4675,1.4765,1.463,1.4701,4312
1994-01-26,1.4665,1.4753,1.459,1.4601,4002
1994-01-27,1.4705,1.4737,1.4495,1.4701,5242
1994-01-28,1.4605000000000001,1.471,1.4495,1.4701,3341
1994-01-30,1.471,1.472,1.453,1.457,2401
1994-01-31,1.471,1.472,1.442,1.4491,4962
1994-02-01,1.4555,1.458,1.442,1.4501,4102
1994-02-02,1.4475,1.4616,1.442,1.4511,5452
1994-02-03,1.451,1.475,1.442,1.4721,8152
1994-02-04,1.4515,1.475,1.4435,1.4721,4241
1994-02-06,1.4745,1.4765,1.4653,1.4686,1651
1994-02-07,1.4745,1.4843,1.465,1.4801,4202
1994-02-08,1.467,1.4843,1.465,1.4771,4222
1994-02-09,1.48,1.488,1.4715,1.4791,4562
1994-02-10,1.475,1.488,1.4715,1.4795,5092
1994-02-11,1.4765,1.4853,1.4727999999999999,1.4795,2201
1994-02-13,1.4765,1.4805,1.4515,1.4571,3861
1994-02-14,1.4765,1.4805,1.4443,1.4561,7212
1994-02-15,1.457,1.4615,1.4443,1.4541,5412
1994-02-16,1.4545,1.464,1.448,1.4571,4352
1994-02-17,1.456,1.464,1.441,1.4441,4352
1994-02-18,1.4545,1.4565000000000001,1.441,1.4441,2061
1994-02-20,1.4435,1.4598,1.4415,1.4565000000000001,2361
1994-02-21,1.4435,1.4598,1.4415,1.4501,4022
1994-02-22,1.4555,1.458,1.447,1.4541,3002
1994-02-23,1.4505,1.4614,1.4282,1.4311,5792
1994-02-24,1.453,1.4614,1.4215,1.4285999999999999,7502
1994-02-25,1.4315,1.4382,1.4215,1.4285999999999999,3051
1994-02-27,1.429,1.4348,1.4216,1.4255,2291
1994-02-28,1.429,1.4437,1.4216,1.4381,4822
1994-03-01,1.426,1.4455,1.4215,1.4311,6642
1994-03-02,1.438,1.4455,1.4215,1.4381,5452
1994-03-03,1.4315,1.445,1.429,1.4401,3332
1994-03-04,1.437,1.445,1.4335,1.4401,1991
1994-03-06,1.442,1.448,1.4355,1.4401,2311
1994-03-07,1.442,1.448,1.433,1.4381,3942
1994-03-08,1.438,1.4412,1.4285,1.4285,3182
1994-03-09,1.436,1.44,1.411,1.4156,4152
1994-03-10,1.427,1.4297,1.4101,1.4221,4892
1994-03-11,1.417,1.4241,1.4101,1.4221,2291
1994-03-13,1.4235,1.4395,1.42,1.4361,2641
1994-03-14,1.4235,1.446,1.42,1.4431,4082
1994-03-15,1.4355,1.446,1.4299,1.4321,3322
1994-03-16,1.4425,1.4445000000000001,1.4259,1.4386,4142
1994-03-17,1.433,1.445,1.4259,1.4416,4472
1994-03-18,1.4395,1.445,1.4329,1.4416,2211
1994-03-20,1.4418,1.4435,1.429,1.4325999999999999,1981
1994-03-21,1.4418,1.4435,1.421,1.4276,4342
1994-03-22,1.431,1.4344999999999999,1.421,1.4275,4412
1994-03-23,1.429,1.434,1.4131,1.4166,4542
1994-03-24,1.4264999999999999,1.4304999999999999,1.412,1.4176,4652
1994-03-25,1.419,1.4235,1.412,1.4176,2161
1994-03-27,1.4165,1.427,1.416,1.4221,1641
1994-03-28,1.4165,1.4291,1.4139,1.4251,4272
1994-03-29,1.421,1.4291,1.4139,1.4191,4742
1994-03-30,1.422,1.427,1.4026,1.4135,5192
1994-03-31,1.4184999999999999,1.432,1.4026,1.4281,5822
1994-04-01,1.4115,1.432,1.41,1.4281,2741
1994-04-03,1.426,1.431,1.42,1.4251,2111
1994-04-04,1.426,1.4505,1.42,1.4481,5602
1994-04-05,1.425,1.452,1.4215,1.4485999999999999,5222
1994-04-06,1.4465,1.453,1.4423,1.4461,3592
1994-04-07,1.4485000000000001,1.453,1.438,1.4465,4012
1994-04-08,1.446,1.449,1.438,1.4465,2151
1994-04-10,1.4405000000000001,1.445,1.4355,1.4411,1841
1994-04-11,1.4405000000000001,1.4527,1.4355,1.4451,3922
1994-04-12,1.4405000000000001,1.4527,1.438,1.4396,3642
1994-04-13,1.444,1.45,1.438,1.4471,3402
1994-04-14,1.4415,1.46,1.438,1.4541,3802
1994-04-15,1.4465,1.46,1.4464000000000001,1.4541,1961
1994-04-17,1.453,1.462,1.445,1.4485999999999999,2961
1994-04-18,1.453,1.462,1.4375,1.4431,5322
1994-04-19,1.4465,1.451,1.4315,1.4341,4492
1994-04-20,1.442,1.4461,1.428,1.4351,3872
1994-04-21,1.4315,1.441,1.428,1.4351,3332
1994-04-22,1.433,1.441,1.432,1.4351,1591
1994-04-24,1.43,1.436,1.428,1.4351,1091
1994-04-25,1.43,1.441,1.4276,1.4301,3182
1994-04-26,1.436,1.441,1.4215,1.4251,4102
1994-04-27,1.429,1.4335,1.4104999999999999,1.4126,4622
1994-04-28,1.4285,1.4315,1.3940000000000001,1.4027,6382
1994-04-29,1.411,1.417,1.3940000000000001,1.4027,3771
1994-05-01,1.403,1.4102999999999999,1.3980000000000001,1.4026,2421
1994-05-02,1.403,1.4102999999999999,1.3934,1.3971,4622
1994-05-03,1.4025,1.4175,1.3934,1.4071,6032
1994-05-04,1.3980000000000001,1.4226,1.3938,1.416,6322
1994-05-05,1.4064999999999999,1.4255,1.4054,1.4131,5202
1994-05-06,1.417,1.4255,1.41,1.4131,2711
1994-05-08,1.413,1.4184999999999999,1.4095,1.4111,1611
1994-05-09,1.413,1.4365,1.4095,1.4325999999999999,4602
1994-05-10,1.4125,1.4375,1.4115,1.4251,5352
1994-05-11,1.4325,1.4375,1.4215,1.4251,4972
1994-05-12,1.426,1.435,1.4215,1.4251,4522
1994-05-13,1.424,1.4316,1.4215,1.4251,1911
1994-05-15,1.427,1.4324,1.4243000000000001,1.4271,1611
1994-05-16,1.427,1.4324,1.4115,1.4224999999999999,4612
1994-05-17,1.4264999999999999,1.4285,1.4060000000000001,1.409,5452
1994-05-18,1.4235,1.4255,1.4060000000000001,1.4135,3632
1994-05-19,1.4075,1.4155,1.4022000000000001,1.4062000000000001,3162
1994-05-20,1.413,1.4155,1.4022000000000001,1.4062000000000001,1981
1994-05-22,1.4075,1.4123999999999999,1.4,1.4035,2081
1994-05-23,1.4075,1.4155,1.4,1.4144999999999999,3382
1994-05-24,1.4035,1.416,1.3993,1.404,3642
1994-05-25,1.414,1.416,1.3977,1.407,4132
1994-05-26,1.4025,1.4102999999999999,1.3977,1.4024,3452
1994-05-27,1.4060000000000001,1.4102999999999999,1.4002,1.4024,1661
1994-05-29,1.4025,1.4083999999999999,1.3994,1.4062999999999999,1421
1994-05-30,1.4025,1.4083999999999999,1.3963999999999999,1.4025,3492
1994-05-31,1.4020000000000001,1.407,1.3955,1.4020000000000001,3842
1994-06-01,1.4015,1.407,1.3955,1.404,3332
1994-06-02,1.4,1.4235,1.3972,1.419,4562
1994-06-03,1.404,1.4235,1.401,1.419,3001
1994-06-05,1.4198,1.4216,1.4125,1.4175,1591
1994-06-06,1.4198,1.4216,1.41,1.414,3242
1994-06-07,1.4155,1.419,1.4082,1.4132,3212
1994-06-08,1.412,1.4166,1.4082,1.411,2822
1994-06-09,1.413,1.4166,1.4035,1.4060000000000001,2652
1994-06-10,1.4095,1.4122,1.4035,1.4060000000000001,1391
1994-06-12,1.4055,1.4096,1.3849,1.3865,3041
1994-06-13,1.4055,1.4096,1.3815,1.387,4592
1994-06-14,1.3865,1.3895,1.3695,1.3719999999999999,4102
1994-06-15,1.3865,1.3895,1.3635,1.3719999999999999,4752
1994-06-16,1.3719999999999999,1.3808,1.3517000000000001,1.3557000000000001,6592
1994-06-17,1.37,1.3808,1.3517000000000001,1.3557000000000001,4391
1994-06-19,1.3559999999999999,1.3615,1.342,1.3495,3251
1994-06-20,1.3559999999999999,1.3615,1.3365,1.3439999999999999,6872
1994-06-21,1.35,1.3576,1.3365,1.3505,5362
1994-06-22,1.3435000000000001,1.358,1.342,1.351,4192
1994-06-23,1.3525,1.358,1.325,1.3285,5902
1994-06-24,1.3479999999999999,1.3519999999999999,1.325,1.3285,3451
1994-06-26,1.322,1.3292,1.315,1.3285,2191
1994-06-27,1.322,1.3382,1.315,1.3285,4782
1994-06-28,1.33,1.3382,1.3225,1.3342,4662
1994-06-29,1.3265,1.3483,1.3225,1.3335,5482
1994-06-30,1.333,1.3483,1.33,1.3405,6112
1994-07-01,1.3325,1.3475,1.33,1.3405,2701
1994-07-03,1.34,1.3466,1.3345,1.3394,2361
1994-07-04,1.34,1.3466,1.325,1.3265,4932
1994-07-05,1.339,1.3441,1.3159,1.3277,5662
1994-07-06,1.325,1.3355000000000001,1.3159,1.3235000000000001,4992
1994-07-07,1.3305,1.3355000000000001,1.3138,1.3175,4892
1994-07-08,1.323,1.3315000000000001,1.3138,1.3175,2991
1994-07-10,1.3118,1.313,1.2818,1.289,3961
1994-07-11,1.3118,1.313,1.28,1.293,6482
1994-07-12,1.289,1.3012000000000001,1.28,1.3005,4872
1994-07-13,1.292,1.3139,1.2852000000000001,1.3115,4902
1994-07-14,1.301,1.3161,1.2959,1.3085,4422
1994-07-15,1.31,1.3161,1.306,1.3085,1871
1994-07-17,1.303,1.307,1.297,1.3062,1681
1994-07-18,1.303,1.3288,1.297,1.3288,4592
1994-07-19,1.3063,1.3365,1.303,1.3205,6502
1994-07-20,1.327,1.3482,1.3128,1.3467,7952
1994-07-21,1.3195000000000001,1.3595,1.3128,1.3567,6742
1994-07-22,1.3445,1.3595,1.3415,1.3567,2381
1994-07-24,1.3479999999999999,1.3519999999999999,1.341,1.3487,2131
1994-07-25,1.3479999999999999,1.3559999999999999,1.341,1.3455,4282
1994-07-26,1.3479999999999999,1.3559999999999999,1.3315000000000001,1.3345,4102
1994-07-27,1.3439999999999999,1.3525,1.325,1.3505,5852
1994-07-28,1.3345,1.3551,1.325,1.34,6322
1994-07-29,1.3479999999999999,1.3551,1.339,1.34,2421
1994-07-31,1.332,1.336,1.3237999999999999,1.332,2441
1994-08-01,1.332,1.3407,1.3237999999999999,1.338,4002
1994-08-02,1.33,1.3425,1.3289,1.332,3562
1994-08-03,1.337,1.3439999999999999,1.3285,1.341,4052
1994-08-04,1.3305,1.345,1.3285,1.334,4452
1994-08-05,1.34,1.345,1.33,1.334,2401
1994-08-07,1.331,1.3383,1.3295,1.3345,1411
1994-08-08,1.331,1.3405,1.3295,1.3345,3212
1994-08-09,1.3345,1.3405,1.3229,1.3373,4182
1994-08-10,1.3323,1.34,1.3106,1.314,6112
1994-08-11,1.3355000000000001,1.34,1.2978,1.3022,6292
1994-08-12,1.314,1.3165,1.2978,1.3022,2561
1994-08-14,1.3035,1.307,1.2995999999999999,1.3027,1401
1994-08-15,1.3035,1.3141,1.2934,1.3141,4322
1994-08-16,1.3019,1.3178,1.2934,1.3042,5112
1994-08-17,1.3129,1.3178,1.2938,1.2974,4062
1994-08-18,1.3031,1.306,1.2886,1.298,3592
1994-08-19,1.2964,1.298,1.2886,1.298,1721
1994-08-21,1.2949,1.2983,1.285,1.2896,2131
1994-08-22,1.2949,1.3008,1.285,1.2922,4692
1994-08-23,1.2892000000000001,1.3048,1.2865,1.3038,4352
1994-08-24,1.2911000000000001,1.3085,1.2894999999999999,1.3032,3542
1994-08-25,1.3027,1.3362,1.2995,1.3321,6022
1994-08-26,1.303,1.3362,1.3003,1.3321,4271
1994-08-28,1.3327,1.3486,1.3274,1.3338,4131
1994-08-29,1.3327,1.3486,1.3268,1.3303,6412
1994-08-30,1.3333,1.3397000000000001,1.3255,1.3323,4062
1994-08-31,1.3293,1.3359,1.3195000000000001,1.3235999999999999,3792
1994-09-01,1.3315000000000001,1.3335,1.3035,1.3048,6162
1994-09-02,1.3227,1.3332,1.3035,1.3048,4151
1994-09-04,1.3056,1.3103,1.302,1.3061,1611
1994-09-05,1.3056,1.3103,1.2903,1.2961,4102
1994-09-06,1.3054000000000001,1.3074,1.2883,1.2984,4682
1994-09-07,1.2953000000000001,1.3074,1.2883,1.3026,4652
1994-09-08,1.2974,1.3074,1.278,1.2809,6222
1994-09-09,1.3017,1.3072,1.278,1.2809,3761
1994-09-11,1.2811,1.2883,1.2774,1.2873,1561
1994-09-12,1.2811,1.2955999999999999,1.2774,1.2852000000000001,4512
1994-09-13,1.2869,1.2955999999999999,1.2745,1.2821,5112
1994-09-14,1.2845,1.289,1.2745,1.2871000000000001,3542
1994-09-15,1.2811,1.291,1.2684,1.2812999999999999,5422
1994-09-16,1.2861,1.291,1.2684,1.2812999999999999,4041
1994-09-18,1.2812000000000001,1.2929,1.2789,1.2873,2191
1994-09-19,1.2812000000000001,1.2929,1.2789,1.2868,4422
1994-09-20,1.2863,1.2929,1.2779,1.2833999999999999,4092
1994-09-21,1.286,1.2893,1.2779,1.286,3062
1994-09-22,1.2828,1.2893,1.2806,1.2864,2772
1994-09-23,1.2852999999999999,1.289,1.2806,1.2864,1571
1994-09-25,1.2852000000000001,1.2918,1.2839,1.2862,1481
1994-09-26,1.2852000000000001,1.2918,1.2745,1.2767,3192
1994-09-27,1.2856,1.2902,1.2734,1.2881,3802
1994-09-28,1.2753999999999999,1.2902,1.2734,1.2869,3622
1994-09-29,1.2868,1.2917,1.2812999999999999,1.2891,2952
1994-09-30,1.2859,1.2917,1.283,1.2891,1421
1994-10-02,1.2894999999999999,1.2995,1.2833999999999999,1.2932000000000001,2851
1994-10-03,1.2894999999999999,1.2995,1.283,1.2848,4282
1994-10-04,1.2923,1.2939,1.274,1.2822,3902
1994-10-05,1.2839,1.2872,1.274,1.2796,3592
1994-10-06,1.2810000000000001,1.2846,1.2695,1.2812999999999999,3902
1994-10-07,1.2789,1.2846,1.2695,1.2812999999999999,2781
1994-10-09,1.2812999999999999,1.286,1.2786,1.2841,1201
1994-10-10,1.2812999999999999,1.2934999999999999,1.2786,1.2894,3042
1994-10-11,1.2838,1.2934999999999999,1.2814999999999999,1.2856,3132
1994-10-12,1.2887,1.291,1.2685,1.2694,3682
1994-10-13,1.2851,1.2883,1.2595,1.2636,4472
1994-10-14,1.2692,1.2727,1.2595,1.2636,2081
1994-10-16,1.267,1.2682,1.2428,1.2504,3421
1994-10-17,1.267,1.2682,1.2428,1.2481,4962
1994-10-18,1.2487,1.2530000000000001,1.2395,1.2458,3852
1994-10-19,1.2473,1.2518,1.2367,1.2393,4632
1994-10-20,1.2447,1.2518,1.2351,1.249,4622
1994-10-21,1.2386,1.2518,1.2351,1.249,2301
1994-10-23,1.2495,1.2533,1.241,1.2424,1751
1994-10-24,1.2495,1.2533,1.2354,1.2523,4282
1994-10-25,1.2422,1.255,1.2354,1.2432,4382
1994-10-26,1.2515,1.255,1.2416,1.2549000000000001,3102
1994-10-27,1.2426,1.2681,1.2425,1.2625,5022
1994-10-28,1.254,1.2681,1.245,1.2625,3771
1994-10-30,1.262,1.264,1.2515,1.2570000000000001,2001
1994-10-31,1.262,1.264,1.2445,1.2455,3352
1994-11-01,1.255,1.272,1.2415,1.2635,5652
1994-11-02,1.2455,1.276,1.2415,1.2687,6932
1994-11-03,1.266,1.2784,1.2615,1.2671999999999999,5522
1994-11-04,1.2675,1.2784,1.2638,1.2671999999999999,2891
1994-11-06,1.2657,1.2717,1.2635,1.2694,1271
1994-11-07,1.2657,1.2717,1.2570999999999999,1.2624,3242
1994-11-08,1.2685,1.2845,1.2565,1.283,5402
1994-11-09,1.2612999999999999,1.2894999999999999,1.2565,1.2831000000000001,5762
1994-11-10,1.2814,1.2894999999999999,1.2765,1.2836,3872
1994-11-11,1.282,1.285,1.2765,1.2836,1541
1994-11-13,1.2843,1.3004,1.2825,1.2987,2141
1994-11-14,1.2843,1.3126,1.2825,1.3115,4912
1994-11-15,1.2978,1.314,1.2919,1.3044,4522
1994-11-16,1.3099,1.314,1.2968,1.3082,3462
1994-11-17,1.3025,1.3211,1.2968,1.3195000000000001,3682
1994-11-18,1.308,1.3211,1.3054999999999999,1.3195000000000001,1971
1994-11-20,1.3197,1.3266,1.315,1.3184,2191
1994-11-21,1.3197,1.3266,1.3129,1.3165,4532
1994-11-22,1.3173,1.325,1.309,1.3195000000000001,4312
1994-11-23,1.3158,1.3245,1.309,1.324,2902
1994-11-24,1.3183,1.3245,1.3145,1.3215,2732
1994-11-25,1.3227,1.3241,1.3145,1.3215,1801
1994-11-27,1.324,1.3302,1.3215,1.3256000000000001,1581
1994-11-28,1.324,1.3307,1.3187,1.328,3692
1994-11-29,1.3251,1.3344,1.3187,1.3262,4182
1994-11-30,1.3273,1.3344,1.3235000000000001,1.3304,3722
1994-12-01,1.3255,1.3366,1.3235000000000001,1.3348,2822
1994-12-02,1.3293,1.3366,1.328,1.3348,1171
1994-12-04,1.3315000000000001,1.334,1.324,1.3264,1491
1994-12-05,1.3315000000000001,1.334,1.3205,1.3279,3232
1994-12-06,1.3253,1.3313,1.3205,1.3255,3702
1994-12-07,1.3265,1.3403,1.321,1.3377,4252
1994-12-08,1.3246,1.3426,1.3223,1.3373,3782
1994-12-09,1.3368,1.3426,1.3349,1.3373,1491
1994-12-11,1.3365,1.342,1.3314,1.3345,1921
1994-12-12,1.3365,1.342,1.324,1.3322,4132
1994-12-13,1.3333,1.3356,1.324,1.3262,3312
1994-12-14,1.3316,1.333,1.324,1.3275000000000001,2112
1994-12-15,1.3254000000000001,1.335,1.324,1.3334,2212
1994-12-16,1.3264,1.335,1.3255,1.3334,1201
1994-12-18,1.3329,1.338,1.3302,1.3324,1511
1994-12-19,1.3329,1.338,1.3268,1.3289,2522
1994-12-20,1.3312,1.3369,1.3233,1.3365,2852
1994-12-21,1.3277,1.3369,1.3233,1.3322,3122
1994-12-22,1.3356,1.3369,1.328,1.3341,2302
1994-12-23,1.3311,1.3346,1.328,1.3341,1021
1994-12-25,1.3336000000000001,1.3376000000000001,1.33,1.3335,1511
1994-12-26,1.3336000000000001,1.3376000000000001,1.3285,1.3298,2792
1994-12-27,1.333,1.3365,1.3014999999999999,1.3072,5652
1994-12-28,1.3295,1.3345,1.3014999999999999,1.3145,7572
1994-12-29,1.3053,1.3241,1.3035,1.3099,4992
1994-12-30,1.3132,1.3168,1.3062,1.3099,1791
1995-01-01,1.3086,1.3191,1.3079,1.3191,1191
1995-01-02,1.3086,1.3197,1.3079,1.3159,3002
1995-01-03,1.3182,1.3197,1.307,1.3127,4042
1995-01-04,1.3146,1.3191,1.3005,1.302,3812
1995-01-05,1.3122,1.3135,1.3,1.312,3182
1995-01-06,1.302,1.313,1.3,1.312,1601
1995-01-08,1.3094999999999999,1.3113000000000001,1.2832,1.2887,3541
1995-01-09,1.3094999999999999,1.3113000000000001,1.278,1.2851,6032
1995-01-10,1.2873999999999999,1.2916,1.278,1.2885,3982
1995-01-11,1.2836,1.2942,1.2770000000000001,1.2819,4272
1995-01-12,1.2885,1.2942,1.2770000000000001,1.287,5192
1995-01-13,1.2805,1.294,1.2787,1.287,2411
1995-01-15,1.2885,1.2945,1.2812000000000001,1.2852999999999999,2341
1995-01-16,1.2885,1.2945,1.2812000000000001,1.2872,4202
1995-01-17,1.2844,1.2945,1.2792,1.2919,4332
1995-01-18,1.286,1.2967,1.2707,1.2747,6042
1995-01-19,1.291,1.2967,1.2649,1.2738,6112
1995-01-20,1.2738,1.2776,1.2649,1.2738,2541
1995-01-22,1.2713,1.2742,1.2639,1.2706,1991
1995-01-23,1.2713,1.2742,1.2639,1.2704,3362
1995-01-24,1.2697,1.2793999999999999,1.2625,1.2767,4012
1995-01-25,1.2692999999999999,1.2793999999999999,1.2625,1.2770000000000001,3772
1995-01-26,1.2751000000000001,1.2798,1.2690000000000001,1.2751000000000001,3252
1995-01-27,1.2755,1.2798,1.2690000000000001,1.2751000000000001,2121
1995-01-29,1.2730000000000001,1.279,1.264,1.268,2501
1995-01-30,1.2730000000000001,1.2885,1.263,1.286,5702
1995-01-31,1.267,1.29,1.263,1.2845,4902
1995-02-01,1.2845,1.29,1.2810000000000001,1.2854999999999999,2652
1995-02-02,1.283,1.298,1.2805,1.294,3502
1995-02-03,1.2845,1.298,1.2805,1.294,2551
1995-02-05,1.2925,1.3005,1.292,1.2941,1541
1995-02-06,1.2925,1.3043,1.291,1.3034,3182
1995-02-07,1.2932000000000001,1.3043,1.291,1.2958,3202
1995-02-08,1.3026,1.3035999999999999,1.2902,1.2934999999999999,3142
1995-02-09,1.2949,1.2988,1.2804,1.2823,3942
1995-02-10,1.2925,1.2973,1.2804,1.2823,2361
1995-02-12,1.2810000000000001,1.2861,1.2778,1.285,1261
1995-02-13,1.2810000000000001,1.2882,1.271,1.2742,3732
1995-02-14,1.2839,1.2882,1.271,1.2766,4172
1995-02-15,1.2736,1.2810000000000001,1.2563,1.2607,4372
1995-02-16,1.2753999999999999,1.2770000000000001,1.2455,1.2527,5332
1995-02-17,1.2595,1.2622,1.2455,1.2527,2661
1995-02-19,1.2506,1.2530000000000001,1.2429999999999999,1.2503,1971
1995-02-20,1.2506,1.2579,1.2407,1.2429999999999999,4792
1995-02-21,1.2492,1.2579,1.2397,1.2497,4862
1995-02-22,1.2415,1.2569,1.2397,1.2492,4292
1995-02-23,1.2489,1.2569,1.2417,1.2462,5062
1995-02-24,1.2483,1.2568,1.2417,1.2462,2811
1995-02-26,1.2445,1.2465,1.2318,1.2455,2841
1995-02-27,1.2445,1.2474,1.2318,1.2372,5072
1995-02-28,1.2447,1.2474,1.2317,1.2395,4642
1995-03-01,1.2364,1.2457,1.216,1.2227000000000001,6822
1995-03-02,1.238,1.2457,1.1994,1.2018,9402
1995-03-03,1.2221,1.2345,1.1994,1.2018,4991
1995-03-05,1.1937,1.1955,1.165,1.1758,4311
1995-03-06,1.1937,1.1955,1.1295,1.1451,10862
1995-03-07,1.175,1.1772,1.1173,1.1686,15562
1995-03-08,1.1433,1.1842,1.1173,1.1713,15152
1995-03-09,1.1673,1.1881,1.1515,1.1783,9972
1995-03-10,1.1703999999999999,1.1881,1.165,1.1783,3831
1995-03-12,1.1745,1.1775,1.167,1.1745,2101
1995-03-13,1.1745,1.181,1.167,1.176,4502
1995-03-14,1.175,1.181,1.1468,1.1515,5972
1995-03-15,1.1752,1.1764999999999999,1.1413,1.1656,7482
1995-03-16,1.1509,1.1682,1.1413,1.1522000000000001,6762
1995-03-17,1.1639,1.1662,1.1461000000000001,1.1522000000000001,2851
1995-03-19,1.1481,1.1706,1.1465,1.1676,2871
1995-03-20,1.1481,1.1804999999999999,1.1465,1.1748,6732
1995-03-21,1.1674,1.1804999999999999,1.1575,1.1649,6992
1995-03-22,1.174,1.1794,1.154,1.1631,5882
1995-03-23,1.164,1.1798,1.154,1.1743999999999999,5132
1995-03-24,1.1618,1.1798,1.1616,1.1743999999999999,2381
1995-03-26,1.175,1.176,1.1552,1.1597,2631
1995-03-27,1.175,1.176,1.1432,1.1466,5462
1995-03-28,1.1583,1.1632,1.13,1.1432,6102
1995-03-29,1.1459,1.1801,1.13,1.1685,9682
1995-03-30,1.1424,1.1801,1.1206,1.129,13192
1995-03-31,1.1672,1.1736,1.1206,1.129,6781
1995-04-02,1.1255,1.137,1.1161,1.1171,3341
1995-04-03,1.1255,1.1415,1.1155,1.1320000000000001,7142
1995-04-04,1.1179999999999999,1.1415,1.1155,1.124,6952
1995-04-05,1.1339,1.1392,1.1115,1.1256,7432
1995-04-06,1.124,1.1385,1.1115,1.1294,7852
1995-04-07,1.1237,1.1385,1.1178,1.1294,3571
1995-04-09,1.1352,1.1675,1.135,1.1606,3961
1995-04-10,1.1352,1.1675,1.135,1.156,7072
1995-04-11,1.1597,1.1644,1.147,1.1567,5512
1995-04-12,1.1557,1.1605,1.1395,1.1451,5132
1995-04-13,1.1558,1.1585,1.1395,1.1519,4442
1995-04-14,1.146,1.154,1.1425,1.1519,1711
1995-04-16,1.15,1.1515,1.1245,1.127,3101
1995-04-17,1.15,1.1515,1.1139000000000001,1.1175,5622
1995-04-18,1.1265,1.1400000000000001,1.11,1.1320999999999999,7002
1995-04-19,1.1169,1.1495,1.11,1.1446,7862
1995-04-20,1.133,1.1495,1.1262,1.1289,6422
1995-04-21,1.1451,1.1495,1.1262,1.1289,3041
1995-04-23,1.1202,1.147,1.1155,1.1418,4141
1995-04-24,1.1202,1.147,1.1155,1.1313,7862
1995-04-25,1.1427,1.1475,1.1214,1.1299,8762
1995-04-26,1.1311,1.1475,1.1217,1.1358,6812
1995-04-27,1.1295,1.1572,1.1280000000000001,1.1457,6032
1995-04-28,1.1359,1.1572,1.131,1.1457,4261
1995-04-30,1.1455,1.153,1.143,1.1455,2001
1995-05-01,1.1455,1.153,1.13,1.1353,4732
1995-05-02,1.145,1.1485,1.127,1.1354,5102
1995-05-03,1.1349,1.1391,1.125,1.1329,4832
1995-05-04,1.1353,1.1385,1.123,1.133,5282
1995-05-05,1.1326,1.1373,1.123,1.133,2821
1995-05-07,1.1320000000000001,1.133,1.1225,1.1261,1511
1995-05-08,1.1320000000000001,1.1421999999999999,1.1225,1.1387,3782
1995-05-09,1.126,1.157,1.1245,1.1506,5172
1995-05-10,1.1386,1.1998,1.1365,1.1961,8462
1995-05-11,1.1501000000000001,1.215,1.149,1.2082,8612
1995-05-12,1.1957,1.215,1.1935,1.2082,3051
1995-05-14,1.2095,1.215,1.1973,1.1978,2371
1995-05-15,1.2095,1.2162,1.1915,1.2069,6302
1995-05-16,1.1968,1.2162,1.1915,1.2061,6982
1995-05-17,1.2066,1.2226,1.1935,1.2005,7582
1995-05-18,1.2058,1.2226,1.193,1.2037,7582
1995-05-19,1.2002,1.21,1.193,1.2037,3051
1995-05-21,1.2052,1.2105,1.1957,1.2001,2451
1995-05-22,1.2052,1.2105,1.191,1.2026,5592
1995-05-23,1.2,1.208,1.191,1.1984,5032
1995-05-24,1.2031,1.2065,1.1535,1.1561,7032
1995-05-25,1.1985000000000001,1.2004,1.131,1.1354,8732
1995-05-26,1.1565,1.1595,1.131,1.1354,3591
1995-05-28,1.1356,1.147,1.1313,1.1412,2581
1995-05-29,1.1356,1.1495,1.1313,1.1476,4342
1995-05-30,1.142,1.1746,1.1379,1.168,6352
1995-05-31,1.1477,1.1894,1.1415,1.1596,10152
1995-06-01,1.1682,1.1894,1.1455,1.1607,11312
1995-06-02,1.1602000000000001,1.1745,1.1455,1.1607,5751
1995-06-04,1.1607,1.1654,1.1526,1.1594,2431
1995-06-05,1.1607,1.1743000000000001,1.1526,1.1651,5142
1995-06-06,1.1596,1.1743000000000001,1.1555,1.1663000000000001,5032
1995-06-07,1.1647,1.1737,1.1555,1.1605,4902
1995-06-08,1.1661,1.1737,1.15,1.1612,5292
1995-06-09,1.1602999999999999,1.164,1.15,1.1612,2711
1995-06-11,1.1585,1.1645,1.1522999999999999,1.1544,2031
1995-06-12,1.1585,1.1645,1.148,1.1625,4392
1995-06-13,1.1541,1.1671,1.148,1.1538,4432
1995-06-14,1.1645,1.1719,1.1482,1.1637,5792
1995-06-15,1.1535,1.1719,1.1482,1.1607,5512
1995-06-16,1.1636,1.1685,1.1581,1.1607,1791
1995-06-18,1.1573,1.167,1.152,1.159,2831
1995-06-19,1.1573,1.167,1.151,1.1536,4572
1995-06-20,1.1582,1.162,1.1415,1.1447,4022
1995-06-21,1.1529,1.1626,1.1415,1.1596,4742
1995-06-22,1.143,1.1626,1.142,1.1479,4912
1995-06-23,1.1584,1.1602000000000001,1.1427,1.1479,2451
1995-06-25,1.1458,1.156,1.1451,1.1498,1781
1995-06-26,1.1458,1.156,1.1407,1.1472,3772
1995-06-27,1.1491,1.1648,1.1405,1.1604,5382
1995-06-28,1.1457,1.1648,1.1405,1.1472,6092
1995-06-29,1.1596,1.1637,1.144,1.1485,4412
1995-06-30,1.1466,1.155,1.1455,1.1485,1711
1995-07-02,1.1487,1.1512,1.1434,1.1454,1231
1995-07-03,1.1487,1.1512,1.1434,1.1489,2032
1995-07-04,1.1443,1.1519,1.1434,1.1447,2172
1995-07-05,1.148,1.1519,1.1419,1.1439,3182
1995-07-06,1.1438,1.1665,1.1419,1.1586,5112
1995-07-07,1.143,1.1665,1.1421999999999999,1.1586,3301
1995-07-09,1.1577,1.1632,1.1544,1.1579,1741
1995-07-10,1.1577,1.1723,1.1544,1.1723,3332
1995-07-11,1.1566,1.173,1.1565,1.1654,2772
1995-07-12,1.1716,1.1804999999999999,1.1565,1.1583,5342
1995-07-13,1.1647,1.1804999999999999,1.1565,1.1638,5462
1995-07-14,1.1576,1.167,1.1574,1.1638,1301
1995-07-16,1.1639,1.1724,1.1625,1.1696,1411
1995-07-17,1.1639,1.1724,1.1558,1.1607,3672
1995-07-18,1.1687,1.1711,1.144,1.1479,4822
1995-07-19,1.1599,1.1628,1.144,1.1521,4312
1995-07-20,1.1472,1.1599,1.1443,1.1564,3042
1995-07-21,1.1515,1.1599,1.151,1.1564,1291
1995-07-23,1.1562999999999999,1.1599,1.1479,1.1528,2051
1995-07-24,1.1562999999999999,1.1612,1.1479,1.1602999999999999,3672
1995-07-25,1.1517,1.1612,1.1475,1.1531,3692
1995-07-26,1.1594,1.161,1.1428,1.1497,4192
1995-07-27,1.1519,1.1559,1.1427,1.1496,4622
1995-07-28,1.1482,1.1559,1.1427,1.1496,2501
1995-07-30,1.1467,1.1536,1.1435,1.1532,1371
1995-07-31,1.1467,1.1538,1.134,1.1387,3992
1995-08-01,1.1521,1.1632,1.134,1.1599,5662
1995-08-02,1.1379,1.1632,1.137,1.1498,4922
1995-08-03,1.1586,1.1596,1.1458,1.1534,3582
1995-08-04,1.1482,1.1591,1.148,1.1534,1701
1995-08-06,1.1545,1.1681,1.1518,1.1673,1981
1995-08-07,1.1545,1.1722,1.1518,1.1683,3602
1995-08-08,1.1665,1.1722,1.161,1.1641,2952
1995-08-09,1.1672,1.1815,1.161,1.1776,4002
1995-08-10,1.1633,1.1981,1.161,1.1974,5012
1995-08-11,1.1762,1.1981,1.1758,1.1974,2341
1995-08-13,1.1996,1.205,1.1901,1.1952,2541
1995-08-14,1.1996,1.2367,1.1885,1.2367,7932
1995-08-15,1.1942,1.2442,1.1885,1.2335,9202
1995-08-16,1.2358,1.2442,1.2159,1.2242,7722
1995-08-17,1.2323,1.2395,1.2155,1.2245,7092
1995-08-18,1.2221,1.2326,1.2155,1.2245,3181
1995-08-20,1.224,1.2284,1.2178,1.228,1721
1995-08-21,1.224,1.2375,1.2178,1.2336,3972
1995-08-22,1.2269,1.2375,1.2214,1.2272,4732
1995-08-23,1.233,1.2396,1.216,1.22,6602
1995-08-24,1.226,1.2396,1.2061,1.2098,7002
1995-08-25,1.2187999999999999,1.225,1.2061,1.2098,2881
1995-08-27,1.2098,1.2117,1.2012,1.2097,2091
1995-08-28,1.2098,1.2184,1.2012,1.2184,3432
1995-08-29,1.209,1.2193,1.2068,1.2121,3332
1995-08-30,1.2172,1.2193,1.198,1.2039,4812
1995-08-31,1.2113,1.2158,1.1951,1.1974,4852
1995-09-01,1.2035,1.2083,1.1951,1.1974,2031
1995-09-03,1.1955,1.2025000000000001,1.192,1.2014,1511
1995-09-04,1.1955,1.2077,1.192,1.2014,3372
1995-09-05,1.2006000000000001,1.218,1.198,1.2139,4112
1995-09-06,1.2002,1.221,1.1999,1.2179,3982
1995-09-07,1.2128,1.226,1.2098,1.2158,4172
1995-09-08,1.2174,1.226,1.213,1.2158,2441
1995-09-10,1.2056,1.2111,1.2019,1.2111,1291
1995-09-11,1.2056,1.2124,1.2,1.205,3322
1995-09-12,1.2095,1.2255,1.2,1.2179,5172
1995-09-13,1.2039,1.2278,1.2028,1.2131,6832
1995-09-14,1.2174,1.2278,1.203,1.2078,7252
1995-09-15,1.2122,1.223,1.203,1.2078,3561
1995-09-17,1.208,1.2125,1.203,1.2045,1551
1995-09-18,1.208,1.2125,1.2005,1.2043,3372
1995-09-19,1.2043,1.2096,1.1695,1.173,5962
1995-09-20,1.203,1.2052,1.1320000000000001,1.1426,9752
1995-09-21,1.1715,1.1745,1.1319,1.1471,8922
1995-09-22,1.1396,1.1522000000000001,1.1319,1.1471,3311
1995-09-24,1.1463,1.1576,1.1415,1.1559,2261
1995-09-25,1.1463,1.169,1.1415,1.1627,5302
1995-09-26,1.1553,1.169,1.1452,1.1535,5842
1995-09-27,1.1613,1.1631,1.1413,1.1428,4552
1995-09-28,1.1515,1.1593,1.1360000000000001,1.1555,5052
1995-09-29,1.1419,1.1593,1.1360000000000001,1.1555,3301
1995-10-01,1.156,1.162,1.1473,1.1506,2401
1995-10-02,1.156,1.163,1.1465,1.1605,4592
1995-10-03,1.1494,1.164,1.1465,1.1534,4452
1995-10-04,1.1594,1.164,1.1372,1.1407,5032
1995-10-05,1.1526,1.157,1.134,1.145,6002
1995-10-06,1.1403,1.1525,1.134,1.145,3231
1995-10-08,1.1475,1.15,1.131,1.1425,3301
1995-10-09,1.1475,1.1553,1.131,1.1499,5662
1995-10-10,1.1415,1.1588,1.1393,1.1575,4442
1995-10-11,1.1497,1.162,1.1445,1.1498,4682
1995-10-12,1.1564,1.162,1.1457,1.1552,5082
1995-10-13,1.149,1.1615,1.146,1.1552,2481
1995-10-15,1.153,1.1556,1.1461999999999999,1.1551,1671
1995-10-16,1.153,1.156,1.1442,1.1478,3422
1995-10-17,1.1539,1.161,1.1395,1.1572,5002
1995-10-18,1.1467,1.161,1.1395,1.1485,5352
1995-10-19,1.1559,1.1595,1.1381000000000001,1.1414,4452
1995-10-20,1.1477,1.153,1.1381000000000001,1.1414,2351
1995-10-22,1.1377,1.1391,1.1205,1.1295,2901
1995-10-23,1.1377,1.1395,1.1205,1.1369,5022
1995-10-24,1.1275,1.1411,1.1242,1.1332,4212
1995-10-25,1.1357,1.143,1.1259000000000001,1.1324,5502
1995-10-26,1.1323,1.143,1.1231,1.1396,5992
1995-10-27,1.1316,1.1400000000000001,1.1231,1.1396,2581
1995-10-29,1.1379,1.1442,1.1325,1.1375,2301
1995-10-30,1.1379,1.1442,1.1299,1.1365,4872
1995-10-31,1.1348,1.1436,1.1299,1.1407,4172
1995-11-01,1.1357,1.149,1.133,1.1464,3052
1995-11-02,1.1399,1.151,1.135,1.1397,4092
1995-11-03,1.1453,1.151,1.135,1.1397,2641
1995-11-05,1.1400000000000001,1.141,1.1320000000000001,1.1381999999999999,1621
1995-11-06,1.1400000000000001,1.1425,1.1320000000000001,1.1398,2812
1995-11-07,1.1373,1.1475,1.1353,1.147,2642
1995-11-08,1.1389,1.1513,1.1320000000000001,1.1376,4522
1995-11-09,1.1455,1.1513,1.1316,1.1395,4502
1995-11-10,1.137,1.1400000000000001,1.1316,1.1395,1431
1995-11-12,1.1373,1.1475,1.1305,1.1447,2661
1995-11-13,1.1373,1.1475,1.1305,1.1413,4512
1995-11-14,1.1438,1.1465,1.1293,1.1383,4282
1995-11-15,1.1404,1.144,1.1293,1.1385,4042
1995-11-16,1.1368,1.144,1.1324,1.1387,2782
1995-11-17,1.1378,1.1387,1.1324,1.1387,1171
1995-11-19,1.1373,1.15,1.1343,1.1373,3141
1995-11-20,1.1373,1.15,1.1343,1.1376,4212
1995-11-21,1.1365,1.142,1.1329,1.1377,2792
1995-11-22,1.1367,1.142,1.1329,1.139,2842
1995-11-23,1.137,1.145,1.1349,1.145,2392
1995-11-24,1.1381000000000001,1.145,1.1352,1.145,1271
1995-11-26,1.1445,1.1608,1.1413,1.1597,2381
1995-11-27,1.1445,1.1608,1.1413,1.1565,3742
1995-11-28,1.1585,1.1681,1.1525,1.1672,3082
1995-11-29,1.1544,1.179,1.1531,1.1768,4602
1995-11-30,1.166,1.1808,1.1592,1.177,4612
1995-12-01,1.1751,1.1808,1.1712,1.177,1731
1995-12-03,1.176,1.177,1.1615,1.1681,2311
1995-12-04,1.176,1.177,1.1615,1.1654,3992
1995-12-05,1.1674,1.172,1.161,1.1709,3222
1995-12-06,1.1643,1.1734,1.161,1.17,3392
1995-12-07,1.1693,1.1778,1.1638,1.1693,4212
1995-12-08,1.1693,1.1778,1.166,1.1693,2361
1995-12-10,1.1675,1.171,1.1636,1.17,1231
1995-12-11,1.1675,1.1772,1.1636,1.1755,2702
1995-12-12,1.1694,1.1807,1.1668,1.1759,2672
1995-12-13,1.1745,1.1807,1.159,1.1629,4222
1995-12-14,1.1747,1.18,1.159,1.1639,4072
1995-12-15,1.162,1.1665,1.1602999999999999,1.1639,1051
1995-12-17,1.161,1.163,1.1448,1.147,2241
1995-12-18,1.161,1.163,1.144,1.1586,3782
1995-12-19,1.144,1.1615,1.144,1.1553,3202
1995-12-20,1.1581,1.1615,1.1518,1.1583,2432
1995-12-21,1.1552,1.1665,1.1547,1.16,2682
1995-12-22,1.1581,1.1665,1.156,1.16,1911
1995-12-24,1.1588,1.1601,1.1535,1.1595,1251
1995-12-25,1.1588,1.1628,1.151,1.1525,3312
1995-12-26,1.1555,1.1628,1.151,1.1561,3202
1995-12-27,1.1522999999999999,1.1587,1.1478,1.155,3182
1995-12-28,1.155,1.158,1.1478,1.1548,3462
1995-12-29,1.154,1.156,1.1485,1.1548,1421
1996-01-01,1.1528,1.16,1.1482999999999999,1.1595,1671
1996-01-02,1.1528,1.1667,1.1482999999999999,1.166,3172
1996-01-03,1.1586,1.178,1.1555,1.1619,4702
1996-01-04,1.1649,1.178,1.1564,1.1626,5592
1996-01-05,1.1623,1.1685,1.1564,1.1626,2391
1996-01-07,1.1647,1.1663999999999999,1.159,1.1628,1291
1996-01-08,1.1647,1.172,1.1586,1.1597,3702
1996-01-09,1.1623999999999999,1.172,1.1586,1.162,3692
1996-01-10,1.1588,1.1667,1.1546,1.1629,3032
1996-01-11,1.1612,1.1672,1.1546,1.1635,3562
1996-01-12,1.162,1.1672,1.1574,1.1635,1811
1996-01-14,1.1615,1.1686,1.1615,1.1674,831
1996-01-15,1.1615,1.1855,1.1615,1.185,2912
1996-01-16,1.1666,1.1909,1.1659,1.1889,4242
1996-01-17,1.1817,1.192,1.1764999999999999,1.1895,3782
1996-01-18,1.1877,1.198,1.183,1.1941,3182
1996-01-19,1.1891,1.198,1.1877,1.1941,1561
1996-01-21,1.1904,1.1992,1.184,1.1856,2561
1996-01-22,1.1904,1.1992,1.182,1.1883,4442
1996-01-23,1.1851,1.1963,1.182,1.1911,3392
1996-01-24,1.1872,1.2005,1.183,1.1999,4122
1996-01-25,1.191,1.2125,1.183,1.2115,4382
1996-01-26,1.1976,1.2125,1.1967,1.2115,1771
1996-01-28,1.2095,1.2169,1.203,1.2056,2391
1996-01-29,1.2095,1.2185,1.203,1.2177,4182
1996-01-30,1.2048,1.2185,1.2031,1.211,3342
1996-01-31,1.2163,1.2216,1.2058,1.214,4392
1996-02-01,1.2107999999999999,1.2248999999999999,1.2058,1.2141,5222
1996-02-02,1.2145,1.2248999999999999,1.2128,1.2141,2381
1996-02-04,1.2128,1.2146,1.1914,1.1969,3051
1996-02-05,1.2128,1.2146,1.1914,1.198,4992
1996-02-06,1.197,1.2103,1.1942,1.2076,3592
1996-02-07,1.1965,1.2128,1.1965,1.206,3552
1996-02-08,1.2068,1.2128,1.2017,1.208,3392
1996-02-09,1.2043,1.211,1.2017,1.208,1491
1996-02-11,1.2075,1.2085,1.1994,1.2055,1621
1996-02-12,1.2075,1.2086000000000001,1.1991,1.2032,3372
1996-02-13,1.2046999999999999,1.2086000000000001,1.1933,1.1955,3182
1996-02-14,1.2018,1.2036,1.192,1.1975,3012
1996-02-15,1.1957,1.2008,1.1818,1.1837,4022
1996-02-16,1.1971,1.2006999999999999,1.1818,1.1837,2441
1996-02-18,1.173,1.1825,1.1708,1.1773,1911
1996-02-19,1.173,1.188,1.1708,1.1807,3992
1996-02-20,1.1769,1.1883,1.1754,1.1847,3992
1996-02-21,1.178,1.1883,1.1754,1.1798,3292
1996-02-22,1.184,1.1872,1.1709,1.1769,4642
1996-02-23,1.1769,1.1872,1.1709,1.1769,3261
1996-02-25,1.1732,1.181,1.1709,1.1804999999999999,1291
1996-02-26,1.1732,1.186,1.1709,1.1824,2892
1996-02-27,1.18,1.1979,1.1768,1.1968,3452
1996-02-28,1.1815,1.2048,1.181,1.201,3352
1996-02-29,1.1956,1.2095,1.1945999999999999,1.204,3232
1996-03-01,1.2001,1.2095,1.1989,1.204,1731
1996-03-03,1.201,1.204,1.197,1.2025000000000001,1251
1996-03-04,1.201,1.2059,1.197,1.1989,2682
1996-03-05,1.2018,1.2059,1.1971,1.2041,2262
1996-03-06,1.1976,1.209,1.1971,1.2002,2692
1996-03-07,1.204,1.2093,1.194,1.2018,4692
1996-03-08,1.1995,1.2093,1.194,1.2018,2831
1996-03-10,1.2044,1.2071,1.1973,1.2025000000000001,1771
1996-03-11,1.2044,1.2071,1.191,1.1928,4022
1996-03-12,1.2006999999999999,1.2062,1.1838,1.1892,4182
1996-03-13,1.1915,1.1945999999999999,1.1838,1.1887,3132
1996-03-14,1.1883,1.1937,1.1821,1.1872,3502
1996-03-15,1.1874,1.1937,1.1821,1.1872,2301
1996-03-17,1.1872,1.1933,1.1834,1.1933,1371
1996-03-18,1.1872,1.196,1.1834,1.1899,2812
1996-03-19,1.1915,1.196,1.188,1.193,2532
1996-03-20,1.1885,1.1982,1.1883,1.1982,1742
1996-03-21,1.1925,1.1994,1.1917,1.1933,1702
1996-03-22,1.1982,1.1994,1.1917,1.1933,1051
1996-03-24,1.1925,1.1953,1.1881,1.1929,1401
1996-03-25,1.1925,1.1953,1.1881,1.1945000000000001,2292
1996-03-26,1.192,1.2016,1.1893,1.1999,2092
1996-03-27,1.1937,1.2023,1.1875,1.191,3422
1996-03-28,1.1984,1.2023,1.1825,1.1902,4172
1996-03-29,1.1897,1.1925,1.1825,1.1902,1951
1996-03-31,1.192,1.197,1.1905000000000001,1.195,1001
1996-04-01,1.192,1.197,1.1902,1.1963,1922
1996-04-02,1.1933,1.1978,1.1895,1.1973,2302
1996-04-03,1.1945000000000001,1.1991,1.1895,1.194,2632
1996-04-04,1.1967,1.1991,1.1905000000000001,1.197,2252
1996-04-05,1.192,1.198,1.1905000000000001,1.197,1001
1996-04-07,1.1918,1.1958,1.188,1.1958,1161
1996-04-08,1.1918,1.2134,1.188,1.2123,3282
1996-04-09,1.1937,1.2237,1.1935,1.2152,4662
1996-04-10,1.2114,1.2237,1.2091,1.222,3602
1996-04-11,1.214,1.2285,1.2137,1.228,2672
1996-04-12,1.2207,1.2285,1.2168,1.228,1611
1996-04-14,1.231,1.2361,1.228,1.2344,1281
1996-04-15,1.231,1.2361,1.2253,1.2287,2832
1996-04-16,1.233,1.2352,1.2235,1.2278,3202
1996-04-17,1.2271,1.2328000000000001,1.2129,1.2197,4942
1996-04-18,1.2266,1.2328000000000001,1.2129,1.2285,5502
1996-04-19,1.2184,1.2292,1.2131,1.2285,2211
1996-04-21,1.2312,1.2325,1.225,1.2292,1301
1996-04-22,1.2312,1.2345,1.2248,1.2345,2582
1996-04-23,1.2279,1.2357,1.2248,1.231,2182
1996-04-24,1.2338,1.24,1.229,1.2383,2172
1996-04-25,1.229,1.2407,1.229,1.2358,3102
1996-04-26,1.2368999999999999,1.2407,1.231,1.2358,1831
1996-04-28,1.2342,1.2398,1.2261,1.2393,2231
1996-04-29,1.2342,1.2481,1.2261,1.245,4852
1996-04-30,1.2384,1.254,1.2317,1.251,3952
1996-05-01,1.2443,1.258,1.2435,1.2466,3892
1996-05-02,1.25,1.258,1.2373,1.2425,4242
1996-05-03,1.2455,1.2472,1.2373,1.2425,1681
1996-05-05,1.2402,1.246,1.2389999999999999,1.2452,901
1996-05-06,1.2402,1.246,1.238,1.2452,2172
1996-05-07,1.2419,1.2472,1.2305,1.2342,3572
1996-05-08,1.2446,1.2472,1.2305,1.2397,3732
1996-05-09,1.2336,1.2504,1.231,1.2489,3862
1996-05-10,1.2384,1.2504,1.233,1.2489,2431
1996-05-12,1.248,1.2524,1.2455,1.2498,1201
1996-05-13,1.248,1.2543,1.2455,1.2511999999999999,2342
1996-05-14,1.249,1.2561,1.245,1.2535,2862
1996-05-15,1.2485,1.2627,1.245,1.2555,3782
1996-05-16,1.2533,1.2627,1.248,1.2618,4022
1996-05-17,1.2538,1.2618,1.248,1.2618,1961
1996-05-19,1.2615,1.266,1.2596,1.2628,1151
1996-05-20,1.2615,1.274,1.2574,1.2691,3812
1996-05-21,1.2625,1.274,1.2574,1.2690000000000001,4622
1996-05-22,1.268,1.2730000000000001,1.2619,1.2654,3612
1996-05-23,1.2675,1.2711999999999999,1.2619,1.267,2762
1996-05-24,1.2645,1.2688,1.262,1.267,1111
1996-05-26,1.266,1.267,1.2631000000000001,1.2655,731
1996-05-27,1.266,1.276,1.2631000000000001,1.2727,2342
1996-05-28,1.2638,1.276,1.258,1.2610000000000001,4032
1996-05-29,1.272,1.2756,1.2515,1.2605,4682
1996-05-30,1.2595,1.2633,1.2463,1.2490999999999999,4552
1996-05-31,1.259,1.2627,1.2463,1.2490999999999999,2291
1996-06-02,1.2498,1.256,1.2425,1.2535,2331
1996-06-03,1.2498,1.2604,1.2425,1.2585,3832
1996-06-04,1.2527,1.2604,1.25,1.2579,2932
1996-06-05,1.2576,1.2614,1.2508,1.258,3462
1996-06-06,1.2570999999999999,1.2704,1.2508,1.2704,3822
1996-06-07,1.2569,1.2704,1.2547,1.2704,1791
1996-06-09,1.2691,1.2715,1.2645,1.2677,1261
1996-06-10,1.2691,1.2715,1.262,1.2654,2682
1996-06-11,1.266,1.2694,1.2609,1.2629000000000001,2942
1996-06-12,1.2643,1.2692,1.2530000000000001,1.2543,3292
1996-06-13,1.2616,1.2655,1.2406,1.2567,4912
1996-06-14,1.2533,1.258,1.2406,1.2567,3141
1996-06-16,1.2515,1.2555,1.2465,1.2518,1771
1996-06-17,1.2515,1.2555,1.2431,1.2469999999999999,3602
1996-06-18,1.2509000000000001,1.2546,1.2431,1.2529,3162
1996-06-19,1.2456,1.2575,1.2443,1.2565,2592
1996-06-20,1.2533,1.2685,1.2496,1.268,2802
1996-06-21,1.2564,1.2685,1.255,1.268,1541
1996-06-23,1.2637,1.2671999999999999,1.2598,1.2615,1261
1996-06-24,1.2637,1.2673,1.2572,1.2582,2992
1996-06-25,1.2610999999999999,1.2673,1.2548,1.2582,3312
1996-06-26,1.258,1.2628,1.246,1.2477,3202
1996-06-27,1.2583,1.2594,1.246,1.2547,2382
1996-06-28,1.2473,1.2547,1.2472,1.2547,761
1996-06-30,1.2555,1.2568,1.2475,1.2509000000000001,1401
1996-07-01,1.2555,1.2568,1.2475,1.251,2312
1996-07-02,1.2503,1.2574,1.2487,1.2525,2402
1996-07-03,1.25,1.2574,1.2487,1.2548,2472
1996-07-04,1.252,1.267,1.2505,1.2623,2782
1996-07-05,1.2543,1.267,1.254,1.2623,1801
1996-07-07,1.262,1.2661,1.2601,1.2634,1061
1996-07-08,1.262,1.2661,1.2575,1.2643,2492
1996-07-09,1.2628,1.2655,1.2575,1.2639,2322
1996-07-10,1.2638,1.2655,1.2536,1.2572999999999999,2612
1996-07-11,1.2629000000000001,1.2650000000000001,1.252,1.2601,3292
1996-07-12,1.2568,1.2615,1.252,1.2601,1571
1996-07-14,1.259,1.2610000000000001,1.249,1.2506,1561
1996-07-15,1.259,1.2610000000000001,1.2033,1.2196,8092
1996-07-16,1.2495,1.2509000000000001,1.2033,1.2125,9622
1996-07-17,1.2182,1.2257,1.2074,1.2201,4572
1996-07-18,1.2117,1.2252,1.2109,1.2164,3652
1996-07-19,1.2193,1.2252,1.2129,1.2164,2171
1996-07-21,1.2196,1.2226,1.2055,1.2078,2241
1996-07-22,1.2196,1.2226,1.2,1.2133,4842
1996-07-23,1.2073,1.2177,1.2,1.2152,4772
1996-07-24,1.2135,1.2177,1.1985000000000001,1.2064,4842
1996-07-25,1.2147000000000001,1.216,1.1985000000000001,1.2096,4682
1996-07-26,1.2059,1.2139,1.202,1.2096,2011
1996-07-28,1.2074,1.2113,1.2052,1.2067,1151
1996-07-29,1.2074,1.2113,1.2009,1.2029,2602
1996-07-30,1.2062,1.2098,1.184,1.1988,4952
1996-07-31,1.2024,1.2038,1.184,1.2017,4902
1996-08-01,1.1983,1.2086999999999999,1.1951,1.2012,3272
1996-08-02,1.2013,1.2086999999999999,1.1993,1.2012,1871
1996-08-04,1.2013,1.205,1.1905000000000001,1.2018,2851
1996-08-05,1.2013,1.2101,1.1905000000000001,1.2074,4252
1996-08-06,1.2018,1.2127,1.2003,1.2112,2332
1996-08-07,1.2059,1.2156,1.2054,1.2106,2452
1996-08-08,1.21,1.2156,1.202,1.2027,2542
1996-08-09,1.2101,1.2107999999999999,1.202,1.2027,1021
1996-08-11,1.2015,1.2042,1.1975,1.2035,1141
1996-08-12,1.2015,1.2049,1.1963,1.1998,2592
1996-08-13,1.2025000000000001,1.2112,1.1963,1.2098,2842
1996-08-14,1.1993,1.2139,1.199,1.2046999999999999,3072
1996-08-15,1.2093,1.2139,1.203,1.2102,3162
1996-08-16,1.2042,1.2134,1.203,1.2102,1481
1996-08-18,1.2092,1.2107,1.2041,1.2077,1171
1996-08-19,1.2092,1.2115,1.2025000000000001,1.207,2952
1996-08-20,1.2068,1.2115,1.1972,1.2003,3322
1996-08-21,1.2069,1.2125,1.1972,1.2086999999999999,3332
1996-08-22,1.1996,1.2125,1.1905000000000001,1.1933,4542
1996-08-23,1.2078,1.2115,1.1905000000000001,1.1933,2751
1996-08-25,1.1905000000000001,1.1948,1.1886,1.1941,881
1996-08-26,1.1905000000000001,1.1952,1.1874,1.1945000000000001,2282
1996-08-27,1.1929,1.1978,1.1874,1.1928,2942
1996-08-28,1.1938,1.2006000000000001,1.1896,1.1945000000000001,3132
1996-08-29,1.1928,1.2052,1.1918,1.2022,3392
1996-08-30,1.1934,1.2052,1.1918,1.2022,1801
1996-09-01,1.2024,1.2112,1.2013,1.2097,1251
1996-09-02,1.2024,1.2136,1.2013,1.2099,2832
1996-09-03,1.2085,1.2136,1.2025000000000001,1.2049,2802
1996-09-04,1.2093,1.2107999999999999,1.2025000000000001,1.2089,2092
1996-09-05,1.2042,1.2208,1.2035,1.2193,3182
1996-09-06,1.2078,1.2208,1.2035,1.2193,2311
1996-09-08,1.217,1.2248999999999999,1.213,1.2223,1851
1996-09-09,1.217,1.237,1.213,1.233,4142
1996-09-10,1.2219,1.2396,1.22,1.2358,3882
1996-09-11,1.2325,1.2412,1.23,1.2373,3612
1996-09-12,1.2351,1.2458,1.23,1.2449,3552
1996-09-13,1.2366,1.2458,1.234,1.2449,1531
1996-09-15,1.2429000000000001,1.2448,1.2365,1.2413,1501
1996-09-16,1.2429000000000001,1.2463,1.2365,1.2444,2882
1996-09-17,1.24,1.2489,1.2372,1.2419,3502
1996-09-18,1.2441,1.2489,1.2361,1.2432,3732
1996-09-19,1.2409,1.2465,1.2361,1.2392,3082
1996-09-20,1.2427,1.2465,1.2374,1.2392,1471
1996-09-22,1.2393,1.2419,1.2321,1.2362,1651
1996-09-23,1.2393,1.2419,1.2245,1.2258,3822
1996-09-24,1.2357,1.2427,1.2245,1.2409,4252
1996-09-25,1.2253,1.256,1.2245,1.2545,3992
1996-09-26,1.2404,1.258,1.2394,1.2563,3012
1996-09-27,1.2533,1.258,1.251,1.2563,1101
1996-09-29,1.2563,1.2597,1.252,1.2548,1391
1996-09-30,1.2563,1.2597,1.2502,1.2570000000000001,2382
1996-10-01,1.2533,1.259,1.2479,1.2575,3142
1996-10-02,1.2568,1.26,1.2479,1.255,3592
1996-10-03,1.2570000000000001,1.2607,1.251,1.258,3042
1996-10-04,1.2546,1.2607,1.251,1.258,1601
1996-10-06,1.2572999999999999,1.2593,1.2537,1.255,891
1996-10-07,1.2572999999999999,1.2593,1.2455,1.2555,3002
1996-10-08,1.2546,1.2579,1.2455,1.2536,3612
1996-10-09,1.2546,1.2579,1.248,1.249,2452
1996-10-10,1.2523,1.2564,1.248,1.2543,2022
1996-10-11,1.2482,1.2564,1.248,1.2543,1071
1996-10-13,1.2535,1.2557,1.2513,1.2530000000000001,831
1996-10-14,1.2535,1.2702,1.2513,1.2681,2962
1996-10-15,1.2526,1.2732,1.2518,1.2692999999999999,3812
1996-10-16,1.2675,1.2732,1.2639,1.2695,3082
1996-10-17,1.2675,1.2742,1.264,1.2705,2942
1996-10-18,1.2681,1.2742,1.2652999999999999,1.2705,1541
1996-10-20,1.2695,1.2730000000000001,1.2618,1.2635,1641
1996-10-21,1.2695,1.2730000000000001,1.2515,1.254,3742
1996-10-22,1.263,1.2665,1.2485,1.2545,3872
1996-10-23,1.254,1.2598,1.2485,1.255,3452
1996-10-24,1.2538,1.2648,1.2508,1.2610000000000001,3242
1996-10-25,1.2546,1.2648,1.2538,1.2610000000000001,1561
1996-10-27,1.262,1.2664,1.2570000000000001,1.2625,1831
1996-10-28,1.262,1.2664,1.2476,1.2570000000000001,4662
1996-10-29,1.2621,1.2643,1.246,1.2556,5112
1996-10-30,1.2562,1.2721,1.246,1.2690000000000001,5032
1996-10-31,1.2543,1.279,1.251,1.2683,5412
1996-11-01,1.2681,1.279,1.2656,1.2683,2661
1996-11-03,1.2665,1.2737,1.2635,1.2675,1941
1996-11-04,1.2665,1.2818,1.2615,1.2772999999999999,4982
1996-11-05,1.2671000000000001,1.286,1.2615,1.2762,5912
1996-11-06,1.2765,1.286,1.2607,1.2745,5992
1996-11-07,1.2755,1.278,1.2607,1.2650000000000001,5292
1996-11-08,1.2743,1.278,1.2625,1.2650000000000001,2171
1996-11-10,1.2635,1.2671000000000001,1.252,1.2551999999999999,2191
1996-11-11,1.2635,1.2702,1.252,1.2685,4292
1996-11-12,1.2541,1.2718,1.2525,1.2718,3142
1996-11-13,1.2684,1.2785,1.2649,1.2755,3032
1996-11-14,1.2711999999999999,1.2812999999999999,1.2664,1.2791000000000001,3722
1996-11-15,1.2742,1.2812999999999999,1.2702,1.2791000000000001,1731
1996-11-17,1.2786,1.2791000000000001,1.2637,1.267,1921
1996-11-18,1.2786,1.2791000000000001,1.2637,1.2722,2912
1996-11-19,1.2661,1.2735,1.2610999999999999,1.2657,2882
1996-11-20,1.271,1.2732,1.2610999999999999,1.2673,3492
1996-11-21,1.2655,1.2745,1.2631000000000001,1.2722,3182
1996-11-22,1.2662,1.2745,1.2636,1.2722,1581
1996-11-24,1.271,1.2908,1.271,1.2883,2231
1996-11-25,1.271,1.2974999999999999,1.271,1.2903,4512
1996-11-26,1.2873,1.2974999999999999,1.2846,1.2913999999999999,3772
1996-11-27,1.2893,1.3006,1.2854999999999999,1.297,3192
1996-11-28,1.2913999999999999,1.3075,1.2893,1.3054999999999999,3682
1996-11-29,1.2961,1.3075,1.2929,1.3054999999999999,1981
1996-12-01,1.3043,1.329,1.304,1.3216999999999999,3261
1996-12-02,1.3043,1.334,1.304,1.3212,7612
1996-12-03,1.3213,1.334,1.3122,1.3221,6712
1996-12-04,1.3201,1.328,1.3075999999999999,1.3142,4802
1996-12-05,1.321,1.3232,1.291,1.317,7332
1996-12-06,1.3123,1.3178,1.291,1.317,4891
1996-12-08,1.3172,1.3295,1.3144,1.3281,1931
1996-12-09,1.3172,1.3321,1.3144,1.3256000000000001,3922
1996-12-10,1.3273,1.3321,1.306,1.3088,4472
1996-12-11,1.325,1.3265,1.306,1.3102,4892
1996-12-12,1.3081,1.3255,1.3045,1.325,5092
1996-12-13,1.3098,1.3255,1.3045,1.325,2681
1996-12-15,1.325,1.3305,1.318,1.3188,1881
1996-12-16,1.325,1.3305,1.3161,1.326,3212
1996-12-17,1.3171,1.3347,1.3161,1.3275000000000001,3682
1996-12-18,1.3252,1.342,1.3218,1.3388,4322
1996-12-19,1.3261,1.342,1.3258,1.3338999999999999,3452
1996-12-20,1.3381,1.34,1.3305,1.3338999999999999,1481
1996-12-22,1.332,1.3415,1.332,1.337,1401
1996-12-23,1.332,1.3475,1.332,1.3468,2852
1996-12-24,1.3361,1.3475,1.3349,1.3453,1822
1996-12-25,1.346,1.347,1.3418,1.3437000000000001,1212
1996-12-26,1.3457,1.3537,1.3405,1.3505,2782
1996-12-27,1.3435000000000001,1.3537,1.3405,1.3505,1941
1996-12-29,1.3485,1.3545,1.3446,1.3492,1911
1996-12-30,1.3485,1.3545,1.3367,1.3417,4392
1996-12-31,1.3483,1.3524,1.3367,1.3417,2481
1997-01-01,1.343,1.351,1.339,1.3483,1871
1997-01-02,1.343,1.3635,1.339,1.3596,4712
1997-01-03,1.3472,1.3635,1.3431,1.3596,2841
1997-01-05,1.3599999999999999,1.3635,1.3511,1.3538000000000001,1861
1997-01-06,1.3599999999999999,1.3635,1.3448,1.3557000000000001,4392
1997-01-07,1.3538000000000001,1.3682,1.3448,1.3657,4812
1997-01-08,1.3551,1.3721999999999999,1.3515,1.3700999999999999,4152
1997-01-09,1.3652,1.3792,1.3604,1.3761999999999999,3752
1997-01-10,1.3698000000000001,1.3792,1.3666,1.3761999999999999,1881
1997-01-12,1.3757,1.381,1.3717,1.3759000000000001,1841
1997-01-13,1.3757,1.3813,1.3668,1.3747,4682
1997-01-14,1.3753,1.3814,1.3668,1.3703,5222
1997-01-15,1.3743,1.3814,1.3675,1.3767,3952
1997-01-16,1.369,1.3998,1.369,1.3998,4062
1997-01-17,1.3761,1.3998,1.3755,1.3998,2491
1997-01-19,1.399,1.4217,1.3975,1.4171,3031
1997-01-20,1.399,1.4217,1.3975,1.4203000000000001,5212
1997-01-21,1.4167,1.4359,1.409,1.429,5012
1997-01-22,1.4197,1.4359,1.4116,1.4127,5552
1997-01-23,1.4283000000000001,1.433,1.4016,1.4074,6402
1997-01-24,1.4123999999999999,1.4224999999999999,1.4016,1.4074,3681
1997-01-26,1.4079,1.4324,1.4075,1.4307,2701
1997-01-27,1.4079,1.4379,1.4075,1.4263,4982
1997-01-28,1.4303,1.4379,1.4133,1.4273,6502
1997-01-29,1.4257,1.4352,1.4133,1.424,6732
1997-01-30,1.4269,1.431,1.4119,1.4228,5892
1997-01-31,1.4232,1.429,1.4119,1.4228,3381
1997-02-02,1.4237,1.4325999999999999,1.4172,1.4188,2591
1997-02-03,1.4237,1.4325999999999999,1.4151,1.4293,4462
1997-02-04,1.4182000000000001,1.4351,1.4151,1.4257,4252
1997-02-05,1.4287,1.4351,1.4208,1.4273,4342
1997-02-06,1.4253,1.4475,1.4208,1.4289,6262
1997-02-07,1.4269,1.4475,1.425,1.4289,4301
1997-02-09,1.4166,1.4311,1.4144999999999999,1.4279,2191
1997-02-10,1.4166,1.4405999999999999,1.4144999999999999,1.4389,4342
1997-02-11,1.4272,1.4555,1.424,1.4541,5092
1997-02-12,1.4381,1.4575,1.4328,1.4553,5742
1997-02-13,1.4535,1.4668,1.4426,1.4668,4132
1997-02-14,1.4545,1.4668,1.454,1.4668,1331
1997-02-16,1.4691,1.4849,1.4678,1.484,1931
1997-02-17,1.4691,1.4870999999999999,1.4666000000000001,1.4731,5022
1997-02-18,1.4832,1.4915,1.4655,1.488,6772
1997-02-19,1.4727999999999999,1.4915,1.4655,1.4758,5662
1997-02-20,1.4874,1.488,1.4635,1.4723,4812
1997-02-21,1.4752,1.4791,1.4635,1.4723,2831
1997-02-23,1.4687999999999999,1.4698,1.451,1.4567,2551
1997-02-24,1.4687999999999999,1.4698,1.451,1.4602,4342
1997-02-25,1.4563,1.4837,1.4543,1.4803,5652
1997-02-26,1.4601,1.4837,1.4543,1.474,6002
1997-02-27,1.4796,1.4835,1.47,1.4795,3912
1997-02-28,1.474,1.4816,1.47,1.4795,1771
1997-03-02,1.4798,1.4825,1.4718,1.4788000000000001,2041
1997-03-03,1.4798,1.4892,1.4718,1.4868000000000001,3902
1997-03-04,1.478,1.4892,1.4755,1.4815,3742
1997-03-05,1.4861,1.4929999999999999,1.4769999999999999,1.4815,5012
1997-03-06,1.4808,1.4929999999999999,1.4754,1.479,5272
1997-03-07,1.4808,1.487,1.4754,1.479,2141
1997-03-09,1.4795,1.4805,1.4696,1.472,1431
1997-03-10,1.4795,1.4805,1.468,1.4727999999999999,3422
1997-03-11,1.4713,1.4799,1.452,1.4555,5922
1997-03-12,1.472,1.4799,1.447,1.4665,6862
1997-03-13,1.4538,1.4702,1.447,1.4565000000000001,5252
1997-03-14,1.4657,1.4702,1.454,1.4565000000000001,2321
1997-03-16,1.455,1.4632,1.4487999999999999,1.4625,2131
1997-03-17,1.455,1.4632,1.4332,1.44,5842
1997-03-18,1.4625,1.463,1.4332,1.4432,5652
1997-03-19,1.4398,1.4555,1.4285999999999999,1.4543,6142
1997-03-20,1.4425,1.463,1.4285999999999999,1.4579,6762
1997-03-21,1.4535,1.463,1.448,1.4579,2561
1997-03-23,1.4563,1.4656,1.455,1.4598,1771
1997-03-24,1.4563,1.471,1.4538,1.4643,4732
1997-03-25,1.4595,1.471,1.4538,1.4625,4942
1997-03-26,1.4635,1.4708999999999999,1.4447999999999999,1.4487999999999999,4592
1997-03-27,1.4621,1.4645000000000001,1.4447999999999999,1.4516,3592
1997-03-28,1.45,1.4535,1.4478,1.4516,981
1997-03-30,1.452,1.4536,1.434,1.4473,3451
1997-03-31,1.452,1.4536,1.434,1.4437,5722
1997-04-01,1.447,1.4485000000000001,1.435,1.4445000000000001,4722
1997-04-02,1.443,1.4485000000000001,1.4275,1.4348,5452
1997-04-03,1.4438,1.447,1.4275,1.4428,5012
1997-04-04,1.4344999999999999,1.4442,1.43,1.4428,2011
1997-04-06,1.442,1.4703,1.4418,1.4695,2951
1997-04-07,1.442,1.4788000000000001,1.4418,1.4743,4762
1997-04-08,1.4687999999999999,1.4828000000000001,1.467,1.48,4072
1997-04-09,1.474,1.4828000000000001,1.4645000000000001,1.4693,4522
1997-04-10,1.4793,1.4808,1.4591,1.462,4332
1997-04-11,1.4685000000000001,1.4727000000000001,1.4591,1.462,2071
1997-04-13,1.4632,1.4729999999999999,1.456,1.4715,2571
1997-04-14,1.4632,1.4752,1.456,1.4653,4232
1997-04-15,1.4711,1.4752,1.463,1.4723,2952
1997-04-16,1.4652,1.4729999999999999,1.4624,1.4658,2792
1997-04-17,1.472,1.4729999999999999,1.454,1.4575,3172
1997-04-18,1.465,1.4661,1.454,1.4575,1671
1997-04-20,1.4548,1.4586000000000001,1.4392,1.4428,2681
1997-04-21,1.4548,1.4644,1.4392,1.4632,5492
1997-04-22,1.4425,1.467,1.44,1.4625,4822
1997-04-23,1.4626000000000001,1.471,1.4569,1.4618,4462
1997-04-24,1.4615,1.4712,1.4586000000000001,1.4691,4092
1997-04-25,1.4615,1.4712,1.4592,1.4691,1641
1997-04-27,1.4685000000000001,1.4795,1.466,1.4741,2141
1997-04-28,1.4685000000000001,1.4795,1.4634,1.4683,4112
1997-04-29,1.4729999999999999,1.4765,1.463,1.4726,4182
1997-04-30,1.4677,1.4765,1.463,1.4702,4422
1997-05-01,1.4723,1.4761,1.464,1.4721,3992
1997-05-02,1.4693,1.4748,1.4645000000000001,1.4721,1781
1997-05-04,1.4703,1.4775,1.4682,1.476,1291
1997-05-05,1.4703,1.4785,1.459,1.4623,3922
1997-05-06,1.475,1.4785,1.4534,1.46,4772
1997-05-07,1.462,1.4651,1.4396,1.4466999999999999,5432
1997-05-08,1.4598,1.4626000000000001,1.419,1.4242,6662
1997-05-09,1.4455,1.4465,1.419,1.4242,3371
1997-05-11,1.421,1.4424000000000001,1.41,1.441,4481
1997-05-12,1.421,1.4424000000000001,1.41,1.4348,6342
1997-05-13,1.44,1.4497,1.4285999999999999,1.4338,5142
1997-05-14,1.4338,1.4497,1.422,1.4295,6332
1997-05-15,1.433,1.439,1.415,1.4201,6592
1997-05-16,1.4293,1.4373,1.415,1.4201,3541
1997-05-18,1.4184999999999999,1.4316,1.4155,1.4282,2251
1997-05-19,1.4184999999999999,1.4316,1.3835,1.384,7012
1997-05-20,1.427,1.4288,1.3768,1.407,10302
1997-05-21,1.383,1.4208,1.3768,1.415,8052
1997-05-22,1.4075,1.4208,1.4015,1.4039,4262
1997-05-23,1.4148,1.4157,1.4015,1.4039,1751
1997-05-25,1.3958,1.4045,1.3885,1.3955,3171
1997-05-26,1.3958,1.4238,1.3885,1.421,6392
1997-05-27,1.3952,1.427,1.3948,1.4104999999999999,6102
1997-05-28,1.4203000000000001,1.427,1.4064999999999999,1.4117,6162
1997-05-29,1.4095,1.424,1.4042,1.4146,5682
1997-05-30,1.411,1.418,1.4042,1.4146,2401
1997-06-01,1.4126,1.438,1.4125,1.4323000000000001,3131
1997-06-02,1.4126,1.4411,1.4125,1.4373,5462
1997-06-03,1.431,1.45,1.4263,1.4445999999999999,4722
1997-06-04,1.4365,1.45,1.434,1.4455,4362
1997-06-05,1.444,1.4638,1.4394,1.4501,5342
1997-06-06,1.4452,1.4638,1.4445000000000001,1.4501,3371
1997-06-08,1.449,1.4515,1.4275,1.4385,3751
1997-06-09,1.449,1.4515,1.4275,1.4425,5912
1997-06-10,1.4381,1.447,1.4308,1.438,4152
1997-06-11,1.4415,1.4496,1.4308,1.445,3812
1997-06-12,1.438,1.4496,1.437,1.4436,4162
1997-06-13,1.445,1.4495,1.4371,1.4436,2341
1997-06-15,1.444,1.4475,1.437,1.4425,1951
1997-06-16,1.444,1.4523,1.437,1.4437,4372
1997-06-17,1.4413,1.4523,1.439,1.448,4082
1997-06-18,1.443,1.4506000000000001,1.4344999999999999,1.4395,4052
1997-06-19,1.4478,1.4506000000000001,1.4344999999999999,1.4386,4082
1997-06-20,1.4385,1.4433,1.4348,1.4386,1691
1997-06-22,1.4436,1.445,1.429,1.4295,1791
1997-06-23,1.4436,1.445,1.4278,1.4389,3892
1997-06-24,1.4295,1.443,1.4278,1.4375,3512
1997-06-25,1.438,1.4426999999999999,1.4339,1.435,2932
1997-06-26,1.4372,1.4575,1.4322,1.456,4312
1997-06-27,1.4333,1.4575,1.4322,1.456,2791
1997-06-29,1.4555,1.4628,1.4503,1.4617,1881
1997-06-30,1.4555,1.468,1.4503,1.4666000000000001,3502
1997-07-01,1.4612,1.4741,1.4572,1.4708,3802
1997-07-02,1.466,1.4741,1.4607999999999999,1.466,3982
1997-07-03,1.4702,1.474,1.4613,1.4685000000000001,3592
1997-07-04,1.464,1.4725,1.4613,1.4685000000000001,1791
1997-07-06,1.4685000000000001,1.4692,1.4535,1.462,2491
1997-07-07,1.4685000000000001,1.4692,1.4535,1.465,4032
1997-07-08,1.461,1.4689999999999999,1.4565000000000001,1.4586999999999999,3242
1997-07-09,1.4645000000000001,1.4679,1.4456,1.448,4512
1997-07-10,1.4583,1.47,1.4456,1.4685000000000001,5262
1997-07-11,1.447,1.47,1.447,1.4685000000000001,2451
1997-07-13,1.4686,1.4808,1.4635,1.4729999999999999,3021
1997-07-14,1.4686,1.482,1.4635,1.4747,6252
1997-07-15,1.472,1.4858,1.4645000000000001,1.4765,6342
1997-07-16,1.474,1.4866,1.4689999999999999,1.479,5032
1997-07-17,1.4769999999999999,1.4866,1.4692,1.474,4822
1997-07-18,1.479,1.4862,1.4692,1.474,2901
1997-07-20,1.472,1.4805,1.471,1.4765,1451
1997-07-21,1.472,1.4885,1.471,1.4845,3422
1997-07-22,1.4762,1.491,1.4745,1.4855,3982
1997-07-23,1.484,1.5105,1.4802,1.5070999999999999,5382
1997-07-24,1.484,1.5194999999999999,1.4821,1.5168,5342
1997-07-25,1.5065,1.5194999999999999,1.5045,1.5168,1971
1997-07-27,1.5162,1.5263,1.513,1.5142,2461
1997-07-28,1.5162,1.5263,1.5098,1.5175,4442
1997-07-29,1.5135,1.5268000000000002,1.5098,1.513,4692
1997-07-30,1.5167000000000002,1.5268000000000002,1.5056,1.513,5102
1997-07-31,1.5127000000000002,1.5305,1.5056,1.5265,4782
1997-08-01,1.5122,1.5305,1.5114,1.5265,2391
1997-08-03,1.5270000000000001,1.5365,1.5215,1.525,2801
1997-08-04,1.5270000000000001,1.5389,1.52,1.5347,5532
1997-08-05,1.5242,1.5398,1.52,1.5314999999999999,5082
1997-08-06,1.5344,1.5398,1.525,1.5307,4592
1997-08-07,1.5305,1.5363,1.496,1.5105,8052
1997-08-08,1.5308000000000002,1.5352000000000001,1.496,1.5105,5811
1997-08-10,1.51,1.5285,1.5079,1.5263,2491
1997-08-11,1.51,1.5306,1.5079,1.5257,4902
1997-08-12,1.525,1.5306,1.5053,1.5114999999999998,5602
1997-08-13,1.526,1.5285,1.5053,1.5187,6192
1997-08-14,1.5114999999999998,1.5257,1.495,1.5030000000000001,7352
1997-08-15,1.5177,1.5241,1.495,1.5030000000000001,4351
1997-08-17,1.5011,1.52,1.4955,1.5187,3141
1997-08-18,1.5011,1.5201,1.4955,1.5154999999999998,5022
1997-08-19,1.5181,1.5285,1.5093999999999999,1.524,3962
1997-08-20,1.5148000000000001,1.5285,1.5124,1.5131999999999999,3882
1997-08-21,1.5228000000000002,1.5262,1.4894,1.5024,5802
1997-08-22,1.5131999999999999,1.5148000000000001,1.4894,1.5024,4001
1997-08-24,1.5026000000000002,1.5051,1.4933,1.4976,1861
1997-08-25,1.5026000000000002,1.5051,1.4773,1.4858,6122
1997-08-26,1.4969999999999999,1.5042,1.4773,1.496,6782
1997-08-27,1.4848,1.5038,1.4769999999999999,1.4817,6452
1997-08-28,1.496,1.5038,1.4769999999999999,1.4929999999999999,6092
1997-08-29,1.4809999999999999,1.496,1.4792,1.4929999999999999,2161
1997-08-31,1.4929999999999999,1.5002,1.4874,1.494,2461
1997-09-01,1.4929999999999999,1.5085,1.4874,1.506,4662
1997-09-02,1.491,1.5105,1.49,1.5015,4672
1997-09-03,1.505,1.5105,1.4938,1.4975,4372
1997-09-04,1.5015,1.5053,1.4704,1.4785,5962
1997-09-05,1.4975,1.5002,1.4704,1.4785,4061
1997-09-07,1.476,1.4892,1.4678,1.4845,3431
1997-09-08,1.476,1.4915,1.4678,1.4873,6482
1997-09-09,1.4874,1.4935,1.4751,1.4785,5882
1997-09-10,1.487,1.4935,1.4679,1.4752,5522
1997-09-11,1.4765,1.482,1.4618,1.464,4982
1997-09-12,1.4745,1.4785,1.4618,1.464,2291
1997-09-14,1.4668,1.4689999999999999,1.441,1.4459,3511
1997-09-15,1.4668,1.4689999999999999,1.441,1.4511,5852
1997-09-16,1.4465,1.4641,1.4436,1.4605000000000001,4862
1997-09-17,1.4513,1.4701,1.4469,1.4659,5992
1997-09-18,1.46,1.4701,1.4498,1.4622,6462
1997-09-19,1.4655,1.47,1.4534,1.4622,2991
1997-09-21,1.462,1.476,1.4585,1.47,2701
1997-09-22,1.462,1.4784,1.4585,1.4705,5362
1997-09-23,1.4703,1.4784,1.4549,1.4585,4982
1997-09-24,1.4695,1.472,1.447,1.451,5172
1997-09-25,1.4585,1.465,1.4399,1.4512,6452
1997-09-26,1.45,1.4585,1.4399,1.4512,3601
1997-09-28,1.4522,1.4577,1.4465,1.4548,1981
1997-09-29,1.4522,1.4591,1.4465,1.4489,3832
1997-09-30,1.4542,1.4628999999999999,1.443,1.461,4532
1997-10-01,1.448,1.4633,1.443,1.4565000000000001,4832
1997-10-02,1.462,1.4633,1.4459,1.4493,4872
1997-10-03,1.4555,1.4626000000000001,1.4459,1.4493,2721
1997-10-05,1.4466,1.4554,1.4437,1.448,2201
1997-10-06,1.4466,1.4554,1.4362,1.4481,4982
1997-10-07,1.4485000000000001,1.4539,1.4362,1.4436,5042
1997-10-08,1.4468,1.4591,1.4373,1.4573,5242
1997-10-09,1.4435,1.4621,1.4373,1.4588999999999999,5502
1997-10-10,1.4563,1.4621,1.4482,1.4588999999999999,2521
1997-10-12,1.459,1.4689999999999999,1.4578,1.4635,1791
1997-10-13,1.459,1.4689999999999999,1.4578,1.4616,3552
1997-10-14,1.4628,1.4673,1.4559,1.4575,3562
1997-10-15,1.4605000000000001,1.4664,1.4516,1.4566,3402
1997-10-16,1.456,1.4788999999999999,1.4516,1.4758,4322
1997-10-17,1.458,1.4788999999999999,1.4564,1.4758,2721
1997-10-19,1.475,1.4794,1.47,1.4718,1561
1997-10-20,1.475,1.4922,1.4685000000000001,1.4892,4482
1997-10-21,1.471,1.4922,1.4685000000000001,1.4835,6012
1997-10-22,1.4886,1.4904,1.46,1.4641,6412
1997-10-23,1.4828999999999999,1.486,1.46,1.4661,6602
1997-10-24,1.4635,1.48,1.4623,1.4661,3281
1997-10-26,1.4638,1.465,1.4375,1.439,3021
1997-10-27,1.4638,1.465,1.3895,1.4287,11942
1997-10-28,1.4385,1.439,1.3895,1.4108,12232
1997-10-29,1.4277,1.4325,1.392,1.393,5332
1997-10-30,1.4102000000000001,1.4129,1.392,1.4005,5352
1997-10-31,1.393,1.4129,1.3925,1.4005,3331
1997-11-02,1.4,1.4213,1.3995,1.413,3061
1997-11-03,1.4,1.4213,1.3988,1.4037,5152
1997-11-04,1.4123999999999999,1.4146,1.3988,1.404,4562
1997-11-05,1.4045,1.4146,1.401,1.4129,4162
1997-11-06,1.404,1.4139,1.3824,1.3925,5852
1997-11-07,1.4125,1.4132,1.3824,1.3925,4161
1997-11-09,1.392,1.4012,1.3853,1.3865,2631
1997-11-10,1.392,1.4012,1.383,1.3940000000000001,4422
1997-11-11,1.3859,1.4021,1.383,1.392,5112
1997-11-12,1.3934,1.4086,1.3848,1.4005,6262
1997-11-13,1.3915,1.4086,1.3894,1.4055,4722
1997-11-14,1.4005,1.4083999999999999,1.397,1.4055,1781
1997-11-16,1.4058,1.4169,1.4002,1.4085,3071
1997-11-17,1.4058,1.4169,1.4002,1.4062999999999999,4972
1997-11-18,1.4079,1.4114,1.399,1.4051,3742
1997-11-19,1.4053,1.4144,1.399,1.4128,4042
1997-11-20,1.4052,1.4255,1.3996,1.4102999999999999,5902
1997-11-21,1.4123,1.4255,1.4060000000000001,1.4102999999999999,3701
1997-11-23,1.4085,1.412,1.397,1.405,2651
1997-11-24,1.4085,1.4135,1.397,1.4116,4492
1997-11-25,1.404,1.4214,1.4005,1.416,4442
1997-11-26,1.4112,1.4302000000000001,1.4060000000000001,1.424,4782
1997-11-27,1.4154,1.4302000000000001,1.415,1.4264999999999999,3912
1997-11-28,1.4238,1.429,1.419,1.4264999999999999,1731
1997-11-30,1.4239,1.4358,1.422,1.432,1951
1997-12-01,1.4239,1.4358,1.422,1.433,4052
1997-12-02,1.4316,1.4362,1.4238,1.4307,4112
1997-12-03,1.433,1.4362,1.425,1.4325,3512
1997-12-04,1.4303,1.4424000000000001,1.4274,1.4402,3672
1997-12-05,1.4319,1.4424000000000001,1.4274,1.4402,2171
1997-12-07,1.445,1.4604,1.442,1.4565000000000001,2531
1997-12-08,1.445,1.4635,1.442,1.455,5022
1997-12-09,1.4555,1.4635,1.4415,1.4465,5482
1997-12-10,1.454,1.4602,1.421,1.4215,6052
1997-12-11,1.4465,1.4487999999999999,1.421,1.4375,4662
1997-12-12,1.4215,1.4375,1.4215,1.4375,1601
1997-12-14,1.4355,1.442,1.4272,1.4333,2741
1997-12-15,1.4355,1.4449,1.4272,1.4403000000000001,4982
1997-12-16,1.4329,1.4449,1.4285,1.4365,4622
1997-12-17,1.4397,1.4435,1.4285,1.4355,4262
1997-12-18,1.4365,1.4435,1.4215,1.4359,5442
1997-12-19,1.4355,1.4395,1.4215,1.4359,3561
1997-12-21,1.4339,1.4423,1.4339,1.4385,1221
1997-12-22,1.4339,1.4423,1.4293,1.4338,3212
1997-12-23,1.4383,1.4415,1.429,1.4333,3732
1997-12-24,1.4335,1.4378,1.429,1.434,2572
1997-12-25,1.4323000000000001,1.4365999999999999,1.431,1.4338,1932
1997-12-26,1.434,1.4365999999999999,1.431,1.4338,1101
1997-12-28,1.4325,1.4506000000000001,1.43,1.4485000000000001,2521
1997-12-29,1.4325,1.4583,1.43,1.4535,4362
1997-12-30,1.4475,1.4638,1.4461,1.4625,3482
1997-12-31,1.4535,1.4638,1.4511,1.4625,1641
1998-01-01,1.46,1.4708,1.46,1.4704,113
1998-01-02,1.46,1.4708,1.46,1.4704,113
1998-01-04,1.4617,1.4881,1.4585,1.4812,398
1998-01-05,1.4617,1.4889999999999999,1.4585,1.4864,645
1998-01-06,1.4802,1.4889999999999999,1.4725,1.4792,475
1998-01-07,1.4865,1.4875,1.4682,1.4755,470
1998-01-08,1.4786000000000001,1.4818,1.4657,1.4775,510
1998-01-09,1.474,1.4808,1.4657,1.4775,268
1998-01-11,1.4774,1.482,1.4678,1.4777,282
1998-01-12,1.4774,1.482,1.4678,1.4768,471
1998-01-13,1.4774,1.4886,1.4714,1.4819,428
1998-01-14,1.4775,1.5011,1.4745,1.4984,569
1998-01-15,1.4815,1.5011,1.4762,1.4985,532
1998-01-16,1.4969999999999999,1.5006,1.4898,1.4985,202
1998-01-18,1.4961,1.5065,1.4932,1.4975,253
1998-01-19,1.4961,1.5065,1.4932,1.496,402
1998-01-20,1.4971999999999999,1.5025,1.4744,1.476,404
1998-01-21,1.496,1.4971,1.4612,1.4687000000000001,519
1998-01-22,1.475,1.4775,1.4355,1.4405000000000001,715
1998-01-23,1.4685000000000001,1.472,1.4355,1.4405000000000001,451
1998-01-25,1.4344999999999999,1.4596,1.4213,1.4555,557
1998-01-26,1.4344999999999999,1.4596,1.4213,1.4455,706
1998-01-27,1.4551,1.4673,1.444,1.464,431
1998-01-28,1.4455,1.4755,1.444,1.4725,573
1998-01-29,1.4641,1.4835,1.4567999999999999,1.4766,559
1998-01-30,1.4723,1.4835,1.468,1.4766,268
1998-02-01,1.4801,1.488,1.4708,1.4736,280
1998-02-02,1.4801,1.488,1.4618,1.4653,548
1998-02-03,1.4729999999999999,1.479,1.449,1.452,546
1998-02-04,1.4649,1.4693,1.4404,1.4458,524
1998-02-05,1.4515,1.4625,1.4404,1.4588999999999999,513
1998-02-06,1.4445000000000001,1.4625,1.442,1.4588999999999999,267
1998-02-08,1.4625,1.4687000000000001,1.4567999999999999,1.466,204
1998-02-09,1.4625,1.4687000000000001,1.4567999999999999,1.46,333
1998-02-10,1.466,1.471,1.4573,1.4645000000000001,339
1998-02-11,1.458,1.471,1.449,1.4543,453
1998-02-12,1.4635,1.4703,1.449,1.463,510
1998-02-13,1.454,1.4703,1.4525000000000001,1.463,267
1998-02-15,1.4601,1.4667,1.4575,1.4607,179
1998-02-16,1.4601,1.4762,1.457,1.4723,448
1998-02-17,1.4607,1.4763,1.457,1.4712,461
1998-02-18,1.4723,1.4763,1.461,1.467,417
1998-02-19,1.4706000000000001,1.474,1.461,1.4672,414
1998-02-20,1.467,1.4727999999999999,1.4633,1.4672,189
1998-02-22,1.4675,1.4792,1.4445000000000001,1.4512,532
1998-02-23,1.4675,1.4792,1.4445000000000001,1.453,699
1998-02-24,1.4506000000000001,1.4713,1.448,1.4685000000000001,449
1998-02-25,1.453,1.4751,1.4495,1.4683,521
1998-02-26,1.4685000000000001,1.4751,1.4591,1.466,474
1998-02-27,1.468,1.4718,1.4591,1.466,235
1998-03-01,1.465,1.4684,1.4555,1.468,229
1998-03-02,1.465,1.4721,1.4555,1.4708,339
1998-03-03,1.4671,1.484,1.4647999999999999,1.4784,365
1998-03-04,1.4702,1.4955,1.4672,1.4925,633
1998-03-05,1.4778,1.499,1.4693,1.4917,671
1998-03-06,1.4915,1.499,1.4843,1.4917,293
1998-03-08,1.4875,1.4976,1.4849999999999999,1.487,248
1998-03-09,1.4875,1.4976,1.4849999999999999,1.4905,377
1998-03-10,1.4863,1.4961,1.4849999999999999,1.49,320
1998-03-11,1.49,1.4961,1.4825,1.4873,364
1998-03-12,1.4895,1.4935,1.472,1.4755,490
1998-03-13,1.4868999999999999,1.4935,1.472,1.4755,317
1998-03-15,1.4727999999999999,1.4845,1.4725,1.48,169
1998-03-16,1.4727999999999999,1.4846,1.4725,1.48,390
1998-03-17,1.4794,1.4938,1.4733,1.4938,378
1998-03-18,1.4788000000000001,1.4987,1.4785,1.4975,325
1998-03-19,1.4922,1.502,1.4877,1.4985,358
1998-03-20,1.4968,1.502,1.4917,1.4985,190
1998-03-22,1.498,1.501,1.4863,1.4885,200
1998-03-23,1.498,1.501,1.4863,1.491,294
1998-03-24,1.4883,1.4986,1.487,1.494,272
1998-03-25,1.4905,1.4986,1.4852,1.4882,336
1998-03-26,1.4935,1.5007000000000001,1.4852,1.4986,349
1998-03-27,1.4866,1.5007000000000001,1.4852,1.4986,191
1998-03-29,1.4968,1.5251000000000001,1.495,1.5244,713
1998-03-30,1.4968,1.5375,1.495,1.5225,1483
1998-03-31,1.5236,1.5375,1.518,1.5332,1471
1998-04-01,1.5228000000000002,1.5373,1.5192,1.5333999999999999,1537
1998-04-02,1.5338,1.5373999999999999,1.5238,1.5244,1779
1998-04-03,1.5335,1.5373999999999999,1.5238,1.5244,943
1998-04-05,1.5255,1.5314999999999999,1.5205,1.5274,819
1998-04-06,1.5255,1.5324,1.5205,1.5242,1737
1998-04-07,1.5242,1.5324,1.5042,1.5096,1798
1998-04-08,1.5248,1.5266,1.5042,1.5166,1748
1998-04-09,1.5081,1.5196,1.5046,1.5152,961
1998-04-10,1.5167000000000002,1.518,1.5118,1.5152,93
1998-04-12,1.5139,1.5194999999999999,1.509,1.5106000000000002,150
1998-04-13,1.5139,1.5194999999999999,1.4855,1.494,1065
1998-04-14,1.5110000000000001,1.5118,1.4855,1.4958,1923
1998-04-15,1.4939,1.5093,1.4864,1.5036,10848
1998-04-16,1.4963,1.5093,1.4903,1.4998,18839
1998-04-17,1.5034,1.506,1.4903,1.4998,8999
1998-04-19,1.4995,1.505,1.4924,1.4988000000000001,7934
1998-04-20,1.4995,1.505,1.4772,1.4811,19788
1998-04-21,1.4986,1.4992,1.476,1.4865,22302
1998-04-22,1.4809,1.4943,1.476,1.4899,11240
1998-04-23,1.4864,1.4943,1.4795,1.4914,1491
1998-04-24,1.49,1.4924,1.4889999999999999,1.4914,699
1998-04-26,1.495,1.499,1.4828000000000001,1.4867,9094
1998-04-27,1.495,1.499,1.4828000000000001,1.494,17864
1998-04-28,1.487,1.502,1.4858,1.4997,19204
1998-04-29,1.4938,1.5041,1.4913,1.5005,15498
1998-04-30,1.4992,1.5041,1.484,1.4925,11406
1998-05-01,1.5007000000000001,1.5021,1.484,1.4925,6342
1998-05-03,1.4935,1.4957,1.4876,1.4889000000000001,5633
1998-05-04,1.4935,1.4957,1.4775,1.4795,11982
1998-05-05,1.4893,1.4929999999999999,1.4717,1.4733,13519
1998-05-06,1.4796,1.486,1.4633,1.4737,15556
1998-05-07,1.4731,1.483,1.4633,1.4814,14961
1998-05-08,1.4735,1.483,1.4698,1.4814,6575
1998-05-10,1.48,1.488,1.4735,1.4842,6894
1998-05-11,1.48,1.4885,1.4735,1.4805,11576
1998-05-12,1.4836,1.4885,1.4761,1.4817,11177
1998-05-13,1.4798,1.486,1.4716,1.4809999999999999,13174
1998-05-14,1.482,1.4915,1.4716,1.4865,12115
1998-05-15,1.4795,1.4915,1.4775,1.4865,5436
1998-05-17,1.4861,1.4925,1.4835,1.4858,6846
1998-05-18,1.4861,1.4925,1.4787,1.4808,13604
1998-05-19,1.4849999999999999,1.487,1.4729,1.4763,13400
1998-05-20,1.48,1.483,1.46,1.4635,11426
1998-05-21,1.476,1.478,1.46,1.4649,10107
1998-05-22,1.4647999999999999,1.4716,1.4601,1.4649,5323
1998-05-24,1.4635,1.4735,1.4615,1.4721,2618
1998-05-25,1.4635,1.475,1.4615,1.4698,9849
1998-05-26,1.4723,1.4772,1.4532,1.4735,16692
1998-05-27,1.4708,1.4792,1.4532,1.4758,16027
1998-05-28,1.474,1.4873,1.4638,1.4844,12967
1998-05-29,1.4751,1.4873,1.4638,1.4844,6401
1998-05-31,1.4842,1.4867,1.4744,1.476,3354
1998-06-01,1.4842,1.4867,1.4744,1.4805,11602
1998-06-02,1.4767000000000001,1.4844,1.4724,1.4744,16016
1998-06-03,1.4793,1.4825,1.4638,1.4699,16988
1998-06-04,1.474,1.4798,1.4638,1.4776,18114
1998-06-05,1.4698,1.4798,1.4663,1.4776,8894
1998-06-07,1.4765,1.4817,1.4748999999999999,1.4797,8756
1998-06-08,1.4765,1.4817,1.4725,1.4765,16962
1998-06-09,1.4795,1.4899,1.4725,1.487,19446
1998-06-10,1.4765,1.4984,1.4731,1.4971,21067
1998-06-11,1.4868000000000001,1.5015,1.4833,1.4997,20092
1998-06-12,1.4974,1.5015,1.4914,1.4997,10265
1998-06-14,1.498,1.5126,1.4971999999999999,1.5070000000000001,8913
1998-06-15,1.498,1.5126,1.4938,1.4976,19213
1998-06-16,1.5068000000000001,1.5103,1.4835,1.4895,20797
1998-06-17,1.4983,1.5,1.4835,1.4979,20332
1998-06-18,1.4891,1.5011999999999999,1.4855,1.4948000000000001,18508
1998-06-19,1.498,1.5011999999999999,1.49,1.4948000000000001,8673
1998-06-21,1.4975,1.5047000000000001,1.495,1.4977,7199
1998-06-22,1.4975,1.508,1.4948000000000001,1.5045,14697
1998-06-23,1.4981,1.51,1.4948000000000001,1.5088,14546
1998-06-24,1.5043,1.5190000000000001,1.5003,1.5163,14452
1998-06-25,1.5088,1.532,1.501,1.5258,15596
1998-06-26,1.5167000000000002,1.532,1.51,1.5258,8192
1998-06-28,1.5265,1.5323,1.5215999999999998,1.5257,6788
1998-06-29,1.5265,1.5323,1.513,1.5209000000000001,14180
1998-06-30,1.5261,1.5338,1.5110000000000001,1.528,15093
1998-07-01,1.5205,1.5364,1.5110000000000001,1.5324,15872
1998-07-02,1.5274,1.5364,1.5243,1.53,14820
1998-07-03,1.5323,1.5358,1.5255,1.53,6649
1998-07-05,1.5310000000000001,1.5335999999999999,1.5187,1.5238,9114
1998-07-06,1.5310000000000001,1.5335999999999999,1.5187,1.5276,17843
1998-07-07,1.5238,1.5302,1.5194999999999999,1.5291000000000001,15716
1998-07-08,1.5274,1.546,1.5239,1.5409000000000002,15448
1998-07-09,1.5302,1.548,1.5262,1.5384,16189
1998-07-10,1.5405,1.548,1.5329000000000002,1.5384,7728
1998-07-12,1.5390000000000001,1.5432000000000001,1.5150000000000001,1.518,7918
1998-07-13,1.5390000000000001,1.5432000000000001,1.5126,1.5211999999999999,15330
1998-07-14,1.5192,1.5225,1.51,1.5121,14897
1998-07-15,1.5208,1.5225,1.4993,1.5029,15133
1998-07-16,1.5116,1.5123,1.4993,1.5026000000000002,14886
1998-07-17,1.5026000000000002,1.5118,1.501,1.5026000000000002,7238
1998-07-19,1.5011999999999999,1.5079,1.4979,1.5064,6024
1998-07-20,1.5011999999999999,1.5137,1.4979,1.5102,12962
1998-07-21,1.5063,1.516,1.5045,1.5116,13302
1998-07-22,1.5098,1.517,1.5048,1.5058,13446
1998-07-23,1.5106000000000002,1.517,1.4914,1.4976,13908
1998-07-24,1.5065,1.5083,1.4914,1.4976,6826
1998-07-26,1.495,1.5058,1.4925,1.5041,5778
1998-07-27,1.495,1.5058,1.4856,1.4881,11683
1998-07-28,1.5034999999999998,1.5058,1.4808,1.4845,11364
1998-07-29,1.4891,1.4945,1.4758,1.4917,10690
1998-07-30,1.4845,1.4967,1.4758,1.4881,11676
1998-07-31,1.492,1.4967,1.4865,1.4881,6445
1998-08-02,1.488,1.5047000000000001,1.488,1.4997,5389
1998-08-03,1.488,1.5047000000000001,1.488,1.4928,11513
1998-08-04,1.5,1.5030000000000001,1.483,1.4917,12617
1998-08-05,1.4912,1.4945,1.483,1.4935,13049
1998-08-06,1.492,1.5,1.4849999999999999,1.4955,12952
1998-08-07,1.4927000000000001,1.5,1.4882,1.4955,6396
1998-08-09,1.4965,1.4988000000000001,1.4929000000000001,1.4981,5216
1998-08-10,1.4965,1.4994,1.4853,1.4914,11606
1998-08-11,1.4969999999999999,1.4994,1.48,1.49,12507
1998-08-12,1.4918,1.4975,1.48,1.4875,12959
1998-08-13,1.4926,1.5131999999999999,1.4847000000000001,1.5072,13315
1998-08-14,1.487,1.5131999999999999,1.486,1.5072,6473
1998-08-16,1.506,1.5162,1.4996,1.5110999999999999,6792
1998-08-17,1.506,1.5162,1.4996,1.509,13278
1998-08-18,1.5045,1.5152,1.501,1.5053,13070
1998-08-19,1.509,1.5152,1.5,1.5065,12721
1998-08-20,1.506,1.5112999999999999,1.4969000000000001,1.5025,13053
1998-08-21,1.504,1.5088,1.4969000000000001,1.5025,6916
1998-08-23,1.5032999999999999,1.5053,1.4973,1.5003,6983
1998-08-24,1.5032999999999999,1.5066000000000002,1.4973,1.5025,13398
1998-08-25,1.5008,1.5072999999999999,1.4986,1.5053,12376
1998-08-26,1.5018,1.5072999999999999,1.4798,1.4813,11950
1998-08-27,1.504,1.5062,1.437,1.44,13114
1998-08-28,1.482,1.483,1.437,1.44,7125
1998-08-30,1.4375,1.4623,1.4285,1.436,4614
1998-08-31,1.4375,1.4623,1.4258,1.4437,10946
1998-09-01,1.4327,1.4498,1.4258,1.4435,12751
1998-09-02,1.443,1.4498,1.4089,1.418,13099
1998-09-03,1.444,1.444,1.4089,1.4227,12019
1998-09-04,1.4197,1.4351,1.4165,1.4227,5339
1998-09-06,1.419,1.4215,1.3993,1.41,5972
1998-09-07,1.419,1.4229,1.3993,1.4169,11044
1998-09-08,1.4118,1.433,1.41,1.4107,11326
1998-09-09,1.4165,1.433,1.3815,1.3855,12342
1998-09-10,1.4055,1.407,1.3737,1.3905,12512
1998-09-11,1.385,1.3936,1.3737,1.3905,6424
1998-09-13,1.392,1.4074,1.3908,1.399,9959
1998-09-14,1.392,1.4074,1.3864,1.396,20515
1998-09-15,1.3995,1.4058,1.3864,1.3933,20715
1998-09-16,1.3953,1.4058,1.375,1.391,22209
1998-09-17,1.3925,1.3969,1.375,1.3940000000000001,21997
1998-09-18,1.3907,1.3969,1.3848,1.3940000000000001,9947
1998-09-20,1.3955,1.3965,1.3738000000000001,1.3908,9445
1998-09-21,1.3955,1.4008,1.3738000000000001,1.3900000000000001,19399
1998-09-22,1.3905,1.4055,1.3858,1.3907,19389
1998-09-23,1.3918,1.4055,1.3825,1.3873,19488
1998-09-24,1.3872,1.3982999999999999,1.367,1.3855,21915
1998-09-25,1.3876,1.3900000000000001,1.367,1.3855,11862
1998-09-27,1.3809,1.3963,1.3797,1.389,8396
1998-09-28,1.3809,1.3963,1.3797,1.387,17985
1998-09-29,1.388,1.392,1.377,1.3785,19099
1998-09-30,1.3838,1.3901,1.3573,1.362,19679
1998-10-01,1.3786,1.3828,1.342,1.3563,19982
1998-10-02,1.362,1.366,1.342,1.3563,9813
1998-10-04,1.3532,1.3586,1.3388,1.343,8499
1998-10-05,1.3532,1.3586,1.3349,1.3387,17349
1998-10-06,1.3408,1.3564,1.3014999999999999,1.3115,19581
1998-10-07,1.3355000000000001,1.3466,1.2734,1.3171,22806
1998-10-08,1.3075,1.3335,1.2734,1.3215,23378
1998-10-09,1.3176999999999999,1.3335,1.305,1.3215,11303
1998-10-11,1.3242,1.3434,1.318,1.3403,8172
1998-10-12,1.3242,1.3434,1.318,1.3223,20232
1998-10-13,1.3405,1.342,1.32,1.3327,22712
1998-10-14,1.3225,1.3374,1.315,1.3167,21787
1998-10-15,1.332,1.3369,1.3038,1.316,22948
1998-10-16,1.313,1.3194,1.3038,1.316,11813
1998-10-18,1.3167,1.3295,1.3115,1.3265,11145
1998-10-19,1.3167,1.3495,1.3115,1.3455,20894
1998-10-20,1.3265,1.3593,1.3259,1.3525,17453
1998-10-21,1.3439999999999999,1.3593,1.337,1.3405,15463
1998-10-22,1.3528,1.359,1.3317999999999999,1.3386,15013
1998-10-23,1.3391,1.345,1.3317999999999999,1.3386,7254
1998-10-25,1.343,1.3639999999999999,1.3403,1.363,8036
1998-10-26,1.343,1.3639999999999999,1.3403,1.347,16280
1998-10-27,1.3615,1.3639999999999999,1.3338,1.349,16429
1998-10-28,1.345,1.3528,1.3338,1.345,15987
1998-10-29,1.3475,1.3578999999999999,1.334,1.3515,16104
1998-10-30,1.346,1.3578999999999999,1.3415,1.3515,8302
1998-11-01,1.3479999999999999,1.3528,1.3423,1.3515,8693
1998-11-02,1.3479999999999999,1.363,1.3423,1.358,16869
1998-11-03,1.35,1.3721,1.3495,1.3665,15785
1998-11-04,1.358,1.3721,1.3565,1.3668,14768
1998-11-05,1.366,1.3815,1.3565,1.3780000000000001,13321
1998-11-06,1.3660999999999999,1.3815,1.3625,1.3780000000000001,6162
1998-11-08,1.3805,1.4022000000000001,1.3768,1.3965,7296
1998-11-09,1.3805,1.4022000000000001,1.3768,1.387,14239
1998-11-10,1.395,1.4005,1.3820000000000001,1.3835,13097
1998-11-11,1.3885,1.3999,1.3820000000000001,1.3893,12279
1998-11-12,1.384,1.3999,1.3825,1.3871,12631
1998-11-13,1.389,1.3963999999999999,1.3846,1.3871,6506
1998-11-15,1.3885,1.3897,1.3688,1.374,6183
1998-11-16,1.3885,1.3897,1.366,1.3745,12424
1998-11-17,1.375,1.381,1.366,1.38,12862
1998-11-18,1.375,1.3900000000000001,1.3681,1.3885,12563
1998-11-19,1.379,1.3965,1.3727,1.3940000000000001,12162
1998-11-20,1.3878,1.3965,1.3860000000000001,1.3940000000000001,6220
1998-11-22,1.3940000000000001,1.4132,1.392,1.405,6740
1998-11-23,1.3940000000000001,1.4158,1.392,1.4058,14369
1998-11-24,1.4060000000000001,1.4158,1.3982999999999999,1.4096,15945
1998-11-25,1.4054,1.4132,1.3982999999999999,1.4085,14967
1998-11-26,1.4092,1.4156,1.4017,1.4137,14541
1998-11-27,1.4068,1.4156,1.4017,1.4137,7890
1998-11-29,1.4132,1.4138,1.3895,1.3935,7380
1998-11-30,1.4132,1.4138,1.3736,1.3828,16385
1998-12-01,1.3932,1.3945,1.363,1.3676,17706
1998-12-02,1.3825,1.3851,1.3538000000000001,1.3594,18552
1998-12-03,1.3679999999999999,1.3761,1.3538000000000001,1.3675,17949
1998-12-04,1.3589,1.3761,1.358,1.3675,8098
1998-12-06,1.3678,1.3783,1.367,1.3783,9819
1998-12-07,1.3678,1.3792,1.3593,1.361,19694
1998-12-08,1.3772,1.3792,1.3545,1.3592,19265
1998-12-09,1.3611,1.3655,1.3348,1.3363,20010
1998-12-10,1.3589,1.3599999999999999,1.3248,1.329,20856
1998-12-11,1.3355000000000001,1.342,1.3248,1.329,10236
1998-12-13,1.3254000000000001,1.3396,1.321,1.3275000000000001,9410
1998-12-14,1.3254000000000001,1.346,1.321,1.3449,19358
1998-12-15,1.3279,1.355,1.3269,1.3535,18411
1998-12-16,1.3437000000000001,1.355,1.3342,1.3488,16848
1998-12-17,1.3525,1.3535,1.3389,1.3482,16528
1998-12-18,1.3485,1.3515,1.34,1.3482,8143
1998-12-20,1.3454,1.3632,1.341,1.3596,8055
1998-12-21,1.3454,1.3685,1.341,1.3638,16408
1998-12-22,1.359,1.3685,1.3555,1.3618000000000001,15155
1998-12-23,1.3639999999999999,1.3772,1.3594,1.3767,9574
1998-12-24,1.3615,1.3772,1.3615,1.3738000000000001,2841
1998-12-25,1.3755,1.3765,1.3695,1.3738000000000001,69
1998-12-27,1.3739,1.3772,1.367,1.369,3321
1998-12-28,1.3739,1.3772,1.3594,1.3685,10878
1998-12-29,1.3684,1.3867,1.3594,1.3831,14076
1998-12-30,1.3679000000000001,1.3867,1.3633,1.3774,9644
1998-12-31,1.3825,1.3860000000000001,1.3738000000000001,1.3774,3125
1999-01-04,1.3595,1.3735,1.3595,1.367,8228
1999-01-05,1.367,1.3729,1.3642,1.3724,6488
1999-01-06,1.3717,1.4006,1.3704,1.3912,5654
1999-01-07,1.3917,1.3933,1.3742,1.3784,6020
1999-01-08,1.379,1.3999,1.3745,1.3935,7908
1999-01-10,1.395,1.395,1.3942,1.3945,5
1999-01-11,1.3935,1.4035,1.3894,1.403,7151
1999-01-12,1.403,1.4060000000000001,1.385,1.3865,8188
1999-01-13,1.3868,1.3881000000000001,1.3395000000000001,1.3625,9260
1999-01-14,1.361,1.3707,1.3549,1.3586,7874
1999-01-15,1.359,1.3843,1.3491,1.3834,8883
1999-01-17,1.3808,1.3834,1.3785,1.3795,25
1999-01-18,1.379,1.387,1.3756,1.3799000000000001,6219
1999-01-19,1.3798,1.3856,1.3721999999999999,1.3780000000000001,7431
1999-01-20,1.3778000000000001,1.393,1.3767,1.3889,7212
1999-01-21,1.3881999999999999,1.3919000000000001,1.379,1.3836,6252
1999-01-22,1.3831,1.3852,1.3756,1.3834,6383
1999-01-24,1.3832,1.3837,1.3820000000000001,1.3827,66
1999-01-25,1.3832,1.3881999999999999,1.3745,1.3868,6027
1999-01-26,1.3852,1.3945,1.3804,1.3925,6984
1999-01-27,1.3896,1.4128,1.3885,1.4104,7252
1999-01-28,1.4102999999999999,1.4184999999999999,1.4043999999999999,1.4132,9524
1999-01-29,1.4131,1.4212,1.4095,1.416,10618
1999-01-31,1.4143,1.4143,1.4118,1.4135,149
1999-02-01,1.4136,1.4252,1.4098,1.4205,10120
1999-02-02,1.4203000000000001,1.4217,1.4071,1.4127,12411
1999-02-03,1.4137,1.4205,1.4062000000000001,1.4183,9150
1999-02-04,1.418,1.4255,1.4112,1.4114,10270
1999-02-05,1.4115,1.4235,1.4075,1.4205,8742
1999-02-07,1.4209,1.4215,1.419,1.4197,62
1999-02-08,1.4209,1.428,1.4139,1.4167,7039
1999-02-09,1.4172,1.422,1.4104999999999999,1.4142000000000001,6808
1999-02-10,1.413,1.4202,1.4031,1.4129,6483
1999-02-11,1.412,1.4273,1.4081000000000001,1.425,6204
1999-02-12,1.4255,1.426,1.414,1.4155,5973
1999-02-14,1.4157,1.417,1.4135,1.4169,48
1999-02-15,1.4165,1.4236,1.4135,1.4233,4660
1999-02-16,1.4237,1.4329,1.4219,1.4252,5540
1999-02-17,1.4255,1.427,1.4175,1.4202,5287
1999-02-18,1.4205,1.4315,1.4163999999999999,1.4297,5216
1999-02-19,1.431,1.4498,1.4273,1.4462,7063
1999-02-21,1.4477,1.4514,1.447,1.4504000000000001,136
1999-02-22,1.4502,1.4594,1.4466999999999999,1.4485000000000001,7424
1999-02-23,1.451,1.458,1.4435,1.4479,6340
1999-02-24,1.4482,1.4565000000000001,1.4425,1.4482,6403
1999-02-25,1.4474,1.4487,1.434,1.441,6440
1999-02-26,1.4416,1.4527999999999999,1.4392,1.4462,6177
1999-02-28,1.4493,1.4506999999999999,1.4473,1.4482,62
1999-03-01,1.4475,1.4635,1.4454,1.4616,6795
1999-03-02,1.4615,1.4665,1.4542,1.4548,6856
1999-03-03,1.458,1.4631,1.4544000000000001,1.4624,6449
1999-03-04,1.4617,1.4736,1.4603,1.471,6789
1999-03-05,1.4717,1.4744,1.4655,1.4708,5894
1999-03-07,1.4705,1.474,1.4704,1.4739,78
1999-03-08,1.4742,1.4748,1.4565000000000001,1.4612,6127
1999-03-09,1.4607999999999999,1.4707,1.459,1.4664,6266
1999-03-10,1.4662,1.4693,1.455,1.4586999999999999,6627
1999-03-11,1.4584,1.4772,1.4461,1.4537,7830
1999-03-12,1.454,1.468,1.4512,1.4647000000000001,6848
1999-03-14,1.4655,1.4667,1.4645000000000001,1.4652,71
1999-03-15,1.4657,1.4754,1.4607,1.4729999999999999,5197
1999-03-16,1.4732,1.4755,1.45,1.4546000000000001,6266
1999-03-17,1.4502,1.4613,1.4455,1.451,6595
1999-03-18,1.451,1.459,1.4439,1.4566,7371
1999-03-19,1.4562,1.4691,1.4536,1.4649,6288
1999-03-21,1.4652,1.4655,1.4644,1.4652,45
1999-03-22,1.4657,1.4715,1.4615,1.466,5641
1999-03-23,1.4657,1.4685000000000001,1.4565000000000001,1.4593,6074
1999-03-24,1.4597,1.4663,1.4515,1.4637,6676
1999-03-25,1.4635,1.4735,1.4607999999999999,1.4708,6196
1999-03-26,1.4705,1.4865,1.4681,1.4788999999999999,6354
1999-03-28,1.4809999999999999,1.4821,1.4807000000000001,1.4815,17
1999-03-29,1.4809,1.4928,1.4777,1.4853,6541
1999-03-30,1.4864,1.4915,1.4825,1.4892,4277
1999-03-31,1.488,1.4935,1.4747,1.4824,6511
1999-04-01,1.4826,1.4876,1.4751,1.4807000000000001,5589
1999-04-02,1.48,1.4837,1.478,1.4797,2420
1999-04-04,1.4807000000000001,1.4839,1.4803,1.4839,80
1999-04-05,1.484,1.4921,1.4803,1.4897,2803
1999-04-06,1.4886,1.4905,1.4691,1.4737,6042
1999-04-07,1.4736,1.4842,1.472,1.4822,5057
1999-04-08,1.4827,1.4883,1.4647999999999999,1.4867,6355
1999-04-09,1.4866,1.4870999999999999,1.4769999999999999,1.4827,6480
1999-04-11,1.4822,1.4822,1.4802,1.4817,13
1999-04-12,1.4822,1.4867,1.4727000000000001,1.4849,4518
1999-04-13,1.4862,1.4926,1.4818,1.49,5783
1999-04-14,1.4902,1.4905,1.4809999999999999,1.4822,5943
1999-04-15,1.4824,1.4999,1.4809999999999999,1.4994,5439
1999-04-16,1.4990999999999999,1.506,1.4952,1.4965,5853
1999-04-18,1.4992,1.4992,1.4981,1.4988000000000001,16
1999-04-19,1.4993,1.5121,1.4961,1.5017,5951
1999-04-20,1.5015,1.5105,1.4971999999999999,1.508,6670
1999-04-21,1.5078,1.5135999999999998,1.5041,1.5109,7075
1999-04-22,1.5108000000000001,1.5165,1.5026000000000002,1.5043,6535
1999-04-23,1.5043,1.5125,1.4987,1.51,6336
1999-04-25,1.5098,1.5103,1.5098,1.51,5
1999-04-26,1.5108000000000001,1.5154999999999998,1.5072,1.5139,5194
1999-04-27,1.5107,1.5145,1.5053,1.5068000000000001,6708
1999-04-28,1.5083,1.5154999999999998,1.5030999999999999,1.513,5947
1999-04-29,1.5127000000000002,1.5213999999999999,1.5104,1.5167000000000002,6833
1999-04-30,1.5166,1.5272000000000001,1.5145,1.5234999999999999,6871
1999-05-02,1.5221,1.5223,1.5215,1.5222,22
1999-05-03,1.5221,1.5268000000000002,1.5194999999999999,1.5249000000000001,5285
1999-05-04,1.525,1.5255,1.5104,1.5112999999999999,6253
1999-05-05,1.5109,1.5128,1.4902,1.4938,5965
1999-05-06,1.4937,1.4969000000000001,1.4839,1.4898,7264
1999-05-07,1.4897,1.4969999999999999,1.4853,1.4948000000000001,5783
1999-05-09,1.498,1.498,1.4976,1.498,3
1999-05-10,1.4984,1.5007000000000001,1.4856,1.4905,5490
1999-05-11,1.4907,1.5030000000000001,1.4889000000000001,1.5011999999999999,5849
1999-05-12,1.501,1.5095,1.4957,1.5061,7726
1999-05-13,1.5051999999999999,1.5105,1.5011999999999999,1.5022,5398
1999-05-14,1.5030000000000001,1.5085,1.4914,1.5032,5647
1999-05-16,1.5027,1.5043,1.5026000000000002,1.504,33
1999-05-17,1.5042,1.5082,1.4989,1.5034999999999998,5776
1999-05-18,1.5032,1.5038,1.4964,1.5002,5842
1999-05-19,1.5005,1.5085,1.4982,1.5019,5694
1999-05-20,1.502,1.5105,1.4982,1.5091999999999999,5979
1999-05-21,1.5096,1.5215,1.5091999999999999,1.5165,5762
1999-05-23,1.5194999999999999,1.5194999999999999,1.5162,1.5167000000000002,5
1999-05-24,1.5194999999999999,1.5194999999999999,1.5085,1.509,4213
1999-05-25,1.5091,1.5119,1.4975,1.4987,5653
1999-05-26,1.5005,1.5274999999999999,1.4987,1.5255999999999998,6161
1999-05-27,1.5266,1.5312999999999999,1.5182,1.5267,6464
1999-05-28,1.5268000000000002,1.5305,1.517,1.5284,5858
1999-05-30,1.5239,1.5249000000000001,1.5237,1.5248,24
1999-05-31,1.5239,1.5295,1.5201,1.5267,5136
1999-06-01,1.5268000000000002,1.5288,1.5194999999999999,1.5228000000000002,6161
1999-06-02,1.5230000000000001,1.5396999999999998,1.5222,1.5364,7181
1999-06-03,1.5363,1.5445,1.5287,1.544,7843
1999-06-04,1.5439,1.5445,1.5305,1.5325,6959
1999-06-06,1.5352999999999999,1.5352999999999999,1.5352999999999999,1.5352999999999999,1
1999-06-07,1.5352999999999999,1.5452,1.5332,1.5412,5919
1999-06-08,1.5413999999999999,1.5453000000000001,1.5211999999999999,1.5222,7548
1999-06-09,1.5237,1.5261,1.5185,1.5228000000000002,6094
1999-06-10,1.5219,1.5267,1.5135999999999998,1.5215999999999998,7099
1999-06-11,1.5221,1.5255,1.5122,1.5151,5688
1999-06-13,1.5185,1.5202,1.5179,1.5187,31
1999-06-14,1.5185,1.5325,1.5179,1.5295999999999998,6929
1999-06-15,1.5309,1.5352000000000001,1.5274999999999999,1.5304,8004
1999-06-16,1.5303,1.5502,1.5293999999999999,1.5482,7177
1999-06-17,1.5474,1.5527,1.5415,1.5434,7199
1999-06-18,1.5433,1.5499,1.5316,1.5373999999999999,6678
1999-06-20,1.5393,1.5393,1.5375,1.5375,11
1999-06-21,1.5373,1.5485,1.534,1.5436,7290
1999-06-22,1.5439,1.5497,1.5402,1.5451000000000001,7687
1999-06-23,1.545,1.5554999999999999,1.5419,1.5463,7289
1999-06-24,1.546,1.5505,1.5342,1.5343,6833
1999-06-25,1.5342,1.5354999999999999,1.525,1.5328,6272
1999-06-27,1.5337,1.5369000000000002,1.5337,1.536,48
1999-06-28,1.5356999999999998,1.5479,1.5304,1.5472000000000001,6174
1999-06-29,1.5471,1.5522,1.5434,1.5501,4927
1999-06-30,1.55,1.558,1.5470000000000002,1.5473,6403
1999-07-01,1.5474,1.571,1.5430000000000001,1.5667,6257
1999-07-02,1.5665,1.5726,1.5636999999999999,1.5678,6205
1999-07-04,1.567,1.5671,1.567,1.5671,2
1999-07-05,1.568,1.5725,1.5634000000000001,1.5685,4899
1999-07-06,1.5686,1.5747,1.5625,1.5628,6199
1999-07-07,1.5627,1.5756999999999999,1.5615999999999999,1.5741,5549
1999-07-08,1.5739999999999998,1.5796999999999999,1.569,1.5705,6932
1999-07-09,1.5714000000000001,1.58,1.5669,1.5756999999999999,6417
1999-07-11,1.5756000000000001,1.5762,1.575,1.575,17
1999-07-12,1.5760999999999998,1.5895000000000001,1.575,1.5805,5339
1999-07-13,1.5807,1.587,1.5707,1.5767,6758
1999-07-14,1.5776,1.5855000000000001,1.5697999999999999,1.5756000000000001,6803
1999-07-15,1.5753,1.58,1.5657999999999999,1.5756000000000001,7084
1999-07-16,1.575,1.5779,1.5704,1.5749,5967
1999-07-18,1.577,1.5822,1.577,1.5822,44
1999-07-19,1.577,1.5865,1.5525,1.5545,5921
1999-07-20,1.5545,1.5598999999999998,1.5362,1.5426,5559
1999-07-21,1.5413000000000001,1.5444,1.5227,1.5291000000000001,5752
1999-07-22,1.5293,1.5335999999999999,1.5198,1.5287,6672
1999-07-23,1.5282,1.5352000000000001,1.5223,1.5270000000000001,6009
1999-07-25,1.526,1.5262,1.5237,1.5244,55
1999-07-26,1.526,1.5268000000000002,1.4969999999999999,1.5072,6411
1999-07-27,1.5068000000000001,1.5101,1.4989,1.5048,6069
1999-07-28,1.5049000000000001,1.5097,1.4944,1.499,5993
1999-07-29,1.4990999999999999,1.5005,1.4865,1.491,7214
1999-07-30,1.4905,1.4963,1.4854,1.4908000000000001,4821
1999-08-01,1.4910999999999999,1.4937,1.4910999999999999,1.4932,64
1999-08-02,1.4937,1.5030999999999999,1.4910999999999999,1.4957,5829
1999-08-03,1.4945,1.5047000000000001,1.4933,1.498,6201
1999-08-04,1.4978,1.4985,1.4814,1.4854,6151
1999-08-05,1.4849999999999999,1.4887000000000001,1.4764,1.4886,6542
1999-08-06,1.4885,1.4937,1.4827,1.4891,6437
1999-08-08,1.492,1.492,1.4915,1.4919,8
1999-08-09,1.4921,1.4989,1.4915,1.4946,5004
1999-08-10,1.4945,1.4985,1.4859,1.4985,5575
1999-08-11,1.498,1.5055,1.494,1.5036,5289
1999-08-12,1.5030000000000001,1.5082,1.4990999999999999,1.4997,6250
1999-08-13,1.4992,1.5179,1.4968,1.516,6540
1999-08-15,1.5152,1.5154999999999998,1.5139,1.5150000000000001,78
1999-08-16,1.5151,1.5192,1.5107,1.516,6100
1999-08-17,1.5173999999999999,1.5267,1.5131000000000001,1.5242,7156
1999-08-18,1.5238,1.5255,1.5154,1.5194999999999999,7286
1999-08-19,1.5192,1.5295,1.5001,1.5026000000000002,7663
1999-08-20,1.5029,1.5038,1.4937,1.495,6677
1999-08-22,1.4957,1.4969999999999999,1.4955,1.4965,53
1999-08-23,1.4963,1.5377999999999998,1.495,1.5373999999999999,7348
1999-08-24,1.5371000000000001,1.5382,1.5165,1.5218,9202
1999-08-25,1.5225,1.5392000000000001,1.5178,1.5373999999999999,9211
1999-08-26,1.5373999999999999,1.5390000000000001,1.5302,1.5314,7005
1999-08-27,1.5309,1.5362,1.5272000000000001,1.5298,7346
1999-08-29,1.5286,1.5287,1.5270000000000001,1.528,101
1999-08-30,1.5279,1.5354999999999999,1.5245,1.5251000000000001,8208
1999-08-31,1.5248,1.5272999999999999,1.5079,1.5143,8058
1999-09-01,1.5145,1.5178,1.5041,1.5145,7388
1999-09-02,1.5145,1.5175,1.4878,1.4939,7617
1999-09-03,1.4943,1.5096,1.4889999999999999,1.5067,6954
1999-09-05,1.5116,1.5118,1.5105,1.5105,53
1999-09-06,1.5107,1.5123,1.5034999999999998,1.5109,6228
1999-09-07,1.5098,1.5203,1.5070999999999999,1.5074999999999998,7483
1999-09-08,1.5074999999999998,1.5144,1.5013999999999998,1.5106000000000002,8209
1999-09-09,1.5086,1.522,1.5045,1.5194999999999999,8706
1999-09-10,1.5198,1.5525,1.5151,1.5513,10199
1999-09-12,1.5522,1.5526,1.5489000000000002,1.5510000000000002,243
1999-09-13,1.5508,1.5591,1.5393,1.5409000000000002,9426
1999-09-14,1.5411000000000001,1.5554999999999999,1.5364,1.5493999999999999,9150
1999-09-15,1.5495,1.5586,1.5385,1.542,9972
1999-09-16,1.5425,1.5487,1.5291000000000001,1.5430000000000001,8313
1999-09-17,1.5431,1.5465,1.5387,1.541,5870
1999-09-19,1.5411000000000001,1.542,1.5403,1.541,50
1999-09-20,1.5409000000000002,1.553,1.5350000000000001,1.5483,7721
1999-09-21,1.5488,1.55,1.526,1.5272000000000001,8786
1999-09-22,1.5267,1.542,1.5208,1.5362,8489
1999-09-23,1.5366,1.5434999999999999,1.5224,1.5227,9169
1999-09-24,1.5232999999999999,1.5377999999999998,1.5186,1.5342,7883
1999-09-26,1.5347,1.5352000000000001,1.5325,1.5350000000000001,94
1999-09-27,1.5349,1.5415,1.528,1.5303,8729
1999-09-28,1.5314,1.5345,1.514,1.5209000000000001,8079
1999-09-29,1.5202,1.5234999999999999,1.5005,1.5053,7080
1999-09-30,1.5057,1.5078,1.4934,1.4977,7498
1999-10-01,1.4978,1.4981,1.4804,1.4821,7999
1999-10-03,1.4857,1.4859,1.483,1.4836,32
1999-10-04,1.4849999999999999,1.4905,1.4769,1.4823,7563
1999-10-05,1.4824,1.4935,1.4782,1.4806,8029
1999-10-06,1.4808,1.491,1.4727999999999999,1.4905,9247
1999-10-07,1.4902,1.495,1.4818,1.4877,8695
1999-10-08,1.487,1.5053,1.4861,1.501,8138
1999-10-10,1.502,1.5028000000000001,1.4999,1.5001,196
1999-10-11,1.5002,1.5037,1.4965,1.5005,7325
1999-10-12,1.501,1.501,1.4769,1.4777,9271
1999-10-13,1.4779,1.4825,1.4689,1.4695,8937
1999-10-14,1.4698,1.4799,1.4661,1.4717,10498
1999-10-15,1.4715,1.4764,1.4535,1.4569,10033
1999-10-17,1.4561,1.457,1.4554,1.4564,63
1999-10-18,1.4565000000000001,1.4712,1.4554,1.4682,8537
1999-10-19,1.4683,1.4755,1.4649,1.4672,8226
1999-10-20,1.4671,1.4849999999999999,1.4658,1.4798,8470
1999-10-21,1.48,1.4805,1.4687000000000001,1.4753,8854
1999-10-22,1.4753,1.5015,1.474,1.4942,9176
1999-10-24,1.4948000000000001,1.4962,1.494,1.4953,313
1999-10-25,1.4955,1.5047000000000001,1.4934,1.4993,8679
1999-10-26,1.4990999999999999,1.5156,1.4937,1.5107,9459
1999-10-27,1.5103,1.5268000000000002,1.5034,1.5219,10339
1999-10-28,1.5217,1.5314999999999999,1.5194999999999999,1.5238,9126
1999-10-29,1.5234999999999999,1.5367,1.5184,1.52,8424
1999-10-31,1.5208,1.522,1.5198,1.5215,205
1999-11-01,1.522,1.53,1.514,1.5264,7322
1999-11-02,1.5257,1.5328,1.5178,1.5278,8526
1999-11-03,1.5279,1.5375,1.5255999999999998,1.5347,8592
1999-11-04,1.5348000000000002,1.5596,1.529,1.556,9477
1999-11-05,1.5561,1.5585,1.5461,1.5484,9562
1999-11-07,1.5446,1.5464,1.5425,1.5457,252
1999-11-08,1.5457,1.5571000000000002,1.5407,1.5507,8970
1999-11-09,1.5501,1.5537,1.5415,1.5497,7855
1999-11-10,1.5453999999999999,1.5481,1.5372,1.5412,8507
1999-11-11,1.5412,1.5474999999999999,1.5377,1.5445,7710
1999-11-12,1.5449000000000002,1.5625,1.5432000000000001,1.5564,7895
1999-11-14,1.5554999999999999,1.557,1.5543,1.5563,316
1999-11-15,1.5568,1.5596999999999999,1.5518999999999998,1.5521,7264
1999-11-16,1.5522,1.558,1.5492,1.5535,8513
1999-11-17,1.5545,1.5572,1.5337,1.5394,9133
1999-11-18,1.5403,1.5615,1.5352000000000001,1.554,8283
1999-11-19,1.5549,1.5645,1.5507,1.5554999999999999,8605
1999-11-21,1.5564,1.5571000000000002,1.554,1.5567,125
1999-11-22,1.556,1.5575999999999999,1.5483,1.5532,6949
1999-11-23,1.5529,1.5605,1.5484,1.5575,7536
1999-11-24,1.5571000000000002,1.5749,1.5558,1.5705,8696
1999-11-25,1.5703,1.5735000000000001,1.5659999999999998,1.5703,8366
1999-11-26,1.5699999999999998,1.5877,1.5693000000000001,1.5765,8753
1999-11-28,1.5779999999999998,1.5791,1.5772,1.5774,118
1999-11-29,1.5782,1.5993,1.5705,1.5888,9829
1999-11-30,1.5904,1.5955,1.5794000000000001,1.5859999999999999,11140
1999-12-01,1.5889,1.5945,1.5803,1.5907,9495
1999-12-02,1.5907,1.6,1.5834000000000001,1.5972,10537
1999-12-03,1.5971,1.6000999999999999,1.5897999999999999,1.5917,8926
1999-12-05,1.591,1.5928,1.5899,1.5915,164
1999-12-06,1.5918999999999999,1.5946,1.5572,1.5651000000000002,7677
1999-12-07,1.5652,1.5678999999999998,1.5524,1.5602,7298
1999-12-08,1.5604,1.5665,1.5554999999999999,1.5575,7561
1999-12-09,1.5573000000000001,1.5755,1.5537999999999998,1.5659,7635
1999-12-10,1.5659999999999998,1.5817,1.5628,1.5795,7586
1999-12-12,1.58,1.58,1.5765,1.5777,23
1999-12-13,1.5779999999999998,1.585,1.5753,1.5803,6576
1999-12-14,1.5804,1.5975000000000001,1.5783,1.5925,7382
1999-12-15,1.5926,1.5985,1.5867,1.5885,7023
1999-12-16,1.5885,1.5895000000000001,1.5705,1.5705,7455
1999-12-17,1.5716,1.5935000000000001,1.5641,1.5897000000000001,7805
1999-12-19,1.5893000000000002,1.5916000000000001,1.5882,1.5911,106
1999-12-20,1.591,1.5941,1.5753,1.5779,8638
1999-12-21,1.5779999999999998,1.5883,1.5754000000000001,1.5866,9635
1999-12-22,1.5869,1.5905,1.5828,1.5868,8405
1999-12-23,1.5869,1.5907,1.5745,1.5806,7746
1999-12-24,1.5805,1.5875,1.5788,1.5859999999999999,5716
1999-12-26,1.5853000000000002,1.5859999999999999,1.5840999999999998,1.5843,34
1999-12-27,1.5853000000000002,1.5891,1.5805,1.5852,4831
1999-12-28,1.5857,1.5985,1.5833,1.5935000000000001,5588
1999-12-29,1.5939,1.5998,1.5875,1.5956000000000001,6371
1999-12-30,1.5962,1.6025,1.5920999999999998,1.5952,8128
1999-12-31,1.5939999999999999,1.5977000000000001,1.5892,1.5915,2207
2000-01-02,1.5934,1.5943,1.5847,1.5857999999999999,240
2000-01-03,1.5934,1.5979999999999999,1.5615999999999999,1.5648,7735
2000-01-04,1.5655000000000001,1.5704,1.5502,1.5583,8551
2000-01-05,1.5590000000000002,1.5594999999999999,1.5424,1.5548,9361
2000-01-06,1.5542,1.5613000000000001,1.5429,1.5558999999999998,9801
2000-01-07,1.5535,1.5667,1.5518,1.5646,6293
2000-01-09,1.5642,1.5649,1.5619,1.5647,259
2000-01-10,1.5649,1.5755,1.5623,1.5688,7462
2000-01-11,1.5693000000000001,1.5707,1.5575999999999999,1.5604,8027
2000-01-12,1.5602,1.5687,1.5524,1.5632000000000001,8498
2000-01-13,1.5624,1.575,1.562,1.5744,7794
2000-01-14,1.5737999999999999,1.5965,1.5694,1.5946,7812
2000-01-16,1.5937999999999999,1.5955,1.5925,1.5929,154
2000-01-17,1.5932,1.6035,1.5896,1.597,8114
2000-01-18,1.5966,1.6015000000000001,1.5880999999999998,1.5912,8556
2000-01-19,1.5911,1.5997,1.5873,1.5954000000000002,7595
2000-01-20,1.5953,1.6036000000000001,1.5823,1.5847,8470
2000-01-21,1.5844,1.6026,1.5804,1.5972,8303
2000-01-23,1.6078999999999999,1.6086,1.605,1.6058,132
2000-01-24,1.6057000000000001,1.6135000000000002,1.5991,1.6018,7963
2000-01-25,1.6019,1.6139999999999999,1.5957,1.6103,8486
2000-01-26,1.6101999999999999,1.6137000000000001,1.6034000000000002,1.6126,9122
2000-01-27,1.6128,1.6346,1.6065,1.634,8379
2000-01-28,1.6338,1.6551,1.6303,1.6481,9821
2000-01-30,1.6473,1.6482999999999999,1.6425,1.643,85
2000-01-31,1.6425,1.6627999999999998,1.6377000000000002,1.6574,8834
2000-02-01,1.6573,1.6621000000000001,1.6452,1.6572,9633
2000-02-02,1.6561,1.6611,1.6444,1.6501000000000001,9369
2000-02-03,1.6503999999999999,1.6594,1.6165,1.6232,10633
2000-02-04,1.6242999999999999,1.6488,1.6166,1.6336,10481
2000-02-06,1.6327,1.6362999999999999,1.6326,1.6362999999999999,19
2000-02-07,1.6364999999999998,1.6463999999999999,1.6326,1.638,6428
2000-02-08,1.6378,1.6411,1.6212,1.6322999999999999,7642
2000-02-09,1.6297000000000001,1.6318000000000001,1.6143,1.6197,8737
2000-02-10,1.619,1.6324999999999998,1.6157,1.6305,8699
2000-02-11,1.6289,1.6402,1.6247,1.6254,8457
2000-02-13,1.6255,1.6272,1.6248,1.6269,132
2000-02-14,1.6255,1.6449,1.6194,1.6423,6550
2000-02-15,1.6421999999999999,1.6444999999999999,1.6278000000000001,1.6357,7876
2000-02-16,1.6362,1.6400000000000001,1.6244,1.6269,6839
2000-02-17,1.6261,1.6307,1.6108,1.6248,7835
2000-02-18,1.6245,1.635,1.62,1.6268,7267
2000-02-20,1.6267,1.6284999999999998,1.6263999999999998,1.6277,93
2000-02-21,1.6280000000000001,1.6282999999999999,1.615,1.6164,7189
2000-02-22,1.6165,1.6219000000000001,1.595,1.5992,8159
2000-02-23,1.5995,1.6099999999999999,1.5951,1.6068,7255
2000-02-24,1.607,1.6284,1.6049,1.6229,8858
2000-02-25,1.6232,1.654,1.6209,1.6509,8417
2000-02-27,1.6526999999999998,1.6535,1.6522999999999999,1.6526999999999998,35
2000-02-28,1.653,1.7,1.6509,1.6606999999999998,12647
2000-02-29,1.6604,1.67,1.6334,1.6619000000000002,12156
2000-03-01,1.6616,1.6671,1.6458,1.6536,9848
2000-03-02,1.6542,1.6711,1.6421999999999999,1.6642000000000001,11012
2000-03-03,1.6644999999999999,1.6761,1.6597,1.6761,9070
2000-03-05,1.6787,1.6798,1.6764999999999999,1.6787999999999998,268
2000-03-06,1.6783000000000001,1.6798,1.6619000000000002,1.6776,8384
2000-03-07,1.6778,1.6867999999999999,1.6707999999999998,1.6762000000000001,9554
2000-03-08,1.6755,1.6865,1.6649,1.6663000000000001,9877
2000-03-09,1.666,1.6735,1.6568,1.6631,9662
2000-03-10,1.6627999999999998,1.6751,1.6585999999999999,1.6703999999999999,8095
2000-03-12,1.6717,1.673,1.6699000000000002,1.6712,301
2000-03-13,1.671,1.6743000000000001,1.6554,1.6705,9036
2000-03-14,1.6707,1.6798,1.6627,1.6663999999999999,9205
2000-03-15,1.6663000000000001,1.6717,1.6596,1.6686999999999999,9340
2000-03-16,1.6688,1.6714,1.6537,1.6623999999999999,9990
2000-03-17,1.6623999999999999,1.6701000000000001,1.6564999999999999,1.6575,8718
2000-03-19,1.6573,1.6597,1.6564999999999999,1.6579000000000002,431
2000-03-20,1.6579000000000002,1.6652,1.654,1.6571,8983
2000-03-21,1.6571,1.6832,1.6549,1.6806,9429
2000-03-22,1.6808999999999998,1.6832,1.671,1.6743000000000001,8981
2000-03-23,1.6737,1.6761,1.6444,1.6463999999999999,8865
2000-03-24,1.6457000000000002,1.6501000000000001,1.6227,1.6239,9373
2000-03-26,1.6237,1.6268,1.6236000000000002,1.6261999999999999,283
2000-03-27,1.626,1.6492,1.621,1.6442,8728
2000-03-28,1.645,1.6677,1.6385,1.6637,10571
2000-03-29,1.6634,1.6802000000000001,1.6551,1.6715,10402
2000-03-30,1.6722000000000001,1.6745,1.6538,1.657,10280
2000-03-31,1.657,1.6703999999999999,1.6543,1.6654,9438
2000-04-02,1.6632,1.6639,1.6614,1.6622,98
2000-04-03,1.6623999999999999,1.6726,1.6484999999999999,1.6545,7967
2000-04-04,1.6547,1.6627999999999998,1.6122,1.6381000000000001,9033
2000-04-05,1.6378,1.6439,1.6215000000000002,1.6395,10799
2000-04-06,1.6394,1.6421999999999999,1.6317,1.6408,8850
2000-04-07,1.6404999999999998,1.6507,1.6327,1.6436,8076
2000-04-09,1.6441,1.6463,1.6438000000000001,1.6441,71
2000-04-10,1.6435,1.6482999999999999,1.6324,1.6341,7853
2000-04-11,1.6341999999999999,1.6459000000000001,1.6292,1.6432,8391
2000-04-12,1.6435,1.6564999999999999,1.6404,1.6407,8406
2000-04-13,1.6406,1.654,1.6404,1.6503999999999999,8303
2000-04-14,1.6503,1.6538,1.6298,1.6314,8587
2000-04-16,1.6268,1.6273,1.623,1.626,367
2000-04-17,1.6268,1.6602999999999999,1.6202,1.6557,9374
2000-04-18,1.6554,1.6693,1.6484,1.6665999999999999,9275
2000-04-19,1.6667999999999998,1.6776,1.6588,1.67,8992
2000-04-20,1.6703000000000001,1.6804999999999999,1.6663999999999999,1.6755,8906
2000-04-21,1.6752,1.6787,1.6723,1.6753,4714
2000-04-23,1.6745,1.6764000000000001,1.6745,1.6757,42
2000-04-24,1.6764999999999999,1.6776,1.6625,1.6736,6116
2000-04-25,1.6735,1.7135,1.6712,1.7058,8990
2000-04-26,1.7057,1.7147000000000001,1.7002000000000002,1.7022,10027
2000-04-27,1.7006000000000001,1.7332999999999998,1.7004000000000001,1.7241,11337
2000-04-28,1.7235,1.7401,1.7157,1.7167,10490
2000-04-30,1.7176,1.7191,1.717,1.7189,56
2000-05-01,1.7179,1.7238,1.705,1.7076,6338
2000-05-02,1.7067999999999999,1.7243,1.7058,1.7128999999999999,8937
2000-05-03,1.7127,1.7382,1.7118,1.7237,10885
2000-05-04,1.725,1.7437,1.7235,1.738,11205
2000-05-05,1.7353,1.7401,1.7149,1.7321,11189
2000-05-07,1.732,1.7326000000000001,1.7266,1.7266,220
2000-05-08,1.7264,1.7375,1.7168999999999999,1.7268,11621
2000-05-09,1.7250999999999999,1.7299,1.7119,1.7156,10813
2000-05-10,1.7146,1.7252,1.7067999999999999,1.7241,11498
2000-05-11,1.7236,1.7311,1.7085,1.725,11910
2000-05-12,1.7268,1.7299,1.6858,1.6896,10212
2000-05-14,1.6945000000000001,1.6955,1.6935,1.6949999999999998,104
2000-05-15,1.6952,1.7163,1.6916,1.7125,7362
2000-05-16,1.7128,1.7250999999999999,1.7069,1.7213,7799
2000-05-17,1.7238,1.7425000000000002,1.7159,1.7351,9353
2000-05-18,1.7349,1.7426,1.7316,1.7388,10222
2000-05-19,1.7364000000000002,1.7534999999999998,1.7252999999999998,1.7277,10628
2000-05-21,1.7290999999999999,1.7292999999999998,1.7268,1.7273,93
2000-05-22,1.7274,1.7322,1.7137,1.722,9463
2000-05-23,1.722,1.7323,1.7071,1.7221,10311
2000-05-24,1.722,1.7285,1.7111,1.7259,9990
2000-05-25,1.7252999999999998,1.7344,1.7101,1.7113,10130
2000-05-26,1.7123,1.7147999999999999,1.6764999999999999,1.6768999999999998,10521
2000-05-28,1.6794,1.6825999999999999,1.6749,1.6789,634
2000-05-29,1.6787,1.6978,1.6762000000000001,1.6895,7502
2000-05-30,1.6899,1.6955,1.6711,1.6892,10374
2000-05-31,1.689,1.6965,1.6794,1.6804999999999999,10803
2000-06-01,1.6800000000000002,1.6918,1.6787,1.6867,9105
2000-06-02,1.6865,1.6892,1.6592,1.6627999999999998,9793
2000-06-04,1.6646999999999998,1.6653,1.6633,1.665,110
2000-06-05,1.6651,1.6709,1.6588,1.6643,9263
2000-06-06,1.6640000000000001,1.6662,1.6381999999999999,1.6447,9770
2000-06-07,1.6454,1.6476,1.6292,1.6322,10088
2000-06-08,1.635,1.6477,1.6175000000000002,1.6404,9724
2000-06-09,1.6404,1.6541000000000001,1.6362999999999999,1.6421999999999999,9285
2000-06-11,1.6415,1.6447,1.6404999999999998,1.6439,140
2000-06-12,1.6438000000000001,1.6495,1.6320000000000001,1.6376,7937
2000-06-13,1.6381999999999999,1.6402,1.624,1.6295,8773
2000-06-14,1.6293,1.635,1.619,1.6332,8609
2000-06-15,1.6334,1.6459000000000001,1.6277,1.638,8824
2000-06-16,1.6381999999999999,1.6442,1.615,1.6165,8700
2000-06-18,1.6185,1.6194,1.6164,1.6171,230
2000-06-19,1.6169,1.6316000000000002,1.6104,1.6287,8523
2000-06-20,1.6288,1.635,1.6200999999999999,1.6313,8769
2000-06-21,1.6313,1.6428,1.6296,1.6398000000000001,9263
2000-06-22,1.6397,1.6564999999999999,1.6355,1.6513,10124
2000-06-23,1.6547,1.6609,1.6451,1.658,9970
2000-06-25,1.657,1.6585,1.6554,1.6573,221
2000-06-26,1.657,1.6658,1.6479,1.6503999999999999,8617
2000-06-27,1.651,1.6520000000000001,1.633,1.6347,8986
2000-06-28,1.6351,1.6502,1.633,1.6444999999999999,8807
2000-06-29,1.6442999999999999,1.6520000000000001,1.631,1.6357,9299
2000-06-30,1.6364999999999998,1.6385,1.623,1.6366,8911
2000-07-02,1.6354,1.6362,1.6343999999999999,1.6347,127
2000-07-03,1.6343,1.6404999999999998,1.6315,1.6366,8105
2000-07-04,1.6369,1.6408,1.631,1.6332,8511
2000-07-05,1.6333,1.634,1.6195,1.6231,9053
2000-07-06,1.623,1.6289,1.6146,1.6261999999999999,8672
2000-07-07,1.6268,1.6328,1.6221999999999999,1.6272,8371
2000-07-09,1.6271,1.6275,1.6252,1.626,64
2000-07-10,1.6259000000000001,1.6298,1.6198000000000001,1.6242,7702
2000-07-11,1.6234,1.6343999999999999,1.6198000000000001,1.6293,7890
2000-07-12,1.6287,1.6552,1.6273,1.6534,8908
2000-07-13,1.6538,1.6637,1.6507,1.6556,9922
2000-07-14,1.6545,1.6617,1.6501000000000001,1.6501000000000001,10218
2000-07-16,1.6508,1.6520000000000001,1.65,1.6517,65
2000-07-17,1.6515,1.6593,1.6463999999999999,1.655,9379
2000-07-18,1.6548,1.6787,1.6532,1.6747999999999998,10353
2000-07-19,1.6758,1.6857,1.6717,1.675,9093
2000-07-20,1.6754,1.6841,1.6606,1.6627999999999998,9553
2000-07-21,1.6627999999999998,1.6680000000000001,1.655,1.6611,9456
2000-07-23,1.6604999999999999,1.6615,1.6602000000000001,1.6606,72
2000-07-24,1.6609,1.6703999999999999,1.6571,1.6667,7982
2000-07-25,1.6667999999999998,1.6673,1.6478000000000002,1.6532,8149
2000-07-26,1.6529,1.6545,1.6427,1.6471,8525
2000-07-27,1.6482,1.6646999999999998,1.6455,1.6639,8818
2000-07-28,1.6613,1.6783000000000001,1.661,1.6761,8706
2000-07-30,1.6754,1.6761,1.6752,1.6760000000000002,35
2000-07-31,1.6754,1.6795,1.665,1.6680000000000001,8322
2000-08-01,1.6679,1.6907999999999999,1.6639,1.6883,8432
2000-08-02,1.6867999999999999,1.6949,1.6799,1.6857,7736
2000-08-03,1.6855,1.7145000000000001,1.6822,1.7036,9392
2000-08-04,1.7031,1.7166000000000001,1.702,1.7050999999999998,9070
2000-08-06,1.7066,1.7069,1.7048999999999999,1.7059,154
2000-08-07,1.7050999999999998,1.7097,1.6994,1.7053,8216
2000-08-08,1.7042000000000002,1.7195,1.7029,1.7099,8260
2000-08-09,1.7107999999999999,1.7246000000000001,1.7090999999999998,1.7134,8676
2000-08-10,1.7128,1.7151,1.701,1.7053,8489
2000-08-11,1.7048,1.7227000000000001,1.6984,1.7218,6594
2000-08-13,1.7212,1.7217,1.7201,1.7208999999999999,37
2000-08-14,1.7207,1.7264,1.7161,1.7172,8301
2000-08-15,1.717,1.7197,1.7072,1.7106,9207
2000-08-16,1.7111,1.7204000000000002,1.7032,1.7075,9153
2000-08-17,1.7069,1.7149999999999999,1.7048,1.7063000000000001,7856
2000-08-18,1.7061,1.7239,1.7023000000000001,1.7214,7695
2000-08-20,1.7204000000000002,1.7208999999999999,1.7194,1.7207,62
2000-08-21,1.7204000000000002,1.7325,1.7187000000000001,1.73,7716
2000-08-22,1.7296,1.7445,1.7275,1.7387000000000001,8093
2000-08-23,1.7388,1.75,1.7161,1.7189,9616
2000-08-24,1.7189999999999999,1.7245,1.7088,1.7155,9098
2000-08-25,1.7156,1.7255,1.7043,1.7093,9572
2000-08-27,1.7096,1.7096,1.7074,1.708,53
2000-08-28,1.7090999999999998,1.7165,1.7064,1.7135,6124
2000-08-29,1.7146,1.7359,1.7118,1.7325,9140
2000-08-30,1.7328000000000001,1.7466,1.7261,1.7274,9854
2000-08-31,1.7271999999999998,1.7490999999999999,1.7268,1.7375,9677
2000-09-01,1.7374,1.7469999999999999,1.7178,1.7239,9347
2000-09-03,1.7242,1.7252,1.7242,1.7250999999999999,33
2000-09-04,1.7252999999999998,1.7330999999999999,1.7189,1.7295,8692
2000-09-05,1.7287,1.7524,1.7265000000000001,1.746,10089
2000-09-06,1.7461,1.78,1.7431,1.7747000000000002,11327
2000-09-07,1.7745,1.7917999999999998,1.7679,1.7752,13385
2000-09-08,1.775,1.7913000000000001,1.7705,1.7863,11166
2000-09-10,1.79,1.7915999999999999,1.7859,1.7877999999999998,466
2000-09-11,1.7882,1.7922,1.7685,1.7711000000000001,12842
2000-09-12,1.7711000000000001,1.7747000000000002,1.7565,1.7665,12924
2000-09-13,1.7649,1.7739,1.7568000000000001,1.7719,11741
2000-09-14,1.7717,1.776,1.7484,1.7692999999999999,13986
2000-09-15,1.7691,1.7881,1.7626,1.7865,11713
2000-09-17,1.7877,1.7885,1.7858,1.7871000000000001,204
2000-09-18,1.7872,1.7904,1.7761,1.7822,11386
2000-09-19,1.7814,1.7933,1.7726,1.7755999999999998,11284
2000-09-20,1.7755,1.7890000000000001,1.7741,1.7758,11976
2000-09-21,1.776,1.7829000000000002,1.7589000000000001,1.7598,12059
2000-09-22,1.7593999999999999,1.7694999999999999,1.7105000000000001,1.7332999999999998,16042
2000-09-24,1.7309999999999999,1.7309999999999999,1.7257,1.7267000000000001,371
2000-09-25,1.7265000000000001,1.7435,1.7233,1.7349999999999999,12408
2000-09-26,1.7343,1.7391,1.7229,1.7256,12280
2000-09-27,1.7263,1.7341,1.7175,1.7233,10878
2000-09-28,1.7234,1.7367,1.7210999999999999,1.7283,11254
2000-09-29,1.7281,1.7429999999999999,1.7226,1.7242,11012
2000-10-01,1.724,1.7252,1.7237,1.7246000000000001,163
2000-10-02,1.7244000000000002,1.7378,1.7208999999999999,1.7341,9795
2000-10-03,1.7342,1.7388,1.7295,1.7306,8961
2000-10-04,1.7311,1.7423,1.7254,1.7359,9999
2000-10-05,1.7357,1.7532999999999999,1.7321,1.7511,11928
2000-10-06,1.751,1.7569,1.744,1.7508,9928
2000-10-08,1.7502,1.7505,1.749,1.7496,44
2000-10-09,1.7495,1.7551999999999999,1.7439,1.7541,8240
2000-10-10,1.7543,1.7561,1.7393999999999998,1.7419,11331
2000-10-11,1.7418,1.7505,1.7278,1.7452999999999999,10920
2000-10-12,1.7455,1.755,1.7365,1.7433,10267
2000-10-13,1.7429999999999999,1.7721,1.7389999999999999,1.7665,10767
2000-10-15,1.7666,1.7698,1.7661,1.7692,232
2000-10-16,1.7692999999999999,1.7843,1.7652,1.7747000000000002,10051
2000-10-17,1.7742,1.7843,1.7638,1.7669000000000001,10644
2000-10-18,1.7667000000000002,1.7989000000000002,1.7509000000000001,1.7871000000000001,11850
2000-10-19,1.7859,1.7911000000000001,1.7812000000000001,1.7835,11919
2000-10-20,1.7837,1.7981,1.7763,1.7829000000000002,10841
2000-10-22,1.7847,1.7873,1.7841,1.7854,269
2000-10-23,1.7847,1.8003,1.7838,1.7964,10727
2000-10-24,1.7966,1.8003,1.7887,1.7976999999999999,11101
2000-10-25,1.7974,1.823,1.7955,1.8178999999999998,11196
2000-10-26,1.8181,1.8313000000000001,1.8121,1.8174000000000001,11323
2000-10-27,1.8187,1.8222,1.8014000000000001,1.8088,13965
2000-10-29,1.8056999999999999,1.8079,1.8045,1.807,107
2000-10-30,1.8071000000000002,1.8117,1.7907,1.81,15283
2000-10-31,1.8098,1.8125,1.7933,1.7979,18156
2000-11-01,1.798,1.802,1.7711999999999999,1.7751000000000001,11559
2000-11-02,1.7753999999999999,1.7810000000000001,1.7658,1.7766,11525
2000-11-03,1.7768000000000002,1.7799,1.7443,1.7547000000000001,14350
2000-11-05,1.7558,1.7603,1.7548,1.7583,300
2000-11-06,1.7584,1.7784,1.7476,1.7645,12187
2000-11-07,1.7647,1.7739,1.7588,1.7678,11801
2000-11-08,1.768,1.7856999999999998,1.7524,1.7764,14324
2000-11-09,1.7763,1.7851,1.7515,1.7557,10990
2000-11-10,1.7555,1.7743,1.7492,1.7721,10891
2000-11-12,1.7691,1.7691,1.7633,1.7645,378
2000-11-13,1.7647,1.7766,1.7572,1.7718,10561
2000-11-14,1.7717,1.7793,1.7633,1.7739,10962
2000-11-15,1.7737,1.7826,1.7646,1.7767,10732
2000-11-16,1.7765,1.7915,1.7749000000000001,1.7861,10594
2000-11-17,1.7862,1.8016999999999999,1.7792,1.798,10733
2000-11-19,1.7985,1.799,1.7964,1.7979,237
2000-11-20,1.7981,1.8054999999999999,1.7894,1.7901,10039
2000-11-21,1.7901,1.8075,1.7875999999999999,1.8027,10273
2000-11-22,1.8028,1.8073000000000001,1.7930000000000001,1.8003,11333
2000-11-23,1.8003,1.8173,1.7979,1.8147,8592
2000-11-24,1.8153000000000001,1.8178,1.7993000000000001,1.8067,9902
2000-11-26,1.8035999999999999,1.8075,1.8003,1.8018999999999998,391
2000-11-27,1.8014999999999999,1.807,1.7724,1.7747000000000002,10152
2000-11-28,1.7749000000000001,1.7814,1.7593999999999999,1.7624,10649
2000-11-29,1.7627000000000002,1.7638,1.7462,1.7610999999999999,10851
2000-11-30,1.7606000000000002,1.7619,1.7262,1.73,12739
2000-12-01,1.7292,1.737,1.7214,1.7231999999999998,12268
2000-12-03,1.7239,1.7268,1.722,1.7262,594
2000-12-04,1.7261,1.73,1.6964000000000001,1.7027999999999999,15179
2000-12-05,1.7031,1.7185000000000001,1.6955,1.7139,12047
2000-12-06,1.7135,1.7191,1.6975,1.7,11590
2000-12-07,1.7006000000000001,1.706,1.6899,1.7025000000000001,12428
2000-12-08,1.7023000000000001,1.7151,1.6963,1.7005,11931
2000-12-10,1.7038,1.714,1.7038,1.7088999999999999,648
2000-12-11,1.709,1.7185000000000001,1.7031,1.7119,10591
2000-12-12,1.712,1.7173,1.7006999999999999,1.7117,11644
2000-12-13,1.7116,1.7264,1.7075,1.7159,12731
2000-12-14,1.7158,1.7165,1.6855,1.6877,12280
2000-12-15,1.6883,1.6905000000000001,1.6742,1.6815,12511
2000-12-17,1.6821000000000002,1.6836,1.6797,1.6815,451
2000-12-18,1.6811,1.6867,1.6688,1.6803,12046
2000-12-19,1.6801,1.6984,1.677,1.6825,13585
2000-12-20,1.6821000000000002,1.6892,1.6683,1.6714,13371
2000-12-21,1.6713,1.6782,1.6589,1.6611,13606
2000-12-22,1.6627999999999998,1.6652,1.6432,1.6472,11790
2000-12-24,1.6471,1.6477,1.6435,1.6441,19
2000-12-25,1.6437,1.6487,1.6417000000000002,1.6455,1706
2000-12-26,1.6452,1.6469,1.626,1.6282999999999999,9135
2000-12-27,1.6282,1.6452,1.6263,1.6378,13114
2000-12-28,1.6376,1.649,1.6333,1.6377000000000002,11936
2000-12-29,1.6381000000000001,1.6406,1.6094,1.6111,11745
2000-12-31,1.611,1.6111,1.6108,1.6111,4
2001-01-01,1.611,1.6179000000000001,1.6105,1.6175000000000002,352
2001-01-02,1.6179000000000001,1.6231,1.5966,1.5995,12354
2001-01-03,1.6012,1.6337000000000002,1.5896,1.6273,12800
2001-01-04,1.6273,1.6317,1.5977999999999999,1.6006,14537
2001-01-05,1.6008,1.612,1.5929,1.5979,13783
2001-01-07,1.5979999999999999,1.6002999999999998,1.5958999999999999,1.5989,524
2001-01-08,1.5991,1.6129,1.5960999999999999,1.6085,12499
2001-01-09,1.6127,1.6225,1.6072,1.6171,12471
2001-01-10,1.617,1.63,1.6104,1.626,11635
2001-01-11,1.6261999999999999,1.6280999999999999,1.6053,1.6133,11885
2001-01-12,1.6135000000000002,1.6248,1.6061999999999999,1.6189,12434
2001-01-14,1.617,1.6219999999999999,1.6162999999999998,1.6217000000000001,578
2001-01-15,1.6217000000000001,1.639,1.6162999999999998,1.638,11435
2001-01-16,1.6378,1.6435,1.6306,1.6335,12314
2001-01-17,1.6333,1.654,1.6295,1.6431,11607
2001-01-18,1.6429,1.6442999999999999,1.6135000000000002,1.6165,13142
2001-01-19,1.6169,1.6396,1.6087,1.6362,11982
2001-01-21,1.6375,1.6385,1.635,1.6364999999999998,715
2001-01-22,1.6369,1.6538,1.6274,1.6320000000000001,12630
2001-01-23,1.6320999999999999,1.6404,1.6228,1.6388,12987
2001-01-24,1.639,1.6606999999999998,1.6351,1.6574,11900
2001-01-25,1.6575,1.6720000000000002,1.6489,1.6517,13527
2001-01-26,1.6515,1.6604999999999999,1.6394,1.6507,12921
2001-01-28,1.6533,1.6538,1.6517,1.6533,510
2001-01-29,1.6529,1.6597,1.6471,1.6583,11528
2001-01-30,1.6579000000000002,1.6619000000000002,1.6434,1.6459000000000001,11231
2001-01-31,1.6465,1.6505,1.6328,1.6341,11564
2001-02-01,1.6339000000000001,1.6359,1.6242999999999999,1.6329,12988
2001-02-02,1.6327,1.6499000000000001,1.6279,1.6447,11234
2001-02-04,1.6444,1.6447,1.6397,1.6417000000000002,613
2001-02-05,1.6419000000000001,1.6447,1.6296,1.6406,11274
2001-02-06,1.6409,1.6593,1.6374,1.6576,11613
2001-02-07,1.6581000000000001,1.6612,1.6433,1.653,12756
2001-02-08,1.6526999999999998,1.6747,1.6518000000000002,1.6707,11867
2001-02-09,1.6709,1.6781000000000001,1.6545999999999998,1.6609,11856
2001-02-11,1.6589,1.6604999999999999,1.6573,1.6581000000000001,519
2001-02-12,1.6577,1.6604,1.6487,1.6524999999999999,11103
2001-02-13,1.6526,1.6739000000000002,1.6519,1.6675,11810
2001-02-14,1.6673,1.6747,1.6652,1.6684999999999999,11865
2001-02-15,1.6689,1.6978,1.6674,1.6917,11957
2001-02-16,1.692,1.6933,1.6721,1.6791,12288
2001-02-18,1.6814,1.6822,1.6785999999999999,1.6796,458
2001-02-19,1.6801,1.6816,1.6633,1.6675,10903
2001-02-20,1.6673,1.6952,1.6639,1.6904,12572
2001-02-21,1.6899,1.693,1.6709,1.6893,12572
2001-02-22,1.6893,1.6989999999999998,1.6785,1.6947,13212
2001-02-23,1.6945000000000001,1.6976,1.6676,1.6745,11328
2001-02-25,1.6741000000000001,1.6773,1.6732,1.6753,585
2001-02-26,1.6753,1.6907999999999999,1.6707999999999998,1.6903000000000001,11472
2001-02-27,1.69,1.6905000000000001,1.6711,1.6760000000000002,11225
2001-02-28,1.6761,1.6800000000000002,1.6655,1.6692,12780
2001-03-01,1.6691,1.6701000000000001,1.6482999999999999,1.6501000000000001,14024
2001-03-02,1.6499000000000001,1.6532,1.6396,1.6497000000000002,11389
2001-03-04,1.6421000000000001,1.6465,1.641,1.6451,582
2001-03-05,1.6453,1.6589,1.641,1.6555,11042
2001-03-06,1.6555,1.6600000000000001,1.6465999999999998,1.6477,9874
2001-03-07,1.6474,1.661,1.6440000000000001,1.6581000000000001,11037
2001-03-08,1.6579000000000002,1.6601,1.6496,1.6505,11342
2001-03-09,1.6507,1.6587,1.6463999999999999,1.6521,9934
2001-03-11,1.6535,1.6559,1.6519,1.6537,1188
2001-03-12,1.6524999999999999,1.6646,1.6497000000000002,1.6569,14386
2001-03-13,1.6575,1.687,1.6548,1.6846999999999999,12267
2001-03-14,1.6832,1.6953,1.6691,1.6886999999999999,14154
2001-03-15,1.6885,1.7165,1.686,1.7107,15125
2001-03-16,1.7109,1.7217,1.7074,1.7090999999999998,14734
2001-03-18,1.7105000000000001,1.7117,1.7085,1.7113,920
2001-03-19,1.7114,1.7151,1.7017,1.7025000000000001,12766
2001-03-20,1.7023000000000001,1.7072,1.6838,1.6876,12749
2001-03-21,1.6877,1.7153,1.6843,1.7117,13716
2001-03-22,1.7117,1.7315,1.7105000000000001,1.7269,12596
2001-03-23,1.7265000000000001,1.7295,1.7086999999999999,1.7207,10141
2001-03-25,1.7199,1.7229,1.7191,1.7213,669
2001-03-26,1.7199,1.7225000000000001,1.7101,1.7135,11382
2001-03-27,1.7137,1.7225000000000001,1.7071,1.7183000000000002,11149
2001-03-28,1.7187000000000001,1.7292,1.7141,1.7257,11573
2001-03-29,1.7254,1.7335,1.7208,1.7255,12367
2001-03-30,1.7261,1.7445,1.721,1.7426,12902
2001-04-01,1.7456,1.7464,1.7433,1.7445,522
2001-04-02,1.7444,1.7458,1.7271999999999998,1.7321,12228
2001-04-03,1.7321,1.733,1.7005,1.7019,12198
2001-04-04,1.7023000000000001,1.7088999999999999,1.6885,1.6935,13125
2001-04-05,1.6933,1.7069999999999999,1.6832,1.704,13533
2001-04-06,1.7045,1.7118,1.6896,1.6913,13183
2001-04-08,1.6909999999999998,1.6947,1.6905000000000001,1.6945000000000001,288
2001-04-09,1.6947,1.7077,1.6905000000000001,1.7066,12691
2001-04-10,1.7069,1.7207,1.6987999999999999,1.7153,12361
2001-04-11,1.7154,1.7262,1.7076,1.7117,12074
2001-04-12,1.7119,1.7186,1.701,1.7055,11526
2001-04-13,1.7055,1.7143000000000002,1.7029,1.7130999999999998,7002
2001-04-15,1.713,1.7142,1.7097,1.7119,457
2001-04-16,1.7118,1.7229999999999999,1.7096,1.714,8670
2001-04-17,1.713,1.7367,1.7083,1.7294,11734
2001-04-18,1.7292999999999998,1.7577,1.7243,1.7311,13463
2001-04-19,1.7309,1.7381,1.7010999999999998,1.7044000000000001,13991
2001-04-20,1.7050999999999998,1.7094,1.6898,1.6952,11824
2001-04-22,1.6963,1.6966999999999999,1.6928,1.6928999999999998,477
2001-04-23,1.6931,1.7105000000000001,1.6844000000000001,1.7044000000000001,12154
2001-04-24,1.7050999999999998,1.7153,1.6949,1.7141,12361
2001-04-25,1.714,1.7191999999999998,1.7021,1.7069,11397
2001-04-26,1.7066,1.7138,1.6996,1.7039,11789
2001-04-27,1.7038,1.7311999999999999,1.6987999999999999,1.7258,12112
2001-04-29,1.7245,1.7266,1.724,1.7257,346
2001-04-30,1.7257,1.7385000000000002,1.7225000000000001,1.7307000000000001,10941
2001-05-01,1.7305000000000001,1.7381,1.7241,1.7261,11042
2001-05-02,1.7262,1.736,1.7196,1.7234,11131
2001-05-03,1.7235,1.7368000000000001,1.7195,1.7311999999999999,11711
2001-05-04,1.7315,1.734,1.7151999999999998,1.729,10460
2001-05-06,1.7297,1.7309,1.7279,1.7292999999999998,430
2001-05-07,1.7295,1.7347000000000001,1.7276,1.7306,9523
2001-05-08,1.7304,1.7465000000000002,1.7298,1.7431,10908
2001-05-09,1.7429999999999999,1.7462,1.7375,1.7377,11116
2001-05-10,1.7383,1.7492999999999999,1.7282,1.7422,11098
2001-05-11,1.7425000000000002,1.7548,1.742,1.7513,11868
2001-05-13,1.7508,1.7523,1.7502,1.7511,445
2001-05-14,1.7513,1.7553,1.7497,1.7517,10428
2001-05-15,1.7519,1.7529,1.7399,1.7407,10134
2001-05-16,1.7406000000000001,1.7513,1.7277,1.7342,12743
2001-05-17,1.7334,1.7436,1.7264,1.7391,11833
2001-05-18,1.7389000000000001,1.7522,1.7365,1.7436,11659
2001-05-20,1.7442,1.745,1.7422,1.7435,472
2001-05-21,1.7438,1.7532,1.7397,1.7495,10684
2001-05-22,1.7495,1.7715,1.7465000000000002,1.7669000000000001,12197
2001-05-23,1.767,1.7835,1.7650000000000001,1.7823,13392
2001-05-24,1.782,1.7915999999999999,1.7715,1.7765,14372
2001-05-25,1.7765,1.787,1.7705,1.7741,12602
2001-05-27,1.7748,1.7779,1.7736,1.7769,285
2001-05-28,1.7766,1.78,1.7730000000000001,1.7752,9912
2001-05-29,1.7752,1.7882,1.7731,1.7841,12613
2001-05-30,1.7845,1.7859,1.775,1.7811,12670
2001-05-31,1.7811,1.8006,1.7785,1.7962,14131
2001-06-01,1.7964,1.8025,1.7896999999999998,1.7952,13090
2001-06-03,1.7961,1.7978,1.7951000000000001,1.7973,484
2001-06-04,1.7974999999999999,1.7988,1.7825,1.7922,12996
2001-06-05,1.7931,1.7976,1.7747000000000002,1.7776,13482
2001-06-06,1.7783,1.7999,1.7713,1.7963,13985
2001-06-07,1.7970000000000002,1.8035,1.7883,1.7913999999999999,14495
2001-06-08,1.7913999999999999,1.8,1.7881,1.7930000000000001,13249
2001-06-10,1.7926,1.795,1.7917999999999998,1.7941,331
2001-06-11,1.7944,1.8087,1.7854,1.8041,12811
2001-06-12,1.8045,1.807,1.7866,1.7898,13941
2001-06-13,1.7899,1.7945,1.7812000000000001,1.7873,14190
2001-06-14,1.7869000000000002,1.7974,1.7675999999999998,1.7690000000000001,14137
2001-06-15,1.7687,1.7795,1.7585,1.7752,13507
2001-06-17,1.775,1.7763,1.7732,1.7755,674
2001-06-18,1.7752,1.7845,1.7713,1.7787,13473
2001-06-19,1.7788,1.7921,1.7783,1.7889,13028
2001-06-20,1.7893,1.7942,1.7819,1.787,14594
2001-06-21,1.7854,1.7868,1.7742,1.7776,13955
2001-06-22,1.778,1.7849,1.7717,1.7728000000000002,13730
2001-06-24,1.7723,1.7739,1.7719,1.7724,332
2001-06-25,1.7723,1.7746,1.7617,1.7685,17573
2001-06-26,1.7689,1.7715,1.7582,1.7650000000000001,13966
2001-06-27,1.7647,1.7705,1.7596,1.7673,14897
2001-06-28,1.7671999999999999,1.8029,1.764,1.8009,14634
2001-06-29,1.8004,1.8033000000000001,1.7909000000000002,1.7933,13381
2001-07-01,1.7915,1.7936999999999999,1.7908,1.7925,477
2001-07-02,1.7927,1.8028,1.7917,1.7969,12208
2001-07-03,1.7967,1.8,1.7917999999999998,1.7967,14608
2001-07-04,1.7967,1.8037,1.7942,1.7970000000000002,13270
2001-07-05,1.7970000000000002,1.8207,1.7955999999999999,1.8191000000000002,14322
2001-07-06,1.8188,1.8229,1.7917,1.7927,16310
2001-07-08,1.7942,1.796,1.7924,1.7943,552
2001-07-09,1.7941,1.8003,1.7884,1.7908,14537
2001-07-10,1.791,1.7955999999999999,1.7766,1.7783,14428
2001-07-11,1.7781,1.7816999999999998,1.7555,1.7709000000000001,16068
2001-07-12,1.7713,1.7797,1.7675999999999998,1.7725,13818
2001-07-13,1.7723,1.7781,1.7646,1.7694,13806
2001-07-15,1.7702,1.771,1.7688000000000001,1.7696,549
2001-07-16,1.7696,1.7757,1.7605,1.7736,14135
2001-07-17,1.7734,1.7809,1.7471,1.7511,15223
2001-07-18,1.7513999999999998,1.7578,1.7201,1.7257,17291
2001-07-19,1.7248999999999999,1.7336,1.7149999999999999,1.7265000000000001,19080
2001-07-20,1.7263,1.73,1.7157,1.7265000000000001,15204
2001-07-22,1.7285,1.7286000000000001,1.7264,1.728,493
2001-07-23,1.728,1.7398,1.7257,1.7325,14632
2001-07-24,1.7326000000000001,1.7335,1.7175,1.7239,14647
2001-07-25,1.7235,1.7283,1.7103000000000002,1.7149999999999999,14995
2001-07-26,1.7155,1.7267000000000001,1.7104,1.7199,13535
2001-07-27,1.7196,1.7308,1.7119,1.7202,15486
2001-07-29,1.7197,1.7234,1.7187999999999999,1.7210999999999999,874
2001-07-30,1.7222,1.732,1.7186,1.7275,13637
2001-07-31,1.7279,1.7328999999999999,1.7208999999999999,1.7252999999999998,14355
2001-08-01,1.7254,1.7263,1.7097,1.7132,15174
2001-08-02,1.7130999999999998,1.7183000000000002,1.7055,1.7103000000000002,14665
2001-08-03,1.7105000000000001,1.717,1.6999,1.7069999999999999,12788
2001-08-05,1.7073,1.7078,1.7062,1.7067,152
2001-08-06,1.7073,1.716,1.7062,1.7116,12608
2001-08-07,1.7109,1.7222,1.7099,1.7189999999999999,10622
2001-08-08,1.7187999999999999,1.7227999999999999,1.706,1.7065000000000001,12692
2001-08-09,1.7065000000000001,1.7090999999999998,1.6837,1.6888999999999998,13825
2001-08-10,1.6888999999999998,1.6949,1.6848999999999998,1.6945000000000001,13823
2001-08-12,1.6922000000000001,1.6938,1.6917,1.6937,410
2001-08-13,1.6937,1.6956,1.6817,1.6905999999999999,15271
2001-08-14,1.6907,1.6956,1.6775,1.6794,14706
2001-08-15,1.6796,1.6800000000000002,1.6597,1.6623999999999999,15802
2001-08-16,1.6625,1.6694,1.6531,1.667,16219
2001-08-17,1.6669,1.6682000000000001,1.6549,1.6564,14619
2001-08-19,1.6566,1.6592,1.6564,1.6576,678
2001-08-20,1.6578,1.6653,1.6501000000000001,1.6632,13261
2001-08-21,1.6633,1.67,1.6531,1.6542,13696
2001-08-22,1.6542,1.6671,1.6449,1.6656,13820
2001-08-23,1.6656,1.6711,1.6572,1.6608,13204
2001-08-24,1.6608,1.675,1.6564,1.6648,12517
2001-08-26,1.665,1.6686999999999999,1.6644,1.6672,492
2001-08-27,1.6672,1.673,1.6655,1.667,11966
2001-08-28,1.6673,1.6801,1.6608,1.6631,14762
2001-08-29,1.6649,1.6761,1.6583,1.6715,14430
2001-08-30,1.6717,1.6741000000000001,1.6487,1.6536,14889
2001-08-31,1.6536,1.6723,1.6471,1.6631,15645
2001-09-02,1.6667,1.669,1.6644999999999999,1.6686,590
2001-09-03,1.6686,1.6738,1.6653,1.6729,12913
2001-09-04,1.673,1.7106,1.6698,1.7038,15239
2001-09-05,1.7041,1.7083,1.6943000000000001,1.7050999999999998,14982
2001-09-06,1.7045,1.7128999999999999,1.6844999999999999,1.6897,14764
2001-09-07,1.6897,1.6935,1.671,1.6731,15024
2001-09-09,1.6733,1.6745,1.6719,1.6726,376
2001-09-10,1.6726,1.6905999999999999,1.6705999999999999,1.6883,14299
2001-09-11,1.6882000000000001,1.6922000000000001,1.6364999999999998,1.6493,20902
2001-09-12,1.6508,1.6705999999999999,1.6385,1.6588,18976
2001-09-13,1.6587,1.6629,1.6440000000000001,1.646,16842
2001-09-14,1.6456,1.6532,1.6196000000000002,1.6221,16913
2001-09-16,1.6216,1.6227,1.6196000000000002,1.6209,582
2001-09-17,1.6206,1.6221999999999999,1.5954000000000002,1.6066,17637
2001-09-18,1.6066,1.6181,1.5949,1.5983,16526
2001-09-19,1.5981999999999998,1.607,1.5833,1.5958999999999999,14747
2001-09-20,1.5958999999999999,1.5977000000000001,1.5843,1.5884,13696
2001-09-21,1.5883,1.5955,1.567,1.5792000000000002,17496
2001-09-23,1.5805,1.5822,1.5777,1.5806,516
2001-09-24,1.5805,1.604,1.5785,1.5977999999999999,14284
2001-09-25,1.5991,1.6008,1.5831,1.5878,14763
2001-09-26,1.5875,1.6095000000000002,1.5834000000000001,1.6000999999999999,16681
2001-09-27,1.6002,1.6188,1.5992,1.6151,15923
2001-09-28,1.6153,1.6244,1.6104,1.6208,16744
2001-09-30,1.6219000000000001,1.6232,1.6198000000000001,1.6217000000000001,573
2001-10-01,1.6219999999999999,1.6353,1.6152,1.6177000000000001,14696
2001-10-02,1.6178,1.6231,1.6088,1.6195,14242
2001-10-03,1.6193,1.6258,1.6059,1.6217000000000001,15205
2001-10-04,1.6216,1.6307,1.6169,1.6199,14739
2001-10-05,1.6198000000000001,1.625,1.6132,1.6164,13927
2001-10-07,1.6116000000000001,1.6135000000000002,1.6109,1.6117,498
2001-10-08,1.6113,1.6137000000000001,1.5991,1.6074000000000002,13822
2001-10-09,1.6077,1.6279,1.6019999999999999,1.6233,13989
2001-10-10,1.624,1.6306,1.6176,1.6274,13623
2001-10-11,1.6267,1.6529,1.6249,1.6442999999999999,13729
2001-10-12,1.6453,1.6473,1.6242999999999999,1.6255,13943
2001-10-14,1.6248,1.6248,1.6221,1.6227,448
2001-10-15,1.6233,1.631,1.62,1.6277,13530
2001-10-16,1.6278000000000001,1.6393,1.6252,1.6333,13877
2001-10-17,1.6337000000000002,1.6467,1.63,1.6419000000000001,14142
2001-10-18,1.6425,1.6454,1.6322999999999999,1.6383,13390
2001-10-19,1.6373,1.6451,1.6368,1.6425999999999998,12555
2001-10-21,1.6435,1.6448,1.6425,1.6440000000000001,516
2001-10-22,1.6442,1.6644,1.6404999999999998,1.6585,13229
2001-10-23,1.6583,1.6686999999999999,1.6571,1.6585999999999999,14917
2001-10-24,1.6588,1.6632,1.6543999999999999,1.657,13789
2001-10-25,1.6568,1.6662,1.6449,1.6541000000000001,13042
2001-10-26,1.6537,1.6574,1.6480000000000001,1.6511,12799
2001-10-28,1.6532,1.6539000000000001,1.6508,1.6512,546
2001-10-29,1.6515,1.6526,1.6254,1.6284999999999998,14006
2001-10-30,1.6284,1.6303999999999998,1.6151,1.6219999999999999,13863
2001-10-31,1.6219000000000001,1.6367,1.6206,1.6343999999999999,12988
2001-11-01,1.6345,1.6360000000000001,1.6129,1.6311,13815
2001-11-02,1.629,1.6341,1.6244,1.6296,12693
2001-11-04,1.6327,1.6362999999999999,1.6313,1.6359,738
2001-11-05,1.6357,1.6449,1.6341,1.6402999999999999,12110
2001-11-06,1.6401,1.6475,1.637,1.6454,12565
2001-11-07,1.6456,1.647,1.6255,1.6368,14246
2001-11-08,1.6371,1.6461000000000001,1.6303999999999998,1.6412,14141
2001-11-09,1.6414,1.6508,1.6364,1.6383999999999999,13150
2001-11-11,1.6391,1.642,1.6388,1.6413,206
2001-11-12,1.6411,1.6448,1.6213,1.6442999999999999,9237
2001-11-13,1.6439,1.6729,1.643,1.6702,14539
2001-11-14,1.6701000000000001,1.6773,1.6596,1.6621000000000001,14377
2001-11-15,1.6619000000000002,1.67,1.6591,1.662,14153
2001-11-16,1.6619000000000002,1.6637,1.6535,1.658,13278
2001-11-18,1.6572,1.6589,1.6562000000000001,1.6585,638
2001-11-19,1.6595,1.6683,1.6541000000000001,1.655,13106
2001-11-20,1.6553,1.6564999999999999,1.6465,1.6517,13001
2001-11-21,1.6516,1.6627,1.6492,1.6566,14659
2001-11-22,1.6573,1.6652,1.6543,1.661,13060
2001-11-23,1.661,1.6734,1.6573,1.6661000000000001,12381
2001-11-25,1.666,1.6665999999999999,1.6623,1.6635,603
2001-11-26,1.6636,1.6663000000000001,1.6581000000000001,1.6614,12299
2001-11-27,1.6615,1.6702,1.6554,1.6585999999999999,13505
2001-11-28,1.6595,1.6601,1.6385999999999998,1.6468,14273
2001-11-29,1.6468,1.6583,1.643,1.6564999999999999,13383
2001-11-30,1.6566999999999998,1.6641,1.6362,1.6415,14643
2001-12-02,1.6421999999999999,1.6433,1.6404,1.642,884
2001-12-03,1.6418,1.6588,1.6411,1.6576,13722
2001-12-04,1.6582,1.6591,1.6499000000000001,1.6531,13117
2001-12-05,1.6532,1.6681,1.6476,1.6598000000000002,13630
2001-12-06,1.6594,1.663,1.6459000000000001,1.6484999999999999,12267
2001-12-07,1.6488,1.6643,1.6469,1.6576,13264
2001-12-09,1.6582,1.6613,1.6577,1.6604999999999999,647
2001-12-10,1.6606,1.6743999999999999,1.6575,1.6631,12072
2001-12-11,1.663,1.6638,1.6521,1.6529,12169
2001-12-12,1.6531,1.6542,1.6398000000000001,1.6413,13972
2001-12-13,1.6412,1.6536,1.6372,1.6520000000000001,14018
2001-12-14,1.6524999999999999,1.6536,1.6266,1.6295,14703
2001-12-16,1.6305,1.6311,1.6265,1.6284,660
2001-12-17,1.6284,1.6362999999999999,1.625,1.6320000000000001,14792
2001-12-18,1.6320000000000001,1.6407,1.6303,1.6398000000000001,13516
2001-12-19,1.6394,1.6461999999999999,1.6339000000000001,1.6401,13968
2001-12-20,1.6404,1.6439,1.6284999999999998,1.6320999999999999,15581
2001-12-21,1.6312,1.6556,1.6278000000000001,1.6520000000000001,16445
2001-12-23,1.6519,1.6534,1.6496,1.6502,576
2001-12-24,1.6502,1.6959,1.6478000000000002,1.6897,18210
2001-12-25,1.6898,1.6937,1.6862,1.6903000000000001,4840
2001-12-26,1.6902,1.6936,1.6808,1.6884000000000001,14975
2001-12-27,1.6885,1.6934,1.6724999999999999,1.6782,16935
2001-12-28,1.678,1.6848999999999998,1.671,1.6728,13250
2001-12-30,1.6747,1.6760000000000002,1.6733,1.6753,741
2001-12-31,1.6752,1.678,1.6554,1.6612,13455
2002-01-01,1.6613,1.6656,1.6599,1.6646999999999998,1338
2002-01-02,1.6644999999999999,1.6649,1.6355,1.643,14203
2002-01-03,1.6432,1.654,1.6399,1.6505,14605
2002-01-04,1.6499000000000001,1.6539000000000001,1.6423,1.6533,13583
2002-01-06,1.6526999999999998,1.6526999999999998,1.6472,1.6498,603
2002-01-07,1.6502,1.6583999999999999,1.6421999999999999,1.6488,13444
2002-01-08,1.6496,1.6583999999999999,1.6473,1.6542,15075
2002-01-09,1.6541000000000001,1.6644999999999999,1.6509,1.6602000000000001,15506
2002-01-10,1.657,1.6665,1.6522000000000001,1.6606,13919
2002-01-11,1.6606,1.6641,1.6508,1.6518000000000002,14015
2002-01-13,1.6529,1.6543999999999999,1.6520000000000001,1.6526,957
2002-01-14,1.6524,1.6598000000000002,1.6514,1.6572,13442
2002-01-15,1.657,1.6736,1.6552,1.6657,15509
2002-01-16,1.6655,1.6711,1.6542,1.6587,13988
2002-01-17,1.6585999999999999,1.6699000000000002,1.6578,1.6662,15086
2002-01-18,1.666,1.6723,1.6588,1.6604,13905
2002-01-20,1.6611,1.6611,1.6576,1.6600000000000001,724
2002-01-21,1.6600000000000001,1.6637,1.6587,1.6625999999999999,11799
2002-01-22,1.6627999999999998,1.6669,1.6576,1.6594,13585
2002-01-23,1.6593,1.675,1.6562999999999999,1.671,14078
2002-01-24,1.6705999999999999,1.6783000000000001,1.6686,1.674,13818
2002-01-25,1.6742,1.7085,1.6726,1.7042000000000002,13941
2002-01-27,1.7043,1.7063000000000001,1.7029999999999998,1.7034,714
2002-01-28,1.7041,1.7186,1.7008999999999999,1.7076,19356
2002-01-29,1.7078,1.7134,1.6982,1.6998,14544
2002-01-30,1.6998,1.7133,1.6954,1.7096,15222
2002-01-31,1.7092,1.7227000000000001,1.7054,1.7199,15264
2002-02-01,1.7189,1.7234,1.7088999999999999,1.714,15018
2002-02-03,1.7153,1.7154,1.7123,1.7141,735
2002-02-04,1.7144,1.718,1.6951,1.6997,13433
2002-02-05,1.6995,1.7035,1.6882000000000001,1.6991,15199
2002-02-06,1.6989999999999998,1.7043,1.6878,1.6976,15709
2002-02-07,1.6977,1.7029,1.6875,1.6911,15542
2002-02-08,1.6914,1.6939,1.6808999999999998,1.6909,15811
2002-02-10,1.6932,1.6942,1.6904,1.6918,711
2002-02-11,1.6919,1.6972,1.6783000000000001,1.6839,14504
2002-02-12,1.6841,1.6891,1.6774,1.6857,14145
2002-02-13,1.6857,1.7016,1.6846999999999999,1.6997,15125
2002-02-14,1.6998,1.7092,1.6941000000000002,1.6984,14554
2002-02-15,1.6985999999999999,1.7042000000000002,1.6959,1.6979,13825
2002-02-17,1.6976,1.6984,1.6964000000000001,1.6972,298
2002-02-18,1.6976,1.702,1.696,1.7,11586
2002-02-19,1.6998,1.7086000000000001,1.6838,1.6867,14447
2002-02-20,1.6865999999999999,1.7026,1.6840000000000002,1.7008,14108
2002-02-21,1.7010999999999998,1.7052,1.6962000000000002,1.6998,13688
2002-02-22,1.7001,1.7039,1.685,1.6905000000000001,13188
2002-02-24,1.6901000000000002,1.6915,1.6886999999999999,1.6901000000000002,679
2002-02-25,1.6899,1.6999,1.6875,1.6979,15289
2002-02-26,1.6976,1.7130999999999998,1.692,1.7085,16211
2002-02-27,1.7086000000000001,1.7115,1.7033,1.7055,16046
2002-02-28,1.7052,1.7103000000000002,1.6951,1.7003,17053
2002-03-01,1.7002000000000002,1.7098,1.6965,1.7079,16268
2002-03-03,1.7079,1.71,1.7067,1.7092,782
2002-03-04,1.7093,1.7143000000000002,1.6955,1.6997,13109
2002-03-05,1.6996,1.7059,1.6917,1.6949999999999998,12548
2002-03-06,1.6949,1.6987,1.6795,1.6824,13725
2002-03-07,1.6822,1.6842000000000001,1.6652,1.6709,15446
2002-03-08,1.6711,1.6911,1.6692,1.6853,13610
2002-03-10,1.6871,1.6879,1.6844999999999999,1.6859,795
2002-03-11,1.686,1.6873,1.6762000000000001,1.6808,11689
2002-03-12,1.6808,1.6856,1.6762000000000001,1.6794,12225
2002-03-13,1.6795,1.6833,1.671,1.6755,12855
2002-03-14,1.6755,1.6762000000000001,1.6519,1.6542,15122
2002-03-15,1.6543999999999999,1.6599,1.6484999999999999,1.6578,13890
2002-03-17,1.6588,1.6612,1.6583999999999999,1.6604,718
2002-03-18,1.6608,1.6667,1.6575,1.6595,14652
2002-03-19,1.6595,1.6658,1.6572,1.6613,13689
2002-03-20,1.6614,1.6677,1.6520000000000001,1.6543,13705
2002-03-21,1.6547,1.6627,1.6522000000000001,1.6585,14075
2002-03-22,1.6582,1.6709,1.6558000000000002,1.6667999999999998,14052
2002-03-24,1.6665999999999999,1.6680000000000001,1.6658,1.6675,628
2002-03-25,1.6673,1.6697,1.6631,1.6648,14854
2002-03-26,1.6646999999999998,1.6753,1.661,1.6689,16229
2002-03-27,1.6686999999999999,1.6803,1.6675,1.6784,14785
2002-03-28,1.6784,1.6865,1.6759,1.6839,14993
2002-03-29,1.6839,1.6846,1.6781000000000001,1.6827999999999999,9795
2002-03-31,1.6815,1.6821000000000002,1.6784,1.6798,575
2002-04-01,1.6796,1.6818,1.6577,1.662,12177
2002-04-02,1.6618,1.6682000000000001,1.6598000000000002,1.6644999999999999,15943
2002-04-03,1.6644,1.666,1.6569,1.6600000000000001,15024
2002-04-04,1.6602000000000001,1.6679,1.6511,1.6648,16145
2002-04-05,1.6649,1.6711,1.6606,1.667,13969
2002-04-07,1.6656,1.6665,1.6651,1.6655,264
2002-04-08,1.666,1.6783000000000001,1.6641,1.6766,15132
2002-04-09,1.6760000000000002,1.6794,1.6642000000000001,1.6644999999999999,17298
2002-04-10,1.665,1.6716,1.6622,1.6679,12803
2002-04-11,1.6677,1.6703999999999999,1.6560000000000001,1.6616,14437
2002-04-12,1.6616,1.6715,1.6602000000000001,1.6667,14251
2002-04-14,1.6663999999999999,1.6673,1.6648,1.6661000000000001,438
2002-04-15,1.6658,1.6702,1.6619000000000002,1.6681,13548
2002-04-16,1.6682000000000001,1.6721,1.6622,1.6649,13904
2002-04-17,1.6649,1.6655,1.6487,1.6488,16868
2002-04-18,1.6493,1.6542,1.6455,1.6473,17102
2002-04-19,1.6472,1.653,1.6429,1.6446,12690
2002-04-21,1.6487,1.6487,1.6459000000000001,1.6468,574
2002-04-22,1.6473,1.6558000000000002,1.6458,1.6518000000000002,13658
2002-04-23,1.6518000000000002,1.6578,1.6476,1.651,12810
2002-04-24,1.6508,1.6528,1.6407,1.6423999999999999,13606
2002-04-25,1.6425,1.6444999999999999,1.6277,1.6296,14016
2002-04-26,1.6299000000000001,1.6368,1.6217000000000001,1.6240999999999999,14713
2002-04-28,1.6240999999999999,1.6255,1.623,1.6237,396
2002-04-29,1.6238000000000001,1.6273,1.617,1.6200999999999999,15112
2002-04-30,1.6207,1.6252,1.6141999999999999,1.6176,12990
2002-05-01,1.6181,1.6202,1.5954000000000002,1.6016,15464
2002-05-02,1.6017000000000001,1.6149,1.5994000000000002,1.6088,14386
2002-05-03,1.6092,1.6128,1.5845,1.5863,13523
2002-05-05,1.5886,1.5893000000000002,1.5872000000000002,1.5884,392
2002-05-06,1.5884,1.5949,1.5831,1.5843,11516
2002-05-07,1.5851,1.6007,1.5819,1.5937000000000001,13851
2002-05-08,1.5937999999999999,1.611,1.5913,1.6082,12658
2002-05-09,1.6082999999999998,1.6096,1.5943,1.599,12920
2002-05-10,1.5988,1.6004,1.5894,1.5901,12802
2002-05-12,1.5922,1.5937000000000001,1.5914000000000001,1.5926,446
2002-05-13,1.5926,1.5994000000000002,1.5866,1.5965,11884
2002-05-14,1.5966,1.6172,1.5952,1.6159,13281
2002-05-15,1.6157,1.6199,1.5941,1.5971,13405
2002-05-16,1.5968,1.6027,1.5931,1.5974,12359
2002-05-17,1.5973000000000002,1.5977000000000001,1.5773000000000001,1.5803,13118
2002-05-19,1.5800999999999998,1.5804,1.5766,1.5777999999999999,553
2002-05-20,1.5785,1.5844,1.5735999999999999,1.577,12515
2002-05-21,1.5773000000000001,1.5866,1.5743,1.5796000000000001,13800
2002-05-22,1.5796000000000001,1.5802,1.5655999999999999,1.5692,13433
2002-05-23,1.5693000000000001,1.5847,1.5676999999999999,1.5794000000000001,12384
2002-05-24,1.5791,1.5906,1.5785,1.5840999999999998,12554
2002-05-26,1.5828,1.5834000000000001,1.5815000000000001,1.5827,357
2002-05-27,1.5828,1.5889,1.5796000000000001,1.5826,11204
2002-05-28,1.5829,1.5859999999999999,1.5699999999999998,1.5739,12226
2002-05-29,1.5739999999999998,1.5782,1.5655000000000001,1.5685,12955
2002-05-30,1.5686,1.5701,1.5549,1.5632000000000001,13718
2002-05-31,1.5634000000000001,1.5779999999999998,1.5562,1.5723,13157
2002-06-02,1.5705,1.5725,1.5695000000000001,1.5722,422
2002-06-03,1.5721,1.5777999999999999,1.5582,1.5615,12171
2002-06-04,1.5619,1.5665,1.5531000000000001,1.5641,12852
2002-06-05,1.5642,1.5743,1.5607,1.5635,12799
2002-06-06,1.564,1.5739999999999998,1.5549,1.5577999999999999,13561
2002-06-07,1.5575999999999999,1.5603,1.5491000000000001,1.5588,12391
2002-06-09,1.5582,1.5590000000000002,1.5575999999999999,1.5582,276
2002-06-10,1.5583,1.5657,1.5521,1.5606,12854
2002-06-11,1.5603,1.5699999999999998,1.5531000000000001,1.5554000000000001,12753
2002-06-12,1.5552000000000001,1.5672000000000001,1.5529,1.564,13296
2002-06-13,1.5641,1.5716999999999999,1.5575,1.5642,13417
2002-06-14,1.5641,1.5671,1.5503,1.5608,13269
2002-06-16,1.5609,1.563,1.5603,1.5627,534
2002-06-17,1.5624,1.5686,1.5592000000000001,1.5635,12003
2002-06-18,1.5632000000000001,1.5646,1.5455,1.5468,13752
2002-06-19,1.5468,1.5510000000000002,1.5350000000000001,1.5375,12710
2002-06-20,1.5377,1.5396,1.5205,1.5236,12637
2002-06-21,1.5234999999999999,1.5268000000000002,1.5084,1.5116,12796
2002-06-23,1.5127000000000002,1.5143,1.5101,1.5103,641
2002-06-24,1.5102,1.516,1.4975,1.5114999999999998,14306
2002-06-25,1.5122,1.5190000000000001,1.4870999999999999,1.4902,14722
2002-06-26,1.4904,1.4992,1.4762,1.4961,16038
2002-06-27,1.4964,1.5007000000000001,1.4834,1.4846,13945
2002-06-28,1.4838,1.4945,1.4733,1.4809999999999999,14292
2002-06-30,1.4815,1.4818,1.4786000000000001,1.4806,611
2002-07-01,1.4806,1.4906,1.4748999999999999,1.482,12234
2002-07-02,1.482,1.498,1.4813,1.49,13261
2002-07-03,1.4898,1.4978,1.4867,1.4937,13247
2002-07-04,1.4938,1.5028000000000001,1.4898,1.501,13446
2002-07-05,1.5009000000000001,1.5091,1.4996,1.5047000000000001,11941
2002-07-07,1.506,1.5064,1.5034999999999998,1.5044,383
2002-07-08,1.5048,1.506,1.4827,1.4854,14458
2002-07-09,1.4853,1.4896,1.4787,1.4842,13516
2002-07-10,1.4844,1.4933,1.4784,1.4868000000000001,14053
2002-07-11,1.4874,1.4922,1.4766,1.4870999999999999,14242
2002-07-12,1.4873,1.4889000000000001,1.4794,1.483,13890
2002-07-14,1.4827,1.4827,1.4788000000000001,1.4797,522
2002-07-15,1.4793,1.4824,1.4537,1.4605000000000001,14340
2002-07-16,1.4604,1.4618,1.445,1.4485999999999999,15809
2002-07-17,1.4497,1.4601,1.4442,1.4555,14717
2002-07-18,1.4556,1.4582,1.4472,1.449,13749
2002-07-19,1.4491,1.4496,1.4348,1.4426,15401
2002-07-21,1.4426,1.4498,1.4404,1.4411,758
2002-07-22,1.4411,1.4489,1.4357,1.4482,15751
2002-07-23,1.4482,1.4786000000000001,1.4473,1.4684,15043
2002-07-24,1.4685000000000001,1.4723,1.4485999999999999,1.4591,15155
2002-07-25,1.459,1.4595,1.4375,1.4394,15573
2002-07-26,1.4394,1.4712,1.4365,1.466,15708
2002-07-28,1.4665,1.4704,1.4653,1.4696,522
2002-07-29,1.4698,1.4909,1.4657,1.4849999999999999,14470
2002-07-30,1.4849,1.4913,1.4726,1.4818,14233
2002-07-31,1.4818,1.4910999999999999,1.4774,1.4842,14715
2002-08-01,1.4849,1.4925,1.4681,1.4685000000000001,14309
2002-08-02,1.4687000000000001,1.4762,1.4622,1.4708999999999999,15124
2002-08-04,1.4697,1.4723,1.4689,1.4713,448
2002-08-05,1.4708999999999999,1.4867,1.4698,1.4859,14669
2002-08-06,1.4858,1.5148000000000001,1.4832,1.5072999999999999,16098
2002-08-07,1.5070999999999999,1.5091999999999999,1.492,1.4926,16407
2002-08-08,1.4929000000000001,1.5165,1.4919,1.5135999999999998,15667
2002-08-09,1.5133999999999999,1.5145,1.4982,1.5018,14775
2002-08-11,1.5034999999999998,1.505,1.502,1.5032,528
2002-08-12,1.5034999999999998,1.5041,1.4909,1.4938,14300
2002-08-13,1.4933,1.5007000000000001,1.4847000000000001,1.4865,14534
2002-08-14,1.4866,1.4979,1.475,1.4939,14798
2002-08-15,1.494,1.5015,1.4848,1.4896,13517
2002-08-16,1.4896,1.4955,1.4848,1.4887000000000001,12772
2002-08-18,1.4884,1.49,1.4883,1.4889999999999999,346
2002-08-19,1.4894,1.5053,1.4854,1.502,12385
2002-08-20,1.5022,1.5093999999999999,1.4953,1.4988000000000001,13477
2002-08-21,1.4993,1.5067,1.4909,1.4987,13273
2002-08-22,1.4988000000000001,1.5223,1.4985,1.5186,13096
2002-08-23,1.5186,1.5243,1.5116,1.5131999999999999,12302
2002-08-25,1.5123,1.5143,1.5118,1.5121,255
2002-08-26,1.512,1.5203,1.5108000000000001,1.5148000000000001,11500
2002-08-27,1.5149,1.516,1.4898,1.4939,11411
2002-08-28,1.4935,1.5041,1.4909,1.5023,13290
2002-08-29,1.5022,1.5034,1.4863,1.4950999999999999,13630
2002-08-30,1.4952,1.5025,1.4892,1.4982,12921
2002-09-01,1.4986,1.5008,1.4979,1.4994,516
2002-09-02,1.4993,1.5028000000000001,1.4921,1.4955,10847
2002-09-03,1.4949,1.4971999999999999,1.4697,1.4706000000000001,12807
2002-09-04,1.4708,1.4787,1.4663,1.4764,13071
2002-09-05,1.4762,1.4769999999999999,1.4605000000000001,1.4727999999999999,13454
2002-09-06,1.4731,1.4874,1.4654,1.4842,14349
2002-09-08,1.4849,1.4868999999999999,1.4838,1.4843,479
2002-09-09,1.4847000000000001,1.4926,1.4822,1.4897,11575
2002-09-10,1.4899,1.5030000000000001,1.482,1.4974,13994
2002-09-11,1.4975,1.5098,1.4949,1.5011,13521
2002-09-12,1.5011999999999999,1.5053999999999998,1.4944,1.495,14470
2002-09-13,1.4956,1.5125,1.4887000000000001,1.51,14330
2002-09-15,1.5112999999999999,1.5129000000000001,1.5087000000000002,1.5102,416
2002-09-16,1.5103,1.5224,1.5087000000000002,1.5224,14885
2002-09-17,1.5224,1.5312999999999999,1.5064,1.5105,17186
2002-09-18,1.5102,1.5169000000000001,1.4969999999999999,1.5024,15432
2002-09-19,1.5025,1.5037,1.4807000000000001,1.4817,15781
2002-09-20,1.4818,1.4985,1.4811,1.4928,14739
2002-09-22,1.4925,1.494,1.4918,1.4929000000000001,526
2002-09-23,1.4929000000000001,1.5024,1.4843,1.4988000000000001,13276
2002-09-24,1.4993,1.5017,1.4868000000000001,1.4897,14704
2002-09-25,1.4897,1.5026000000000002,1.4854,1.4968,14257
2002-09-26,1.4966,1.5077,1.4914,1.5011999999999999,14260
2002-09-27,1.5011,1.5047000000000001,1.4928,1.4953,11982
2002-09-29,1.4921,1.4942,1.4919,1.4929000000000001,378
2002-09-30,1.4928,1.4932,1.4705,1.4756,12871
2002-10-01,1.4753,1.4906,1.4726,1.4899,12721
2002-10-02,1.49,1.4917,1.4774,1.4784,12198
2002-10-03,1.4787,1.4822,1.4725,1.4779,12658
2002-10-04,1.4777,1.4957,1.4775,1.4912,12060
2002-10-06,1.4927000000000001,1.4929999999999999,1.4907,1.4925,435
2002-10-07,1.4925,1.495,1.4864,1.4888,11938
2002-10-08,1.4886,1.5026000000000002,1.4854,1.4967,12347
2002-10-09,1.4968,1.5011,1.4773,1.4787,13022
2002-10-10,1.4791,1.4868000000000001,1.4741,1.4852,13242
2002-10-11,1.4854,1.4887000000000001,1.4811,1.4823,10927
2002-10-13,1.4808,1.4809,1.4777,1.4783,336
2002-10-14,1.4783,1.4839,1.4777,1.482,10002
2002-10-15,1.4818,1.4992,1.4795,1.4943,12308
2002-10-16,1.4943,1.5,1.4910999999999999,1.4952,11740
2002-10-17,1.4953,1.5146,1.495,1.5116,13208
2002-10-18,1.5116,1.5148000000000001,1.5072,1.5125,11887
2002-10-20,1.5121,1.5131999999999999,1.5110999999999999,1.5131999999999999,466
2002-10-21,1.5127000000000002,1.5175,1.5053999999999998,1.5096,12121
2002-10-22,1.5096,1.5133999999999999,1.4974,1.5036,12320
2002-10-23,1.5037,1.5070000000000001,1.4975,1.5066000000000002,12006
2002-10-24,1.5065,1.51,1.4997,1.5004,12378
2002-10-25,1.5004,1.5039,1.4963,1.5027,11707
2002-10-27,1.5029,1.5034999999999998,1.5018,1.5030000000000001,519
2002-10-28,1.5030000000000001,1.509,1.487,1.49,12436
2002-10-29,1.4898,1.4948000000000001,1.484,1.4908000000000001,12707
2002-10-30,1.4909,1.4923,1.4863,1.4875,12505
2002-10-31,1.4876,1.4886,1.4752,1.4762,13136
2002-11-01,1.4763,1.4791,1.4619,1.4673,12912
2002-11-03,1.4675,1.4677,1.4652,1.4661,592
2002-11-04,1.4661,1.4738,1.4645000000000001,1.4666000000000001,12166
2002-11-05,1.467,1.4681,1.4533,1.4646,12526
2002-11-06,1.4645000000000001,1.4725,1.4532,1.4546999999999999,13037
2002-11-07,1.4549,1.4655,1.4489,1.4519,13970
2002-11-08,1.4522,1.454,1.4409,1.4428,12728
2002-11-10,1.4438,1.4457,1.4431,1.4443,620
2002-11-11,1.4447999999999999,1.4505,1.4382,1.45,12400
2002-11-12,1.4501,1.4533,1.4428,1.4464000000000001,14367
2002-11-13,1.4459,1.4593,1.4445999999999999,1.4563,14047
2002-11-14,1.4562,1.4623,1.45,1.4614,13172
2002-11-15,1.4611,1.4651,1.4509,1.4518,12705
2002-11-17,1.451,1.4521,1.4483,1.4506999999999999,945
2002-11-18,1.451,1.4592,1.4483,1.4538,14486
2002-11-19,1.4537,1.4677,1.4466,1.4634,13813
2002-11-20,1.4633,1.4692,1.4612,1.4678,12792
2002-11-21,1.468,1.472,1.4625,1.4672,12694
2002-11-22,1.467,1.4787,1.464,1.4773,12524
2002-11-24,1.4769,1.4807000000000001,1.4766,1.4803,902
2002-11-25,1.4802,1.4918,1.4781,1.4867,12921
2002-11-26,1.4868000000000001,1.49,1.4809,1.4816,13434
2002-11-27,1.4817,1.4932,1.4809,1.4893,12794
2002-11-28,1.4889999999999999,1.4901,1.4809999999999999,1.4854,11317
2002-11-29,1.4852,1.4879,1.4819,1.4826,11721
2002-12-02,1.4861,1.4982,1.4729999999999999,1.4776,12794
2002-12-03,1.4777,1.4801,1.4719,1.4754,12463
2002-12-04,1.4753,1.4764,1.4666000000000001,1.4727000000000001,12350
2002-12-05,1.4727999999999999,1.4764,1.4691,1.4706000000000001,12049
2002-12-06,1.4705,1.4719,1.4522,1.4576,12632
2002-12-08,1.4567,1.4578,1.4552,1.4566,794
2002-12-09,1.4567,1.4637,1.4532,1.4574,13254
2002-12-10,1.4573,1.4652,1.453,1.4638,13039
2002-12-11,1.4636,1.4652,1.4588,1.4619,13218
2002-12-12,1.4621,1.4635,1.4474,1.4504000000000001,13643
2002-12-13,1.4502,1.4526,1.4388,1.4431,13966
2002-12-15,1.4433,1.4454,1.4422,1.4447999999999999,1047
2002-12-16,1.4449,1.4482,1.4407,1.4435,13398
2002-12-17,1.4435,1.4442,1.425,1.4274,15090
2002-12-18,1.4273,1.4331,1.4215,1.4258,14036
2002-12-19,1.426,1.4332,1.4214,1.4245999999999999,14158
2002-12-20,1.4249,1.4285,1.4222000000000001,1.424,12995
2002-12-22,1.4238,1.4252,1.423,1.4235,686
2002-12-23,1.4236,1.4256,1.4131,1.419,13438
2002-12-24,1.4188,1.4205,1.4053,1.408,12053
2002-12-25,1.408,1.4094,1.4049,1.4057,3801
2002-12-26,1.4058,1.4077,1.3999,1.4005,10745
2002-12-27,1.4003999999999999,1.4045,1.3894,1.3901,13088
2002-12-29,1.3937,1.3951,1.392,1.3926,862
2002-12-30,1.3929,1.3975,1.3848,1.3871,13195
2002-12-31,1.3871,1.3931,1.3808,1.3834,11449
2003-01-01,1.3837,1.3869,1.3815,1.3847,1495
2003-01-02,1.385,1.4052,1.3832,1.4006,12852
2003-01-03,1.4007,1.407,1.3941,1.3980000000000001,13776
2003-01-05,1.3982999999999999,1.3988,1.3965,1.3975,804
2003-01-06,1.3973,1.3981,1.3873,1.3954,14360
2003-01-07,1.3953,1.403,1.3941,1.3998,13911
2003-01-08,1.3999,1.4095,1.3820000000000001,1.3848,14520
2003-01-09,1.385,1.3956,1.3832,1.3934,13937
2003-01-10,1.3936,1.395,1.3783,1.3805,14475
2003-01-12,1.3797,1.3817,1.3785,1.3813,694
2003-01-13,1.3808,1.3884,1.3788,1.3865,13622
2003-01-14,1.3866,1.3874,1.3789,1.3858,14208
2003-01-15,1.3859,1.3938,1.3803,1.3846,14040
2003-01-16,1.3846,1.3867,1.3721999999999999,1.375,14072
2003-01-17,1.3748,1.3765,1.3660999999999999,1.3692,13658
2003-01-19,1.3705,1.3721999999999999,1.3688,1.3719999999999999,841
2003-01-20,1.3717,1.3740999999999999,1.3660999999999999,1.3693,12875
2003-01-21,1.3691,1.3749,1.3607,1.3624,13512
2003-01-22,1.3625,1.3692,1.3609,1.3657,13732
2003-01-23,1.3657,1.3673,1.3571,1.3622,13511
2003-01-24,1.362,1.3636,1.3498,1.3534,13662
2003-01-26,1.3523,1.3555,1.3518,1.355,771
2003-01-27,1.3548,1.3611,1.3456000000000001,1.3542,14380
2003-01-28,1.3538999999999999,1.3629,1.3533,1.3558,14094
2003-01-29,1.3557000000000001,1.3602,1.3473,1.358,14781
2003-01-30,1.3593,1.3706,1.3541,1.3556,14884
2003-01-31,1.3557000000000001,1.37,1.3544,1.3637000000000001,14028
2003-02-02,1.3614,1.3658000000000001,1.3608,1.365,740
2003-02-03,1.3651,1.374,1.3577,1.361,12600
2003-02-04,1.361,1.3625,1.3433,1.3481,12775
2003-02-05,1.3479999999999999,1.3673,1.3401,1.3611,15447
2003-02-06,1.3609,1.3616,1.3484,1.354,12252
2003-02-07,1.3541,1.3674,1.353,1.3555,12434
2003-02-09,1.3557000000000001,1.3567,1.3551,1.3559,649
2003-02-10,1.3559999999999999,1.3700999999999999,1.3542,1.3678,12266
2003-02-11,1.3675,1.3757,1.3628,1.3657,14063
2003-02-12,1.3656,1.373,1.362,1.371,11709
2003-02-13,1.3715,1.3721,1.3519999999999999,1.3542,14209
2003-02-14,1.3541,1.3663,1.353,1.3620999999999999,12182
2003-02-16,1.3654,1.374,1.3644,1.3733,1053
2003-02-17,1.3735,1.38,1.3677000000000001,1.3717,13322
2003-02-18,1.3718,1.3789,1.3654,1.3761,12891
2003-02-19,1.376,1.3773,1.3653,1.3671,14212
2003-02-20,1.3669,1.3684,1.3548,1.3575,12653
2003-02-21,1.3575,1.3675,1.3519999999999999,1.3646,13887
2003-02-23,1.3711,1.3735,1.3696,1.3703,680
2003-02-24,1.3702,1.371,1.3543,1.3583,12197
2003-02-25,1.3583,1.3618000000000001,1.349,1.3592,12765
2003-02-26,1.3592,1.3624,1.3525,1.3543,11780
2003-02-27,1.3544,1.3646,1.3497,1.3614,12277
2003-02-28,1.3615,1.3629,1.3509,1.3519999999999999,12423
2003-03-02,1.3558,1.3565,1.3537,1.3548,794
2003-03-03,1.3553,1.3583,1.3353,1.3377,12166
2003-03-04,1.3378,1.3414,1.3274,1.3306,13485
2003-03-05,1.3316,1.3336999999999999,1.3259,1.3319,12806
2003-03-06,1.3317999999999999,1.3373,1.3295,1.3346,12492
2003-03-07,1.3346,1.3397999999999999,1.324,1.3362,12789
2003-03-09,1.3355000000000001,1.3357,1.3327,1.333,653
2003-03-10,1.333,1.3356,1.3235999999999999,1.3274,11526
2003-03-11,1.3274,1.3328,1.3229,1.3303,12121
2003-03-12,1.3304,1.3394,1.326,1.3392,12946
2003-03-13,1.3392,1.365,1.3361,1.3593,13993
2003-03-14,1.359,1.3736,1.3562,1.3658000000000001,12712
2003-03-16,1.3602,1.3607,1.3551,1.3574,940
2003-03-17,1.3574,1.3874,1.3525,1.3814,13897
2003-03-18,1.3815,1.3941,1.3776,1.3841,13786
2003-03-19,1.3839000000000001,1.396,1.3803,1.3932,13704
2003-03-20,1.3936,1.3973,1.3782,1.391,13955
2003-03-21,1.3911,1.4055,1.3869,1.4024,14537
2003-03-23,1.393,1.3953,1.3898,1.3942999999999999,946
2003-03-24,1.3942,1.3948,1.3801999999999999,1.3839000000000001,12453
2003-03-25,1.3838,1.3853,1.3731,1.3833,12695
2003-03-26,1.3832,1.3885,1.3766,1.3808,12339
2003-03-27,1.3808,1.3862999999999999,1.3767,1.3831,12638
2003-03-28,1.383,1.3855,1.3656,1.3703,13402
2003-03-30,1.3687,1.3694,1.3664,1.3675,690
2003-03-31,1.3678,1.3687,1.3492,1.351,14291
2003-04-01,1.3513,1.3592,1.3487,1.3513,13037
2003-04-02,1.3516,1.3835,1.3503,1.3793,14214
2003-04-03,1.3795,1.3905,1.375,1.3774,14787
2003-04-04,1.3776,1.3911,1.3766,1.3855,14648
2003-04-06,1.3942,1.3951,1.3929,1.3947,818
2003-04-07,1.3946,1.4088,1.3868,1.3908,14612
2003-04-08,1.3909,1.3967,1.3847,1.3859,14668
2003-04-09,1.3858,1.3934,1.3783,1.3806,14723
2003-04-10,1.3808,1.3889,1.3765,1.3874,14274
2003-04-11,1.3876,1.4007,1.3856,1.393,14323
2003-04-13,1.3940000000000001,1.3974,1.3937,1.3961999999999999,661
2003-04-14,1.3961000000000001,1.3972,1.3838,1.3895,13153
2003-04-15,1.3896,1.397,1.3877,1.3931,13635
2003-04-16,1.3928,1.3942999999999999,1.3693,1.3721,13259
2003-04-17,1.3719999999999999,1.3824,1.3631,1.3808,13445
2003-04-18,1.3807,1.3833,1.3778000000000001,1.3816,8449
2003-04-20,1.3788,1.3804,1.377,1.3785,525
2003-04-21,1.3782,1.3940000000000001,1.3777,1.3889,10491
2003-04-22,1.3883,1.3908,1.3681,1.3718,13645
2003-04-23,1.3719000000000001,1.3801,1.3709,1.3758,13184
2003-04-24,1.3757,1.3768,1.3575,1.3608,14173
2003-04-25,1.3608,1.3717,1.3595,1.3617,13574
2003-04-27,1.3602,1.362,1.3599,1.3608,545
2003-04-28,1.3607,1.3731,1.3565,1.3724,12873
2003-04-29,1.3724,1.3784,1.3559999999999999,1.3588,13353
2003-04-30,1.3589,1.3625,1.353,1.3552,14369
2003-05-01,1.355,1.3596,1.3377,1.3446,13601
2003-05-02,1.3447,1.3509,1.3383,1.3437999999999999,14049
2003-05-04,1.3446,1.3454,1.3431,1.3437999999999999,497
2003-05-05,1.3439,1.35,1.3409,1.3418,15290
2003-05-06,1.3418,1.3448,1.322,1.3256000000000001,17062
2003-05-07,1.3262,1.3319,1.3204,1.3243,17439
2003-05-08,1.3243,1.3305,1.3077,1.3101,17481
2003-05-09,1.3104,1.3187,1.3078,1.3138,16974
2003-05-11,1.3096,1.3096,1.3038,1.3074,702
2003-05-12,1.3073000000000001,1.315,1.3007,1.3133,16091
2003-05-13,1.3145,1.3208,1.3098,1.315,15875
2003-05-14,1.3147,1.3225,1.3115,1.3192,14403
2003-05-15,1.3191,1.3271,1.3107,1.3228,14741
2003-05-16,1.3228,1.3242,1.3048,1.3075,14006
2003-05-18,1.2965,1.3006,1.2964,1.2977,680
2003-05-19,1.2976,1.3022,1.2894999999999999,1.2991,14230
2003-05-20,1.2992,1.3043,1.2864,1.2884,14479
2003-05-21,1.2885,1.3013,1.2842,1.2974,14531
2003-05-22,1.2974,1.3026,1.2887,1.2969,13808
2003-05-23,1.2974999999999999,1.3035999999999999,1.2866,1.2886,13242
2003-05-25,1.2902,1.2921,1.2894999999999999,1.2913999999999999,573
2003-05-26,1.2916,1.2934999999999999,1.2858,1.2873,11626
2003-05-27,1.2869,1.292,1.2779,1.2876,13879
2003-05-28,1.2878,1.3023,1.285,1.297,14357
2003-05-29,1.297,1.3074,1.2827,1.2864,15301
2003-05-30,1.2863,1.3038,1.2831000000000001,1.298,14746
2003-06-01,1.305,1.3063,1.3032,1.3038,646
2003-06-02,1.3043,1.3107,1.2943,1.3019,15315
2003-06-03,1.3017,1.3147,1.2985,1.3118,14907
2003-06-04,1.3117,1.3203,1.3075999999999999,1.3184,15202
2003-06-05,1.3183,1.3223,1.295,1.3024,16276
2003-06-06,1.3023,1.3255,1.2992,1.3209,15474
2003-06-08,1.3192,1.3204,1.3185,1.3199,453
2003-06-09,1.3199,1.3256999999999999,1.3053,1.3165,15292
2003-06-10,1.3166,1.321,1.3112,1.3174000000000001,14087
2003-06-11,1.3172,1.3179,1.3043,1.3086,14275
2003-06-12,1.3086,1.3162,1.301,1.3101,14353
2003-06-13,1.3101,1.3195999999999999,1.2953000000000001,1.2984,14818
2003-06-15,1.2971,1.2983,1.2964,1.2965,458
2003-06-16,1.2965,1.307,1.2938,1.3049,14702
2003-06-17,1.3048,1.3101,1.2998,1.3084,13999
2003-06-18,1.3085,1.3266,1.3064,1.3235000000000001,14705
2003-06-19,1.3235000000000001,1.3378,1.3113000000000001,1.317,16296
2003-06-20,1.3172,1.338,1.3148,1.3285,14934
2003-06-22,1.3312,1.332,1.3287,1.3312,688
2003-06-23,1.3309,1.3353,1.3211,1.3246,16517
2003-06-24,1.3245,1.3336000000000001,1.3203,1.33,15049
2003-06-25,1.3296000000000001,1.3325,1.3213,1.329,16658
2003-06-26,1.329,1.3527,1.3287,1.3498999999999999,16780
2003-06-27,1.35,1.3574,1.3465,1.3501,15681
2003-06-29,1.3504,1.3526,1.3492,1.3505,720
2003-06-30,1.3505,1.3618000000000001,1.3485,1.3502,14217
2003-07-01,1.3503,1.3547,1.3367,1.3435000000000001,14009
2003-07-02,1.3434,1.3496000000000001,1.3417,1.3468,14426
2003-07-03,1.3467,1.3559999999999999,1.3407,1.3498999999999999,13694
2003-07-04,1.35,1.3537,1.3458999999999999,1.3494,12285
2003-07-06,1.3498,1.3523,1.3479999999999999,1.3513,516
2003-07-07,1.3511,1.3746,1.3488,1.3733,14605
2003-07-08,1.3734,1.3794,1.3665,1.3698000000000001,15650
2003-07-09,1.3697,1.3708,1.3582,1.3612,14632
2003-07-10,1.3613,1.3696,1.3541,1.3635,15806
2003-07-11,1.3639000000000001,1.3773,1.3632,1.376,15052
2003-07-13,1.3761999999999999,1.3786,1.3758,1.3772,824
2003-07-14,1.3768,1.3822,1.371,1.3753,15007
2003-07-15,1.3751,1.3928,1.3682,1.3921000000000001,15935
2003-07-16,1.3901,1.3951,1.3733,1.3765,15847
2003-07-17,1.3764,1.3795,1.3593,1.3635,17141
2003-07-18,1.3634,1.3769,1.3576,1.3628,15790
2003-07-20,1.3633,1.3643,1.3605,1.361,900
2003-07-21,1.3613,1.3662,1.3522,1.3556,15017
2003-07-22,1.3556,1.3645,1.3547,1.3620999999999999,15156
2003-07-23,1.3624,1.3641,1.3444,1.347,15070
2003-07-24,1.347,1.3555,1.3441,1.3479999999999999,14635
2003-07-25,1.3479999999999999,1.353,1.3373,1.3439999999999999,14897
2003-07-27,1.3444,1.3476,1.3437000000000001,1.3471,553
2003-07-28,1.347,1.3534,1.3428,1.347,14456
2003-07-29,1.3469,1.3538999999999999,1.34,1.3517000000000001,14910
2003-07-30,1.3516,1.367,1.3506,1.3648,15294
2003-07-31,1.3648,1.3772,1.3617,1.3713,15859
2003-08-01,1.3711,1.381,1.3615,1.3646,15852
2003-08-03,1.3634,1.3660999999999999,1.3627,1.3655,449
2003-08-04,1.3654,1.366,1.3444,1.3477999999999999,15203
2003-08-05,1.3477999999999999,1.3582,1.3452,1.3463,15110
2003-08-06,1.3465,1.3553,1.3405,1.3528,14542
2003-08-07,1.3529,1.3567,1.3462,1.3522,14981
2003-08-08,1.3524,1.3632,1.3491,1.3597000000000001,14357
2003-08-10,1.3605,1.3624,1.3595,1.3618999999999999,569
2003-08-11,1.3618000000000001,1.3660999999999999,1.3544,1.3575,14703
2003-08-12,1.3575,1.3702,1.3544,1.3685,14655
2003-08-13,1.3686,1.3761999999999999,1.3632,1.3671,14719
2003-08-14,1.3669,1.3758,1.3635,1.3711,15704
2003-08-15,1.3713,1.3780000000000001,1.367,1.3715,16171
2003-08-17,1.3712,1.3721,1.3705,1.3711,597
2003-08-18,1.371,1.3944,1.3706,1.3891,14182
2003-08-19,1.3892,1.4019,1.3862,1.3898,15574
2003-08-20,1.3894,1.3942,1.3849,1.3878,15850
2003-08-21,1.3877,1.4166,1.3872,1.4119,15564
2003-08-22,1.4119,1.424,1.4088,1.4171,14530
2003-08-24,1.4193,1.4212,1.4179,1.4192,781
2003-08-25,1.4193,1.4278,1.4108,1.4224999999999999,14230
2003-08-26,1.4226,1.4256,1.4062000000000001,1.4099,16081
2003-08-27,1.4093,1.4194,1.4055,1.4186,15621
2003-08-28,1.4183,1.4253,1.4104,1.4146,14923
2003-08-29,1.4144999999999999,1.4151,1.3985,1.4003999999999999,14138
2003-08-31,1.3995,1.4008,1.3982,1.3987,617
2003-09-01,1.3986,1.4036,1.3973,1.4029,12937
2003-09-02,1.4029,1.4203000000000001,1.4022999999999999,1.4189,15873
2003-09-03,1.4184999999999999,1.4242,1.4098,1.419,16296
2003-09-04,1.4191,1.4235,1.4035,1.4064,14881
2003-09-05,1.407,1.4119,1.3815,1.3819,15003
2003-09-07,1.3838,1.3872,1.3828,1.3862,1162
2003-09-08,1.3862,1.3935,1.3825,1.3928,14271
2003-09-09,1.3931,1.3948,1.375,1.3795,14706
2003-09-10,1.3798,1.3891,1.3774,1.3865,14383
2003-09-11,1.3866,1.3908,1.3776,1.387,14888
2003-09-12,1.387,1.397,1.3735,1.3793,14183
2003-09-14,1.3805,1.3816,1.3788,1.3792,744
2003-09-15,1.3791,1.3855,1.3758,1.3807,14110
2003-09-16,1.3811,1.3944,1.3766,1.3905,14698
2003-09-17,1.3905,1.3949,1.3740999999999999,1.3801999999999999,14931
2003-09-18,1.3801,1.388,1.3744,1.3857,14973
2003-09-19,1.3860000000000001,1.3874,1.3653,1.3683,14639
2003-09-21,1.3605,1.3614,1.3548,1.3582,1244
2003-09-22,1.3580999999999999,1.3638,1.35,1.3533,15662
2003-09-23,1.3531,1.3606,1.3463,1.3588,14058
2003-09-24,1.3585,1.3599999999999999,1.3488,1.3512,13861
2003-09-25,1.3514,1.3552,1.3413,1.3458,15124
2003-09-26,1.346,1.3494,1.3407,1.345,13684
2003-09-28,1.3452,1.3464,1.3436,1.345,518
2003-09-29,1.345,1.3528,1.3197,1.328,15040
2003-09-30,1.328,1.3284,1.3093,1.3171,16273
2003-10-01,1.3172,1.3231,1.3119,1.3153000000000001,14515
2003-10-02,1.3154,1.3222,1.3109,1.3189,14532
2003-10-03,1.319,1.3393,1.3153000000000001,1.3367,14241
2003-10-05,1.3362,1.3365,1.3328,1.3332,678
2003-10-06,1.333,1.3396,1.3176,1.3199,14193
2003-10-07,1.3197999999999999,1.3228,1.3109,1.3144,14232
2003-10-08,1.314,1.3169,1.3061,1.3103,14172
2003-10-09,1.3103,1.325,1.3048,1.3179,14935
2003-10-10,1.3178,1.3233,1.3064,1.3135,13363
2003-10-12,1.3114,1.3123,1.3105,1.3108,381
2003-10-13,1.3106,1.328,1.3104,1.3242,12866
2003-10-14,1.3239,1.3362,1.3134000000000001,1.3178,15989
2003-10-15,1.3173,1.3352,1.3153000000000001,1.3321,15017
2003-10-16,1.332,1.3383,1.3223,1.3363,16022
2003-10-17,1.3363,1.345,1.3268,1.3276,14184
2003-10-19,1.3261,1.3279,1.3243,1.3266,828
2003-10-20,1.3267,1.3378999999999999,1.326,1.3338,14641
2003-10-21,1.3338999999999999,1.3376000000000001,1.3266,1.3317999999999999,14117
2003-10-22,1.3317,1.3329,1.3113000000000001,1.3119,13964
2003-10-23,1.3119,1.3176,1.3043,1.3089,14336
2003-10-24,1.3091,1.3161,1.303,1.3132,13785
2003-10-26,1.3138,1.3157,1.3127,1.3149,825
2003-10-27,1.3147,1.3204,1.3128,1.3199,13924
2003-10-28,1.32,1.3326,1.3186,1.3305,15071
2003-10-29,1.3304,1.332,1.3216999999999999,1.3302,13581
2003-10-30,1.3304,1.3355000000000001,1.3175,1.3338999999999999,13964
2003-10-31,1.334,1.3427,1.3303,1.34,13873
2003-11-02,1.3397000000000001,1.3417,1.3392,1.3409,850
2003-11-03,1.3412,1.3645,1.3363,1.3611,14164
2003-11-04,1.3611,1.3660999999999999,1.3574,1.3648,13396
2003-11-05,1.3647,1.373,1.3605,1.3717,14079
2003-11-06,1.3716,1.3789,1.3658000000000001,1.3775,14887
2003-11-07,1.3773,1.3809,1.3602,1.3673,14516
2003-11-09,1.3665,1.3687,1.3649,1.3654,956
2003-11-10,1.3652,1.3754,1.3622,1.3733,13481
2003-11-11,1.3734,1.3752,1.3588,1.3625,12076
2003-11-12,1.3628,1.3628,1.3453,1.3509,13273
2003-11-13,1.3507,1.3518,1.3343,1.3354,14099
2003-11-14,1.3357,1.3365,1.3256000000000001,1.3277,14701
2003-11-16,1.3222,1.3224,1.3179,1.3201,857
2003-11-17,1.32,1.328,1.3171,1.3244,14535
2003-11-18,1.3245,1.3268,1.2913000000000001,1.2922,14735
2003-11-19,1.2923,1.3096,1.292,1.3075999999999999,15039
2003-11-20,1.3047,1.3067,1.2931,1.3017,14606
2003-11-21,1.3017,1.3051,1.2942,1.2973,13482
2003-11-23,1.2989,1.3,1.2971,1.2979,671
2003-11-24,1.298,1.3216999999999999,1.2971,1.3203,13444
2003-11-25,1.3202,1.3222,1.3144,1.318,13665
2003-11-26,1.3181,1.3192,1.2917,1.2953000000000001,13844
2003-11-27,1.2957,1.3032,1.2939,1.299,12059
2003-11-28,1.2987,1.3013,1.2877,1.2916,13184
2003-11-30,1.293,1.2934999999999999,1.2863,1.2888,938
2003-12-01,1.2891,1.3017,1.2867,1.2987,14890
2003-12-02,1.2982,1.3042,1.2845,1.2882,14466
2003-12-03,1.2879,1.2917,1.2822,1.2871000000000001,14767
2003-12-04,1.287,1.2965,1.2801,1.2891,15379
2003-12-05,1.2889,1.2921,1.2731,1.2753,14129
2003-12-07,1.2744,1.2765,1.274,1.2753,811
2003-12-08,1.2753,1.2788,1.2631000000000001,1.2676,13480
2003-12-09,1.2675,1.2706,1.2593,1.2655,14341
2003-12-10,1.2652,1.2746,1.2601,1.2694,14814
2003-12-11,1.2694,1.2823,1.266,1.2703,14711
2003-12-12,1.2703,1.2718,1.259,1.2634,14074
2003-12-14,1.2811,1.2814999999999999,1.2719,1.2729,1001
2003-12-15,1.2728,1.2763,1.2593,1.2618,14530
2003-12-16,1.2618,1.2638,1.256,1.2603,14649
2003-12-17,1.2608,1.2643,1.2509000000000001,1.2539,13501
2003-12-18,1.2538,1.2596,1.2476,1.2519,13492
2003-12-19,1.2518,1.2609,1.2492,1.2566,12800
2003-12-21,1.2545,1.2584,1.2538,1.2548,922
2003-12-22,1.255,1.2591999999999999,1.2487,1.2568,13260
2003-12-23,1.2569,1.2608,1.2542,1.2572,12327
2003-12-24,1.2575,1.2586,1.2452,1.2467,11250
2003-12-25,1.2469999999999999,1.2492,1.2453,1.2478,5685
2003-12-26,1.248,1.2556,1.2456,1.2554,8467
2003-12-28,1.2527,1.2551,1.2523,1.2539,662
2003-12-29,1.2539,1.2545,1.2458,1.2495,12626
2003-12-30,1.2496,1.2508,1.2405,1.2429999999999999,12180
2003-12-31,1.2429999999999999,1.2475,1.2308,1.2389000000000001,11951
2004-01-01,1.2397,1.2457,1.2364,1.2408,2164
2004-01-02,1.2412,1.246,1.2344,1.2385,12319
2004-01-04,1.2372,1.2375,1.2314,1.2335,894
2004-01-05,1.2334,1.2361,1.2282,1.2323,13785
2004-01-06,1.2323,1.2346,1.2241,1.2324,14106
2004-01-07,1.2322,1.2435,1.2302,1.2423,13825
2004-01-08,1.2421,1.2493,1.224,1.2276,14348
2004-01-09,1.2277,1.234,1.2164,1.2223,14424
2004-01-11,1.2199,1.2207,1.2185,1.2203,664
2004-01-12,1.2202,1.2307,1.2136,1.2298,13544
2004-01-13,1.2299,1.2303,1.2187000000000001,1.2229,14428
2004-01-14,1.2229,1.2362,1.2192,1.2337,14449
2004-01-15,1.2333,1.2476,1.2305,1.2436,14983
2004-01-16,1.2439,1.2703,1.2428,1.264,14204
2004-01-18,1.2667,1.2687,1.2645,1.2676,1054
2004-01-19,1.2675,1.2730000000000001,1.2631000000000001,1.2697,12608
2004-01-20,1.2694,1.271,1.245,1.2471,14948
2004-01-21,1.2473,1.2513,1.2366,1.2375,14924
2004-01-22,1.237,1.2418,1.2295,1.2328000000000001,15240
2004-01-23,1.2326,1.2472,1.2269,1.2434,13864
2004-01-25,1.2426,1.2451,1.242,1.2443,770
2004-01-26,1.2445,1.2588,1.2404,1.2562,15988
2004-01-27,1.2561,1.2597,1.2374,1.2423,14927
2004-01-28,1.2425,1.2608,1.2392,1.2539,16697
2004-01-29,1.2539,1.2644,1.2482,1.2588,16561
2004-01-30,1.2588,1.2666,1.2515,1.2569,15466
2004-02-01,1.256,1.258,1.2553,1.2572999999999999,893
2004-02-02,1.2575,1.2664,1.2554,1.2622,14232
2004-02-03,1.2622,1.2631999999999999,1.2429000000000001,1.2517,14369
2004-02-04,1.2518,1.2559,1.2477,1.2508,14381
2004-02-05,1.2507,1.2526,1.2401,1.2481,14689
2004-02-06,1.248,1.2553,1.2305,1.2341,14605
2004-02-08,1.2425,1.2436,1.2332,1.2352,1210
2004-02-09,1.2353,1.24,1.2293,1.2363,14731
2004-02-10,1.2364,1.2393,1.2259,1.2354,14604
2004-02-11,1.2355,1.2439,1.2267000000000001,1.2309,15347
2004-02-12,1.2303,1.2335,1.2268,1.2304,14079
2004-02-13,1.2308,1.2415,1.2234,1.2393,14263
2004-02-15,1.2389999999999999,1.2393,1.2363,1.2375,915
2004-02-16,1.2378,1.2402,1.2314,1.2339,12564
2004-02-17,1.2338,1.2351,1.2224,1.2247,13946
2004-02-18,1.2247,1.2447,1.2182,1.2391,15226
2004-02-19,1.2389000000000001,1.2469000000000001,1.2337,1.2367,14795
2004-02-20,1.2366,1.2650000000000001,1.2347,1.2591,15025
2004-02-22,1.2615,1.2673,1.2601,1.2654,1103
2004-02-23,1.2651,1.2674,1.2533,1.2575,14585
2004-02-24,1.2574,1.2605,1.2372,1.2419,14788
2004-02-25,1.2416,1.2629000000000001,1.2389000000000001,1.2591999999999999,14549
2004-02-26,1.2593,1.2718,1.2568,1.2666,16058
2004-02-27,1.2666,1.2764,1.26,1.2625,14534
2004-02-29,1.2628,1.263,1.2570999999999999,1.2591999999999999,880
2004-03-01,1.2591,1.2711999999999999,1.2562,1.2682,13834
2004-03-02,1.2683,1.3022,1.2671999999999999,1.2978,14803
2004-03-03,1.2976,1.308,1.2908,1.297,15824
2004-03-04,1.297,1.3016,1.2892000000000001,1.2933,15096
2004-03-05,1.2934,1.2972000000000001,1.2676,1.2762,15463
2004-03-07,1.2771,1.2781,1.2746,1.2772999999999999,975
2004-03-08,1.2772999999999999,1.2817,1.2716,1.2730000000000001,14358
2004-03-09,1.2729,1.2865,1.266,1.2814999999999999,15632
2004-03-10,1.2816,1.2927,1.2771,1.2894,15160
2004-03-11,1.2893,1.2928,1.2621,1.2677,16088
2004-03-12,1.2675,1.2885,1.2665,1.2836,15863
2004-03-14,1.2804,1.2817,1.279,1.2809,971
2004-03-15,1.2809,1.2833999999999999,1.2698,1.2763,15332
2004-03-16,1.276,1.2824,1.2661,1.2793999999999999,15368
2004-03-17,1.2795,1.2865,1.2732999999999999,1.2753999999999999,15643
2004-03-18,1.2753999999999999,1.2768,1.2522,1.2572999999999999,15968
2004-03-19,1.2577,1.2744,1.2551999999999999,1.2692999999999999,14908
2004-03-21,1.2708,1.2737,1.2698,1.2732999999999999,802
2004-03-22,1.2734,1.2762,1.2536,1.2585,12415
2004-03-23,1.2587,1.2662,1.2516,1.255,12477
2004-03-24,1.2549000000000001,1.2797,1.2543,1.2782,13763
2004-03-25,1.2781,1.2825,1.2724,1.279,13846
2004-03-26,1.2793,1.2898,1.274,1.2836,13290
2004-03-28,1.2849,1.2861,1.282,1.2848,1010
2004-03-29,1.2849,1.2918,1.2814999999999999,1.2842,12193
2004-03-30,1.2841,1.2849,1.2755,1.2812000000000001,13191
2004-03-31,1.2808,1.2825,1.2624,1.2662,13639
2004-04-01,1.2663,1.2717,1.2595,1.2641,12787
2004-04-02,1.2639,1.2937,1.2622,1.2903,12310
2004-04-04,1.2924,1.2934,1.2913999999999999,1.2926,714
2004-04-05,1.2927,1.3084,1.2903,1.3044,12960
2004-04-06,1.3045,1.308,1.2848,1.287,13790
2004-04-07,1.2871000000000001,1.2969,1.2729,1.2777,12946
2004-04-08,1.2777,1.2868,1.2711000000000001,1.2836,12501
2004-04-09,1.2836,1.2845,1.2792,1.2810000000000001,7836
2004-04-11,1.2821,1.2845,1.2804,1.284,641
2004-04-12,1.2841,1.2876,1.2806,1.2831000000000001,11550
2004-04-13,1.2835,1.3056,1.2816,1.3012000000000001,15974
2004-04-14,1.3013,1.3053,1.2965,1.2997,16085
2004-04-15,1.2991,1.3062,1.2887,1.2962,16505
2004-04-16,1.2964,1.3032,1.2877,1.2952,15938
2004-04-18,1.291,1.2918,1.2894,1.291,603
2004-04-19,1.2908,1.2934999999999999,1.2826,1.2918,12651
2004-04-20,1.2917,1.3163,1.2908,1.3154,13256
2004-04-21,1.3155000000000001,1.3195000000000001,1.3039,1.318,13017
2004-04-22,1.3181,1.3183,1.3053,1.3073000000000001,12981
2004-04-23,1.3071,1.3211,1.3067,1.3159,11999
2004-04-25,1.3188,1.3202,1.3176,1.3195000000000001,699
2004-04-26,1.3197999999999999,1.323,1.3042,1.3067,11203
2004-04-27,1.3068,1.3113000000000001,1.2955,1.2977,11940
2004-04-28,1.2979,1.3105,1.2951,1.3079,13632
2004-04-29,1.3082,1.3104,1.2887,1.2928,15544
2004-04-30,1.2924,1.3016,1.2882,1.296,15459
2004-05-02,1.2946,1.2955,1.2932000000000001,1.2953000000000001,1030
2004-05-03,1.2948,1.3035,1.2937,1.3019,14066
2004-05-04,1.3016,1.3024,1.2792,1.2814999999999999,15718
2004-05-05,1.2819,1.282,1.2692999999999999,1.2752,15567
2004-05-06,1.2751000000000001,1.2869,1.2735,1.2861,15392
2004-05-07,1.286,1.3035999999999999,1.2764,1.3018,15440
2004-05-09,1.3019,1.3048,1.3002,1.3041,1149
2004-05-10,1.3041,1.3079,1.2967,1.2974999999999999,15802
2004-05-11,1.2971,1.309,1.2946,1.2951,14649
2004-05-12,1.2953000000000001,1.3014000000000001,1.2876,1.2929,15802
2004-05-13,1.2934,1.3092,1.2893,1.3044,16436
2004-05-14,1.3039,1.3071,1.2931,1.296,15459
2004-05-16,1.2959,1.2973,1.2955,1.2971,970
2004-05-17,1.2967,1.2973,1.2692,1.2747,15911
2004-05-18,1.275,1.2854999999999999,1.2739,1.2839,16331
2004-05-19,1.2838,1.2857,1.2749,1.28,15500
2004-05-20,1.2804,1.2923,1.2772000000000001,1.2868,16107
2004-05-21,1.2869,1.2872,1.2716,1.2837,15592
2004-05-23,1.2818,1.2832,1.2799,1.2818,1110
2004-05-24,1.2822,1.2876,1.2761,1.2798,14773
2004-05-25,1.2801,1.2810000000000001,1.2662,1.2716,15769
2004-05-26,1.2722,1.2746,1.2651,1.2724,15089
2004-05-27,1.2727,1.2741,1.2433,1.2445,15441
2004-05-28,1.2445,1.2557,1.2427,1.2525,14411
2004-05-30,1.2490999999999999,1.2507,1.2486,1.2501,1050
2004-05-31,1.2503,1.2556,1.2492,1.2545,13784
2004-06-01,1.255,1.2575,1.2452,1.2465,15298
2004-06-02,1.2467,1.2518,1.2407,1.2502,14999
2004-06-03,1.2501,1.2541,1.2453,1.2511999999999999,14980
2004-06-04,1.2511999999999999,1.2579,1.2374,1.24,14368
2004-06-06,1.2378,1.2392,1.2339,1.2356,1164
2004-06-07,1.2362,1.2406,1.2344,1.2372,14567
2004-06-08,1.2374,1.2431,1.2317,1.2382,14410
2004-06-09,1.2378,1.2579,1.2373,1.2570999999999999,15967
2004-06-10,1.2568,1.2582,1.2428,1.2469999999999999,15658
2004-06-11,1.2469999999999999,1.2621,1.2457,1.2603,14292
2004-06-13,1.2631000000000001,1.2647,1.2615,1.2617,1159
2004-06-14,1.262,1.2668,1.2538,1.2543,15209
2004-06-15,1.2546,1.263,1.2471,1.2503,15785
2004-06-16,1.2506,1.2709,1.2476,1.2671999999999999,15413
2004-06-17,1.2675,1.2690000000000001,1.2496,1.2544,16089
2004-06-18,1.2548,1.2631999999999999,1.2417,1.2451,15568
2004-06-20,1.2438,1.2457,1.2429999999999999,1.2446,1022
2004-06-21,1.2447,1.2501,1.242,1.2461,14695
2004-06-22,1.2462,1.2546,1.245,1.249,14601
2004-06-23,1.2487,1.2578,1.2429000000000001,1.2543,14805
2004-06-24,1.2542,1.2577,1.2386,1.2443,15548
2004-06-25,1.2443,1.2534,1.2431,1.2472,14684
2004-06-27,1.2471,1.2489,1.2466,1.2477,1038
2004-06-28,1.248,1.2557,1.2433,1.2492,14306
2004-06-29,1.2493,1.2679,1.2487,1.2652999999999999,14803
2004-06-30,1.2652,1.2668,1.248,1.2493,15959
2004-07-01,1.2488,1.2570999999999999,1.2473,1.2486,14771
2004-07-02,1.2488,1.2526,1.2296,1.2337,14264
2004-07-04,1.2284,1.2312,1.2268,1.2301,1123
2004-07-05,1.2299,1.2382,1.2296,1.2339,12982
2004-07-06,1.2343,1.2393,1.2308,1.2358,14081
2004-07-07,1.236,1.2375,1.2253,1.2261,13637
2004-07-08,1.2264,1.2313,1.223,1.2248,13454
2004-07-09,1.2248,1.2297,1.2215,1.2239,13439
2004-07-11,1.2233,1.2244,1.222,1.2226,943
2004-07-12,1.2229,1.2277,1.2205,1.2273,13033
2004-07-13,1.2275,1.2393,1.2266,1.2365,13859
2004-07-14,1.2366,1.2377,1.2253,1.2295,13393
2004-07-15,1.229,1.2409,1.2288000000000001,1.2373,13584
2004-07-16,1.2368000000000001,1.2397,1.2231,1.2256,13214
2004-07-18,1.2251,1.2264,1.2237,1.2252,934
2004-07-19,1.2246,1.2317,1.2236,1.2304,12899
2004-07-20,1.2299,1.2474,1.2264,1.2447,13946
2004-07-21,1.2452,1.2584,1.2411,1.25,14552
2004-07-22,1.2504,1.254,1.2436,1.2484,14027
2004-07-23,1.2488,1.2689,1.2476,1.268,13425
2004-07-25,1.2666,1.2677,1.2655,1.2669000000000001,1024
2004-07-26,1.2666,1.2684,1.2588,1.2661,13879
2004-07-27,1.2655,1.2779,1.2598,1.2756,14287
2004-07-28,1.2758,1.2801,1.2717,1.2759,14399
2004-07-29,1.2762,1.2847,1.271,1.2812000000000001,14916
2004-07-30,1.2816,1.2836,1.2690000000000001,1.2823,14445
2004-08-01,1.2738,1.2785,1.2732,1.2753,1069
2004-08-02,1.275,1.2812000000000001,1.2688,1.2798,13735
2004-08-03,1.2805,1.2833999999999999,1.2755,1.2789,14084
2004-08-04,1.2788,1.2862,1.2730000000000001,1.2756,14168
2004-08-05,1.2751000000000001,1.2802,1.2730000000000001,1.2751000000000001,13402
2004-08-06,1.2756,1.2778,1.2493,1.2511999999999999,14651
2004-08-08,1.2501,1.2534,1.2497,1.2521,1199
2004-08-09,1.252,1.2578,1.25,1.2549000000000001,14212
2004-08-10,1.2548,1.2638,1.2490999999999999,1.262,13574
2004-08-11,1.2617,1.2650000000000001,1.2587,1.2603,13485
2004-08-12,1.2605,1.2617,1.2508,1.2576,14446
2004-08-13,1.2575,1.2631999999999999,1.2375,1.2388,14582
2004-08-15,1.2384,1.2393,1.2372,1.2392,925
2004-08-16,1.2388,1.2459,1.238,1.2415,12751
2004-08-17,1.2413,1.2481,1.2377,1.2441,13103
2004-08-18,1.2438,1.2515,1.242,1.2447,13017
2004-08-19,1.2445,1.2466,1.24,1.2431,13348
2004-08-20,1.2429999999999999,1.2539,1.2402,1.2513,13384
2004-08-22,1.2514,1.2529,1.2502,1.2521,883
2004-08-23,1.2517,1.2716,1.2509000000000001,1.2684,13300
2004-08-24,1.2685,1.2756,1.2663,1.2732999999999999,14444
2004-08-25,1.2732999999999999,1.2771,1.2696,1.2738,13921
2004-08-26,1.274,1.2784,1.2709,1.2721,13381
2004-08-27,1.272,1.2852999999999999,1.2692999999999999,1.2843,13756
2004-08-29,1.2828,1.2829,1.2814999999999999,1.2823,451
2004-08-30,1.2826,1.2852999999999999,1.2758,1.2801,9964
2004-08-31,1.2798,1.2802,1.2629000000000001,1.2664,11014
2004-09-01,1.2667,1.2678,1.2557,1.2598,11744
2004-09-02,1.26,1.2655,1.258,1.2615,13549
2004-09-03,1.2612999999999999,1.2727,1.2575,1.2713,12612
2004-09-05,1.2703,1.2711000000000001,1.2695,1.2697,409
2004-09-06,1.2699,1.2723,1.2687,1.2705,9006
2004-09-07,1.2705,1.2728,1.2658,1.2694,10471
2004-09-08,1.2694,1.2792,1.2588,1.2605,10936
2004-09-09,1.2605,1.2666,1.2567,1.2579,11277
2004-09-10,1.258,1.2633,1.252,1.2587,11471
2004-09-12,1.2577,1.2577,1.2548,1.256,560
2004-09-13,1.2558,1.2622,1.2555,1.2582,9905
2004-09-14,1.2583,1.2645,1.2546,1.2588,10944
2004-09-15,1.2588,1.272,1.2566,1.2702,10298
2004-09-16,1.2703,1.2751000000000001,1.2651,1.2689,10286
2004-09-17,1.2689,1.2729,1.2659,1.2679,9591
2004-09-19,1.2694,1.2716,1.2692999999999999,1.271,457
2004-09-20,1.2711000000000001,1.278,1.2699,1.2721,9657
2004-09-21,1.272,1.2741,1.2523,1.254,9853
2004-09-22,1.2543,1.2656,1.2536,1.2591999999999999,10480
2004-09-23,1.2593,1.2629000000000001,1.254,1.2604,10846
2004-09-24,1.26,1.2655,1.251,1.2602,10462
2004-09-26,1.2605,1.2619,1.2597,1.2614,487
2004-09-27,1.2610999999999999,1.2651,1.258,1.2601,9644
2004-09-28,1.2601,1.2631999999999999,1.2557,1.2603,10122
2004-09-29,1.2601,1.2643,1.2570000000000001,1.2593,9994
2004-09-30,1.2596,1.2618,1.2445,1.246,10663
2004-10-01,1.246,1.2523,1.2455,1.2494,9902
2004-10-03,1.2511999999999999,1.2515,1.2498,1.2513,454
2004-10-04,1.2511999999999999,1.2682,1.2511,1.2651,9850
2004-10-05,1.2652,1.2668,1.2599,1.2616,9699
2004-10-06,1.2612999999999999,1.2686,1.2610000000000001,1.2654,9605
2004-10-07,1.2646,1.2662,1.2612,1.2626,10363
2004-10-08,1.2627,1.2647,1.2468,1.2503,9993
2004-10-10,1.2493,1.2503,1.2481,1.2498,480
2004-10-11,1.2499,1.2534,1.2486,1.2518,8205
2004-10-12,1.2517,1.2608,1.2503,1.2570999999999999,9517
2004-10-13,1.2570000000000001,1.2664,1.2502,1.2528000000000001,9532
2004-10-14,1.2527,1.2549000000000001,1.2428,1.2444,9307
2004-10-15,1.2446,1.2458,1.2314,1.2327,10044
2004-10-17,1.2328999999999999,1.2333,1.2321,1.2325,553
2004-10-18,1.2326,1.2355,1.2267000000000001,1.2328999999999999,9126
2004-10-19,1.2328999999999999,1.2368000000000001,1.228,1.2297,9593
2004-10-20,1.2296,1.2315,1.2168,1.2217,10229
2004-10-21,1.2216,1.223,1.2146,1.2182,10426
2004-10-22,1.2187000000000001,1.2213,1.2093,1.2097,10147
2004-10-24,1.2064,1.2083,1.2042,1.2048,718
2004-10-25,1.2048,1.2053,1.1937,1.1976,11387
2004-10-26,1.1975,1.2051,1.1924,1.2025000000000001,10713
2004-10-27,1.2026,1.2094,1.1955,1.2082,10586
2004-10-28,1.2083,1.2142,1.1961,1.2004,10805
2004-10-29,1.2004,1.2038,1.1936,1.1945999999999999,10489
2004-10-31,1.1927,1.194,1.1908,1.1938,806
2004-11-01,1.1938,1.2052,1.192,1.2026,9993
2004-11-02,1.2027,1.2119,1.2006999999999999,1.2048,10029
2004-11-03,1.2046999999999999,1.2127,1.1925,1.1932,11339
2004-11-04,1.1932,1.1967,1.1836,1.1869,10314
2004-11-05,1.1868,1.2006999999999999,1.1762,1.1767,10445
2004-11-07,1.1768,1.1799,1.1764000000000001,1.1794,655
2004-11-08,1.1793,1.1843,1.1756,1.1829,9189
2004-11-09,1.1828,1.1861,1.1796,1.1842,9393
2004-11-10,1.1843,1.1864,1.1696,1.1827,10230
2004-11-11,1.1825,1.1837,1.176,1.1782,9104
2004-11-12,1.1779,1.1821,1.1692,1.171,9650
2004-11-14,1.1721,1.1726,1.1696,1.1724,924
2004-11-15,1.1727,1.1821,1.1705,1.1806,9505
2004-11-16,1.1807,1.1815,1.1721,1.1766,9617
2004-11-17,1.1769,1.1771,1.1605,1.1629,9929
2004-11-18,1.1625,1.1739,1.1598,1.1717,9846
2004-11-19,1.1717,1.172,1.1577,1.1611,9180
2004-11-21,1.1602000000000001,1.1634,1.1599,1.1613,646
2004-11-22,1.161,1.1669,1.1597,1.1665,8404
2004-11-23,1.1666,1.1699,1.1561,1.1575,9622
2004-11-24,1.1576,1.1587,1.1445,1.1464,8843
2004-11-25,1.1461999999999999,1.1468,1.1376,1.1395,8751
2004-11-26,1.1395,1.1495,1.1334,1.1393,9874
2004-11-28,1.1406,1.1421999999999999,1.1397,1.1417,688
2004-11-29,1.1416,1.1476,1.1384,1.1437,9632
2004-11-30,1.1437,1.1461999999999999,1.1324,1.138,10074
2004-12-01,1.1379,1.1455,1.1351,1.1388,9742
2004-12-02,1.1387,1.1559,1.1364,1.1518,9593
2004-12-03,1.1519,1.1534,1.13,1.1306,9514
2004-12-05,1.1317,1.1328,1.1306,1.1319,635
2004-12-06,1.1320999999999999,1.1431,1.131,1.1407,9013
2004-12-07,1.1404,1.142,1.1337,1.1408,8548
2004-12-08,1.1411,1.1638,1.1406,1.148,10608
2004-12-09,1.148,1.1569,1.147,1.1533,10036
2004-12-10,1.1532,1.1686,1.1525,1.1611,9943
2004-12-12,1.1632,1.1635,1.1586,1.159,673
2004-12-13,1.159,1.16,1.1518,1.1535,9155
2004-12-14,1.1535,1.1592,1.1515,1.1552,9018
2004-12-15,1.1549,1.158,1.1385,1.1419,9790
2004-12-16,1.1418,1.1623,1.1392,1.1578,10206
2004-12-17,1.1577,1.1623,1.1518,1.1562999999999999,9415
2004-12-19,1.1544,1.1577,1.1543,1.1568,700
2004-12-20,1.157,1.1577,1.1457,1.1491,9010
2004-12-21,1.1491,1.1552,1.1477,1.1549,9042
2004-12-22,1.155,1.1562000000000001,1.1499,1.1525,9082
2004-12-23,1.1525,1.1531,1.1427,1.1442,9616
2004-12-24,1.1442,1.1458,1.1401,1.1431,7671
2004-12-26,1.1432,1.1443,1.1429,1.1434,432
2004-12-27,1.1436,1.1455,1.1327,1.1358,8601
2004-12-28,1.1358,1.1381000000000001,1.1315,1.1365,9458
2004-12-29,1.1365,1.1391,1.1308,1.135,9601
2004-12-30,1.1351,1.1388,1.1285,1.1335,9551
2004-12-31,1.1336,1.144,1.1288,1.1402,9622
2005-01-02,1.1394,1.1413,1.1376,1.1409,593
2005-01-03,1.1406,1.1557,1.1369,1.1481,10597
2005-01-04,1.1481,1.1714,1.1443,1.1676,10546
2005-01-05,1.1678,1.1761,1.1646,1.1684,11079
2005-01-06,1.1685,1.1781,1.1667,1.1747,10265
2005-01-07,1.1745,1.1893,1.1673,1.185,10504
2005-01-09,1.1851,1.1857,1.1836,1.1846,695
2005-01-10,1.1844999999999999,1.1851,1.177,1.1785,9897
2005-01-11,1.1785,1.1842,1.1731,1.1831,10021
2005-01-12,1.1831,1.1843,1.1627,1.1671,9616
2005-01-13,1.1672,1.1747,1.1666,1.1724,9514
2005-01-14,1.1724,1.1873,1.1723,1.18,10631
2005-01-16,1.1803,1.1828,1.1799,1.1816,646
2005-01-17,1.1815,1.1875,1.1772,1.1874,8692
2005-01-18,1.1873,1.1908,1.1804000000000001,1.1858,10105
2005-01-19,1.1858,1.1902,1.1748,1.1848,10155
2005-01-20,1.1848,1.1927,1.1832,1.1917,10470
2005-01-21,1.1917,1.1971,1.1836,1.1851,10115
2005-01-23,1.1856,1.1868,1.185,1.1855,895
2005-01-24,1.1855,1.1873,1.1786,1.1854,9733
2005-01-25,1.1854,1.1975,1.1806,1.1921,10002
2005-01-26,1.1923,1.1943,1.1802,1.1832,9921
2005-01-27,1.1832,1.1886,1.1779,1.1848,9980
2005-01-28,1.1853,1.1925,1.182,1.1853,9649
2005-01-30,1.1903,1.1905999999999999,1.1879,1.1883,680
2005-01-31,1.1882,1.1945999999999999,1.1854,1.1878,9322
2005-02-01,1.1877,1.1959,1.1873,1.19,9421
2005-02-02,1.19,1.1964,1.1855,1.1945999999999999,9672
2005-02-03,1.1944,1.2054,1.1932,1.2027,9698
2005-02-04,1.2028,1.2122,1.195,1.2116,9979
2005-02-06,1.2127,1.2143,1.2116,1.2137,711
2005-02-07,1.2139,1.2264,1.2113,1.2236,9796
2005-02-08,1.2235,1.2254,1.2182,1.2218,9687
2005-02-09,1.2219,1.2238,1.2151,1.2161,9553
2005-02-10,1.2163,1.2245,1.2036,1.208,10180
2005-02-11,1.2078,1.2124,1.206,1.2107999999999999,9067
2005-02-13,1.2086000000000001,1.2098,1.207,1.2073,763
2005-02-14,1.2073,1.2075,1.196,1.1985999999999999,9515
2005-02-15,1.1985999999999999,1.2003,1.1877,1.1902,9857
2005-02-16,1.1902,1.1948,1.1833,1.1868,10303
2005-02-17,1.1868,1.1898,1.1804999999999999,1.1844000000000001,9517
2005-02-18,1.1844999999999999,1.1899,1.1819,1.1832,8526
2005-02-20,1.1844000000000001,1.1844999999999999,1.1824,1.183,549
2005-02-21,1.1832,1.1865,1.1804999999999999,1.1832,7843
2005-02-22,1.1831,1.1843,1.1569,1.1602000000000001,10432
2005-02-23,1.1602999999999999,1.1671,1.1576,1.163,9694
2005-02-24,1.1631,1.1722,1.1592,1.1679,9883
2005-02-25,1.1679,1.1743999999999999,1.1611,1.1623999999999999,9641
2005-02-27,1.1626,1.1636,1.1589,1.1595,769
2005-02-28,1.1594,1.1652,1.1578,1.1635,9302
2005-03-01,1.1635,1.1689,1.1604,1.1683,9608
2005-03-02,1.1684,1.1779,1.1663000000000001,1.1743000000000001,9627
2005-03-03,1.1743999999999999,1.1828,1.1732,1.1804999999999999,9089
2005-03-04,1.1806,1.1824,1.1662,1.1696,9142
2005-03-06,1.1695,1.1701,1.1682,1.1688,612
2005-03-07,1.169,1.1782,1.1686,1.1753,8743
2005-03-08,1.1755,1.1758,1.1583,1.162,9088
2005-03-09,1.1621,1.1649,1.1552,1.1591,9671
2005-03-10,1.159,1.16,1.1514,1.1534,9993
2005-03-11,1.1536,1.1572,1.1488,1.1502,9168
2005-03-13,1.1498,1.1503,1.1482999999999999,1.1499,634
2005-03-14,1.15,1.1641,1.1497,1.1605,9473
2005-03-15,1.1602999999999999,1.1675,1.156,1.1646,9386
2005-03-16,1.1648,1.1669,1.1502,1.1536,9730
2005-03-17,1.1536,1.16,1.1522999999999999,1.1568,9347
2005-03-18,1.1569,1.1691,1.1565,1.1638,9025
2005-03-20,1.1648,1.1656,1.1641,1.1652,513
2005-03-21,1.1652,1.181,1.1649,1.1788,9395
2005-03-22,1.1788,1.1923,1.1743000000000001,1.189,9858
2005-03-23,1.1889,1.1994,1.1876,1.1979,10134
2005-03-24,1.1978,1.2032,1.1917,1.2022,9456
2005-03-25,1.2021,1.2027,1.1982,1.1997,6786
2005-03-27,1.1995,1.2012,1.1979,1.1998,351
2005-03-28,1.1997,1.2086999999999999,1.1995,1.2048,9729
2005-03-29,1.205,1.2053,1.1976,1.2004,9798
2005-03-30,1.2006000000000001,1.2021,1.1924,1.1993,9789
2005-03-31,1.1993,1.1998,1.1891,1.1964,9754
2005-04-01,1.1965,1.208,1.188,1.2031,9919
2005-04-03,1.2052,1.2059,1.2044,1.2053,487
2005-04-04,1.2053,1.213,1.2028,1.2093,9100
2005-04-05,1.2093,1.2147999999999999,1.2039,1.2076,9434
2005-04-06,1.2076,1.2086999999999999,1.2009,1.2055,9444
2005-04-07,1.2054,1.2089,1.1974,1.2085,9893
2005-04-08,1.2088,1.2118,1.1966,1.1985999999999999,9364
2005-04-10,1.1971,1.1993,1.1968,1.198,622
2005-04-11,1.198,1.2001,1.1897,1.1932,9347
2005-04-12,1.1932,1.2048,1.1899,1.2008,9855
2005-04-13,1.2006999999999999,1.2077,1.1945999999999999,1.2006999999999999,9818
2005-04-14,1.2006000000000001,1.2198,1.1997,1.2135,10235
2005-04-15,1.2135,1.217,1.1988,1.2004,10082
2005-04-17,1.2004,1.2012,1.1996,1.2005,543
2005-04-18,1.2002,1.2045,1.1846,1.1886,10596
2005-04-19,1.1888,1.191,1.1792,1.1808,11687
2005-04-20,1.1808,1.1894,1.1746,1.1757,11989
2005-04-21,1.176,1.1859,1.1739,1.1838,12129
2005-04-22,1.1838,1.1858,1.1779,1.1807,10531
2005-04-24,1.1815,1.1838,1.1807,1.1831,850
2005-04-25,1.1833,1.1923,1.1824,1.1885,11521
2005-04-26,1.1885,1.1916,1.1855,1.1879,11137
2005-04-27,1.188,1.1967,1.1855,1.1922,11675
2005-04-28,1.1923,1.1958,1.1886,1.1916,11314
2005-04-29,1.192,1.1981,1.1838,1.1953,11106
2005-05-01,1.1963,1.198,1.1955,1.1977,624
2005-05-02,1.1974,1.2015,1.1956,1.1981,10286
2005-05-03,1.1979,1.202,1.1944,1.1981,10985
2005-05-04,1.1981,1.1988,1.188,1.1919,11733
2005-05-05,1.1919,1.198,1.189,1.1941,11344
2005-05-06,1.1941,1.2089,1.1935,1.2072,10790
2005-05-08,1.2075,1.208,1.2066,1.2076,650
2005-05-09,1.2075,1.2098,1.2023,1.2056,11464
2005-05-10,1.2056,1.2073,1.1992,1.2015,11205
2005-05-11,1.2011,1.2102,1.196,1.2062,11965
2005-05-12,1.2065,1.2187000000000001,1.2057,1.2168,12324
2005-05-13,1.2166,1.2263,1.2156,1.2256,10821
2005-05-15,1.2248999999999999,1.2288999999999999,1.2246,1.2274,843
2005-05-16,1.227,1.2293,1.2209,1.2234,11472
2005-05-17,1.2232,1.2273,1.2193,1.2267000000000001,11671
2005-05-18,1.2266,1.2273,1.2162,1.2185,11822
2005-05-19,1.2182,1.2262,1.2147999999999999,1.2227999999999999,11389
2005-05-20,1.2229,1.2363,1.2207,1.2328999999999999,10995
2005-05-22,1.2349999999999999,1.2353,1.2338,1.2343,675
2005-05-23,1.2342,1.2349999999999999,1.2282,1.2312,10896
2005-05-24,1.2314,1.2331,1.2243,1.2312,11203
2005-05-25,1.2312,1.2319,1.2247,1.227,11013
2005-05-26,1.2268,1.2384,1.2258,1.236,11781
2005-05-27,1.2358,1.237,1.2292,1.2311,9603
2005-05-29,1.2323,1.2352,1.2323,1.2348,827
2005-05-30,1.2348,1.2398,1.2317,1.2378,10266
2005-05-31,1.2379,1.2498,1.2377,1.2484,12286
2005-06-01,1.2483,1.26,1.245,1.2561,12605
2005-06-02,1.256,1.2581,1.2473,1.2513,12240
2005-06-03,1.2514,1.2565,1.245,1.2529,11986
2005-06-05,1.2535,1.2543,1.2528000000000001,1.2538,798
2005-06-06,1.2537,1.2539,1.2464,1.2494,11107
2005-06-07,1.2493,1.2518,1.2428,1.2458,11529
2005-06-08,1.246,1.258,1.2411,1.2536,13757
2005-06-09,1.2537,1.2598,1.251,1.2544,12887
2005-06-10,1.2539,1.2704,1.2521,1.2692999999999999,12639
2005-06-12,1.2692999999999999,1.2699,1.2679,1.2692,829
2005-06-13,1.2691,1.2789,1.2681,1.2718,14315
2005-06-14,1.2718,1.2793999999999999,1.267,1.2774,13690
2005-06-15,1.2772999999999999,1.2793999999999999,1.2687,1.2711999999999999,13673
2005-06-16,1.2711000000000001,1.2774,1.2656,1.2719,13541
2005-06-17,1.2719,1.2739,1.2566,1.2581,13278
2005-06-19,1.2658,1.2665,1.2636,1.264,969
2005-06-20,1.2639,1.2741,1.2612999999999999,1.2717,12239
2005-06-21,1.2716,1.2787,1.2631999999999999,1.2649,14307
2005-06-22,1.2650000000000001,1.275,1.2621,1.2711999999999999,13578
2005-06-23,1.2713999999999999,1.2816,1.2692999999999999,1.2809,13547
2005-06-24,1.2807,1.2849,1.2730000000000001,1.2747,12069
2005-06-26,1.2737,1.2741,1.2691,1.2704,900
2005-06-27,1.2705,1.2722,1.2658,1.2683,12773
2005-06-28,1.2679,1.2822,1.2667,1.2798,13109
2005-06-29,1.2797,1.288,1.2771,1.2807,13839
2005-06-30,1.2808,1.2864,1.2781,1.2827,14194
2005-07-01,1.283,1.2982,1.2814,1.2976,12561
2005-07-03,1.298,1.3,1.2974,1.2981,883
2005-07-04,1.2981,1.3046,1.2963,1.3037,10919
2005-07-05,1.3033000000000001,1.3075999999999999,1.2995,1.3024,13307
2005-07-06,1.3027,1.3072,1.2998,1.3024,12905
2005-07-07,1.3025,1.3053,1.284,1.2993000000000001,14810
2005-07-08,1.2991,1.3078,1.296,1.2993000000000001,13135
2005-07-10,1.2995,1.3007,1.2987,1.3,819
2005-07-11,1.3,1.3009,1.2856,1.2887,13357
2005-07-12,1.2887,1.2894,1.2701,1.2732,14984
2005-07-13,1.2735,1.2928,1.2731,1.2906,14170
2005-07-14,1.2908,1.2933,1.2854999999999999,1.2889,14157
2005-07-15,1.2889,1.2979,1.2851,1.2953000000000001,12611
2005-07-17,1.2977,1.2981,1.2955999999999999,1.2958,569
2005-07-18,1.2958,1.2963,1.2905,1.2934,12293
2005-07-19,1.2933,1.3083,1.2928,1.3004,13187
2005-07-20,1.3003,1.3034,1.2808,1.2857,14324
2005-07-21,1.2858,1.2907,1.2749,1.2857,15446
2005-07-22,1.2857,1.2993000000000001,1.282,1.2961,13960
2005-07-24,1.2981,1.2993999999999999,1.2966,1.2967,874
2005-07-25,1.2969,1.2998,1.2932000000000001,1.2967,11970
2005-07-26,1.297,1.3032,1.2941,1.2993000000000001,13112
2005-07-27,1.2992,1.3062,1.2932000000000001,1.2958,13514
2005-07-28,1.2953999999999999,1.3001,1.2837,1.2856,11830
2005-07-29,1.2858,1.2924,1.2821,1.2881,13253
2005-07-31,1.2886,1.2898,1.2878,1.289,688
2005-08-01,1.2889,1.2894,1.2716,1.2779,13628
2005-08-02,1.2778,1.279,1.2698,1.2770000000000001,14521
2005-08-03,1.2769,1.2818,1.2599,1.2624,13188
2005-08-04,1.2622,1.2663,1.2562,1.2575,12333
2005-08-05,1.2576,1.268,1.2562,1.2615,13487
2005-08-07,1.2646,1.2658,1.2639,1.2652999999999999,815
2005-08-08,1.2652,1.2678,1.2583,1.2588,12659
2005-08-09,1.2588,1.2633,1.2543,1.2601,13096
2005-08-10,1.2602,1.2623,1.2517,1.2567,13130
2005-08-11,1.2567,1.2577,1.2449,1.2464,14354
2005-08-12,1.2463,1.2543,1.2431,1.2475,12268
2005-08-14,1.2461,1.2464,1.2451,1.2456,709
2005-08-15,1.2456,1.2569,1.2455,1.2564,11985
2005-08-16,1.2564,1.263,1.2534,1.2564,13389
2005-08-17,1.2562,1.2641,1.255,1.2626,12987
2005-08-18,1.2625,1.2742,1.2585,1.2707,11751
2005-08-19,1.2709,1.2774,1.2694,1.2756,11117
2005-08-21,1.2738,1.2757,1.2731,1.2747,835
2005-08-22,1.2746,1.2755,1.2673,1.2698,12174
2005-08-23,1.2697,1.2745,1.2681,1.271,12165
2005-08-24,1.2708,1.279,1.2638,1.2658,12215
2005-08-25,1.2654,1.2659,1.2537,1.2584,12725
2005-08-26,1.2583,1.2603,1.2519,1.259,11553
2005-08-28,1.2589000000000001,1.2591,1.2509000000000001,1.2515,906
2005-08-29,1.2515,1.2690000000000001,1.2503,1.2673,11755
2005-08-30,1.2674,1.2747,1.2661,1.2694,12006
2005-08-31,1.2692,1.2707,1.2522,1.2533,12870
2005-09-01,1.2532,1.2562,1.2314,1.2361,12603
2005-09-02,1.236,1.2372,1.2248,1.2297,11570
2005-09-04,1.2293,1.2296,1.2281,1.2288999999999999,652
2005-09-05,1.2288000000000001,1.2349999999999999,1.2238,1.2342,11587
2005-09-06,1.2343,1.2407,1.232,1.2393,11523
2005-09-07,1.2393,1.2446,1.2308,1.2427,12036
2005-09-08,1.2426,1.2466,1.2385,1.2438,11628
2005-09-09,1.2436,1.2474,1.2387,1.2436,11202
2005-09-11,1.2437,1.2444,1.2429000000000001,1.2431,680
2005-09-12,1.2431,1.2597,1.2425,1.2562,11807
2005-09-13,1.2563,1.2642,1.2545,1.2588,12270
2005-09-14,1.2591999999999999,1.2616,1.2530999999999999,1.2587,12437
2005-09-15,1.2588,1.2697,1.2585,1.267,12398
2005-09-16,1.2669000000000001,1.2728,1.2597,1.2696,11115
2005-09-18,1.2752,1.2772999999999999,1.2739,1.2751000000000001,1124
2005-09-19,1.2753,1.2812999999999999,1.2730000000000001,1.2782,11293
2005-09-20,1.2781,1.2828,1.2743,1.2819,12143
2005-09-21,1.2821,1.2826,1.2655,1.2669000000000001,11891
2005-09-22,1.2669000000000001,1.2812999999999999,1.266,1.2791000000000001,11278
2005-09-23,1.2792,1.2929,1.2778,1.2924,10114
2005-09-25,1.2934999999999999,1.2951,1.2926,1.2934,739
2005-09-26,1.2934,1.2965,1.288,1.2897,10624
2005-09-27,1.2896,1.3002,1.2888,1.2955,11335
2005-09-28,1.2957,1.2985,1.2889,1.2901,12147
2005-09-29,1.2901,1.2981,1.2881,1.2952,11827
2005-09-30,1.2952,1.2981,1.2852999999999999,1.293,11406
2005-10-02,1.2933,1.2942,1.2927,1.2928,577
2005-10-03,1.293,1.3045,1.2923,1.3021,12257
2005-10-04,1.3024,1.3042,1.2987,1.3018,11712
2005-10-05,1.3017,1.3024,1.2879,1.2885,12342
2005-10-06,1.2887,1.289,1.2671000000000001,1.2730000000000001,13361
2005-10-07,1.2732,1.2832,1.2715,1.2786,11003
2005-10-09,1.2793999999999999,1.2809,1.2769,1.2778,795
2005-10-10,1.2778,1.2873999999999999,1.275,1.2847,8737
2005-10-11,1.2846,1.2933,1.2845,1.2922,8714
2005-10-12,1.2921,1.2952,1.2842,1.2875,8688
2005-10-13,1.2873999999999999,1.3021,1.2862,1.2904,10180
2005-10-14,1.2903,1.2948,1.2779,1.2845,10293
2005-10-16,1.284,1.2861,1.2835,1.2854999999999999,914
2005-10-17,1.2852000000000001,1.2964,1.2793999999999999,1.2951,12052
2005-10-18,1.2953000000000001,1.3064,1.2934999999999999,1.3018,10405
2005-10-19,1.302,1.3077,1.293,1.2958,10373
2005-10-20,1.2957,1.2989,1.2852000000000001,1.2854,9788
2005-10-21,1.2854999999999999,1.2963,1.2802,1.2924,9827
2005-10-23,1.2926,1.2939,1.292,1.2933,479
2005-10-24,1.2933,1.2953999999999999,1.2833,1.2898,8854
2005-10-25,1.2898,1.2942,1.2744,1.2766,10449
2005-10-26,1.2765,1.2852999999999999,1.2729,1.2843,9855
2005-10-27,1.2842,1.2847,1.2697,1.2729,10546
2005-10-28,1.2730000000000001,1.2829,1.2692999999999999,1.2810000000000001,9372
2005-10-30,1.2808,1.2831000000000001,1.2806,1.2808,731
2005-10-31,1.2807,1.2931,1.2781,1.2904,9214
2005-11-01,1.2903,1.2925,1.2859,1.2884,9317
2005-11-02,1.2885,1.2892000000000001,1.276,1.2788,9278
2005-11-03,1.2787,1.2938,1.2776,1.2929,9396
2005-11-04,1.293,1.3087,1.2864,1.3081,9584
2005-11-06,1.3096,1.3099,1.3079,1.3086,687
2005-11-07,1.3087,1.3127,1.3035,1.3115999999999999,9871
2005-11-08,1.3115999999999999,1.3176999999999999,1.3085,1.3114,9843
2005-11-09,1.3113000000000001,1.3168,1.3084,1.311,9446
2005-11-10,1.3109,1.3167,1.3044,1.3152,9610
2005-11-11,1.3149,1.3161,1.3102,1.3108,8159
2005-11-13,1.3125,1.3134000000000001,1.3094999999999999,1.312,766
2005-11-14,1.3121,1.3214000000000001,1.3062,1.3172,9336
2005-11-15,1.3173,1.3244,1.3152,1.3172,9631
2005-11-16,1.3172,1.3287,1.3162,1.3245,9291
2005-11-17,1.3247,1.3286,1.3154,1.3176999999999999,9919
2005-11-18,1.3178,1.3276,1.313,1.3136999999999999,10021
2005-11-20,1.314,1.3164,1.3136,1.3151,773
2005-11-21,1.3151,1.3207,1.3079,1.319,9701
2005-11-22,1.3188,1.3245,1.3094000000000001,1.3133,10086
2005-11-23,1.3135,1.3171,1.3062,1.3111,9844
2005-11-24,1.3112,1.3183,1.3109,1.3175,8474
2005-11-25,1.3175,1.3212,1.3134000000000001,1.32,8292
2005-11-27,1.3204,1.3223,1.3188,1.322,725
2005-11-28,1.322,1.3239,1.2993000000000001,1.3047,9914
2005-11-29,1.3046,1.3193,1.3043,1.3141,9978
2005-11-30,1.314,1.318,1.3115,1.3147,9370
2005-12-01,1.3147,1.3223,1.3125,1.3179,9521
2005-12-02,1.318,1.3234,1.3143,1.317,9077
2005-12-04,1.3189,1.3201,1.3172,1.3181,703
2005-12-05,1.3181,1.3213,1.3035,1.3069,9380
2005-12-06,1.307,1.3111,1.3035999999999999,1.3064,9000
2005-12-07,1.3063,1.3161,1.3061,1.3129,8755
2005-12-08,1.313,1.3158,1.2967,1.3025,9453
2005-12-09,1.3024,1.3071,1.3004,1.3032,8848
2005-12-11,1.3054999999999999,1.306,1.3027,1.3038,648
2005-12-12,1.3037,1.3041,1.2859,1.2891,9916
2005-12-13,1.2891,1.2968,1.2865,1.2919,9664
2005-12-14,1.2919,1.2921,1.2772999999999999,1.2828,10258
2005-12-15,1.283,1.2922,1.2793,1.2913000000000001,9977
2005-12-16,1.2913999999999999,1.2932000000000001,1.2837,1.2881,9750
2005-12-18,1.2888,1.29,1.2875,1.2893,644
2005-12-19,1.2893,1.2955,1.2882,1.2924,9252
2005-12-20,1.2924,1.3119,1.291,1.3071,10052
2005-12-21,1.3071,1.3171,1.3032,1.3128,9894
2005-12-22,1.3128,1.3173,1.3075,1.3115999999999999,9239
2005-12-23,1.3114,1.3162,1.3092,1.3122,8630
2005-12-25,1.3131,1.3135,1.3121,1.3121,203
2005-12-26,1.3123,1.3163,1.3111,1.3148,5776
2005-12-27,1.315,1.3181,1.3105,1.3147,8556
2005-12-28,1.3147,1.3195000000000001,1.3051,1.3147,9677
2005-12-29,1.3148,1.3183,1.3115,1.3139,9220
2005-12-30,1.3141,1.3203,1.3093,1.3157,10011
2006-01-01,1.3139,1.315,1.3139,1.3143,51
2006-01-02,1.315,1.3164,1.3106,1.3127,6588
2006-01-03,1.3127,1.3136,1.2865,1.2881,11162
2006-01-04,1.288,1.2902,1.2734,1.2769,10788
2006-01-05,1.2769,1.2831000000000001,1.2746,1.2765,9899
2006-01-06,1.2764,1.2793999999999999,1.2674,1.2709,9445
2006-01-08,1.2706,1.2728,1.27,1.2705,783
2006-01-09,1.2705,1.2802,1.2689,1.2779,9197
2006-01-10,1.2779,1.2833999999999999,1.2748,1.2814,9559
2006-01-11,1.2812999999999999,1.2846,1.2717,1.2742,9636
2006-01-12,1.2741,1.2893,1.2722,1.2861,9879
2006-01-13,1.2861,1.2872,1.2756,1.2764,9030
2006-01-15,1.2749,1.2751000000000001,1.2728,1.274,832
2006-01-16,1.274,1.2841,1.2734,1.2837,8273
2006-01-17,1.2837,1.2863,1.2761,1.2817,9263
2006-01-18,1.2816,1.2844,1.2726,1.2822,10079
2006-01-19,1.2823,1.2892000000000001,1.2803,1.285,9541
2006-01-20,1.2851,1.2892000000000001,1.2756,1.276,9368
2006-01-22,1.2753999999999999,1.2757,1.2641,1.268,960
2006-01-23,1.2682,1.2698,1.2556,1.2585,10148
2006-01-24,1.2586,1.2644,1.2570999999999999,1.2622,9207
2006-01-25,1.2623,1.2656,1.2572999999999999,1.2644,9275
2006-01-26,1.2642,1.2716,1.2626,1.2702,8939
2006-01-27,1.2704,1.2854,1.2681,1.2843,9566
2006-01-29,1.2822,1.2845,1.2817,1.2823,730
2006-01-30,1.2824,1.2901,1.2816,1.2869,8958
2006-01-31,1.2868,1.2873999999999999,1.2739,1.2795,9379
2006-02-01,1.2795,1.2919,1.2772000000000001,1.2875,9159
2006-02-02,1.2876,1.2923,1.2835,1.2852000000000001,9425
2006-02-03,1.2852000000000001,1.2997,1.284,1.2947,8897
2006-02-05,1.2934,1.2942,1.2912,1.2921,691
2006-02-06,1.2919,1.3042,1.2917,1.3012000000000001,9035
2006-02-07,1.3013,1.303,1.2948,1.2978,8986
2006-02-08,1.2977,1.3041,1.2955,1.2965,8820
2006-02-09,1.2964,1.3035999999999999,1.2947,1.3011,9160
2006-02-10,1.301,1.3087,1.2924,1.3072,9415
2006-02-12,1.3075999999999999,1.309,1.3066,1.3079,688
2006-02-13,1.308,1.3108,1.3051,1.3083,8692
2006-02-14,1.3082,1.314,1.3049,1.3077,8642
2006-02-15,1.3074,1.3123,1.3029,1.3111,9132
2006-02-16,1.3109,1.3157,1.3086,1.3099,8985
2006-02-17,1.31,1.3178,1.3082,1.3103,9104
2006-02-19,1.3114,1.3118,1.3078,1.3089,725
2006-02-20,1.3088,1.3094999999999999,1.3057,1.3086,7866
2006-02-21,1.3085,1.3118,1.3062,1.308,8138
2006-02-22,1.3079,1.3157,1.3068,1.3123,8508
2006-02-23,1.3123,1.3142,1.302,1.3081,9575
2006-02-24,1.3081,1.3186,1.3073000000000001,1.3173,8620
2006-02-26,1.3183,1.3231,1.3182,1.3211,918
2006-02-27,1.3211,1.3242,1.3169,1.3237999999999999,8890
2006-02-28,1.3237999999999999,1.324,1.3089,1.3101,9264
2006-03-01,1.3098,1.3178,1.3038,1.3132,9150
2006-03-02,1.3133,1.314,1.2969,1.3008,9291
2006-03-03,1.3008,1.3027,1.2952,1.2976,8528
2006-03-05,1.2958,1.2962,1.2894,1.2918,898
2006-03-06,1.2917,1.3018,1.2913999999999999,1.3014000000000001,9476
2006-03-07,1.3016,1.3152,1.2992,1.3147,10710
2006-03-08,1.3147,1.3149,1.3065,1.3073000000000001,10083
2006-03-09,1.3074,1.3165,1.3068,1.3159,9653
2006-03-10,1.3159,1.3232,1.3121,1.3175,9016
2006-03-12,1.3165,1.3174000000000001,1.3152,1.3159,772
2006-03-13,1.3159,1.3175,1.3087,1.3089,9178
2006-03-14,1.3088,1.3132,1.3004,1.302,9648
2006-03-15,1.3019,1.3039,1.2945,1.2962,9627
2006-03-16,1.2961,1.3003,1.2871000000000001,1.2887,9955
2006-03-17,1.2888,1.2955999999999999,1.2872,1.2905,9605
2006-03-19,1.2909,1.2919,1.2898,1.291,770
2006-03-20,1.2909,1.295,1.2889,1.2934999999999999,9461
2006-03-21,1.2934,1.3041,1.2924,1.3011,10105
2006-03-22,1.301,1.3075,1.2999,1.3069,9211
2006-03-23,1.307,1.3199,1.3046,1.3166,9647
2006-03-24,1.3167,1.3197,1.3088,1.311,8880
2006-03-26,1.3101,1.3114,1.3093,1.3096999999999999,709
2006-03-27,1.3096999999999999,1.3118,1.3063,1.3088,9017
2006-03-28,1.3087,1.3122,1.2976,1.3094000000000001,9985
2006-03-29,1.3094999999999999,1.3129,1.3067,1.3094999999999999,9093
2006-03-30,1.3096,1.3102,1.2957,1.2962,10061
2006-03-31,1.2963,1.3085,1.2958,1.3042,9458
2006-04-02,1.3038,1.3052000000000001,1.303,1.3046,612
2006-04-03,1.3045,1.3139,1.3028,1.3035999999999999,10210
2006-04-04,1.3037,1.3065,1.2873999999999999,1.291,9855
2006-04-05,1.2909,1.2923,1.2812999999999999,1.2851,9865
2006-04-06,1.285,1.2932000000000001,1.2805,1.2922,10286
2006-04-07,1.2923,1.3038,1.2885,1.301,9744
2006-04-09,1.3,1.3014000000000001,1.2993999999999999,1.3011,372
2006-04-10,1.3012000000000001,1.3064,1.2974999999999999,1.3029,8950
2006-04-11,1.3028,1.3048,1.2957,1.296,9223
2006-04-12,1.296,1.3043,1.2934,1.2984,10058
2006-04-13,1.2985,1.302,1.2952,1.2979,9656
2006-04-14,1.2978,1.2995999999999999,1.2971,1.2985,6226
2006-04-16,1.2971,1.2974,1.2955,1.2958,438
2006-04-17,1.2957,1.2961,1.2752,1.2793999999999999,9434
2006-04-18,1.2793999999999999,1.2821,1.2665,1.2683,10490
2006-04-19,1.2684,1.2763,1.2650000000000001,1.2674,10133
2006-04-20,1.2674,1.2828,1.2671999999999999,1.2798,10271
2006-04-21,1.2796,1.2823,1.2727,1.2747,9686
2006-04-23,1.2716,1.2726,1.2707,1.2715,649
2006-04-24,1.2716,1.275,1.2655,1.2689,9571
2006-04-25,1.2688,1.2735,1.2639,1.2681,9520
2006-04-26,1.2683,1.2745,1.2669000000000001,1.27,9403
2006-04-27,1.27,1.2752,1.2576,1.259,10132
2006-04-28,1.2587,1.2615,1.2375,1.2381,10201
2006-04-30,1.2386,1.2405,1.2385,1.2399,615
2006-05-01,1.2398,1.2443,1.2285,1.2422,9137
2006-05-02,1.242,1.2452,1.2324,1.2376,9399
2006-05-03,1.2377,1.2402,1.2293,1.2371,9582
2006-05-04,1.2371,1.2424,1.2248999999999999,1.2279,10708
2006-05-05,1.228,1.232,1.2214,1.2265,8998
2006-05-07,1.2242,1.2259,1.2232,1.2242,667
2006-05-08,1.2243,1.23,1.2181,1.2288999999999999,8826
2006-05-09,1.2288999999999999,1.2322,1.2182,1.2204,9323
2006-05-10,1.2203,1.2223,1.2123,1.2213,9773
2006-05-11,1.2213,1.2308,1.2086999999999999,1.2122,9800
2006-05-12,1.2124,1.213,1.1963,1.1979,10241
2006-05-14,1.1956,1.1959,1.1918,1.1945999999999999,720
2006-05-15,1.1947,1.2137,1.1945999999999999,1.2124,9884
2006-05-16,1.2125,1.217,1.2055,1.2075,9515
2006-05-17,1.2077,1.2191,1.2004,1.2147999999999999,10075
2006-05-18,1.2147000000000001,1.2157,1.2028,1.2048,10046
2006-05-19,1.2048,1.2243,1.204,1.2167,9982
2006-05-21,1.2174,1.2183,1.2165,1.2177,454
2006-05-22,1.2177,1.2235,1.2017,1.2055,9669
2006-05-23,1.2056,1.214,1.2029,1.2106,10213
2006-05-24,1.2106,1.2209,1.2024,1.2167,12746
2006-05-25,1.2169,1.2206,1.2145,1.2169,9305
2006-05-26,1.217,1.2303,1.2138,1.2257,9207
2006-05-28,1.227,1.2282,1.2246,1.2253,600
2006-05-29,1.2253,1.2269,1.2222,1.2246,9591
2006-05-30,1.2246,1.2254,1.2067,1.2129,10147
2006-05-31,1.2127,1.2198,1.2068,1.2176,9445
2006-06-01,1.2177,1.2297,1.2175,1.2198,10173
2006-06-02,1.2199,1.223,1.2051,1.2092,9514
2006-06-04,1.2067,1.2072,1.2061,1.2069,553
2006-06-05,1.2069,1.2092,1.2016,1.2089,9431
2006-06-06,1.209,1.2184,1.204,1.2154,9623
2006-06-07,1.2154,1.2245,1.2139,1.2206,9373
2006-06-08,1.2208,1.2366,1.2184,1.2327,10038
2006-06-09,1.2327,1.2368000000000001,1.2272,1.2311,9090
2006-06-11,1.2342,1.2347,1.2335,1.2344,549
2006-06-12,1.2343,1.2371,1.2291,1.2339,9951
2006-06-13,1.2342,1.241,1.2302,1.2388,10568
2006-06-14,1.2386,1.24,1.2266,1.2306,10212
2006-06-15,1.2306,1.2345,1.2258,1.2299,10168
2006-06-16,1.2299,1.2349,1.2265,1.2314,9163
2006-06-18,1.231,1.2322,1.2303,1.2314,719
2006-06-19,1.2315,1.2436,1.2312,1.2407,9876
2006-06-20,1.2407,1.2442,1.2346,1.2375,9534
2006-06-21,1.2374,1.2382,1.2316,1.2331,9243
2006-06-22,1.2331,1.2448,1.2316,1.2429000000000001,10029
2006-06-23,1.2428,1.2532,1.2414,1.2489,9209
2006-06-25,1.2490999999999999,1.2498,1.2475,1.2477,478
2006-06-26,1.2479,1.2495,1.2406,1.241,9482
2006-06-27,1.2409,1.2474,1.2398,1.2436,9489
2006-06-28,1.2437,1.2496,1.2422,1.2465,9336
2006-06-29,1.2466,1.2504,1.2356,1.2364,10017
2006-06-30,1.2364,1.237,1.2217,1.223,10048
2006-07-02,1.2235,1.2246,1.223,1.2236,558
2006-07-03,1.2237,1.2281,1.2217,1.2244,9139
2006-07-04,1.2242,1.2267000000000001,1.2226,1.2248999999999999,9439
2006-07-05,1.2248,1.2361,1.2202,1.232,9625
2006-07-06,1.2319,1.2331,1.2264,1.2288000000000001,9524
2006-07-07,1.2288000000000001,1.23,1.2185,1.2243,8876
2006-07-09,1.2226,1.2235,1.2224,1.2232,586
2006-07-10,1.2231,1.2328000000000001,1.2222,1.2299,9266
2006-07-11,1.2298,1.2334,1.2253,1.2269,9264
2006-07-12,1.2266,1.2375,1.225,1.2343,9521
2006-07-13,1.2342,1.2349,1.2274,1.2292,9680
2006-07-14,1.2293,1.238,1.2291,1.2343,9571
2006-07-16,1.2348,1.2351,1.2335,1.2344,622
2006-07-17,1.2343,1.2497,1.2332,1.248,9185
2006-07-18,1.2479,1.2558,1.2444,1.2530000000000001,9661
2006-07-19,1.2529,1.2597,1.2449,1.2477,10204
2006-07-20,1.2477,1.2485,1.2418,1.2437,9632
2006-07-21,1.2435,1.2442,1.2349999999999999,1.2358,9303
2006-07-23,1.2357,1.2368999999999999,1.2355,1.2365,553
2006-07-24,1.2365,1.2487,1.2363,1.2469000000000001,10026
2006-07-25,1.2469000000000001,1.2548,1.2421,1.2529,9705
2006-07-26,1.2530000000000001,1.2544,1.2398,1.2414,9552
2006-07-27,1.2413,1.2419,1.2307,1.2391,10160
2006-07-28,1.2389999999999999,1.2427,1.231,1.2326,9642
2006-07-30,1.2317,1.233,1.2312,1.2314,563
2006-07-31,1.2316,1.2352,1.2279,1.231,9787
2006-08-01,1.2311,1.2368999999999999,1.2255,1.2263,9868
2006-08-02,1.2261,1.2325,1.2253,1.2303,9857
2006-08-03,1.2303,1.2358,1.2266,1.2315,10250
2006-08-04,1.2315,1.2351,1.2192,1.2238,9463
2006-08-06,1.2214,1.2225,1.2202,1.221,581
2006-08-07,1.221,1.228,1.2202,1.2268,9108
2006-08-08,1.2269,1.2336,1.2201,1.2308,9893
2006-08-09,1.231,1.2327,1.2206,1.2258,9246
2006-08-10,1.2257,1.2388,1.2194,1.2343,10137
2006-08-11,1.234,1.2446,1.2338,1.2435,9658
2006-08-13,1.2423,1.2427,1.2388,1.2399,619
2006-08-14,1.24,1.244,1.2376,1.2414,9078
2006-08-15,1.2413,1.2447,1.234,1.2372,9334
2006-08-16,1.2373,1.2384,1.226,1.2291,9173
2006-08-17,1.2291,1.2348,1.2237,1.2324,9154
2006-08-18,1.2324,1.2382,1.2291,1.2336,8613
2006-08-20,1.2328999999999999,1.233,1.2316,1.2322,584
2006-08-21,1.2321,1.2324,1.2182,1.2272,9638
2006-08-22,1.2271,1.2366,1.2243,1.2348,9576
2006-08-23,1.2348,1.2373,1.2292,1.2357,9515
2006-08-24,1.2358,1.2402,1.2307,1.2394,9660
2006-08-25,1.2394,1.2426,1.2355,1.2399,9276
2006-08-27,1.2392,1.2399,1.2386,1.2389000000000001,447
2006-08-28,1.2391,1.2397,1.2323,1.2358,8835
2006-08-29,1.2356,1.2382,1.2269,1.2283,9600
2006-08-30,1.2283,1.2312,1.2265,1.2276,9375
2006-08-31,1.2278,1.2347,1.2227000000000001,1.2313,9954
2006-09-01,1.2313,1.2391,1.2283,1.2302,9260
2006-09-03,1.2294,1.2297,1.228,1.2285,730
2006-09-04,1.2286,1.2311,1.2272,1.2293,8446
2006-09-05,1.2292,1.2368999999999999,1.2288000000000001,1.2339,9256
2006-09-06,1.2337,1.2404,1.2324,1.2338,9693
2006-09-07,1.2338,1.2466,1.2327,1.2434,10176
2006-09-08,1.2434,1.251,1.2424,1.2474,9402
2006-09-10,1.2479,1.2488,1.2475,1.2479,529
2006-09-11,1.2478,1.2504,1.2394,1.2445,9238
2006-09-12,1.2446,1.2522,1.2402,1.2513,9572
2006-09-13,1.2515,1.2551999999999999,1.2479,1.2494,9498
2006-09-14,1.2495,1.2530999999999999,1.2434,1.2525,9526
2006-09-15,1.2525,1.2626,1.2511,1.2553,9180
2006-09-17,1.2579,1.2587,1.2566,1.2579,563
2006-09-18,1.2578,1.2579,1.2498,1.2501,9199
2006-09-19,1.2501,1.2575,1.2482,1.2516,9649
2006-09-20,1.2516,1.2537,1.2462,1.2508,9918
2006-09-21,1.2509000000000001,1.2547,1.2413,1.2419,10158
2006-09-22,1.242,1.2431,1.232,1.2368000000000001,9770
2006-09-24,1.2354,1.2368000000000001,1.2349999999999999,1.2362,578
2006-09-25,1.2361,1.2397,1.229,1.238,9407
2006-09-26,1.238,1.2468,1.2368000000000001,1.2428,9488
2006-09-27,1.2426,1.2476,1.2423,1.2433,9469
2006-09-28,1.2434,1.2493,1.242,1.2465,9544
2006-09-29,1.2464,1.2566,1.2457,1.2504,8922
2006-10-01,1.25,1.2506,1.2497,1.2498,982
2006-10-02,1.2499,1.2524,1.2404,1.2426,9053
2006-10-03,1.2425,1.2466,1.2421,1.2454,7092
2006-10-04,1.2455,1.2543,1.2449,1.2479,7814
2006-10-05,1.2477,1.2546,1.2477,1.2519,7240
2006-10-06,1.252,1.2631999999999999,1.2517,1.26,6638
2006-10-08,1.2612,1.2617,1.2608,1.2608,405
2006-10-09,1.2609,1.262,1.2589000000000001,1.2616,5720
2006-10-10,1.2618,1.2717,1.2599,1.2708,7238
2006-10-11,1.2709,1.2743,1.2687,1.2717,6997
2006-10-12,1.272,1.2731,1.2673,1.2681,7175
2006-10-13,1.268,1.2768,1.2664,1.2727,6421
2006-10-15,1.2738,1.2744,1.2737,1.2741,402
2006-10-16,1.274,1.2752,1.2692,1.2705,6621
2006-10-17,1.2701,1.2709,1.2638,1.2689,6936
2006-10-18,1.2684,1.2739,1.2656,1.2695,6505
2006-10-19,1.2694,1.2702,1.2548,1.2570999999999999,7238
2006-10-20,1.2572,1.2601,1.2555,1.2595,5647
2006-10-22,1.2578,1.2591999999999999,1.2577,1.2584,511
2006-10-23,1.2582,1.2687,1.2577,1.2671999999999999,6141
2006-10-24,1.2673,1.2704,1.2641,1.2668,6044
2006-10-25,1.2667,1.2671999999999999,1.2622,1.2642,6959
2006-10-26,1.263,1.264,1.2521,1.2541,6870
2006-10-27,1.2543,1.2570000000000001,1.2467,1.2486,6083
2006-10-29,1.249,1.2494,1.2483,1.2487,326
2006-10-30,1.2486,1.2508,1.2469999999999999,1.2490999999999999,5640
2006-10-31,1.2492,1.2528000000000001,1.2413,1.2434,6383
2006-11-01,1.2435,1.2462,1.2405,1.2459,6057
2006-11-02,1.246,1.2477,1.2429999999999999,1.245,8289
2006-11-03,1.2453,1.2569,1.2446,1.2534,6451
2006-11-05,1.2535,1.2536,1.2526,1.2534,430
2006-11-06,1.2535,1.2578,1.2528000000000001,1.2549000000000001,5635
2006-11-07,1.2547,1.2551999999999999,1.2437,1.2489,6312
2006-11-08,1.249,1.2523,1.245,1.2515,5233
2006-11-09,1.2516,1.2519,1.2401,1.2414,5815
2006-11-10,1.2415,1.2421,1.2344,1.2416,6271
2006-11-12,1.2385,1.2393,1.237,1.2374,413
2006-11-13,1.2373,1.2458,1.2357,1.2438,5466
2006-11-14,1.2439,1.2469999999999999,1.2384,1.2435,6186
2006-11-15,1.2436,1.2521,1.2429999999999999,1.2459,8420
2006-11-16,1.2458,1.2492,1.2441,1.2478,5775
2006-11-17,1.2477,1.2536,1.242,1.2437,5665
2006-11-19,1.2435,1.2446,1.2431,1.2438,335
2006-11-20,1.2439,1.2447,1.2395,1.2435,5177
2006-11-21,1.2431,1.245,1.2395,1.2401,4188
2006-11-22,1.2405,1.241,1.2254,1.2266,5951
2006-11-23,1.2267000000000001,1.2279,1.2206,1.2238,4817
2006-11-24,1.2237,1.2241,1.2072,1.2092,4975
2006-11-26,1.2032,1.2062,1.2029,1.2059,466
2006-11-27,1.206,1.2109,1.2031,1.2063,5771
2006-11-28,1.2058,1.2092,1.2012,1.2026,6632
2006-11-29,1.2027,1.2115,1.2012,1.2096,6335
2006-11-30,1.2098,1.2104,1.1959,1.1976,6552
2006-12-01,1.1975,1.2006999999999999,1.1898,1.193,6589
2006-12-03,1.1907,1.1925,1.1903,1.1919,437
2006-12-04,1.192,1.1988,1.1903,1.1934,5903
2006-12-05,1.1933,1.1965,1.1879,1.1922,5842
2006-12-06,1.1924,1.1987,1.1905999999999999,1.1955,5457
2006-12-07,1.1962,1.1966,1.1915,1.1955,6660
2006-12-08,1.1951,1.2058,1.1881,1.2052,7762
2006-12-10,1.206,1.2077,1.2046999999999999,1.2069,501
2006-12-11,1.207,1.2097,1.1998,1.2016,7112
2006-12-12,1.2017,1.2054,1.1983,1.2002,7836
2006-12-13,1.2001,1.2081,1.1988,1.2062,7500
2006-12-14,1.2063,1.2159,1.2026,1.2147000000000001,7981
2006-12-15,1.2135,1.223,1.2115,1.2212,8171
2006-12-17,1.2214,1.2216,1.2202,1.2202,479
2006-12-18,1.2204,1.2268,1.2185,1.2215,6741
2006-12-19,1.2214,1.2229,1.2115,1.2118,6832
2006-12-20,1.2119,1.2192,1.211,1.2168,5957
2006-12-21,1.2167,1.2203,1.2138,1.2162,6588
2006-12-22,1.2163,1.2224,1.2115,1.2199,6606
2006-12-25,1.2194,1.2195,1.2184,1.2187999999999999,227
2006-12-26,1.2189,1.2234,1.2179,1.2216,7168
2006-12-27,1.2214,1.2266,1.2161,1.2262,8856
2006-12-28,1.226,1.227,1.2167,1.2223,9427
2006-12-29,1.2222,1.2226,1.218,1.2187999999999999,7938
2007-01-01,1.2182,1.2182,1.2144,1.2147000000000001,1313
2007-01-02,1.2145,1.218,1.2111,1.2129,9010
2007-01-03,1.2128,1.2295,1.2118,1.2256,9270
2007-01-04,1.2255,1.2335,1.2238,1.2325,8673
2007-01-05,1.2323,1.2394,1.2271,1.2358,8521
2007-01-07,1.2349999999999999,1.2374,1.2349999999999999,1.2367,311
2007-01-08,1.2366,1.2412,1.2331,1.234,7590
2007-01-09,1.2358,1.2443,1.2337,1.2436,8414
2007-01-10,1.2435,1.2477,1.24,1.2454,8658
2007-01-11,1.2455,1.2504,1.241,1.2497,8256
2007-01-12,1.2496,1.2528000000000001,1.2447,1.2469000000000001,7844
2007-01-14,1.2469999999999999,1.2478,1.2466,1.2476,431
2007-01-15,1.2475,1.2496,1.2442,1.2495,6241
2007-01-16,1.2486,1.2497,1.2416,1.2479,7861
2007-01-17,1.2478,1.2513,1.2451,1.2468,7949
2007-01-18,1.2469000000000001,1.2546,1.2429999999999999,1.2469000000000001,8774
2007-01-19,1.2468,1.2529,1.2449,1.2479,7542
2007-01-21,1.2481,1.2485,1.2472,1.2474,528
2007-01-22,1.2472,1.2525,1.2469000000000001,1.2496,7075
2007-01-23,1.2497,1.2515,1.2374,1.2425,8009
2007-01-24,1.2426,1.2496,1.2411,1.2479,8581
2007-01-25,1.2488,1.2496,1.2422,1.2478,8538
2007-01-26,1.2479,1.2563,1.2474,1.2535,7612
2007-01-28,1.2527,1.2544,1.2524,1.2543,236
2007-01-29,1.2544,1.2559,1.251,1.2530999999999999,5608
2007-01-30,1.2530000000000001,1.2542,1.2498,1.2515,5970
2007-01-31,1.2516,1.2570999999999999,1.2427,1.244,7500
2007-02-01,1.2439,1.2458,1.2388,1.2435,6941
2007-02-02,1.2437,1.2494,1.2382,1.248,6542
2007-02-04,1.2484,1.2487,1.2473,1.2479,269
2007-02-05,1.248,1.2517,1.2467,1.2479,5651
2007-02-06,1.248,1.2496,1.2386,1.2396,5491
2007-02-07,1.2405,1.2422,1.2378,1.2409,5494
2007-02-08,1.241,1.251,1.24,1.2466,6021
2007-02-09,1.2465,1.2519,1.2454,1.2474,5054
2007-02-11,1.2468,1.2475,1.2464,1.2475,217
2007-02-12,1.2468,1.2551,1.2458,1.2535,5052
2007-02-13,1.2538,1.2538,1.2443,1.2459,5828
2007-02-14,1.246,1.2475,1.2367,1.2393,6773
2007-02-15,1.2395,1.2405,1.2331,1.2348,7372
2007-02-16,1.2346,1.2382,1.2333,1.2348,5772
2007-02-18,1.2319,1.2341,1.2316,1.2333,243
2007-02-19,1.2319,1.2351,1.2316,1.233,4050
2007-02-20,1.2336,1.2392,1.2309,1.2353,5823
2007-02-21,1.2354,1.2412,1.2338,1.2373,6171
2007-02-22,1.2382,1.2436,1.2368999999999999,1.2383,6034
2007-02-23,1.2382,1.2409,1.2295,1.2323,5281
2007-02-26,1.2301,1.2331,1.2278,1.2295,5073
2007-02-27,1.2296,1.2304,1.2142,1.2184,8608
2007-02-28,1.2183,1.2242,1.2173,1.2182,9629
2007-03-01,1.2183,1.2246,1.2146,1.2233,7747
2007-03-02,1.2225,1.226,1.2144,1.2163,6471
2007-03-04,1.2156,1.2166,1.2141,1.2163,766
2007-03-05,1.2164,1.2242,1.2107,1.2206,9709
2007-03-06,1.2205,1.2254,1.2192,1.2235,9239
2007-03-07,1.2236,1.2247,1.2157,1.2171,8091
2007-03-08,1.217,1.2294,1.2161,1.2275,8693
2007-03-09,1.2274,1.2354,1.2254,1.2342,8594
2007-03-11,1.2338,1.2347,1.2331,1.2337,274
2007-03-12,1.2336,1.2351,1.2234,1.2256,8111
2007-03-13,1.2257,1.2259,1.2166,1.2168,9460
2007-03-14,1.2167,1.2198,1.2102,1.2165,10217
2007-03-15,1.2166,1.2214,1.2113,1.2117,10360
2007-03-16,1.2118,1.214,1.2029,1.2069,10074
2007-03-18,1.2056,1.2061,1.205,1.2058,323
2007-03-19,1.2059,1.2144,1.205,1.2123,6697
2007-03-20,1.2122,1.216,1.2106,1.2116,7621
2007-03-21,1.2115,1.2166,1.2075,1.208,6843
2007-03-22,1.2081,1.2181,1.2075,1.2142,8250
2007-03-23,1.2143,1.2191,1.2111,1.2187999999999999,7256
2007-03-25,1.2189,1.2216,1.2187999999999999,1.2193,498
2007-03-26,1.2192,1.2227000000000001,1.2117,1.216,7960
2007-03-27,1.2159,1.2167,1.2104,1.2121,6840
2007-03-28,1.212,1.2178,1.2082,1.2164,7720
2007-03-29,1.2171,1.2187999999999999,1.2134,1.2177,6794
2007-03-30,1.2178,1.2239,1.2088,1.2153,9264
2007-04-01,1.213,1.2153,1.213,1.2147999999999999,230
2007-04-02,1.2149,1.2173,1.2118,1.2149,6986
2007-04-03,1.2147000000000001,1.2231,1.2144,1.2226,7149
2007-04-04,1.2223,1.223,1.2172,1.22,7093
2007-04-05,1.2193,1.2211,1.2122,1.2149,6316
2007-04-06,1.2154,1.2227000000000001,1.2147000000000001,1.2218,4384
2007-04-08,1.222,1.2229,1.2218,1.2226,199
2007-04-09,1.2225,1.2282,1.2216,1.2266,4507
2007-04-10,1.2265,1.2269,1.2142,1.2173,7158
2007-04-11,1.2172,1.2224,1.2168,1.2203,7115
2007-04-12,1.2201,1.2242,1.2132,1.2166,7892
2007-04-13,1.2167,1.2187999999999999,1.2066,1.2145,9613
2007-04-15,1.2126000000000001,1.2129,1.2125,1.2128,192
2007-04-16,1.2129,1.215,1.2114,1.2147000000000001,5966
2007-04-17,1.2147999999999999,1.2149,1.2066,1.208,7507
2007-04-18,1.2081,1.209,1.2024,1.2028,6435
2007-04-19,1.2029,1.2064,1.2001,1.2046000000000001,7972
2007-04-20,1.2044,1.2089,1.2036,1.2083,5395
2007-04-22,1.2067,1.2068,1.2056,1.2065,235
2007-04-23,1.2066,1.2126000000000001,1.2056,1.2086999999999999,6376
2007-04-24,1.2088,1.2104,1.2005,1.2013,8718
2007-04-25,1.2014,1.2058,1.1993,1.205,8430
2007-04-26,1.204,1.2098,1.2029,1.2086000000000001,8497
2007-04-27,1.2086999999999999,1.2104,1.2005,1.2054,6544
2007-04-29,1.2046000000000001,1.2066,1.203,1.2062,369
2007-04-30,1.2063,1.2101,1.2031,1.2071,7443
2007-05-01,1.2071,1.2162,1.205,1.2138,8045
2007-05-02,1.2137,1.2187999999999999,1.2116,1.2136,8002
2007-05-03,1.2146,1.2169,1.2092,1.2158,6404
2007-05-04,1.2157,1.2165,1.2098,1.2115,6382
2007-05-06,1.2105,1.2107,1.2102,1.2103,133
2007-05-07,1.2104,1.2119,1.2079,1.2116,4656
2007-05-08,1.2117,1.2194,1.2103,1.2181,6534
2007-05-09,1.218,1.2191,1.214,1.2185,6012
2007-05-10,1.2184,1.2223,1.2157,1.2201,8234
2007-05-11,1.22,1.2212,1.2168,1.2187999999999999,6683
2007-05-13,1.218,1.2187000000000001,1.217,1.2172,175
2007-05-14,1.218,1.2206,1.2167,1.2189,5272
2007-05-15,1.2186,1.2202,1.2125,1.2153,6249
2007-05-16,1.215,1.2246,1.2137,1.2225,6986
2007-05-17,1.2226,1.2281,1.2194,1.2269,6147
2007-05-18,1.2267000000000001,1.228,1.2243,1.2271,6122
2007-05-20,1.2276,1.2284,1.2274,1.2276,252
2007-05-21,1.2277,1.2331,1.2269,1.2301,5249
2007-05-22,1.2302,1.2328000000000001,1.2281,1.23,5644
2007-05-23,1.2299,1.231,1.2239,1.2275,7091
2007-05-24,1.2274,1.2313,1.2264,1.2279,6761
2007-05-25,1.2271,1.2293,1.2254,1.2281,6785
2007-05-27,1.2273,1.2279,1.2265,1.2273,198
2007-05-28,1.2272,1.2288999999999999,1.2263,1.2281,2215
2007-05-29,1.2282,1.2306,1.2199,1.2246,7118
2007-05-30,1.2245,1.2277,1.2235,1.225,7031
2007-05-31,1.2252,1.227,1.223,1.2251,7376
2007-06-01,1.2248999999999999,1.2327,1.2246,1.2296,7353
2007-06-03,1.2295,1.2302,1.2293,1.2296,280
2007-06-04,1.2295,1.2306,1.2215,1.2224,5695
2007-06-05,1.2225,1.2241,1.2161,1.2182,6337
2007-06-06,1.218,1.2189,1.2146,1.2166,6494
2007-06-07,1.2165,1.2265,1.2161,1.2243,7757
2007-06-08,1.2247,1.2365,1.2238,1.2349999999999999,6263
2007-06-10,1.2356,1.2362,1.2353,1.236,286
2007-06-11,1.2361,1.2399,1.2353,1.2387,5712
2007-06-12,1.2386,1.2429999999999999,1.2372,1.2419,6352
2007-06-13,1.242,1.2468,1.2417,1.2443,7636
2007-06-14,1.2444,1.2467,1.2431,1.2462,6089
2007-06-15,1.2462,1.2464,1.241,1.2411,5834
2007-06-17,1.242,1.2423,1.2413,1.2413,141
2007-06-18,1.2411,1.2423,1.2387,1.2418,5374
2007-06-19,1.2416,1.2426,1.2389999999999999,1.2398,6472
2007-06-20,1.2397,1.2407,1.2354,1.2381,7101
2007-06-21,1.2383,1.2426,1.2376,1.2411,6796
2007-06-22,1.2412,1.2421,1.2284,1.2292,8230
2007-06-24,1.2287,1.2293,1.2283,1.2286,198
2007-06-25,1.2285,1.2311,1.227,1.2276,5639
2007-06-26,1.2275,1.2306,1.2259,1.2277,6914
2007-06-27,1.2276,1.2303,1.2273,1.229,7361
2007-06-28,1.2291,1.2338,1.2266,1.2322,6804
2007-06-29,1.2312,1.2332,1.2207,1.2214,7229
2007-07-01,1.2204,1.222,1.2201,1.2219,239
2007-07-02,1.222,1.2227000000000001,1.2089,1.2104,6286
2007-07-03,1.2105,1.2176,1.209,1.2159,5737
2007-07-04,1.2161,1.2171,1.2144,1.2162,3446
2007-07-05,1.2163,1.2198,1.2101,1.2175,6625
2007-07-06,1.2174,1.2232,1.2161,1.2179,6363
2007-07-08,1.2176,1.2182,1.2174,1.2178,118
2007-07-09,1.218,1.2192,1.2153,1.2163,4324
2007-07-10,1.2164,1.2193,1.1998,1.203,8539
2007-07-11,1.2029,1.2067,1.1992,1.2055,6979
2007-07-12,1.2054,1.2058,1.2004,1.2032,6764
2007-07-13,1.2031,1.2054,1.1984,1.2025000000000001,6364
2007-07-15,1.2027,1.2033,1.2026,1.2029,42
2007-07-16,1.2027,1.2037,1.1996,1.2028,3848
2007-07-17,1.2027,1.2037,1.1972,1.2017,7261
2007-07-18,1.2018,1.2048,1.196,1.2004,9082
2007-07-19,1.2009,1.2051,1.1985999999999999,1.2037,6473
2007-07-20,1.2035,1.2065,1.198,1.2008,6123
2007-07-22,1.2006999999999999,1.2009,1.1999,1.2,223
2007-07-23,1.2001,1.2078,1.1981,1.2057,6872
2007-07-24,1.2058,1.2073,1.2011,1.2024,6960
2007-07-25,1.2029,1.2163,1.2025000000000001,1.2132,7562
2007-07-26,1.2133,1.2149,1.202,1.2034,9901
2007-07-27,1.2035,1.2131,1.2024,1.2083,10827
2007-07-29,1.2084,1.2099,1.2062,1.2068,490
2007-07-30,1.2067,1.2097,1.2005,1.2023,7312
2007-07-31,1.2022,1.2064,1.2001,1.2014,9258
2007-08-01,1.2013,1.2049,1.1977,1.2035,11356
2007-08-02,1.2034,1.2083,1.2023,1.2042,8696
2007-08-03,1.2031,1.207,1.1865999999999999,1.1905000000000001,10067
2007-08-06,1.1828,1.1924,1.1816,1.1915,6708
2007-08-07,1.1916,1.1983,1.1892,1.1971,6837
2007-08-08,1.197,1.1992,1.1912,1.1962,8334
2007-08-09,1.1961,1.1992,1.1918,1.1961,9638
2007-08-10,1.196,1.2017,1.1929,1.1985999999999999,9878
2007-08-13,1.1985000000000001,1.2068,1.1973,1.2052,8189
2007-08-14,1.2051,1.2117,1.2028,1.2106,8614
2007-08-15,1.2105,1.2198,1.2102,1.2193,9357
2007-08-16,1.2192,1.2214,1.2132,1.2168,15542
2007-08-17,1.2169,1.2178,1.1993,1.208,15558
2007-08-20,1.2072,1.2088,1.2049,1.2055,7732
2007-08-21,1.2057,1.2071,1.2011,1.2065,8840
2007-08-22,1.2064,1.2109,1.2045,1.2061,7313
2007-08-23,1.2059,1.2103,1.2046999999999999,1.2066,8476
2007-08-24,1.2067,1.2077,1.1992,1.2005,8359
2007-08-27,1.2006999999999999,1.2045,1.1999,1.2029,4755
2007-08-28,1.2028,1.2039,1.1959,1.2009,7774
2007-08-29,1.201,1.2038,1.1982,1.1993,8851
2007-08-30,1.1994,1.2065,1.1985999999999999,1.2043,9133
2007-08-31,1.2041,1.2089,1.1987,1.2083,9308
2007-09-03,1.2079,1.21,1.206,1.2086000000000001,5299
2007-09-04,1.2088,1.215,1.2074,1.2111,8405
2007-09-05,1.2112,1.2137,1.2021,1.2041,8177
2007-09-06,1.204,1.2061,1.1992,1.2006000000000001,8684
2007-09-07,1.2006999999999999,1.2026,1.1858,1.1884000000000001,5937
2007-09-10,1.1864,1.1879,1.1839,1.1857,6791
2007-09-11,1.1856,1.1899,1.1837,1.189,9948
2007-09-12,1.1891,1.1895,1.1818,1.1841,6622
2007-09-13,1.1842,1.1888,1.1802,1.1849,8489
2007-09-14,1.1848,1.1921,1.184,1.1896,9339
2007-09-17,1.1886,1.1898,1.1847,1.1875,8936
2007-09-18,1.187,1.1894,1.1796,1.1804999999999999,10229
2007-09-19,1.1806,1.1877,1.1796,1.1835,10418
2007-09-20,1.1836,1.1839,1.1685,1.1719,10741
2007-09-21,1.172,1.1771,1.1677,1.1724999999999999,9492
2007-09-24,1.1718,1.1756,1.1687,1.1732,7248
2007-09-25,1.1734,1.1745,1.1637,1.1658,8902
2007-09-26,1.166,1.1719,1.1644,1.1695,8587
2007-09-27,1.1697,1.174,1.1676,1.1736,9281
2007-09-28,1.1735,1.1737,1.1623,1.1635,11020
2007-10-01,1.1626,1.1717,1.1622,1.1683,9101
2007-10-02,1.1685,1.1777,1.1676,1.1754,8920
2007-10-03,1.1753,1.1807,1.1712,1.1802,8407
2007-10-04,1.1801,1.1812,1.1736,1.1742,8935
2007-10-05,1.1743000000000001,1.1852,1.1741,1.1782,7422
2007-10-08,1.1764000000000001,1.1869,1.1759,1.1856,5282
2007-10-09,1.1853,1.1891,1.1824,1.1833,5622
2007-10-10,1.1832,1.1844000000000001,1.1785,1.1829,5361
2007-10-11,1.1831,1.1844999999999999,1.1769,1.1814,6469
2007-10-12,1.1813,1.1877,1.1804000000000001,1.1847,6198
2007-10-15,1.1842,1.1858,1.1776,1.1801,5481
2007-10-16,1.1802,1.1844000000000001,1.1787,1.1824,6846
2007-10-17,1.1825,1.183,1.1776,1.1792,6477
2007-10-18,1.1789,1.1799,1.1661,1.17,7427
2007-10-19,1.1694,1.1734,1.1656,1.166,6252
2007-10-22,1.1605,1.1784,1.1599,1.1782,9966
2007-10-23,1.1781,1.1781,1.1701,1.1727,6987
2007-10-24,1.1728,1.1772,1.1708,1.1718,7203
2007-10-25,1.1719,1.1733,1.1633,1.1649,6692
2007-10-26,1.1651,1.1662,1.1618,1.1639,6124
2007-10-29,1.162,1.167,1.1605,1.1645,5163
2007-10-30,1.1646,1.1669,1.1574,1.1584,5964
2007-10-31,1.1585,1.1626,1.1555,1.1586,7497
2007-11-01,1.1586,1.1637,1.1553,1.157,7915
2007-11-02,1.1571,1.1579,1.1492,1.1536,7881
2007-11-05,1.1518,1.1555,1.1507,1.1528,4995
2007-11-06,1.153,1.154,1.1421000000000001,1.1435,6585
2007-11-07,1.1437,1.1447,1.1256,1.1334,10193
2007-11-08,1.1335,1.1342,1.1252,1.1277,8308
2007-11-09,1.1275,1.1276,1.1187,1.1224,10319
2007-11-12,1.1229,1.1298,1.1217,1.1285,8010
2007-11-13,1.1286,1.1297,1.1227,1.1263,7395
2007-11-14,1.1264,1.1264,1.1176,1.123,8196
2007-11-15,1.1232,1.126,1.1199,1.1223,7799
2007-11-16,1.1224,1.1246,1.1157,1.1177,7167
2007-11-19,1.1166,1.1201,1.1148,1.1149,6643
2007-11-20,1.1148,1.1172,1.1052,1.1057,7616
2007-11-21,1.1058,1.1078999999999999,1.1013,1.1024,6876
2007-11-22,1.1026,1.1039,1.1003,1.1013,4900
2007-11-23,1.1012,1.1048,1.089,1.102,8519
2007-11-26,1.1036,1.107,1.0955,1.0971,6131
2007-11-27,1.097,1.1066,1.0956,1.1054,8480
2007-11-28,1.1052,1.1193,1.104,1.1108,8415
2007-11-29,1.1107,1.1206,1.1104,1.1176,7575
2007-11-30,1.1179000000000001,1.1326,1.1159,1.1313,7621
2007-12-03,1.1301,1.1308,1.1248,1.1276,7077
2007-12-04,1.1275,1.1318,1.1159,1.1166,7731
2007-12-05,1.1168,1.1286,1.1153,1.1273,7733
2007-12-06,1.1275,1.1351,1.1263,1.1292,7829
2007-12-07,1.1293,1.133,1.1275,1.1280000000000001,6744
2007-12-10,1.1278,1.1301,1.1233,1.1269,5353
2007-12-11,1.127,1.1360999999999999,1.1254,1.1293,8022
2007-12-12,1.1295,1.1399,1.1273,1.1343,8061
2007-12-13,1.1342,1.145,1.1296,1.1418,7739
2007-12-14,1.1416,1.1546,1.1400000000000001,1.1526,8187
2007-12-17,1.1551,1.1573,1.1477,1.1486,8783
2007-12-18,1.1488,1.1534,1.1487,1.1516,6851
2007-12-19,1.1515,1.1586,1.151,1.1557,6612
2007-12-20,1.1555,1.1595,1.1543,1.1588,5731
2007-12-21,1.1585,1.1588,1.1515,1.1546,5485
2007-12-24,1.1555,1.1578,1.154,1.157,4064
2007-12-26,1.1555,1.1561,1.1491,1.1516,2710
2007-12-27,1.1515,1.1522999999999999,1.1372,1.1404,6058
2007-12-28,1.1403,1.1413,1.1259000000000001,1.126,5186
2007-12-31,1.1276,1.1346,1.1225,1.1329,3812
2008-01-02,1.129,1.1297,1.1148,1.1188,4636
2008-01-03,1.1186,1.1199,1.1105,1.1118999999999999,7760
2008-01-04,1.1118,1.1161,1.1018,1.1081,7071
2008-01-07,1.1075,1.1189,1.1069,1.1168,5806
2008-01-08,1.1167,1.1189,1.1115,1.1118999999999999,7245
2008-01-09,1.112,1.1171,1.1103,1.1164,6650
2008-01-10,1.116,1.1168,1.1004,1.1029,8763
2008-01-11,1.1028,1.1047,1.0976,1.1013,7636
2008-01-14,1.0985,1.1009,1.0884,1.093,6630
2008-01-15,1.0931,1.0947,1.0852,1.0945,8068
2008-01-16,1.0946,1.1023,1.0836,1.1001,10520
2008-01-17,1.1002,1.1086,1.0951,1.1006,9878
2008-01-18,1.1007,1.1062,1.0977,1.0982,9251
2008-01-21,1.0999,1.1109,1.0997,1.1095,9653
2008-01-22,1.1093,1.1118999999999999,1.0914,1.0921,15878
2008-01-23,1.0923,1.0988,1.0869,1.091,11820
2008-01-24,1.0911,1.0935,1.0845,1.0879,13371
2008-01-25,1.088,1.0987,1.0861,1.0966,10222
2008-01-28,1.0948,1.0965,1.0871,1.0896,6427
2008-01-29,1.0895,1.096,1.0883,1.0944,7323
2008-01-30,1.0943,1.0947,1.0811,1.0824,8717
2008-01-31,1.0823,1.0858,1.0757,1.0819,10657
2008-02-01,1.0818,1.0899,1.073,1.0894,10747
2008-02-04,1.0893,1.0923,1.0862,1.0878,7108
2008-02-05,1.088,1.1056,1.0875,1.0995,9061
2008-02-06,1.0996,1.1003,1.0949,1.0972,7878
2008-02-07,1.097,1.1102,1.0932,1.1029,9190
2008-02-08,1.1033,1.108,1.1008,1.1029,7215
2008-02-11,1.1025,1.1046,1.0945,1.1014,6884
2008-02-12,1.1015,1.104,1.098,1.1022,7199
2008-02-13,1.1021,1.1105,1.1011,1.1073,8768
2008-02-14,1.1072,1.1096,1.0955,1.0961,7596
2008-02-15,1.096,1.0985,1.0884,1.0931,7792
2008-02-18,1.0937999999999999,1.1044,1.093,1.1019,5543
2008-02-19,1.102,1.1024,1.0907,1.0942,10069
2008-02-20,1.0943,1.1024,1.0935,1.0989,8201
2008-02-21,1.0988,1.1031,1.0865,1.088,8570
2008-02-22,1.0882,1.0916,1.0834,1.0848,7111
2008-02-25,1.0851,1.0927,1.0851,1.0892,6900
2008-02-26,1.0894,1.0917,1.0704,1.0735,7841
2008-02-27,1.0734,1.0762,1.061,1.0631,9559
2008-02-28,1.0632,1.0642,1.0482,1.052,8725
2008-02-29,1.0519,1.0526,1.0402,1.0409,9685
2008-03-03,1.0331,1.0456,1.0308,1.0418,8813
2008-03-04,1.0417,1.0427,1.0335,1.0392,8044
2008-03-05,1.0391,1.0427,1.0333,1.0357,8387
2008-03-06,1.0356,1.038,1.0209,1.0214,8743
2008-03-07,1.0216,1.0282,1.0132,1.025,10092
2008-03-10,1.02,1.0255,1.017,1.0174,7109
2008-03-11,1.0176,1.0351,1.0147,1.0331,9295
2008-03-12,1.0332,1.0332,1.0126,1.0164,9772
2008-03-13,1.0162,1.0165,1.0042,1.0105,11662
2008-03-14,1.0108,1.0141,0.9973,0.9982,12905
2008-03-17,0.9923,0.9948,0.9642,0.9861,22929
2008-03-18,0.986,1.005,0.9786,1.0016,15500
2008-03-19,1.0017,1.0027,0.9867,0.9969,22956
2008-03-20,0.997,1.0166,0.9964,1.0067,12992
2008-03-21,1.0066,1.0102,1.0048,1.0092,4514
2008-03-24,1.0121,1.0249,1.011,1.0195,7376
2008-03-25,1.0194,1.022,1.0038,1.0072,12712
2008-03-26,1.0074,1.0113,0.9881,0.9898,13720
2008-03-27,0.9901,0.9987,0.9887,0.9917,14838
2008-03-28,0.9916,0.9996,0.9915,0.9949,14201
2008-03-31,0.9929,0.9993,0.987,0.9948,12086
2008-04-01,0.9944,1.0138,0.993,1.0114,15186
2008-04-02,1.0115,1.0164,1.0068,1.0082,14394
2008-04-03,1.0086,1.0216,1.007,1.0096,13713
2008-04-04,1.0097,1.0129,1.0014,1.0057,13501
2008-04-07,1.0061,1.0171,1.0056,1.013,10771
2008-04-08,1.0132,1.0155,1.0065,1.0146,12187
2008-04-09,1.0147,1.0166,0.9973,1.0006,11946
2008-04-10,1.0008,1.0087,0.9887,1.0071,15856
2008-04-11,1.0073,1.009,0.9965,1.0009,13055
2008-04-14,1.0067,1.0075,0.9924,0.9991,13229
2008-04-15,0.9992,1.0086,0.9955,1.0068,11569
2008-04-16,1.007,1.0108,0.9938,1.0,13566
2008-04-17,1.0002,1.0093,0.9957,1.0067,13014
2008-04-18,1.0068,1.0284,1.0037,1.0181,11002
2008-04-21,1.0175,1.0205,1.0063,1.0085,14011
2008-04-22,1.0083,1.013,0.9995,1.0027,16030
2008-04-23,1.0028,1.0169,1.002,1.015,14612
2008-04-24,1.0151,1.0383,1.0147,1.0354,17548
2008-04-25,1.0351,1.043,1.03,1.0341,17839
2008-04-28,1.0348,1.0366,1.0299,1.0338,14168
2008-04-29,1.0339,1.0398,1.0315,1.0378,15802
2008-04-30,1.0377,1.0442,1.0327,1.0349,17254
2008-05-01,1.0348,1.0507,1.0334,1.0477,9593
2008-05-02,1.0474,1.0606,1.0464,1.0571,14663
2008-05-05,1.0553,1.0594999999999999,1.0508,1.053,9691
2008-05-06,1.0528,1.0548,1.0425,1.0516,14526
2008-05-07,1.0517,1.0591,1.0509,1.0543,15071
2008-05-08,1.0542,1.0623,1.048,1.0502,15996
2008-05-09,1.0506,1.0513,1.0388,1.0411,15336
2008-05-12,1.0427,1.0511,1.0406,1.0444,14568
2008-05-13,1.0442,1.0555,1.0417,1.0532,17593
2008-05-14,1.0533,1.0599,1.0512,1.0543,14156
2008-05-15,1.0547,1.0592,1.0484,1.0564,16360
2008-05-16,1.0563,1.0587,1.043,1.0475,15207
2008-05-19,1.0457,1.0571,1.0413000000000001,1.0526,11670
2008-05-20,1.0524,1.0534,1.0356,1.0364,16183
2008-05-21,1.0366,1.039,1.024,1.0242,15019
2008-05-22,1.0246,1.0354,1.0232,1.0309,12990
2008-05-23,1.0307,1.0334,1.0214,1.024,12285
2008-05-26,1.0242,1.0275,1.0231,1.0242,4634
2008-05-27,1.0244,1.0355,1.0222,1.0345,14023
2008-05-28,1.0343,1.0422,1.0259,1.0372,15401
2008-05-29,1.0371,1.0522,1.0364,1.0495,16599
2008-05-30,1.0496,1.0526,1.0412,1.042,14388
2008-06-02,1.0418,1.0447,1.0324,1.037,14808
2008-06-03,1.0369,1.0488,1.0272,1.0434,18281
2008-06-04,1.0433,1.0444,1.0361,1.0421,18054
2008-06-05,1.042,1.052,1.0351,1.0389,16733
2008-06-06,1.0385,1.0407,1.0183,1.0185,17066
2008-06-09,1.0172,1.0295,1.0147,1.0275,19138
2008-06-10,1.0272,1.0438,1.0269,1.0423,19362
2008-06-11,1.0418,1.0446,1.0307,1.031,17332
2008-06-12,1.0314,1.0489,1.0301,1.0402,18333
2008-06-13,1.0398,1.0539,1.0385,1.0469,18029
2008-06-16,1.0448,1.0519,1.0379,1.0451,14398
2008-06-17,1.0444,1.0456,1.0375,1.0418,16555
2008-06-18,1.0417,1.0467,1.0355,1.0365,13961
2008-06-19,1.0364,1.0473,1.0319,1.0446,16735
2008-06-20,1.0448,1.0448,1.0302,1.0357,14202
2008-06-23,1.0343,1.0491,1.0341,1.0454,13725
2008-06-24,1.0453,1.0469,1.0348,1.0411,13001
2008-06-25,1.041,1.0444,1.034,1.0351,13158
2008-06-26,1.0347,1.039,1.0219,1.0243,15873
2008-06-27,1.0242,1.0268,1.0165,1.0183,15167
2008-06-30,1.0193,1.0216,1.0129,1.0208,11875
2008-07-01,1.0208,1.0226,1.0136,1.0195,12768
2008-07-02,1.0196,1.0231,1.013,1.0132,12846
2008-07-03,1.0134,1.0282,1.0111,1.0267,12361
2008-07-04,1.0268,1.0276,1.0231,1.0251,6915
2008-07-07,1.0252,1.0341,1.0225,1.0265,11054
2008-07-08,1.0264,1.0347,1.0218,1.0335,11952
2008-07-09,1.0333,1.0351,1.0277,1.0284,11396
2008-07-10,1.0285,1.0336,1.0252,1.0278,12151
2008-07-11,1.0277,1.0302,1.0136,1.016,13365
2008-07-14,1.015,1.025,1.0143,1.0166,12954
2008-07-15,1.017,1.0175,1.001,1.0083,16341
2008-07-16,1.0084,1.0185,1.0027,1.0176,13369
2008-07-17,1.0177,1.0257,1.0134,1.0192,14592
2008-07-18,1.0191,1.025,1.0172,1.0226,10585
2008-07-21,1.0224,1.024,1.0167,1.0171,10173
2008-07-22,1.017,1.0334,1.0135,1.0301,11410
2008-07-23,1.0299,1.0399,1.0289,1.0382,13984
2008-07-24,1.0381,1.0403,1.035,1.0365,12177
2008-07-25,1.0364,1.0406,1.0315,1.036,12234
2008-07-28,1.037,1.0387,1.0323,1.0344,8829
2008-07-29,1.0341,1.0477,1.0317,1.0469,10112
2008-07-30,1.0468,1.052,1.0439,1.0483,11428
2008-07-31,1.0484,1.0495,1.0403,1.0473,11023
2008-08-01,1.0474,1.0516,1.0459,1.0495,11645
2008-08-04,1.0487,1.0505,1.0432,1.0483,8735
2008-08-05,1.0484,1.0558,1.048,1.0547,11365
2008-08-06,1.0546,1.0608,1.0502,1.0592,9875
2008-08-07,1.0594,1.0636,1.0521,1.0611,11810
2008-08-08,1.061,1.0835,1.0608,1.0822,15989
2008-08-11,1.0831,1.088,1.0741,1.0869,14649
2008-08-12,1.087,1.0924,1.0828,1.0866,14479
2008-08-13,1.0865,1.0921,1.0824,1.085,16149
2008-08-14,1.0849,1.0979,1.0834,1.0942,14167
2008-08-15,1.0943,1.1007,1.0941,1.0959,13990
2008-08-18,1.0967,1.1003,1.0913,1.0982,12093
2008-08-19,1.0983,1.1032,1.0896,1.0913,12289
2008-08-20,1.091,1.1039,1.0898,1.0985,9879
2008-08-21,1.0987,1.0996,1.0842,1.0864,12036
2008-08-22,1.0863,1.0996,1.0861,1.0984,6349
2008-08-25,1.0983,1.1028,1.0922,1.0955,11066
2008-08-26,1.0954,1.1084,1.0953,1.1,13596
2008-08-27,1.1001,1.1023,1.0915,1.0973,12876
2008-08-28,1.0974,1.1012,1.0882,1.0998,14748
2008-08-29,1.0997,1.1038000000000001,1.0923,1.1013,12697
2008-09-01,1.0981,1.1045,1.0948,1.1023,10549
2008-09-02,1.102,1.1128,1.1009,1.1065,16656
2008-09-03,1.1064,1.117,1.1042,1.106,16147
2008-09-04,1.1059,1.1175,1.1007,1.1132,19682
2008-09-05,1.1131,1.119,1.1065,1.1186,20872
2008-09-08,1.1173,1.137,1.1125,1.1316,21941
2008-09-09,1.1313,1.1363,1.1213,1.1280000000000001,22889
2008-09-10,1.1279,1.1396,1.1241,1.1388,20427
2008-09-11,1.1387,1.1416,1.1335,1.1367,21476
2008-09-12,1.1375,1.1400000000000001,1.129,1.1303,20368
2008-09-15,1.1198,1.1278,1.1056,1.113,29460
2008-09-16,1.1128,1.1247,1.1045,1.1241,31244
2008-09-17,1.1239,1.1245,1.0991,1.1034,29648
2008-09-18,1.1031,1.111,1.0899,1.1069,31592
2008-09-19,1.1068,1.1279,1.1006,1.1053,26039
2008-09-22,1.1036,1.1051,1.0694,1.0726,20391
2008-09-23,1.0729,1.0887,1.0724,1.0854,15300
2008-09-24,1.0856,1.0934,1.0803,1.0919,15396
2008-09-25,1.0918,1.094,1.08,1.0894,16482
2008-09-26,1.0895,1.091,1.0828,1.0899,16782
2008-09-29,1.0947,1.1086,1.0812,1.0892,20376
2008-09-30,1.0896,1.1246,1.0895,1.1204,21208
2008-10-01,1.1204,1.129,1.1144,1.1255,21859
2008-10-02,1.1256,1.1412,1.1248,1.137,23957
2008-10-03,1.1371,1.1400000000000001,1.1217,1.1284,22966
2008-10-06,1.137,1.1486,1.1279,1.148,32822
2008-10-07,1.1477,1.1485,1.1359,1.1375,30554
2008-10-08,1.1379,1.1441,1.1209,1.1275,35979
2008-10-09,1.1276,1.1341,1.1226,1.1274,29216
2008-10-10,1.1275,1.1409,1.1128,1.1388,27718
2008-10-13,1.1301,1.1439,1.1245,1.1375,20911
2008-10-14,1.1376,1.138,1.1272,1.1363,20336
2008-10-15,1.1360999999999999,1.1405,1.1295,1.1317,26203
2008-10-16,1.1316,1.1488,1.1280000000000001,1.135,30661
2008-10-17,1.1352,1.1394,1.129,1.1369,19069
2008-10-20,1.1360999999999999,1.1521,1.1322,1.1505,18770
2008-10-21,1.1504,1.1589,1.1487,1.1525,22106
2008-10-22,1.1524,1.171,1.1507,1.1643,27139
2008-10-23,1.1641,1.1696,1.1559,1.158,25859
2008-10-24,1.1581,1.1746,1.1481,1.167,34999
2008-10-27,1.1623,1.1709,1.1519,1.1565,26616
2008-10-28,1.1564,1.1654,1.1512,1.1527,26933
2008-10-29,1.1528,1.1581,1.1257,1.1306,29015
2008-10-30,1.131,1.1477,1.1208,1.1421999999999999,27125
2008-10-31,1.1423,1.1681,1.1356,1.159,25952
2008-11-03,1.1556,1.1788,1.1474,1.1787,24010
2008-11-04,1.1786,1.18,1.1566,1.1625,32303
2008-11-05,1.1623999999999999,1.1745,1.1549,1.1589,36982
2008-11-06,1.1588,1.1795,1.157,1.1791,33465
2008-11-07,1.1792,1.1797,1.1679,1.1787,19528
2008-11-10,1.1739,1.1801,1.1712,1.1783,21554
2008-11-11,1.1784,1.1881,1.1722,1.1874,21310
2008-11-12,1.1875,1.1894,1.1759,1.1872,26664
2008-11-13,1.1874,1.2,1.1825,1.1881,27880
2008-11-14,1.188,1.199,1.184,1.195,23751
2008-11-17,1.199,1.2006000000000001,1.1887,1.199,24236
2008-11-18,1.1991,1.2044,1.1965,1.2024,20634
2008-11-19,1.2023,1.2145,1.1941,1.2125,20817
2008-11-20,1.2129,1.2275,1.2101,1.2235,23952
2008-11-21,1.2241,1.2296,1.2172,1.2227000000000001,20333
2008-11-24,1.2209,1.2223,1.192,1.193,21659
2008-11-25,1.1931,1.2061,1.1828,1.1838,23434
2008-11-26,1.184,1.2077,1.184,1.2019,20840
2008-11-27,1.2021,1.2035,1.1953,1.2005,13309
2008-11-28,1.2004,1.2198,1.196,1.2134,15371
2008-12-01,1.2141,1.215,1.2019,1.2039,13893
2008-12-02,1.204,1.2094,1.1995,1.206,13714
2008-12-03,1.2061,1.2168,1.2049,1.2086999999999999,13628
2008-12-04,1.2086000000000001,1.2186,1.1924,1.1949,14003
2008-12-05,1.195,1.2248,1.1948,1.2201,14247
2008-12-08,1.2198,1.2208,1.2017,1.2048,12945
2008-12-09,1.2049,1.2175,1.2006000000000001,1.2051,11838
2008-12-10,1.2054,1.2082,1.1925,1.1975,10457
2008-12-11,1.1976,1.1998,1.1789,1.1844999999999999,13228
2008-12-12,1.1846,1.1864,1.1739,1.1768,14106
2008-12-15,1.1739,1.1746,1.156,1.1576,18534
2008-12-16,1.1577,1.1585,1.1142,1.1192,14333
2008-12-17,1.1194,1.1243,1.0712,1.0735,18439
2008-12-18,1.0732,1.0866,1.041,1.0816,27363
2008-12-19,1.0815,1.113,1.074,1.1035,23450
2008-12-22,1.1038000000000001,1.1044,1.088,1.0923,20250
2008-12-23,1.0921,1.0945,1.0829,1.0884,16018
2008-12-24,1.0883,1.0886,1.0713,1.0746,10313
2008-12-26,1.0755,1.0764,1.0667,1.0698,4472
2008-12-29,1.0661,1.067,1.037,1.06,13154
2008-12-30,1.0603,1.0634,1.0486,1.0559,12850
2008-12-31,1.0558,1.074,1.054,1.0708,9432
2009-01-02,1.0618,1.0843,1.0618,1.0811,7374
2009-01-05,1.0812,1.1122,1.0706,1.1106,15543
2009-01-06,1.1105,1.1277,1.1072,1.1162,15776
2009-01-07,1.1161,1.1206,1.0867,1.101,15580
2009-01-08,1.1009,1.1082,1.0864,1.0934,16846
2009-01-09,1.0933,1.1186,1.0887,1.1142,21264
2009-01-12,1.1114,1.1241,1.1096,1.1143,19909
2009-01-13,1.1144,1.1252,1.1136,1.1191,21844
2009-01-14,1.1192,1.1238,1.1121,1.1178,20680
2009-01-15,1.1175,1.1287,1.1134,1.1236,23161
2009-01-16,1.1237,1.1237,1.1108,1.1161,19405
2009-01-19,1.1136,1.1367,1.1121,1.1345,16654
2009-01-20,1.1344,1.1517,1.1315,1.1494,25011
2009-01-21,1.1493,1.1614,1.138,1.1509,24303
2009-01-22,1.151,1.1595,1.1508,1.1532,23395
2009-01-23,1.1524,1.1714,1.1519,1.154,20503
2009-01-26,1.1562999999999999,1.1642000000000001,1.1328,1.1349,20418
2009-01-27,1.1348,1.1434,1.1313,1.1414,22277
2009-01-28,1.1413,1.1564,1.1329,1.1526,24445
2009-01-29,1.1528,1.1579,1.1406,1.1544,21582
2009-01-30,1.1543,1.1658,1.1515,1.1617,22363
2009-02-02,1.1636,1.1683,1.1576,1.1625,18294
2009-02-03,1.1623999999999999,1.1665,1.1399,1.1442,21591
2009-02-04,1.1443,1.1635,1.141,1.1596,21585
2009-02-05,1.1597,1.1727,1.1571,1.172,19168
2009-02-06,1.1719,1.1742,1.1591,1.1621,17916
2009-02-09,1.15985,1.1677,1.1501000000000001,1.16415,31569
2009-02-10,1.16405,1.17785,1.1503,1.156,28539
2009-02-11,1.1559,1.1631,1.1509,1.15985,23218
2009-02-12,1.15975,1.1713,1.15585,1.16035,23482
2009-02-13,1.16045,1.1659,1.1559,1.16055,18934
2009-02-16,1.1635,1.1703999999999999,1.1578,1.1601,15341
2009-02-17,1.1604,1.17775,1.15954,1.1697,26470
2009-02-18,1.1698,1.1825,1.16495,1.17527,23761
2009-02-19,1.1753,1.1797,1.1701,1.1721,24203
2009-02-20,1.1722,1.1883,1.1459,1.156,23173
2009-02-23,1.15751,1.16955,1.14605,1.16792,39375
2009-02-24,1.16804,1.1712,1.15318,1.1583700000000001,48340
2009-02-25,1.15834,1.17405,1.15475,1.16982,38746
2009-02-26,1.16957,1.17275,1.15945,1.1646,34600
2009-02-27,1.16455,1.1759,1.16115,1.16827,38571
2009-03-02,1.17165,1.1794,1.17015,1.1768,37602
2009-03-03,1.17672,1.1786,1.16818,1.17699,37786
2009-03-04,1.17696,1.1847699999999999,1.1642299999999999,1.16759,43351
2009-03-05,1.16793,1.18083,1.16727,1.17056,41833
2009-03-06,1.17069,1.17106,1.14837,1.15798,48642
2009-03-09,1.15749,1.16805,1.15327,1.15995,42805
2009-03-10,1.15999,1.16493,1.14304,1.15936,48274
2009-03-11,1.1592,1.1675,1.15192,1.15432,45993
2009-03-12,1.15425,1.19631,1.14951,1.18784,51489
2009-03-13,1.18783,1.1933,1.18334,1.18499,46515
2009-03-16,1.1908,1.19108,1.18029,1.18532,44151
2009-03-17,1.18541,1.19003,1.1801,1.18035,45909
2009-03-18,1.1804000000000001,1.18302,1.1375899999999999,1.1402,53272
2009-03-19,1.14021,1.1456,1.11585,1.12408,59847
2009-03-20,1.12396,1.12965,1.11679,1.12685,41346
2009-03-23,1.12352,1.1341,1.117,1.12472,36119
2009-03-24,1.12463,1.1323400000000001,1.1207,1.1294,45499
2009-03-25,1.1293,1.13267,1.11685,1.12111,40029
2009-03-26,1.12117,1.1287,1.11809,1.1268,34931
2009-03-27,1.1267,1.14787,1.12218,1.1438,34790
2009-03-30,1.14908,1.15477,1.14379,1.1484,36463
2009-03-31,1.14842,1.15155,1.13555,1.13897,42351
2009-04-01,1.13893,1.15051,1.13694,1.14609,36288
2009-04-02,1.14602,1.14855,1.13009,1.13375,36846
2009-04-03,1.1338300000000001,1.13894,1.12955,1.13086,30928
2009-04-06,1.12963,1.14058,1.12398,1.1367,33999
2009-04-07,1.1366,1.14817,1.13448,1.14255,36991
2009-04-08,1.14253,1.15168,1.14138,1.14715,32894
2009-04-09,1.14716,1.16028,1.14264,1.15628,33616
2009-04-10,1.15618,1.1622,1.15414,1.15443,14631
2009-04-13,1.15509,1.16068,1.13033,1.13293,23548
2009-04-14,1.13292,1.14468,1.13205,1.13712,35480
2009-04-15,1.13721,1.14858,1.1366,1.14373,36031
2009-04-16,1.14378,1.15186,1.1398,1.14703,38199
2009-04-17,1.14716,1.16872,1.14578,1.16495,39833
2009-04-20,1.16662,1.17403,1.16545,1.16868,38907
2009-04-21,1.16876,1.1718,1.16347,1.1676199999999999,41362
2009-04-22,1.1677,1.172,1.15965,1.16358,38783
2009-04-23,1.1636,1.16738,1.15004,1.1513200000000001,40618
2009-04-24,1.15107,1.15251,1.13479,1.139,39641
2009-04-27,1.13816,1.16029,1.13603,1.1565,41903
2009-04-28,1.1564,1.15953,1.14182,1.14388,41687
2009-04-29,1.14386,1.1445,1.13001,1.1368800000000001,44289
2009-04-30,1.13681,1.14318,1.12698,1.14102,45795
2009-05-01,1.14103,1.1411,1.13334,1.13574,27516
2009-05-04,1.13503,1.142,1.12508,1.1255600000000001,34105
2009-05-05,1.1256,1.13595,1.12443,1.13378,43909
2009-05-06,1.13379,1.13848,1.12863,1.13297,45797
2009-05-07,1.13294,1.14206,1.1252,1.13028,46604
2009-05-08,1.13029,1.13353,1.10488,1.10576,46034
2009-05-11,1.10398,1.1104,1.10194,1.11003,39975
2009-05-12,1.10998,1.11046,1.10026,1.10538,44098
2009-05-13,1.10543,1.10988,1.09769,1.10723,47267
2009-05-14,1.10707,1.11218,1.10255,1.10434,47423
2009-05-15,1.10438,1.1246,1.1037,1.1213,51054
2009-05-18,1.1221,1.1262,1.1138,1.1142,50725
2009-05-19,1.1143,1.1162,1.1069,1.1093,58386
2009-05-20,1.1093,1.1127,1.0967,1.101,66154
2009-05-21,1.1011,1.1055,1.0915,1.0924,61918
2009-05-22,1.0925,1.0929,1.0811,1.0856,73403
2009-05-25,1.0845,1.0871,1.0817,1.0827,43117
2009-05-26,1.0828,1.0925,1.0812,1.0836999999999999,73531
2009-05-27,1.0836,1.0935,1.0809,1.0924,77519
2009-05-28,1.0924,1.0952,1.0803,1.0851,79850
2009-05-29,1.0851,1.0858,1.0655000000000001,1.0667,79881
2009-06-01,1.067,1.0723,1.0619,1.0706,76244
2009-06-02,1.0705,1.0742,1.0591,1.0613,81067
2009-06-03,1.0613,1.0745,1.0601,1.0711,90280
2009-06-04,1.0711,1.076,1.064,1.0692,86612
2009-06-05,1.0693,1.0905,1.0663,1.0855,82453
2009-06-08,1.0874,1.0985,1.0835,1.0914,77096
2009-06-09,1.0913,1.0952,1.0761,1.0774,79984
2009-06-10,1.0775,1.0856,1.0719,1.0819,81621
2009-06-11,1.0819,1.0836999999999999,1.065,1.071,86554
2009-06-12,1.0711,1.0847,1.0686,1.0792,34018
2009-06-15,1.0809,1.0949,1.0782,1.0926,18099
2009-06-16,1.0925,1.0956,1.0821,1.0884,18544
2009-06-17,1.0885,1.0924,1.0785,1.0798,13917
2009-06-18,1.0799,1.0897000000000001,1.0761,1.0857,16645
2009-06-19,1.0858,1.0892,1.0765,1.0812,11889
2009-06-22,1.0802,1.0896,1.0796000000000001,1.0865,12077
2009-06-23,1.0866,1.0881,1.0642,1.0669,14684
2009-06-24,1.0668,1.1022,1.0631,1.0981,22074
2009-06-25,1.09808,1.10133,1.09206,1.09312,63564
2009-06-26,1.09323,1.09454,1.07959,1.08349,69140
2009-06-29,1.08291,1.0911,1.0808,1.08331,63393
2009-06-30,1.08328,1.08894,1.07774,1.08581,69009
2009-07-01,1.08584,1.08844,1.07122,1.07419,65230
2009-07-02,1.07434,1.0901,1.07395,1.0888,48730
2009-07-03,1.0887,1.0894,1.0829,1.0865,8110
2009-07-06,1.0881,1.0956,1.0836999999999999,1.0854,12910
2009-07-07,1.0853,1.0914,1.08,1.0888,11943
2009-07-08,1.0889,1.0941,1.0876,1.0906,14973
2009-07-09,1.0907,1.0915,1.075,1.0784,13873
2009-07-10,1.0785,1.0923,1.078,1.0863,12698
2009-07-13,1.0851,1.0889,1.0808,1.0826,12173
2009-07-14,1.0827,1.0939,1.0805,1.0879,20120
2009-07-15,1.0882,1.0893,1.0722,1.0749,13305
2009-07-16,1.0748,1.0789,1.0702,1.0733,12220
2009-07-17,1.0734,1.0817,1.0733,1.0767,11753
2009-07-20,1.0757,1.0758,1.0657,1.0678,13139
2009-07-21,1.0679,1.0716,1.0623,1.0666,13026
2009-07-22,1.0665,1.0714,1.063,1.0668,12101
2009-07-23,1.0667,1.0771,1.0632,1.0746,13630
2009-07-24,1.0747,1.0757,1.0673,1.0717,10044
2009-07-27,1.0698,1.0741,1.0653,1.07,9033
2009-07-28,1.0701,1.0796000000000001,1.0657,1.0752,9906
2009-07-29,1.0753,1.0907,1.0731,1.088,12288
2009-07-30,1.0879,1.0933,1.0841,1.0882,11560
2009-07-31,1.0881,1.0891,1.0658,1.0684,10809
2009-08-03,1.0676,1.0691,1.0562,1.0589,6412
2009-08-04,1.0588,1.0645,1.0578,1.0606,9535
2009-08-05,1.0607,1.0659,1.0585,1.0613,10238
2009-08-06,1.0612,1.068,1.0602,1.065,10553
2009-08-07,1.0649,1.0844,1.058,1.081,12833
2009-08-10,1.0819,1.0883,1.0796999999999999,1.0848,10540
2009-08-11,1.0849,1.0864,1.079,1.0817,8290
2009-08-12,1.0818,1.0844,1.0732,1.0767,11027
2009-08-13,1.0766,1.0768,1.0675,1.0706,10627
2009-08-14,1.0705,1.0751,1.0671,1.0719,8739
2009-08-17,1.0734,1.0834,1.0728,1.0786,9541
2009-08-18,1.0787,1.0801,1.0742,1.0757,8199
2009-08-19,1.0758,1.078,1.0623,1.065,9713
2009-08-20,1.0649,1.0683,1.0619,1.0636,8155
2009-08-21,1.0635,1.0655000000000001,1.0553,1.0583,8308
2009-08-24,1.0568,1.0629,1.0563,1.0617,6322
2009-08-25,1.0616,1.0639,1.0564,1.0615,8020
2009-08-26,1.0614,1.0714,1.058,1.0684,8328
2009-08-27,1.0683,1.0704,1.0531,1.0588,8335
2009-08-28,1.0587,1.0617,1.0539,1.0597,7942
2009-08-31,1.06,1.0635,1.0555,1.0592,6862
2009-09-01,1.059,1.0703,1.0543,1.0655000000000001,48151
2009-09-02,1.0654,1.0684,1.058,1.061,46692
2009-09-03,1.0611,1.0635,1.0545,1.0618,43519
2009-09-04,1.0618,1.0697,1.0577,1.0605,41494
2009-09-07,1.0606,1.0606,1.0556,1.0594,32425
2009-09-08,1.0594999999999999,1.0601,1.0432,1.0464,46772
2009-09-09,1.0464,1.0487,1.0382,1.0404,26916
2009-09-10,1.0405,1.046,1.0357,1.0385,7655
2009-09-11,1.0386,1.0397,1.0339,1.0383,7625
2009-09-14,1.036,1.0421,1.0328,1.0337,7743
2009-09-15,1.0338,1.0417,1.0322,1.0344,7953
2009-09-16,1.0345,1.0367,1.0296,1.0319,7567
2009-09-17,1.032,1.0351,1.0273,1.0282,7703
2009-09-18,1.0283,1.0345,1.0275,1.0294,6449
2009-09-21,1.0306,1.0388,1.0289,1.0323,7105
2009-09-22,1.0322,1.0324,1.0214,1.0238,7682
2009-09-23,1.0237,1.0295,1.0185,1.0294,9031
2009-09-24,1.0293,1.0322,1.0207,1.0293,9084
2009-09-25,1.0292,1.034,1.0242,1.0274,8872
2009-09-28,1.0269,1.0373,1.025,1.0326,8633
2009-09-29,1.0327,1.0403,1.0312,1.0361,8688
2009-09-30,1.036,1.0448,1.0282,1.0357,9970
2009-10-01,1.0356,1.0451,1.0336,1.0409,9204
2009-10-02,1.041,1.0435,1.0309,1.035,8440
2009-10-05,1.0341,1.0356,1.0305,1.032,5742
2009-10-06,1.0319,1.0322,1.0236,1.0269,22383
2009-10-07,1.0268,1.0358,1.0257,1.0329,7200
2009-10-08,1.0328,1.0332,1.0234,1.0261,8117
2009-10-09,1.0262,1.035,1.0259,1.0312,7616
2009-10-12,1.0314,1.0351,1.0232,1.0264,5472
2009-10-13,1.0263,1.0276,1.0192,1.0215,7168
2009-10-14,1.0214,1.0226,1.0127,1.014,7119
2009-10-15,1.0141,1.0194,1.0116,1.0153,6990
2009-10-16,1.0152,1.0222,1.0128,1.0181,7596
2009-10-19,1.0186,1.0227,1.0102,1.0112,6612
2009-10-20,1.0113,1.0166,1.0081,1.0122,6921
2009-10-21,1.0121,1.0152,1.0034,1.0063,6848
2009-10-22,1.0054,1.0121,1.0039,1.0048,6234
2009-10-23,1.0049,1.01,1.0032,1.0086,7143
2009-10-26,1.0077,1.02,1.0051,1.0186,6214
2009-10-27,1.0185,1.0249,1.0148,1.0215,7245
2009-10-28,1.0216,1.0275,1.0191,1.0263,7882
2009-10-29,1.0264,1.0285,1.0166,1.0181,7795
2009-10-30,1.0181499999999999,1.02749,1.01563,1.02623,52882
2009-10-31,1.0262,1.0262,1.0262,1.0262,1
2009-11-02,1.02421,1.02669,1.01645,1.02158,55093
2009-11-03,1.02155,1.03374,1.01944,1.02625,54036
2009-11-04,1.02624,1.02757,1.01272,1.01484,52811
2009-11-05,1.01486,1.01926,1.01319,1.01611,52019
2009-11-06,1.01612,1.02008,1.01261,1.0172,45192
2009-11-09,1.01541,1.0172,1.00543,1.00786,45038
2009-11-10,1.00779,1.01085,1.00602,1.00767,45556
2009-11-11,1.00768,1.00986,1.00345,1.00774,50174
2009-11-12,1.00772,1.01929,1.00584,1.01734,57293
2009-11-13,1.01735,1.01848,1.01014,1.01239,48501
2009-11-16,1.01163,1.01396,1.00466,1.0077,51002
2009-11-17,1.00771,1.02081,1.00599,1.01676,58906
2009-11-18,1.0167,1.01673,1.00765,1.00996,51292
2009-11-19,1.00997,1.01944,1.00977,1.01345,57996
2009-11-20,1.01343,1.02224,1.0122,1.01786,55241
2009-11-23,1.0185,1.01855,1.00715,1.00994,47815
2009-11-24,1.01001,1.01518,1.00755,1.00876,50376
2009-11-25,1.00888,1.00941,0.99549,0.99629,41008
2009-11-26,0.99635,1.00693,0.99167,1.00331,46907
2009-11-27,1.00326,1.01753,1.00246,1.00576,57933
2009-11-30,1.0043,1.00749,0.99932,1.00499,50133
2009-12-01,1.00496,1.00738,0.99692,0.99969,43059
2009-12-02,0.99968,1.00254,0.99782,1.00181,36554
2009-12-03,1.0018,1.00186,0.99593,1.00092,38951
2009-12-04,1.0009,1.01908,0.99862,1.0165,42068
2009-12-07,1.0155,1.02436,1.01362,1.01939,63077
2009-12-08,1.0194,1.02855,1.01635,1.02677,69517
2009-12-09,1.02681,1.02984,1.02182,1.02571,54412
2009-12-10,1.02571,1.02999,1.02367,1.02563,40305
2009-12-11,1.02571,1.03672,1.02345,1.03435,37011
2009-12-14,1.03527,1.03528,1.02943,1.03177,39464
2009-12-15,1.03171,1.04283,1.03113,1.04033,37288
2009-12-16,1.04031,1.04245,1.03448,1.03864,38838
2009-12-17,1.03867,1.05066,1.03822,1.04678,45912
2009-12-18,1.04675,1.04953,1.03866,1.04249,44625
2009-12-21,1.0406,1.04808,1.03922,1.04601,35620
2009-12-22,1.04604,1.05026,1.04415,1.04814,34847
2009-12-23,1.04824,1.0497,1.0359,1.03935,31549
2009-12-24,1.03932,1.03956,1.03202,1.03872,20339
2009-12-28,1.03622,1.03876,1.03272,1.0352,22265
2009-12-29,1.03518,1.03841,1.0278100000000001,1.0366900000000001,31645
2009-12-30,1.03672,1.04206,1.03503,1.0364,30879
2009-12-31,1.03637,1.03837,1.02844,1.03454,26908
2010-01-04,1.03472,1.04186,1.02625,1.02993,42580
2010-01-05,1.02995,1.0359,1.02519,1.0337,43673
2010-01-06,1.03371,1.03787,1.02479,1.02804,41920
2010-01-07,1.02803,1.03699,1.02437,1.03482,42207
2010-01-08,1.03484,1.03835,1.0225,1.02362,32653
2010-01-11,1.02376,1.02396,1.01319,1.01598,43026
2010-01-12,1.01599,1.02074,1.01443,1.0182,40684
2010-01-13,1.01823,1.02183,1.01369,1.01859,41490
2010-01-14,1.018,1.02325,1.01593,1.01863,40536
2010-01-15,1.01857,1.02856,1.01798,1.02518,45240
2010-01-18,1.02797,1.02906,1.0235,1.02476,33429
2010-01-19,1.02475,1.03542,1.02273,1.03258,47265
2010-01-20,1.03251,1.04616,1.0323,1.04379,53629
2010-01-21,1.04378,1.04946,1.04034,1.0425200000000001,55886
2010-01-22,1.04273,1.04429,1.03746,1.04116,52032
2010-01-25,1.04052,1.04232,1.03673,1.0396,43890
2010-01-26,1.03973,1.04909,1.0378,1.04602,50011
2010-01-27,1.04602,1.05242,1.04461,1.04915,51038
2010-01-28,1.04919,1.05538,1.04759,1.05241,51447
2010-01-29,1.05243,1.06404,1.04819,1.06052,52388
2010-02-01,1.06143,1.06226,1.05529,1.05593,45069
2010-02-02,1.05594,1.0606,1.05406,1.05506,43549
2010-02-03,1.05506,1.05991,1.04972,1.05854,45499
2010-02-04,1.05879,1.06741,1.05798,1.06671,47231
2010-02-05,1.06671,1.07937,1.06461,1.07232,59648
2010-02-08,1.0752,1.0772,1.06831,1.07295,47959
2010-02-09,1.07298,1.07458,1.06083,1.06413,52492
2010-02-10,1.06413,1.07198,1.06176,1.06756,47976
2010-02-11,1.06763,1.07818,1.06261,1.07056,48333
2010-02-12,1.07054,1.08269,1.06993,1.07536,49370
2010-02-15,1.07679,1.08025,1.07531,1.0774,30891
2010-02-16,1.07742,1.07879,1.06525,1.06642,44565
2010-02-17,1.06638,1.07972,1.06465,1.0783,45604
2010-02-18,1.07833,1.08636,1.0748,1.08624,49782
2010-02-19,1.08621,1.08975,1.0749,1.07548,48991
2010-02-22,1.07676,1.07872,1.07383,1.07555,43876
2010-02-23,1.07565,1.08477,1.07145,1.08335,51483
2010-02-24,1.08325,1.08416,1.07383,1.08086,50448
2010-02-25,1.08085,1.08777,1.07835,1.08072,52080
2010-02-26,1.0807,1.08156,1.06942,1.07327,49895
2010-03-01,1.07422,1.08703,1.07195,1.07852,53374
2010-03-02,1.07856,1.08868,1.07424,1.07524,51631
2010-03-03,1.07525,1.07626,1.06481,1.06791,53217
2010-03-04,1.06791,1.07947,1.06683,1.07709,47816
2010-03-05,1.07709,1.08091,1.0734,1.07398,42003
2010-03-08,1.07352,1.07475,1.06748,1.07353,32772
2010-03-09,1.0735,1.08032,1.0726,1.07491,36332
2010-03-10,1.07491,1.07935,1.06843,1.06993,33914
2010-03-11,1.06992,1.07302,1.06807,1.06846,31230
2010-03-12,1.06845,1.06953,1.05758,1.05764,34271
2010-03-15,1.0588899999999999,1.0639,1.05779,1.06196,32060
2010-03-16,1.06188,1.0625499999999999,1.0533,1.05513,37484
2010-03-17,1.05513,1.05646,1.05064,1.05426,35801
2010-03-18,1.0543,1.06461,1.05325,1.05762,39708
2010-03-19,1.05734,1.06342,1.05394,1.06125,35993
2010-03-22,1.06073,1.06604,1.05619,1.05802,39969
2010-03-23,1.05799,1.06374,1.05463,1.05745,41935
2010-03-24,1.05758,1.07378,1.05579,1.07202,44481
2010-03-25,1.07199,1.07504,1.06729,1.07403,37915
2010-03-26,1.07402,1.07403,1.06354,1.065,41365
2010-03-29,1.06003,1.06893,1.05921,1.06273,34924
2010-03-30,1.06267,1.06796,1.0587,1.06598,34364
2010-03-31,1.06604,1.06832,1.04885,1.05387,39890
2010-04-01,1.05386,1.06095,1.04343,1.05401,38575
2010-04-02,1.0539,1.06423,1.05381,1.06076,20872
2010-04-05,1.06158,1.06431,1.05836,1.06231,22832
2010-04-06,1.06229,1.07211,1.06129,1.06902,35860
2010-04-07,1.06907,1.07465,1.06796,1.07383,34834
2010-04-08,1.07375,1.0785,1.0715,1.07305,36603
2010-04-09,1.07303,1.07616,1.0655000000000001,1.06561,37045
2010-04-12,1.05861,1.06156,1.055,1.05987,41553
2010-04-13,1.05987,1.06023,1.05332,1.05379,37066
2010-04-14,1.05383,1.05598,1.05014,1.05169,38506
2010-04-15,1.05167,1.06113,1.0506199999999999,1.05586,35616
2010-04-16,1.05584,1.06326,1.05581,1.06126,39571
2010-04-19,1.06288,1.06893,1.0614,1.06288,36067
2010-04-20,1.06301,1.06893,1.06018,1.0679400000000001,34768
2010-04-21,1.068,1.07236,1.06583,1.07007,34148
2010-04-22,1.0701,1.07984,1.06731,1.07817,39705
2010-04-23,1.07809,1.08491,1.0714299999999999,1.07281,43892
2010-04-26,1.07456,1.07865,1.06993,1.07131,40135
2010-04-27,1.07138,1.0898,1.07023,1.08855,49199
2010-04-28,1.0883,1.09233,1.08141,1.08544,57152
2010-04-29,1.08525,1.08678,1.0806499999999999,1.08316,44818
2010-04-30,1.0833,1.08455,1.07468,1.07745,39892
2010-05-03,1.07568,1.08885,1.07536,1.08597,32021
2010-05-04,1.08609,1.10483,1.08403,1.10416,45161
2010-05-05,1.10423,1.11958,1.10225,1.11762,54405
2010-05-06,1.11744,1.12448,1.10168,1.1131,71901
2010-05-07,1.11314,1.11753,1.105,1.10791,82134
2010-05-10,1.09991,1.11161,1.09228,1.10978,84144
2010-05-11,1.10982,1.11323,1.10353,1.11233,71385
2010-05-12,1.11228,1.11378,1.10587,1.11023,61341
2010-05-13,1.11048,1.1192,1.10767,1.11846,48561
2010-05-14,1.11839,1.13354,1.11507,1.13346,58435
2010-05-17,1.13397,1.14447,1.12976,1.13101,148544
2010-05-18,1.13101,1.15147,1.12672,1.15041,74319
2010-05-19,1.15046,1.1584,1.1423,1.1508,47213
2010-05-20,1.1514,1.1572,1.14519,1.15145,45112
2010-05-21,1.15136,1.15797,1.14492,1.14951,65884
2010-05-24,1.15012,1.16182,1.149,1.1605,47993
2010-05-25,1.16018,1.1695,1.15216,1.15489,49247
2010-05-26,1.15494,1.1623,1.15143,1.16062,48241
2010-05-27,1.16044,1.16547,1.14846,1.15168,53819
2010-05-28,1.15164,1.15955,1.14802,1.15897,51048
2010-05-31,1.15761,1.15916,1.15346,1.1551,36614
2010-06-01,1.15515,1.17298,1.14707,1.15724,65108
2010-06-02,1.15713,1.16018,1.15273,1.15468,55897
2010-06-03,1.15468,1.15716,1.14981,1.15686,50755
2010-06-04,1.15686,1.16432,1.14297,1.16193,53191
2010-06-07,1.1637,1.16723,1.15839,1.16327,61000
2010-06-08,1.16327,1.16403,1.14853,1.15327,60331
2010-06-09,1.15316,1.15542,1.14152,1.1482,52192
2010-06-10,1.14808,1.1503,1.1397599999999999,1.14325,56504
2010-06-11,1.14329,1.15454,1.1406100000000001,1.1492,62252
2010-06-14,1.14866,1.14883,1.13497,1.14263,46884
2010-06-15,1.14265,1.14789,1.12921,1.1335899999999999,83979
2010-06-16,1.1335899999999999,1.1338300000000001,1.12494,1.13167,41664
2010-06-17,1.13167,1.13286,1.10948,1.11201,44016
2010-06-18,1.11198,1.11298,1.1081,1.10833,37645
2010-06-21,1.10242,1.11364,1.10083,1.11142,49806
2010-06-22,1.11129,1.11195,1.10352,1.10745,46416
2010-06-23,1.10753,1.11365,1.10204,1.10518,34775
2010-06-24,1.10523,1.10662,1.09837,1.1019700000000001,43184
2010-06-25,1.10199,1.10462,1.09208,1.09264,33875
2010-06-28,1.09345,1.09377,1.08162,1.08671,36143
2010-06-29,1.08669,1.09012,1.0801,1.08173,34435
2010-06-30,1.08165,1.0854300000000001,1.07517,1.0777,39808
2010-07-01,1.07759,1.07876,1.05778,1.05955,45181
2010-07-02,1.05953,1.06951,1.05849,1.06259,39668
2010-07-05,1.06383,1.0673,1.06184,1.0647,24873
2010-07-06,1.06465,1.06657,1.0561,1.0594999999999999,36110
2010-07-07,1.05949,1.06358,1.0508,1.05207,33104
2010-07-08,1.0520100000000001,1.0563,1.04799,1.04943,32088
2010-07-09,1.04947,1.05917,1.0489,1.05758,26412
2010-07-12,1.05539,1.06749,1.05429,1.0604,29525
2010-07-13,1.06037,1.06454,1.05143,1.05431,90123
2010-07-14,1.0544,1.06165,1.05096,1.05113,31725
2010-07-15,1.0511,1.05459,1.04003,1.04153,35638
2010-07-16,1.04148,1.05412,1.03992,1.05049,31797
2010-07-19,1.0483,1.05596,1.04465,1.0543,30017
2010-07-20,1.05433,1.05549,1.04515,1.05194,31890
2010-07-21,1.05198,1.05418,1.04844,1.05063,32910
2010-07-22,1.05058,1.05101,1.03936,1.04321,33365
2010-07-23,1.04321,1.05624,1.04067,1.05433,34086
2010-07-26,1.054,1.05549,1.04596,1.0487,30967
2010-07-27,1.04876,1.06391,1.04809,1.05986,32930
2010-07-28,1.05991,1.06227,1.05365,1.05666,33432
2010-07-29,1.05664,1.05785,1.03735,1.04108,31128
2010-07-30,1.04114,1.04656,1.03614,1.04101,33859
2010-08-02,1.04008,1.04751,1.0347,1.03907,27488
2010-08-03,1.03907,1.04131,1.03472,1.03943,27319
2010-08-04,1.03939,1.05536,1.03782,1.05343,29202
2010-08-05,1.05344,1.05409,1.04121,1.04626,27301
2010-08-06,1.04633,1.05073,1.03305,1.03883,26426
2010-08-09,1.0371,1.04978,1.0371,1.04872,23592
2010-08-10,1.04869,1.06174,1.04605,1.04802,34121
2010-08-11,1.04807,1.0624,1.04742,1.0604,35112
2010-08-12,1.06039,1.06054,1.04643,1.04979,33336
2010-08-13,1.04977,1.05475,1.04816,1.05089,29682
2010-08-16,1.04801,1.0533,1.03501,1.03933,33970
2010-08-17,1.03926,1.04469,1.03613,1.04335,32963
2010-08-18,1.04333,1.04512,1.03845,1.0424,29627
2010-08-19,1.0423499999999999,1.04578,1.02572,1.03219,37443
2010-08-20,1.0321,1.03917,1.02865,1.03384,31293
2010-08-23,1.03481,1.04142,1.03011,1.04125,28654
2010-08-24,1.04127,1.04497,1.02861,1.03165,36779
2010-08-25,1.03164,1.0328,1.02473,1.0296,35081
2010-08-26,1.02957,1.03177,1.02215,1.02378,33758
2010-08-27,1.02387,1.03042,1.02197,1.0278,32631
2010-08-30,1.0274,1.03083,1.02364,1.02569,24212
2010-08-31,1.02555,1.02593,1.01353,1.01423,33661
2010-09-01,1.01421,1.01811,1.0064,1.0157,27067
2010-09-02,1.01566,1.01841,1.00951,1.013,22677
2010-09-03,1.01304,1.02373,1.01196,1.01624,19868
2010-09-06,1.0164,1.01821,1.01055,1.01088,16488
2010-09-07,1.01094,1.01461,1.00791,1.01108,22689
2010-09-08,1.01115,1.01381,1.00599,1.01112,30040
2010-09-09,1.01114,1.01663,1.00989,1.0151,28810
2010-09-10,1.015,1.02769,1.01349,1.01963,34068
2010-09-13,1.01911,1.02053,1.00704,1.00745,33355
2010-09-14,1.00755,1.00859,0.99321,0.99585,36366
2010-09-15,0.99585,1.00478,0.99464,1.00286,36644
2010-09-16,1.00277,1.01697,0.99973,1.01573,34836
2010-09-17,1.0157,1.01814,1.007,1.00959,34924
2010-09-20,1.0105,1.0117,1.0028,1.00493,20836
2010-09-21,1.005,1.00735,0.99606,0.99707,33434
2010-09-22,0.99703,0.9982,0.98383,0.98663,28543
2010-09-23,0.98665,0.98987,0.98075,0.98554,33868
2010-09-24,0.9854,0.98801,0.978,0.98282,18138
2010-09-27,0.983,0.98702,0.98163,0.98595,29646
2010-09-28,0.98589,0.98772,0.9738,0.9759,35983
2010-09-29,0.97594,0.9814,0.97334,0.97688,29082
2010-09-30,0.9769,0.98388,0.97077,0.98338,41278
2010-10-01,0.98332,0.98423,0.97208,0.97356,43091
2010-10-04,0.9752,0.97888,0.9704,0.97108,38580
2010-10-05,0.9711,0.97379,0.96444,0.96642,40234
2010-10-06,0.96646,0.96836,0.95985,0.96169,36819
2010-10-07,0.96171,0.97001,0.95545,0.9663,39350
2010-10-08,0.96629,0.96962,0.95907,0.9637,32631
2010-10-11,0.9603,0.96625,0.9592,0.9642,19888
2010-10-12,0.96419,0.97272,0.95541,0.95734,36170
2010-10-13,0.95734,0.964,0.95443,0.95822,30705
2010-10-14,0.9582,0.95861,0.94626,0.95277,33116
2010-10-15,0.95291,0.96008,0.94854,0.95874,32351
2010-10-18,0.95803,0.96486,0.95411,0.95865,33658
2010-10-19,0.95868,0.97556,0.95773,0.97037,41291
2010-10-20,0.97038,0.97158,0.95715,0.96206,39261
2010-10-21,0.96199,0.96851,0.96107,0.96716,44404
2010-10-22,0.96725,0.98037,0.96593,0.97693,44883
2010-10-25,0.97688,0.97826,0.96624,0.97103,47793
2010-10-26,0.97102,0.98813,0.97018,0.984,55434
2010-10-27,0.98404,0.99281,0.98381,0.98981,57243
2010-10-28,0.98981,0.99052,0.98032,0.98305,49238
2010-10-29,0.98307,0.99094,0.98178,0.98218,57500
2010-11-01,0.98253,0.99706,0.98121,0.99183,58579
2010-11-02,0.99184,0.99316,0.97576,0.97932,56548
2010-11-03,0.97931,0.98228,0.96916,0.97167,70113
2010-11-04,0.97167,0.97365,0.95678,0.95817,72522
2010-11-05,0.95812,0.96401,0.95475,0.96109,63254
2010-11-08,0.96082,0.96806,0.96012,0.96601,65288
2010-11-09,0.96598,0.96958,0.95863,0.96799,71185
2010-11-10,0.96787,0.97657,0.96726,0.96992,71643
2010-11-11,0.96988,0.97853,0.96702,0.97518,67583
2010-11-12,0.97516,0.98124,0.97226,0.9808,77677
2010-11-15,0.97998,0.98704,0.97621,0.98483,68073
2010-11-16,0.98483,0.99748,0.98281,0.99642,86139
2010-11-17,0.99642,0.99748,0.98817,0.99153,79192
2010-11-18,0.99154,0.99968,0.98547,0.99574,80058
2010-11-19,0.99569,0.99964,0.98752,0.99224,72198
2010-11-22,0.99158,0.99405,0.98767,0.98786,81243
2010-11-23,0.98787,0.99741,0.98482,0.99652,93129
2010-11-24,0.99651,0.99878,0.9898,0.99595,91057
2010-11-25,0.99598,1.00194,0.9943,1.00023,72790
2010-11-26,1.00021,1.00528,0.99831,1.00323,77985
2010-11-29,1.00298,1.0045,0.99876,1.0009,84018
2010-11-30,1.00092,1.00419,0.99254,1.00356,99707
2010-12-01,1.00356,1.00655,0.99868,1.00268,96769
2010-12-02,1.00282,1.00531,0.98884,0.99269,92069
2010-12-03,0.99272,0.99494,0.97264,0.97343,83124
2010-12-06,0.97535,0.98737,0.97254,0.98199,84482
2010-12-07,0.98196,0.98831,0.97564,0.98749,88842
2010-12-08,0.98754,0.99143,0.98484,0.9858,88513
2010-12-09,0.98581,0.98937,0.98085,0.983,83991
2010-12-10,0.983,0.98402,0.97948,0.98078,71453
2010-12-13,0.98144,0.98505,0.96484,0.96833,74115
2010-12-14,0.96829,0.96893,0.95612,0.95954,80670
2010-12-15,0.95959,0.96949,0.95741,0.96734,83180
2010-12-16,0.96736,0.97328,0.96387,0.96459,77266
2010-12-17,0.96467,0.9719,0.95578,0.96861,81199
2010-12-20,0.97005,0.97191,0.96313,0.96501,77481
2010-12-21,0.965,0.96519,0.95621,0.9582,79231
2010-12-22,0.95824,0.95866,0.95025,0.95174,77278
2010-12-23,0.95176,0.96637,0.94966,0.95905,70334
2010-12-24,0.95905,0.9633,0.95544,0.96203,30963
2010-12-27,0.96092,0.96447,0.95738,0.96001,56816
2010-12-28,0.96001,0.96002,0.94347,0.9519,70284
2010-12-29,0.95189,0.9532,0.94377,0.94406,62064
2010-12-30,0.94408,0.94492,0.93431,0.93498,67777
2010-12-31,0.935,0.93958,0.92993,0.93432,52702
2011-01-03,0.93359,0.93824,0.93188,0.93377,65098
2011-01-04,0.93376,0.95159,0.9326,0.9478,83577
2011-01-05,0.9478,0.96843,0.94685,0.96571,86934
2011-01-06,0.96576,0.97071,0.96102,0.96527,76550
2011-01-07,0.96529,0.96895,0.96033,0.96697,82430
2011-01-10,0.96837,0.9726,0.96303,0.96772,77708
2011-01-11,0.9677,0.97826,0.96596,0.97359,84747
2011-01-12,0.97358,0.9755,0.96609,0.96645,88767
2011-01-13,0.96648,0.97631,0.96122,0.96416,85343
2011-01-14,0.96419,0.96863,0.96042,0.9632,82623
2011-01-17,0.96326,0.9676,0.9631,0.96503,71286
2011-01-18,0.96497,0.96555,0.95517,0.9634,87921
2011-01-19,0.96339,0.96457,0.95204,0.95585,90022
2011-01-20,0.95586,0.96831,0.95268,0.96723,92656
2011-01-21,0.96727,0.9686,0.95724,0.9581,85233
2011-01-24,0.95829,0.96221,0.94719,0.94873,80627
2011-01-25,0.94877,0.95218,0.94028,0.9423,94579
2011-01-26,0.9423,0.94643,0.94006,0.94282,85950
2011-01-27,0.94282,0.94807,0.93895,0.94603,88577
2011-01-28,0.94601,0.94706,0.9405,0.94165,83498
2011-01-31,0.94209,0.9448,0.93713,0.94414,85076
2011-02-01,0.94417,0.94545,0.93365,0.93531,87927
2011-02-02,0.93532,0.94409,0.93284,0.94034,81940
2011-02-03,0.94033,0.95239,0.93946,0.94586,80514
2011-02-04,0.94586,0.95925,0.94527,0.95496,54914
2011-02-07,0.95602,0.95961,0.95293,0.95567,57434
2011-02-08,0.95555,0.9642,0.95232,0.96293,51719
2011-02-09,0.96313,0.96601,0.95536,0.95775,51222
2011-02-10,0.95775,0.97017,0.95773,0.96931,68501
2011-02-11,0.96933,0.97741,0.9678,0.97298,52649
2011-02-14,0.9729,0.97434,0.9691,0.96993,68076
2011-02-15,0.96992,0.97285,0.96511,0.96698,65941
2011-02-16,0.9669,0.97378,0.95538,0.95964,71927
2011-02-17,0.95969,0.96012,0.94779,0.94953,61621
2011-02-18,0.94956,0.95384,0.94362,0.94427,63820
2011-02-21,0.94592,0.94885,0.94359,0.94658,60406
2011-02-22,0.94658,0.95048,0.93656,0.93828,84698
2011-02-23,0.93829,0.93911,0.93072,0.93302,75923
2011-02-24,0.93302,0.93307,0.92334,0.92537,83956
2011-02-25,0.92534,0.93176,0.92397,0.92804,73264
2011-02-28,0.92799,0.93056,0.92589,0.92851,74426
2011-03-01,0.92851,0.93213,0.92735,0.92813,80981
2011-03-02,0.92817,0.92901,0.92014,0.92353,73488
2011-03-03,0.92354,0.93266,0.9232,0.93164,77800
2011-03-04,0.93166,0.9328,0.92242,0.92442,61788
2011-03-07,0.92537,0.92748,0.92355,0.9264,68564
2011-03-08,0.9264,0.93628,0.92609,0.93513,68676
2011-03-09,0.93511,0.93684,0.92682,0.92954,66138
2011-03-10,0.92951,0.93618,0.92802,0.93192,75024
2011-03-11,0.93192,0.93565,0.92678,0.92963,72654
2011-03-14,0.92829,0.93158,0.92293,0.924,68892
2011-03-15,0.92402,0.92502,0.91404,0.91679,87496
2011-03-16,0.91679,0.9197,0.89216,0.90029,87556
2011-03-17,0.90029,0.90581,0.89641,0.89844,95551
2011-03-18,0.8984,0.90896,0.89759,0.90088,82625
2011-03-21,0.90144,0.90729,0.90127,0.90512,67128
2011-03-22,0.90513,0.90565,0.90122,0.90349,66854
2011-03-23,0.9035,0.90872,0.89775,0.90785,75526
2011-03-24,0.90783,0.91231,0.90292,0.90756,74346
2011-03-25,0.90758,0.92139,0.90753,0.91978,63373
2011-03-28,0.92061,0.92334,0.91518,0.91686,62720
2011-03-29,0.91684,0.92235,0.91393,0.9204,65793
2011-03-30,0.92038,0.92736,0.91755,0.91846,67669
2011-03-31,0.91846,0.91964,0.9126,0.91805,69287
2011-04-01,0.91806,0.93394,0.91806,0.92356,74309
2011-04-04,0.92447,0.92611,0.9191,0.92305,63391
2011-04-05,0.92309,0.92717,0.92047,0.92515,61340
2011-04-06,0.92515,0.92897,0.91303,0.91849,70544
2011-04-07,0.91851,0.91992,0.91526,0.91605,66542
2011-04-08,0.91602,0.9166,0.90573,0.90618,67380
2011-04-11,0.90807,0.91043,0.90467,0.90646,59226
2011-04-12,0.9064,0.9074,0.89416,0.89663,74441
2011-04-13,0.89659,0.89908,0.89284,0.89603,68908
2011-04-14,0.89598,0.89688,0.88954,0.89232,74709
2011-04-15,0.89241,0.89584,0.89162,0.89203,62794
2011-04-18,0.89273,0.89979,0.89052,0.89573,71855
2011-04-19,0.89573,0.90068,0.89451,0.89958,69923
2011-04-20,0.8996,0.89969,0.88749,0.88825,71483
2011-04-21,0.88821,0.88916,0.87802,0.88621,68572
2011-04-22,0.88623,0.88778,0.88435,0.88567,32139
2011-04-25,0.88515,0.8873,0.87718,0.88095,56693
2011-04-26,0.88096,0.8852,0.87321,0.87321,67376
2011-04-27,0.87318,0.88323,0.86702,0.8756,72172
2011-04-28,0.87548,0.87591,0.86873,0.87357,60731
2011-04-29,0.87358,0.87474,0.86256,0.86503,50764
2011-05-02,0.86391,0.86959,0.86249,0.86473,55752
2011-05-03,0.86481,0.86727,0.85952,0.86116,57919
2011-05-04,0.86113,0.86457,0.85529,0.86093,71190
2011-05-05,0.86094,0.8712,0.85561,0.86987,72581
2011-05-06,0.86992,0.87951,0.8676,0.87858,78478
2011-05-09,0.87713,0.87869,0.87089,0.87211,73736
2011-05-10,0.87211,0.88228,0.87072,0.87973,75789
2011-05-11,0.87966,0.88831,0.87831,0.88653,67089
2011-05-12,0.88654,0.89036,0.88253,0.88408,58961
2011-05-13,0.88405,0.89453,0.87976,0.89241,47457
2011-05-16,0.89302,0.89381,0.87988,0.88406,59374
2011-05-17,0.88395,0.88814,0.87933,0.88004,47424
2011-05-18,0.88014,0.88438,0.87829,0.88088,18180
2011-05-19,0.88089,0.88791,0.87644,0.88065,18832
2011-05-20,0.88068,0.88553,0.87472,0.87699,19975
2011-05-23,0.87875,0.88486,0.87534,0.88354,24228
2011-05-24,0.8836,0.88932,0.8782,0.87971,20290
2011-05-25,0.87969,0.88137,0.87087,0.87257,32657
2011-05-26,0.87259,0.8732,0.86415,0.86496,70273
2011-05-27,0.86492,0.86623,0.84651,0.84892,69130
2011-05-30,0.85057,0.85303,0.8493,0.852,50792
2011-05-31,0.852,0.85459,0.8465,0.85382,63849
2011-06-01,0.85372,0.85419,0.83826,0.84229,63980
2011-06-02,0.84234,0.84523,0.84023,0.84254,59550
2011-06-03,0.84254,0.84453,0.83299,0.83355,44789
2011-06-06,0.83483,0.83853,0.83267,0.83501,55638
2011-06-07,0.83503,0.83904,0.83261,0.83632,48088
2011-06-08,0.83633,0.83796,0.83463,0.83614,44764
2011-06-09,0.83614,0.8444,0.83544,0.84102,36643
2011-06-10,0.84104,0.84388,0.83957,0.84281,35756
2011-06-13,0.84258,0.84673,0.83528,0.83697,60453
2011-06-14,0.83695,0.84552,0.83473,0.84511,62418
2011-06-15,0.84507,0.85504,0.8442,0.85357,62276
2011-06-16,0.85341,0.85482,0.84699,0.8475,76728
2011-06-17,0.84752,0.85095,0.84422,0.84876,64644
2011-06-20,0.84825,0.85156,0.84062,0.84576,65596
2011-06-21,0.84575,0.84585,0.83996,0.841,61796
2011-06-22,0.84093,0.84315,0.83397,0.83966,64907
2011-06-23,0.83952,0.84378,0.83648,0.83807,64514
2011-06-24,0.83796,0.8394,0.83185,0.83272,60271
2011-06-27,0.83409,0.8383,0.83186,0.83495,64049
2011-06-28,0.83503,0.83576,0.82747,0.83206,61064
2011-06-29,0.83208,0.83673,0.82966,0.83445,54485
2011-06-30,0.83444,0.84597,0.8305,0.84128,57854
2011-07-01,0.84129,0.8525,0.84012,0.8476,55144
2011-07-04,0.84743,0.85028,0.8462,0.8471,59049
2011-07-05,0.8472,0.85057,0.83859,0.8408,61347
2011-07-06,0.84083,0.84425,0.8364,0.83971,62748
2011-07-07,0.83967,0.84941,0.83789,0.84488,58366
2011-07-08,0.84488,0.85192,0.83589,0.83593,60570
2011-07-11,0.83629,0.83874,0.83301,0.83619,68966
2011-07-12,0.83613,0.83971,0.82814,0.82948,77336
2011-07-13,0.82945,0.83298,0.80849,0.80849,73587
2011-07-14,0.80836,0.81989,0.80836,0.81519,67422
2011-07-15,0.81518,0.81909,0.81203,0.81437,60837
2011-07-18,0.80952,0.81935,0.80952,0.81806,54769
2011-07-19,0.81807,0.8277,0.81511,0.82424,55957
2011-07-20,0.82428,0.82547,0.81771,0.81996,55171
2011-07-21,0.81988,0.82365,0.81366,0.81659,63881
2011-07-22,0.81662,0.82468,0.8153,0.81862,55739
2011-07-25,0.81265,0.81547,0.80203,0.80569,57532
2011-07-26,0.80567,0.80686,0.7998,0.80106,47630
2011-07-27,0.80107,0.80461,0.79947,0.80099,49942
2011-07-28,0.80099,0.80449,0.7989,0.80107,58982
2011-07-29,0.80102,0.80301,0.785,0.78552,58673
2011-08-01,0.79421,0.79522,0.77292,0.78358,70355
2011-08-02,0.78356,0.78557,0.76089,0.76518,72021
2011-08-03,0.76519,0.77865,0.76269,0.7683,73770
2011-08-04,0.7686,0.77993,0.76249,0.76672,86921
2011-08-05,0.76681,0.77362,0.75797,0.76703,86111
2011-08-08,0.7576,0.76504,0.74817,0.7552,96372
2011-08-09,0.75516,0.75914,0.70674,0.7211,111017
2011-08-10,0.7211,0.73246,0.71812,0.72691,98031
2011-08-11,0.72695,0.76849,0.72378,0.76416,104406
2011-08-12,0.76416,0.77844,0.75475,0.77809,88723
2011-08-15,0.78231,0.79965,0.77874,0.78387,91664
2011-08-16,0.78388,0.79756,0.77692,0.79723,86482
2011-08-17,0.79719,0.80144,0.78242,0.78973,92665
2011-08-18,0.78969,0.79868,0.7862,0.79386,89847
2011-08-19,0.79375,0.79591,0.7808,0.78461,84144
2011-08-22,0.78969,0.791,0.78387,0.79025,81205
2011-08-23,0.79019,0.79316,0.78522,0.79222,75262
2011-08-24,0.7922,0.79612,0.78744,0.79549,69321
2011-08-25,0.79553,0.7988,0.79099,0.7938,70026
2011-08-26,0.79378,0.81536,0.78919,0.80603,75689
2011-08-29,0.80716,0.82164,0.80676,0.81677,74022
2011-08-30,0.81677,0.82318,0.81205,0.81899,75345
2011-08-31,0.81899,0.8208,0.79929,0.80668,81305
2011-09-01,0.80669,0.80855,0.79257,0.7952,82485
2011-09-02,0.79515,0.79578,0.77109,0.78799,85487
2011-09-05,0.79002,0.79118,0.78202,0.78538,87471
2011-09-06,0.7854,0.86254,0.78396,0.86134,107235
2011-09-07,0.86135,0.86159,0.85392,0.85865,92683
2011-09-08,0.85864,0.87677,0.85822,0.87429,92429
2011-09-09,0.87429,0.88634,0.87056,0.88334,99094
2011-09-12,0.88798,0.89249,0.8796,0.88095,112131
2011-09-13,0.88092,0.88785,0.87577,0.88014,100743
2011-09-14,0.88016,0.88535,0.87285,0.87611,103606
2011-09-15,0.87617,0.87968,0.86475,0.86948,94545
2011-09-16,0.86951,0.87754,0.86938,0.87521,89340
2011-09-19,0.88194,0.88742,0.87981,0.88212,90997
2011-09-20,0.88207,0.89186,0.87891,0.88654,95265
2011-09-21,0.88654,0.90079,0.88549,0.89908,100512
2011-09-22,0.89913,0.91809,0.89756,0.90791,110682
2011-09-23,0.90788,0.90814,0.89956,0.90478,103517
2011-09-26,0.9044,0.91423,0.90048,0.90155,108549
2011-09-27,0.90155,0.90569,0.89251,0.89638,93832
2011-09-28,0.89637,0.90098,0.89251,0.90085,95419
2011-09-29,0.90083,0.90206,0.89172,0.89763,95571
2011-09-30,0.89766,0.90839,0.8965,0.90766,85480
2011-10-03,0.90934,0.92158,0.90771,0.92039,99339
2011-10-04,0.92033,0.92605,0.91468,0.91734,98504
2011-10-05,0.91733,0.92468,0.91603,0.92307,104479
2011-10-06,0.92307,0.93138,0.91855,0.92117,93405
2011-10-07,0.92114,0.92847,0.91459,0.92691,84998
2011-10-10,0.92613,0.92709,0.90022,0.90386,81324
2011-10-11,0.90389,0.91212,0.90244,0.90734,88643
2011-10-12,0.90733,0.91098,0.89177,0.89532,90069
2011-10-13,0.89536,0.90387,0.89265,0.89811,91794
2011-10-14,0.8981,0.90086,0.89029,0.89068,80202
2011-10-17,0.8913,0.8996,0.8881,0.8991,88149
2011-10-18,0.89909,0.90473,0.89448,0.89927,93622
2011-10-19,0.89929,0.90369,0.89493,0.90255,95626
2011-10-20,0.90255,0.90819,0.89291,0.894,93381
2011-10-21,0.89402,0.89512,0.88059,0.8819,89115
2011-10-24,0.8831,0.88769,0.87908,0.88016,91859
2011-10-25,0.88016,0.88441,0.87719,0.87776,86211
2011-10-26,0.87779,0.88577,0.87284,0.88145,83722
2011-10-27,0.88143,0.8824,0.85686,0.85954,97947
2011-10-28,0.85954,0.86505,0.85936,0.8627,81621
2011-10-31,0.86188,0.87857,0.861,0.87638,91562
2011-11-01,0.87635,0.89584,0.87632,0.88701,94019
2011-11-02,0.88703,0.89034,0.87944,0.88348,92552
2011-11-03,0.88349,0.88919,0.87614,0.87828,90861
2011-11-04,0.87828,0.89035,0.87681,0.88433,82797
2011-11-07,0.8877,0.90299,0.88767,0.90099,88831
2011-11-08,0.90099,0.90669,0.89223,0.89504,78910
2011-11-09,0.89504,0.91093,0.8922,0.91007,84783
2011-11-10,0.91007,0.91484,0.90179,0.9057,86072
2011-11-11,0.90569,0.90826,0.89527,0.90077,71809
2011-11-14,0.89909,0.90922,0.89608,0.90829,87979
2011-11-15,0.90833,0.91973,0.90798,0.91592,87765
2011-11-16,0.91594,0.92223,0.91388,0.91962,90346
2011-11-17,0.91964,0.92343,0.91512,0.92121,93380
2011-11-18,0.92124,0.9222,0.90846,0.9159,84798
2011-11-21,0.91727,0.92085,0.91398,0.91717,89722
2011-11-22,0.91716,0.91853,0.91074,0.91353,74351
2011-11-23,0.91354,0.92123,0.91265,0.91935,80607
2011-11-24,0.91938,0.92146,0.91533,0.91969,70353
2011-11-25,0.91961,0.93294,0.91935,0.92913,73667
2011-11-28,0.92766,0.93063,0.91753,0.92276,74872
2011-11-29,0.92279,0.92428,0.91398,0.91988,76733
2011-11-30,0.91989,0.92497,0.90659,0.91384,75346
2011-12-01,0.91383,0.91866,0.90707,0.91575,76027
2011-12-02,0.91578,0.92407,0.91099,0.9207,64749
2011-12-05,0.92155,0.92306,0.91656,0.92077,73899
2011-12-06,0.92077,0.92951,0.92064,0.92548,74630
2011-12-07,0.92552,0.92867,0.92261,0.92309,72907
2011-12-08,0.92311,0.92889,0.91762,0.92571,65507
2011-12-09,0.92573,0.9283,0.91806,0.92199,64027
2011-12-12,0.92575,0.93872,0.9247,0.93812,68640
2011-12-13,0.93817,0.94765,0.93406,0.94535,73080
2011-12-14,0.94543,0.95374,0.94289,0.95312,77122
2011-12-15,0.9531,0.95463,0.93873,0.93996,73318
2011-12-16,0.93996,0.94129,0.93503,0.93597,62774
2011-12-19,0.93635,0.93993,0.93477,0.93735,64949
2011-12-20,0.93744,0.93805,0.92671,0.93177,62405
2011-12-21,0.93178,0.93915,0.92438,0.93563,69624
2011-12-22,0.93563,0.93981,0.93066,0.93559,66833
2011-12-23,0.93558,0.93868,0.93337,0.93626,56702
2011-12-26,0.93632,0.9375,0.93302,0.93585,18270
2011-12-27,0.93591,0.93697,0.93314,0.93407,50552
2011-12-28,0.93409,0.94408,0.93191,0.94254,58891
2011-12-29,0.94258,0.94691,0.93956,0.94035,62592
2011-12-30,0.94041,0.94263,0.93415,0.93822,61682
2012-01-02,0.93767,0.94109,0.93502,0.93958,37596
2012-01-03,0.93951,0.9399,0.93041,0.93185,75521
2012-01-04,0.93189,0.94474,0.93161,0.9421,72682
2012-01-05,0.9421,0.95365,0.9414,0.95227,85709
2012-01-06,0.95226,0.95779,0.95048,0.95498,66470
2012-01-09,0.95731,0.95944,0.94903,0.94919,78384
2012-01-10,0.94919,0.95104,0.94646,0.94908,60670
2012-01-11,0.94907,0.95661,0.94822,0.95382,69842
2012-01-12,0.95381,0.95449,0.94113,0.94439,72038
2012-01-13,0.9444,0.95735,0.94059,0.95209,77214
2012-01-16,0.95471,0.95685,0.95248,0.95685,65660
2012-01-17,0.95683,0.95723,0.94477,0.94913,75849
2012-01-18,0.94913,0.9496,0.93824,0.93973,75947
2012-01-19,0.93971,0.94114,0.9316,0.9321,67692
2012-01-20,0.93211,0.93691,0.93049,0.93426,61210
2012-01-23,0.93713,0.93745,0.92515,0.92756,68219
2012-01-24,0.92757,0.93097,0.92341,0.92772,63140
2012-01-25,0.92772,0.93387,0.92034,0.92193,65613
2012-01-26,0.92192,0.92276,0.91557,0.92065,62049
2012-01-27,0.92066,0.92271,0.91137,0.91219,68217
2012-01-30,0.91276,0.92088,0.91249,0.91726,66633
2012-01-31,0.91727,0.92271,0.91217,0.91974,71669
2012-02-01,0.91973,0.92492,0.9114,0.91442,71684
2012-02-02,0.91443,0.92059,0.91296,0.91664,71417
2012-02-03,0.91664,0.92315,0.91305,0.91776,65542
2012-02-06,0.91969,0.92624,0.91778,0.91911,68771
2012-02-07,0.91912,0.92262,0.91089,0.91129,70210
2012-02-08,0.91131,0.91486,0.91053,0.91299,67413
2012-02-09,0.91299,0.91503,0.90881,0.91167,63272
2012-02-10,0.91153,0.91995,0.91012,0.91636,65912
2012-02-13,0.91353,0.91733,0.91014,0.91711,65554
2012-02-14,0.91712,0.92284,0.91424,0.91972,62661
2012-02-15,0.9197,0.92493,0.91542,0.92385,66718
2012-02-16,0.92386,0.92995,0.91757,0.91907,69260
2012-02-17,0.91909,0.92061,0.91586,0.91954,53414
2012-02-20,0.91616,0.91635,0.90882,0.91201,55646
2012-02-21,0.91197,0.9148,0.90822,0.91242,70073
2012-02-22,0.91242,0.91365,0.9096,0.91018,65086
2012-02-23,0.91019,0.91131,0.90077,0.90091,62340
2012-02-24,0.90092,0.90267,0.89306,0.89587,53322
2012-02-27,0.89484,0.90098,0.89415,0.89956,60843
2012-02-28,0.89954,0.89991,0.89438,0.8954,67182
2012-02-29,0.89541,0.90513,0.89346,0.90436,66319
2012-03-01,0.90435,0.90712,0.90212,0.90554,59302
2012-03-02,0.90555,0.91487,0.90456,0.91382,61090
2012-03-05,0.9144,0.91617,0.91056,0.91215,63870
2012-03-06,0.91217,0.91958,0.91131,0.91869,63976
2012-03-07,0.91869,0.91999,0.91562,0.91616,57341
2012-03-08,0.91615,0.91746,0.90705,0.90784,58164
2012-03-09,0.90784,0.92062,0.90783,0.91853,58397
2012-03-12,0.91933,0.92179,0.91605,0.9163,54916
2012-03-13,0.91631,0.92478,0.91393,0.92327,54407
2012-03-14,0.9233,0.93301,0.92296,0.93068,60221
2012-03-15,0.9307,0.93331,0.92008,0.92355,59622
2012-03-16,0.92356,0.92532,0.91505,0.91546,55298
2012-03-19,0.91534,0.91773,0.9092,0.91142,51618
2012-03-20,0.91143,0.91527,0.90986,0.91145,56816
2012-03-21,0.91146,0.9147,0.90768,0.9124,48975
2012-03-22,0.91241,0.91777,0.90945,0.91341,54596
2012-03-23,0.91341,0.91381,0.90667,0.90784,50286
2012-03-26,0.90796,0.91359,0.90215,0.90269,58188
2012-03-27,0.9027,0.90522,0.90151,0.90484,49221
2012-03-28,0.90485,0.90807,0.90151,0.90515,50282
2012-03-29,0.90516,0.90917,0.90321,0.90625,53357
2012-03-30,0.90626,0.90644,0.90084,0.90196,48616
2012-04-02,0.90101,0.90705,0.90014,0.90392,58225
2012-04-03,0.90393,0.91133,0.90031,0.90957,62266
2012-04-04,0.90956,0.91821,0.90932,0.91576,66745
2012-04-05,0.91575,0.92213,0.91424,0.91968,61449
2012-04-06,0.91971,0.92054,0.91586,0.91645,32911
2012-04-09,0.91674,0.92156,0.91503,0.91665,37960
2012-04-10,0.91664,0.921,0.91458,0.91836,66371
2012-04-11,0.91835,0.91936,0.91285,0.91741,63369
2012-04-12,0.91742,0.91778,0.90908,0.91099,66018
2012-04-13,0.911,0.92014,0.91031,0.91907,63201
2012-04-16,0.92005,0.92504,0.91403,0.91509,72871
2012-04-17,0.91512,0.91815,0.9125,0.91501,64258
2012-04-18,0.915,0.92093,0.91433,0.91601,66159
2012-04-19,0.91598,0.91939,0.91298,0.91507,68715
2012-04-20,0.91509,0.9154,0.90827,0.90856,62327
2012-04-23,0.91053,0.91714,0.90949,0.91332,57509
2012-04-24,0.9133,0.91413,0.90902,0.91043,58105
2012-04-25,0.91044,0.91204,0.9078,0.90875,62004
2012-04-26,0.90876,0.91132,0.90576,0.91058,59541
2012-04-27,0.91061,0.91324,0.90513,0.90616,64213
2012-04-30,0.90699,0.90962,0.90555,0.90708,56252
2012-05-01,0.90709,0.90988,0.90425,0.90759,45044
2012-05-02,0.9076,0.91553,0.90733,0.91329,59997
2012-05-03,0.91331,0.91726,0.91142,0.91346,60590
2012-05-04,0.91345,0.9184,0.91145,0.91799,61518
2012-05-07,0.92205,0.92699,0.9194,0.91991,71457
2012-05-08,0.91989,0.92506,0.91946,0.92385,74332
2012-05-09,0.92384,0.93009,0.92344,0.92845,82551
2012-05-10,0.92844,0.92924,0.92561,0.92867,74190
2012-05-11,0.92869,0.9306,0.92707,0.92978,70704
2012-05-14,0.93169,0.93668,0.93076,0.93633,74847
2012-05-15,0.93633,0.94397,0.93333,0.94313,77073
2012-05-16,0.94313,0.94701,0.94136,0.94437,88205
2012-05-17,0.94436,0.94808,0.9419,0.94695,83423
2012-05-18,0.94694,0.94998,0.93867,0.9395,85944
2012-05-21,0.93993,0.94374,0.93673,0.93781,76821
2012-05-22,0.9378,0.94867,0.93704,0.94713,79740
2012-05-23,0.94714,0.9572,0.94666,0.95406,93321
2012-05-24,0.95406,0.95942,0.95319,0.95807,92145
2012-05-25,0.95808,0.96099,0.95402,0.95927,72933
2012-05-28,0.95609,0.9595,0.95286,0.9583,52413
2012-05-29,0.9583,0.96368,0.95589,0.9617,70699
2012-05-30,0.96169,0.97128,0.96118,0.97096,71362
2012-05-31,0.97097,0.97346,0.96655,0.9716,71543
2012-06-01,0.97158,0.97693,0.9643,0.9659,76007
2012-06-04,0.96558,0.9695,0.95978,0.96112,65595
2012-06-05,0.96111,0.96758,0.95765,0.96456,68142
2012-06-06,0.96452,0.96525,0.95397,0.95475,76497
2012-06-07,0.95474,0.9577,0.95137,0.95585,73436
2012-06-08,0.95585,0.96568,0.95503,0.95944,74512
2012-06-11,0.94923,0.9634,0.94787,0.96332,70622
2012-06-12,0.96329,0.9649,0.95843,0.96038,73880
2012-06-13,0.96036,0.96266,0.95219,0.95565,73594
2012-06-14,0.95563,0.95734,0.95034,0.95093,71298
2012-06-15,0.95095,0.95367,0.94794,0.94971,64910
2012-06-18,0.94277,0.95627,0.9421,0.95478,75174
2012-06-19,0.95479,0.95542,0.94322,0.94641,71198
2012-06-20,0.94642,0.95001,0.94242,0.94571,71184
2012-06-21,0.9457,0.95818,0.94556,0.95697,75064
2012-06-22,0.957,0.95914,0.95427,0.95506,63540
2012-06-25,0.9565,0.96284,0.95627,0.96056,58917
2012-06-26,0.96057,0.96514,0.95841,0.96133,64317
2012-06-27,0.96132,0.96495,0.96011,0.96305,59278
2012-06-28,0.96307,0.96779,0.95904,0.96523,67668
2012-06-29,0.96524,0.96584,0.94627,0.94822,78974
2012-07-02,0.94817,0.95583,0.9481,0.9543,63768
2012-07-03,0.95424,0.9563,0.95123,0.95259,56307
2012-07-04,0.95261,0.96038,0.9526,0.95871,51128
2012-07-05,0.9587,0.97139,0.95801,0.96938,65848
2012-07-06,0.96937,0.97932,0.96847,0.97706,61325
2012-07-09,0.97898,0.9799,0.97447,0.97517,57010
2012-07-10,0.97516,0.98143,0.97368,0.98014,58184
2012-07-11,0.98015,0.98301,0.97667,0.98071,58221
2012-07-12,0.98069,0.98689,0.98027,0.98413,60854
2012-07-13,0.98414,0.98722,0.97979,0.98026,55409
2012-07-16,0.98026,0.98629,0.97723,0.97868,52757
2012-07-17,0.97868,0.98514,0.97509,0.97759,60927
2012-07-18,0.97758,0.98293,0.976,0.97795,57861
2012-07-19,0.97795,0.98195,0.97473,0.9783,62694
2012-07-20,0.9783,0.98864,0.97775,0.9878,58159
2012-07-23,0.99062,0.99505,0.98878,0.99113,69736
2012-07-24,0.99111,0.99713,0.98942,0.99567,66994
2012-07-25,0.99566,0.99629,0.98691,0.98846,68569
2012-07-26,0.98847,0.991,0.97409,0.97792,70072
2012-07-27,0.97793,0.98081,0.96945,0.97466,69868
2012-07-30,0.97613,0.98229,0.97551,0.97999,59155
2012-07-31,0.97998,0.98043,0.97413,0.9765,64902
2012-08-01,0.97651,0.98327,0.97369,0.98238,59091
2012-08-02,0.98239,0.98975,0.96935,0.98591,72633
2012-08-03,0.9859,0.98718,0.96945,0.96984,63874
2012-08-06,0.96909,0.97348,0.9656,0.96878,61854
2012-08-07,0.96878,0.97056,0.9657,0.96878,55981
2012-08-08,0.96877,0.97437,0.96855,0.97148,56424
2012-08-09,0.97148,0.97894,0.96975,0.97599,57251
2012-08-10,0.976,0.98091,0.97489,0.97698,52499
2012-08-13,0.9772,0.97939,0.97057,0.97378,50808
2012-08-14,0.97378,0.97505,0.96967,0.97499,53524
2012-08-15,0.97499,0.97918,0.9731,0.97748,48174
2012-08-16,0.97746,0.9798,0.97059,0.97191,53820
2012-08-17,0.97192,0.97718,0.9699,0.97369,50826
2012-08-20,0.97323,0.97669,0.97101,0.97267,49868
2012-08-21,0.97267,0.97271,0.96182,0.96292,54859
2012-08-22,0.96292,0.96589,0.95778,0.9584,57865
2012-08-23,0.95841,0.95883,0.95379,0.95565,60051
2012-08-24,0.95568,0.96192,0.95536,0.95961,55360
2012-08-27,0.95966,0.96145,0.95798,0.96088,38562
2012-08-28,0.96089,0.96344,0.95476,0.95566,49207
2012-08-29,0.95567,0.95924,0.95516,0.95827,43946
2012-08-30,0.95829,0.96161,0.95573,0.96015,44144
2012-08-31,0.96015,0.96112,0.95026,0.95457,56600
2012-09-03,0.9542,0.95597,0.95219,0.95394,45978
2012-09-04,0.95393,0.95648,0.95092,0.95566,53488
2012-09-05,0.95567,0.9607,0.95301,0.9555,61894
2012-09-06,0.9555,0.95956,0.95194,0.95375,61418
2012-09-07,0.95376,0.95793,0.94336,0.94402,58914
2012-09-10,0.94371,0.94834,0.9435,0.94598,50424
2012-09-11,0.94596,0.9466,0.93782,0.93904,56216
2012-09-12,0.939,0.94017,0.93403,0.93726,62421
2012-09-13,0.93724,0.94177,0.93464,0.93517,63840
2012-09-14,0.93517,0.93554,0.92385,0.92629,62781
2012-09-17,0.92646,0.92956,0.92462,0.92742,55527
2012-09-18,0.92747,0.92964,0.92441,0.92834,59902
2012-09-19,0.92835,0.93064,0.92575,0.92776,60762
2012-09-20,0.92775,0.93547,0.92617,0.93291,63394
2012-09-21,0.93289,0.93438,0.92845,0.93276,60984
2012-09-24,0.93291,0.939,0.93237,0.93542,54174
2012-09-25,0.93541,0.93838,0.93277,0.93724,61620
2012-09-26,0.93723,0.9417,0.93672,0.93922,58583
2012-09-27,0.93922,0.9416,0.93605,0.93695,60972
2012-09-28,0.93698,0.94141,0.93345,0.93942,62294
2012-10-01,0.94044,0.94371,0.93519,0.93822,59017
2012-10-02,0.93824,0.93879,0.9332,0.93629,53931
2012-10-03,0.93627,0.93978,0.93547,0.93832,53716
2012-10-04,0.93832,0.93852,0.92946,0.93047,59020
2012-10-05,0.9305,0.9323,0.92738,0.92808,54983
2012-10-08,0.92972,0.93567,0.9296,0.9332,51208
2012-10-09,0.93321,0.94156,0.93222,0.9402,53910
2012-10-10,0.9402,0.94307,0.93739,0.93893,54705
2012-10-11,0.93895,0.94172,0.93371,0.93465,52065
2012-10-12,0.93463,0.93559,0.93057,0.93329,46453
2012-10-15,0.9328,0.9371,0.93156,0.93323,45279
2012-10-16,0.93321,0.9334,0.92261,0.92315,49368
2012-10-17,0.92317,0.92471,0.9214,0.92231,51282
2012-10-18,0.92232,0.92555,0.92148,0.92431,48578
2012-10-19,0.92431,0.92894,0.92386,0.92794,45276
2012-10-22,0.92829,0.92878,0.92483,0.92661,46182
2012-10-23,0.9266,0.93425,0.92593,0.93251,47310
2012-10-24,0.93248,0.93612,0.93136,0.93261,49798
2012-10-25,0.9326,0.93556,0.92902,0.93473,46424
2012-10-26,0.93474,0.93854,0.93321,0.93452,46748
2012-10-29,0.93535,0.93796,0.93476,0.93637,32954
2012-10-30,0.93638,0.9374,0.92992,0.9319,40584
2012-10-31,0.93191,0.9332,0.92758,0.93159,74372
2012-11-01,0.93159,0.93415,0.92954,0.93129,90821
2012-11-02,0.93132,0.94138,0.93128,0.94001,89091
2012-11-05,0.94145,0.94483,0.93984,0.94335,87899
2012-11-06,0.94336,0.94552,0.94186,0.94304,88726
2012-11-07,0.94303,0.94707,0.93801,0.94466,111967
2012-11-08,0.94467,0.94811,0.94404,0.94597,100035
2012-11-09,0.94596,0.94982,0.94282,0.94839,91450
2012-11-12,0.94813,0.94948,0.94669,0.9482,75155
2012-11-13,0.9482,0.95113,0.9465,0.94744,92499
2012-11-14,0.94743,0.94756,0.94228,0.94509,92572
2012-11-15,0.94508,0.94622,0.94028,0.94202,91111
2012-11-16,0.94202,0.94901,0.942,0.94528,86461
2012-11-19,0.94527,0.9455,0.9394,0.94172,84583
2012-11-20,0.94172,0.94285,0.93912,0.93998,86816
2012-11-21,0.93999,0.94572,0.93816,0.93862,86471
2012-11-22,0.93862,0.93863,0.93373,0.93513,83443
2012-11-23,0.93514,0.93574,0.92651,0.92764,81128
2012-11-26,0.92812,0.92997,0.92541,0.92642,84127
2012-11-27,0.92642,0.93241,0.92565,0.93041,90460
2012-11-28,0.93042,0.93405,0.92843,0.9291,95582
2012-11-29,0.92911,0.93029,0.92532,0.92752,57995
2012-11-30,0.9275,0.92915,0.92454,0.92779,82915
2012-12-03,0.92737,0.92779,0.92405,0.92525,86089
2012-12-04,0.92523,0.92929,0.92446,0.92663,87664
2012-12-05,0.92664,0.92994,0.925,0.92619,58495
2012-12-06,0.92619,0.93394,0.92553,0.93305,86884
2012-12-07,0.93305,0.93815,0.9319,0.93428,80612
2012-12-10,0.93643,0.93693,0.93259,0.93345,77400
2012-12-11,0.93345,0.93687,0.93162,0.93169,82001
2012-12-12,0.9317,0.93256,0.92431,0.92645,81279
2012-12-13,0.92645,0.92749,0.92251,0.92365,84226
2012-12-14,0.92363,0.92469,0.91652,0.91736,82486
2012-12-17,0.9166,0.91939,0.91648,0.91775,77786
2012-12-18,0.91777,0.91859,0.91233,0.91335,78218
2012-12-19,0.91335,0.91529,0.90872,0.9148,90114
2012-12-20,0.91479,0.91479,0.90833,0.91132,85306
2012-12-21,0.91133,0.91784,0.9113,0.9155,89328
2012-12-24,0.91628,0.91703,0.91244,0.91539,52664
2012-12-26,0.91537,0.91575,0.91112,0.91311,51518
2012-12-27,0.91309,0.91566,0.90944,0.91326,84732
2012-12-28,0.91327,0.91807,0.91161,0.91332,81261
2012-12-31,0.91348,0.91657,0.91202,0.9146,63853
2013-01-01,0.91481,0.91532,0.91285,0.9145,1448
2013-01-02,0.91445,0.91983,0.90773,0.91735,102137
2013-01-03,0.91735,0.92793,0.91735,0.92721,93634
2013-01-04,0.92719,0.93021,0.92306,0.92439,94519
2013-01-07,0.92418,0.92862,0.92031,0.92043,92507
2013-01-08,0.92044,0.92567,0.9201,0.924,93897
2013-01-09,0.92399,0.9273,0.92312,0.92573,91555
2013-01-10,0.92573,0.92684,0.91277,0.9138,100280
2013-01-11,0.91383,0.91782,0.91101,0.91326,98954
2013-01-14,0.91399,0.92277,0.91187,0.92209,103408
2013-01-15,0.92214,0.9332,0.92104,0.93234,115655
2013-01-16,0.93234,0.93286,0.92853,0.93081,105900
2013-01-17,0.93084,0.93595,0.92974,0.9325,110883
2013-01-18,0.9325,0.93878,0.93041,0.93371,107699
2013-01-21,0.93473,0.93489,0.93072,0.93206,87011
2013-01-22,0.93204,0.93457,0.92742,0.92879,107982
2013-01-23,0.9288,0.93148,0.92765,0.92997,97392
2013-01-24,0.92998,0.93237,0.92789,0.92851,98107
2013-01-25,0.92855,0.93062,0.92218,0.92626,102705
2013-01-28,0.92712,0.92922,0.92567,0.92645,98270
2013-01-29,0.92646,0.92672,0.9193,0.92172,96713
2013-01-30,0.92171,0.92265,0.9093,0.91121,100490
2013-01-31,0.9112,0.91199,0.90752,0.90998,98830
2013-02-01,0.91003,0.9108,0.90214,0.90746,106566
2013-02-04,0.90825,0.9117,0.90715,0.9089,99001
2013-02-05,0.90889,0.91159,0.90714,0.90791,104748
2013-02-06,0.90792,0.91489,0.90558,0.9099,103806
2013-02-07,0.90987,0.92007,0.90647,0.91852,104741
2013-02-08,0.91853,0.91895,0.91546,0.91677,88882
2013-02-11,0.91739,0.92124,0.9156,0.92047,89609
2013-02-12,0.92049,0.92141,0.91495,0.91691,95213
2013-02-13,0.91691,0.91962,0.9152,0.91712,91259
2013-02-14,0.91714,0.92452,0.91675,0.92146,100347
2013-02-15,0.92145,0.92409,0.9204,0.92158,92308
2013-02-18,0.92248,0.92574,0.92096,0.92308,83626
2013-02-19,0.92309,0.92489,0.92145,0.92279,85410
2013-02-20,0.92279,0.9285,0.91834,0.92683,97967
2013-02-21,0.92692,0.93324,0.92687,0.93047,102840
2013-02-22,0.93044,0.93279,0.92826,0.92937,93690
2013-02-25,0.93097,0.93381,0.92316,0.9323,118406
2013-02-26,0.93228,0.93348,0.92859,0.93194,122489
2013-02-27,0.93196,0.93312,0.92847,0.92958,113934
2013-02-28,0.92957,0.9373,0.92797,0.93637,105430
2013-03-01,0.93636,0.94623,0.93509,0.94225,104848
2013-03-04,0.94229,0.94399,0.94059,0.94061,11677
2013-03-05,0.94074,0.94332,0.9393,0.9411,13485
2013-03-06,0.94122,0.94889,0.94019,0.94837,23936
2013-03-07,0.94837,0.94883,0.94096,0.94246,46479
2013-03-08,0.94247,0.95511,0.94171,0.95095,34812
2013-03-11,0.95239,0.95291,0.94657,0.94743,33184
2013-03-12,0.94743,0.95042,0.94359,0.94729,39250
2013-03-13,0.94727,0.95323,0.94293,0.95252,37214
2013-03-14,0.95253,0.95664,0.94508,0.94644,41640
2013-03-15,0.94646,0.94757,0.93789,0.93851,40015
2013-03-18,0.94434,0.94856,0.94162,0.94684,48917
2013-03-19,0.94684,0.94908,0.94253,0.948,47626
2013-03-20,0.94799,0.94807,0.94108,0.94511,44013
2013-03-21,0.9451,0.94818,0.94381,0.94654,47029
2013-03-22,0.94653,0.94741,0.93961,0.94091,42499
2013-03-25,0.94103,0.94965,0.93509,0.94816,50809
2013-03-26,0.94814,0.95042,0.94718,0.9479,39052
2013-03-27,0.9479,0.95533,0.94765,0.95368,38148
2013-03-28,0.9537,0.9548,0.9466,0.94945,36252
2013-03-29,0.94944,0.95114,0.94801,0.94885,24154
2013-04-01,0.94962,0.95265,0.94556,0.94676,23141
2013-04-02,0.94678,0.94969,0.94441,0.94867,34207
2013-04-03,0.94867,0.95201,0.94416,0.94536,32441
2013-04-04,0.94533,0.95257,0.9382,0.93972,41458
2013-04-05,0.93976,0.94332,0.93126,0.93406,38666
2013-04-08,0.93386,0.9361,0.93279,0.93463,33758
2013-04-09,0.93464,0.93663,0.93074,0.93258,36629
2013-04-10,0.93258,0.9336,0.92945,0.93261,32249
2013-04-11,0.93261,0.93394,0.92783,0.93083,33128
2013-04-12,0.93082,0.93318,0.92636,0.92704,34543
2013-04-15,0.92748,0.93264,0.9268,0.93071,44486
2013-04-16,0.93071,0.93263,0.92074,0.92216,45773
2013-04-17,0.92216,0.93382,0.92057,0.93265,47221
2013-04-18,0.93265,0.93342,0.92889,0.93267,44500
2013-04-19,0.93266,0.93422,0.92759,0.93356,40144
2013-04-22,0.93237,0.93708,0.93143,0.93433,32764
2013-04-23,0.93432,0.94564,0.93272,0.94523,38450
2013-04-24,0.94523,0.94986,0.94434,0.94722,35970
2013-04-25,0.94725,0.94839,0.94222,0.94479,35647
2013-04-26,0.94477,0.94559,0.9402,0.9423,37655
2013-04-29,0.94106,0.94292,0.93538,0.93707,33419
2013-04-30,0.9371,0.93837,0.92784,0.9294,37122
2013-05-01,0.92945,0.93089,0.92468,0.92699,31999
2013-05-02,0.92699,0.93623,0.92645,0.93508,40114
2013-05-03,0.93508,0.93984,0.93026,0.93496,37719
2013-05-06,0.93519,0.93967,0.93382,0.93837,26519
2013-05-07,0.93842,0.94363,0.93664,0.94029,31200
2013-05-08,0.94029,0.94106,0.93367,0.93499,34529
2013-05-09,0.93499,0.94984,0.93334,0.94814,36786
2013-05-10,0.94814,0.96276,0.94757,0.95657,49348
2013-05-13,0.95848,0.95961,0.95469,0.95703,40595
2013-05-14,0.95706,0.96733,0.95209,0.96602,46461
2013-05-15,0.96598,0.97477,0.96426,0.96581,45288
2013-05-16,0.96588,0.97084,0.9578,0.96443,43487
2013-05-17,0.96444,0.97614,0.96368,0.97209,39802
2013-05-20,0.96975,0.97188,0.96476,0.96656,36860
2013-05-21,0.96656,0.97504,0.96541,0.97019,43779
2013-05-22,0.97022,0.98384,0.96788,0.97913,57304
2013-05-23,0.97913,0.98174,0.96338,0.96873,66888
2013-05-24,0.96873,0.97163,0.95904,0.96073,52442
2013-05-27,0.96183,0.96478,0.95921,0.96239,32352
2013-05-28,0.9624,0.97804,0.9624,0.97664,55056
2013-05-29,0.97662,0.97899,0.96,0.96185,63490
2013-05-30,0.9619,0.96505,0.95258,0.95325,61699
2013-05-31,0.95329,0.96245,0.95112,0.95455,60558
2013-06-03,0.95732,0.9624,0.9408,0.94719,55021
2013-06-04,0.94719,0.95201,0.94529,0.94695,54356
2013-06-05,0.94698,0.94938,0.93954,0.94188,60061
2013-06-06,0.94213,0.94384,0.92246,0.92903,86483
2013-06-07,0.92903,0.93737,0.92479,0.93537,90110
2013-06-10,0.93696,0.94181,0.93177,0.93343,73931
2013-06-11,0.93358,0.9349,0.92236,0.92452,85921
2013-06-12,0.92454,0.92868,0.91728,0.92036,78385
2013-06-13,0.92059,0.92582,0.91301,0.9216,86904
2013-06-14,0.92206,0.92698,0.91958,0.92053,50413
2013-06-17,0.92184,0.92715,0.9214,0.9227,39312
2013-06-18,0.92271,0.92621,0.91752,0.91987,44212
2013-06-19,0.91991,0.93215,0.91802,0.92797,46602
2013-06-20,0.92797,0.9361,0.92508,0.92698,71070
2013-06-21,0.92698,0.93678,0.92419,0.93357,53073
2013-06-24,0.93548,0.93807,0.93101,0.93295,57971
2013-06-25,0.93293,0.94074,0.93188,0.93789,51328
2013-06-26,0.93787,0.94431,0.93723,0.94291,49785
2013-06-27,0.94279,0.94873,0.94058,0.94502,72106
2013-06-28,0.94503,0.94748,0.9411,0.94435,75206
2013-07-01,0.94472,0.95033,0.94385,0.94503,41084
2013-07-02,0.94504,0.95292,0.94446,0.95035,43232
2013-07-03,0.95035,0.95229,0.94463,0.9466,48385
2013-07-04,0.94664,0.95839,0.94589,0.9561,39214
2013-07-05,0.95603,0.96603,0.95602,0.96327,46396
2013-07-08,0.96566,0.96664,0.96251,0.96356,38472
2013-07-09,0.96357,0.9751,0.96329,0.97275,47040
2013-07-10,0.97277,0.97448,0.95337,0.9535,52113
2013-07-11,0.95351,0.95482,0.94044,0.94649,67956
2013-07-12,0.94658,0.95137,0.94379,0.94573,41797
2013-07-15,0.94573,0.95341,0.94555,0.94807,38863
2013-07-16,0.94811,0.94936,0.93786,0.9397,47683
2013-07-17,0.93971,0.94454,0.93586,0.9411,48614
2013-07-18,0.9411,0.94775,0.94053,0.94409,41790
2013-07-19,0.9441,0.94613,0.93968,0.94048,38254
2013-07-22,0.9413,0.9413,0.93222,0.93606,36662
2013-07-23,0.93608,0.94063,0.93421,0.93476,39435
2013-07-24,0.93476,0.93882,0.93401,0.93716,42298
2013-07-25,0.93716,0.93948,0.92831,0.92997,44103
2013-07-26,0.93001,0.9305,0.92638,0.92784,38167
2013-07-29,0.92842,0.9322,0.92696,0.9311,35534
2013-07-30,0.93105,0.93245,0.92731,0.92963,37254
2013-07-31,0.92965,0.93367,0.92281,0.9264,49081
2013-08-01,0.92638,0.9372,0.9253,0.93648,43415
2013-08-02,0.93648,0.93894,0.92741,0.92885,43181
2013-08-05,0.92893,0.93326,0.92682,0.92759,38664
2013-08-06,0.92759,0.9296,0.92381,0.9258,41376
2013-08-07,0.9258,0.92884,0.92072,0.92147,47558
2013-08-08,0.92148,0.92292,0.9175,0.91985,42192
2013-08-09,0.91985,0.92292,0.91904,0.92165,34602
2013-08-12,0.92212,0.92846,0.92164,0.9259,35906
2013-08-13,0.9259,0.93484,0.92571,0.93303,43540
2013-08-14,0.93305,0.93773,0.93233,0.93493,41063
2013-08-15,0.93493,0.93957,0.92469,0.92574,53699
2013-08-16,0.92575,0.92876,0.92168,0.92622,43918
2013-08-19,0.92597,0.92848,0.9228,0.92414,38156
2013-08-20,0.92414,0.92507,0.91467,0.9171,47007
2013-08-21,0.9171,0.92348,0.91622,0.92197,45999
2013-08-22,0.92196,0.92895,0.92196,0.92339,43175
2013-08-23,0.92342,0.92633,0.91895,0.92122,43232
2013-08-26,0.92075,0.92462,0.92072,0.9226,29330
2013-08-27,0.92263,0.92293,0.91709,0.9174,44462
2013-08-28,0.91741,0.92347,0.91704,0.92187,43817
2013-08-29,0.92186,0.9321,0.92179,0.93112,43824
2013-08-30,0.93112,0.93321,0.92889,0.92922,39574
2013-09-02,0.93123,0.93489,0.93104,0.93414,30403
2013-09-03,0.93419,0.93823,0.93419,0.93671,37069
2013-09-04,0.93667,0.93823,0.93475,0.93564,32138
2013-09-05,0.93552,0.9455,0.93527,0.94497,35683
2013-09-06,0.94505,0.94552,0.93461,0.9376,33037
2013-09-09,0.93822,0.93917,0.93012,0.93222,29866
2013-09-10,0.93224,0.93662,0.93163,0.9349,31582
2013-09-11,0.9349,0.93705,0.92849,0.93052,31806
2013-09-12,0.93052,0.93354,0.92717,0.9303,32516
2013-09-13,0.9303,0.93408,0.92807,0.92957,30011
2013-09-16,0.9245,0.92778,0.92355,0.9273,28907
2013-09-17,0.92728,0.92789,0.92522,0.92576,26062
2013-09-18,0.92578,0.92681,0.91089,0.91316,34608
2013-09-19,0.91319,0.91377,0.90897,0.91061,38438
2013-09-20,0.91058,0.91267,0.90889,0.91006,29915
2013-09-23,0.90978,0.91295,0.90843,0.91085,28988
2013-09-24,0.91086,0.91332,0.90988,0.91292,29801
2013-09-25,0.91292,0.91373,0.90782,0.90946,27506
2013-09-26,0.9095,0.9117,0.90873,0.91022,29743
2013-09-27,0.91021,0.91105,0.90208,0.90555,28921
2013-09-30,0.90672,0.90683,0.90248,0.90493,30734
2013-10-01,0.90495,0.90748,0.89923,0.90579,35943
2013-10-02,0.90579,0.90771,0.89945,0.9024,34969
2013-10-03,0.90242,0.90331,0.89673,0.89912,35844
2013-10-04,0.89909,0.90816,0.8978,0.90692,32762
2013-10-07,0.90653,0.90677,0.90159,0.90326,30926
2013-10-08,0.90325,0.90657,0.90226,0.90395,30993
2013-10-09,0.90396,0.91276,0.90154,0.90995,36104
2013-10-10,0.90995,0.91306,0.90821,0.9111,31380
2013-10-11,0.91112,0.91315,0.90696,0.91132,30006
2013-10-14,0.90969,0.91217,0.90638,0.91034,24706
2013-10-15,0.91044,0.91778,0.90925,0.91237,35589
2013-10-16,0.91244,0.91752,0.90978,0.91325,35262
2013-10-17,0.91325,0.91462,0.90077,0.90241,38323
2013-10-18,0.9024,0.90368,0.90042,0.9015,28858
2013-10-21,0.90175,0.90446,0.90054,0.90208,28891
2013-10-22,0.90209,0.90392,0.89398,0.89491,30815
2013-10-23,0.89496,0.89655,0.89107,0.89228,34773
2013-10-24,0.8923,0.8928,0.88899,0.89239,33955
2013-10-25,0.89239,0.8965,0.88925,0.8923,33104
2013-10-28,0.8924,0.89629,0.89215,0.89584,28740
2013-10-29,0.89585,0.90022,0.89435,0.89872,36940
2013-10-30,0.89872,0.90237,0.89499,0.90039,34321
2013-10-31,0.9004,0.90755,0.89894,0.90698,42346
2013-11-01,0.90699,0.91377,0.90678,0.91193,37026
2013-11-04,0.91197,0.91515,0.90914,0.90987,26131
2013-11-05,0.90987,0.91472,0.90942,0.91353,34011
2013-11-06,0.91353,0.91389,0.9098,0.9119,30257
2013-11-07,0.9119,0.92497,0.91087,0.9162,43372
2013-11-08,0.9162,0.92467,0.91541,0.92109,37985
2013-11-11,0.92219,0.92314,0.9189,0.91943,27635
2013-11-12,0.9195,0.92261,0.91547,0.91745,37386
2013-11-13,0.91754,0.92005,0.91239,0.91392,38167
2013-11-14,0.91393,0.91883,0.91314,0.91652,39526
2013-11-15,0.91653,0.91912,0.913,0.91464,33048
2013-11-18,0.91471,0.91615,0.90953,0.91272,33374
2013-11-19,0.91271,0.91442,0.91025,0.91102,36815
2013-11-20,0.91101,0.91907,0.9079,0.9162,41402
2013-11-21,0.91622,0.91884,0.91252,0.91351,41109
2013-11-22,0.91351,0.91496,0.90617,0.90653,32692
2013-11-25,0.90661,0.91313,0.90615,0.91131,30025
2013-11-26,0.91129,0.91155,0.9059,0.90694,31386
2013-11-27,0.90694,0.9092,0.90407,0.90754,35643
2013-11-28,0.90754,0.90862,0.90412,0.90575,27546
2013-11-29,0.9058,0.90711,0.90281,0.90591,34938
2013-12-02,0.90608,0.91102,0.9043,0.90894,36007
2013-12-03,0.90891,0.91005,0.90205,0.90449,37951
2013-12-04,0.90449,0.90761,0.9013,0.90248,43673
2013-12-05,0.90248,0.90486,0.89567,0.89637,44396
2013-12-06,0.89633,0.89841,0.89101,0.89101,38075
2013-12-09,0.89165,0.8934,0.88954,0.89035,30436
2013-12-10,0.89034,0.89077,0.88502,0.88751,34614
2013-12-11,0.88749,0.88862,0.88396,0.88629,34177
2013-12-12,0.88627,0.89091,0.88479,0.88926,41057
2013-12-13,0.88919,0.89171,0.88812,0.88857,34520
2013-12-16,0.88939,0.89024,0.88464,0.88727,33021
2013-12-17,0.88725,0.88948,0.88321,0.88479,32954
2013-12-18,0.88479,0.89518,0.88399,0.89514,41617
2013-12-19,0.89512,0.89864,0.89345,0.89809,39630
2013-12-20,0.89807,0.90009,0.89318,0.89541,37406
2013-12-23,0.89586,0.89668,0.89181,0.89356,25711
2013-12-24,0.89354,0.89719,0.89346,0.89584,18424
2013-12-26,0.89603,0.89679,0.89493,0.89641,15847
2013-12-27,0.89638,0.89654,0.87986,0.89099,99766
2013-12-30,0.89058,0.89315,0.88597,0.88818,83138
2013-12-31,0.88719,0.89301,0.88658,0.88858,60481
2014-01-01,0.89212,0.89285,0.89074,0.89194,1628
2014-01-02,0.89126,0.90285,0.89078,0.89932,145850
2014-01-03,0.89881,0.90574,0.89879,0.90466,100418
2014-01-06,0.9048,0.90701,0.90195,0.90365,101636
2014-01-07,0.90382,0.90988,0.90343,0.9093,102731
2014-01-08,0.90904,0.91272,0.90761,0.91142,114597
2014-01-09,0.91108,0.91239,0.90627,0.90722,111435
2014-01-10,0.90671,0.90902,0.90042,0.90211,106555
2014-01-13,0.90115,0.90476,0.89858,0.89924,96446
2014-01-14,0.89889,0.90314,0.89861,0.9028,97249
2014-01-15,0.90234,0.91077,0.90223,0.90889,97070
2014-01-16,0.90852,0.91035,0.90312,0.90454,98978
2014-01-17,0.9048,0.91195,0.90434,0.90967,88858
2014-01-20,0.91004,0.91322,0.90885,0.91021,66101
2014-01-21,0.90977,0.91563,0.90838,0.91039,97781
2014-01-22,0.90987,0.91222,0.90879,0.91159,86665
2014-01-23,0.91146,0.91336,0.89631,0.89742,125105
2014-01-24,0.89732,0.89911,0.89024,0.89403,117963
2014-01-27,0.89482,0.89842,0.89312,0.89621,100588
2014-01-28,0.89604,0.90098,0.89539,0.90018,97768
2014-01-29,0.89713,0.90092,0.89347,0.89441,129947
2014-01-30,0.8944,0.90474,0.89412,0.90252,120226
2014-01-31,0.90262,0.90797,0.90074,0.90579,122936
2014-02-03,0.90636,0.90812,0.90032,0.90123,112709
2014-02-04,0.90064,0.90615,0.90061,0.90383,102357
2014-02-05,0.90369,0.90566,0.90031,0.90372,111505
2014-02-06,0.90347,0.90633,0.89673,0.90084,115527
2014-02-07,0.90082,0.90219,0.89585,0.89817,103623
2014-02-10,0.89856,0.89934,0.89587,0.89665,68215
2014-02-11,0.89668,0.89875,0.89395,0.89825,87069
2014-02-12,0.89816,0.90378,0.89674,0.90042,84980
2014-02-13,0.90065,0.90095,0.89179,0.89338,95278
2014-02-14,0.89342,0.89402,0.89025,0.89235,75633
2014-02-17,0.89125,0.8926,0.88999,0.89128,60322
2014-02-18,0.89125,0.89284,0.88686,0.88789,95355
2014-02-19,0.88793,0.88954,0.88557,0.88874,80716
2014-02-20,0.88835,0.89145,0.88586,0.88948,90112
2014-02-21,0.8895,0.89108,0.88671,0.88791,76188
2014-02-24,0.88743,0.89104,0.8852,0.88881,74018
2014-02-25,0.88883,0.88914,0.88536,0.88688,80153
2014-02-26,0.8867,0.89299,0.8865,0.89066,89121
2014-02-27,0.89056,0.8919,0.88708,0.8883,92064
2014-02-28,0.88819,0.88894,0.8777,0.87983,113388
2014-03-03,0.8804,0.88357,0.87814,0.88319,102457
2014-03-04,0.88306,0.88786,0.88243,0.88754,93799
2014-03-05,0.88736,0.88953,0.88594,0.88707,90896
2014-03-06,0.88704,0.8891,0.87941,0.87996,107468
2014-03-07,0.88022,0.88158,0.87556,0.87743,112380
2014-03-10,0.877,0.87933,0.87605,0.87769,99888
2014-03-11,0.87759,0.88048,0.87657,0.87788,107074
2014-03-12,0.87813,0.8788,0.87338,0.87405,122819
2014-03-13,0.87383,0.87645,0.86984,0.87468,165081
2014-03-14,0.87442,0.87616,0.87027,0.87205,138170
2014-03-17,0.87204,0.8756,0.87134,0.87338,113697
2014-03-18,0.87305,0.87693,0.87234,0.87319,125023
2014-03-19,0.87302,0.88292,0.87276,0.88136,129842
2014-03-20,0.88051,0.88691,0.87995,0.88359,147613
2014-03-21,0.88374,0.88422,0.88144,0.88282,103182
2014-03-24,0.88178,0.88659,0.87859,0.88069,122210
2014-03-25,0.88068,0.88791,0.88005,0.88276,150686
2014-03-26,0.8826,0.88696,0.88229,0.88508,141974
2014-03-27,0.88485,0.88733,0.88402,0.8865,145094
2014-03-28,0.88649,0.88989,0.8848,0.88667,130709
2014-03-31,0.88533,0.88892,0.88239,0.88414,151647
2014-04-01,0.8842,0.88489,0.88139,0.88351,113647
2014-04-02,0.88331,0.88748,0.88183,0.88668,110836
2014-04-03,0.88653,0.89274,0.88424,0.8911,141514
2014-04-04,0.89093,0.89526,0.89042,0.89164,138758
2014-04-07,0.89199,0.89248,0.88721,0.88776,98017
2014-04-08,0.88777,0.8879,0.88253,0.88369,132796
2014-04-09,0.88317,0.8846,0.87885,0.87963,128817
2014-04-10,0.87952,0.88052,0.87506,0.87621,101475
2014-04-11,0.87638,0.87711,0.87428,0.87575,93372
2014-04-14,0.87749,0.88052,0.8762,0.87977,86429
2014-04-15,0.87965,0.88187,0.87826,0.88022,87331
2014-04-16,0.87998,0.88285,0.87805,0.88167,78227
2014-04-17,0.88171,0.88359,0.87771,0.88273,70939
2014-04-18,0.88298,0.88355,0.88228,0.88334,26866
2014-04-21,0.883,0.8852,0.88187,0.88494,40943
2014-04-22,0.88491,0.88615,0.88322,0.88486,65506
2014-04-23,0.88486,0.8853,0.88069,0.88331,77099
2014-04-24,0.8833,0.88558,0.88126,0.88165,76410
2014-04-25,0.88145,0.88205,0.88015,0.8817,60602
2014-04-28,0.88021,0.88263,0.87698,0.88029,73924
2014-04-29,0.88007,0.88458,0.8786,0.88353,77612
2014-04-30,0.88334,0.88509,0.87908,0.88007,95095
2014-05-01,0.88028,0.88044,0.87822,0.87926,57637
2014-05-02,0.87922,0.88408,0.87724,0.87794,96152
2014-05-05,0.87673,0.87808,0.87636,0.87775,67373
2014-05-06,0.87766,0.87798,0.87203,0.87436,103819
2014-05-07,0.87422,0.87644,0.87334,0.87621,117576
2014-05-08,0.87613,0.88046,0.87026,0.8802,144546
2014-05-09,0.88009,0.88728,0.87994,0.8862,106557
2014-05-12,0.88611,0.88812,0.88581,0.88775,78010
2014-05-13,0.88776,0.8908,0.88651,0.89002,114430
2014-05-14,0.89006,0.89044,0.88827,0.88973,90988
2014-05-15,0.88971,0.89598,0.8882,0.89088,120483
2014-05-16,0.89084,0.89265,0.88978,0.89254,98691
2014-05-19,0.8919,0.8924,0.89038,0.8922,111841
2014-05-20,0.89216,0.89393,0.8913,0.89201,112630
2014-05-21,0.89187,0.89652,0.88967,0.89329,131409
2014-05-22,0.89315,0.89517,0.89231,0.8942,105707
2014-05-23,0.89403,0.89719,0.89384,0.89519,98705
2014-05-26,0.89463,0.89663,0.89392,0.89476,64316
2014-05-27,0.89467,0.89811,0.8937,0.89673,89515
2014-05-28,0.89659,0.89896,0.89638,0.89825,96344
2014-05-29,0.89831,0.89836,0.89548,0.89774,90139
2014-05-30,0.89777,0.89827,0.89325,0.89503,82301
2014-06-02,0.89318,0.89949,0.89318,0.8985,86545
2014-06-03,0.89856,0.89955,0.89502,0.8963,86572
2014-06-04,0.89627,0.89817,0.89484,0.89701,91823
2014-06-05,0.89712,0.90364,0.89076,0.89134,169939
2014-06-06,0.89127,0.89511,0.89091,0.8933,116853
2014-06-09,0.89211,0.89792,0.8919,0.89704,84081
2014-06-10,0.89694,0.90075,0.89638,0.89923,94923
2014-06-11,0.89902,0.90113,0.89795,0.89972,99215
2014-06-12,0.89984,0.90117,0.89695,0.89835,114001
2014-06-13,0.89828,0.90106,0.89594,0.89895,102637
2014-06-16,0.89936,0.90128,0.89648,0.89717,94507
2014-06-17,0.897,0.90046,0.89642,0.89933,89618
2014-06-18,0.89926,0.89986,0.89543,0.89619,108848
2014-06-19,0.89556,0.89664,0.89101,0.89412,103570
2014-06-20,0.8939,0.89741,0.89238,0.89458,85839
2014-06-23,0.89356,0.89675,0.89356,0.89414,83134
2014-06-24,0.89412,0.89579,0.89244,0.89402,93480
2014-06-25,0.89367,0.89452,0.89073,0.89269,86519
2014-06-26,0.89277,0.89562,0.89212,0.89352,90350
2014-06-27,0.8935,0.89379,0.89052,0.89054,83347
2014-06-30,0.8905,0.89144,0.88615,0.88663,104098
2014-07-01,0.88676,0.88784,0.88557,0.88739,112626
2014-07-02,0.88744,0.88984,0.88722,0.88886,106976
2014-07-03,0.8887,0.89426,0.88863,0.89328,130208
2014-07-04,0.89317,0.89512,0.8928,0.89375,77844
2014-07-07,0.89417,0.89591,0.8929,0.89336,102313
2014-07-08,0.89346,0.89461,0.89208,0.89291,109453
2014-07-09,0.89287,0.89374,0.89047,0.89097,123273
2014-07-10,0.89084,0.89341,0.89016,0.8925,128116
2014-07-11,0.8921,0.89334,0.89114,0.892,115292
2014-07-14,0.89236,0.89319,0.88977,0.89175,111416
2014-07-15,0.89178,0.89624,0.89108,0.89567,141620
2014-07-16,0.89544,0.89892,0.8954,0.8982,93099
2014-07-17,0.89821,0.89866,0.89685,0.89743,92998
2014-07-18,0.89726,0.90032,0.89694,0.89793,95584
2014-07-21,0.89793,0.8989,0.89703,0.898,72237
2014-07-22,0.8979,0.90266,0.89769,0.90232,104656
2014-07-23,0.90228,0.90314,0.90153,0.90224,88014
2014-07-24,0.90209,0.90372,0.90074,0.90249,99030
2014-07-25,0.90237,0.90513,0.90172,0.90402,97405
2014-07-28,0.90422,0.90512,0.90345,0.90389,82821
2014-07-29,0.90387,0.90738,0.9036,0.90683,103436
2014-07-30,0.90688,0.91062,0.90645,0.90856,155876
2014-07-31,0.9087,0.9103,0.90752,0.90864,109381
2014-08-01,0.90868,0.90961,0.904,0.90529,125466
2014-08-04,0.90479,0.90718,0.90466,0.90664,82567
2014-08-05,0.90654,0.9111,0.90642,0.90938,110733
2014-08-06,0.90894,0.91144,0.90698,0.90745,114853
2014-08-07,0.90746,0.91047,0.90656,0.90882,123682
2014-08-08,0.9088,0.90979,0.90322,0.90489,135226
2014-08-11,0.90533,0.90669,0.90524,0.90652,78105
2014-08-12,0.90648,0.91032,0.90642,0.90745,90179
2014-08-13,0.90747,0.9098,0.90411,0.90751,103554
2014-08-14,0.90727,0.90851,0.90344,0.90655,105353
2014-08-15,0.90644,0.90705,0.90179,0.90179,113465
2014-08-18,0.90236,0.90691,0.90223,0.90654,74455
2014-08-19,0.90648,0.9094,0.90564,0.90928,98020
2014-08-20,0.90913,0.91379,0.90894,0.91344,120494
2014-08-21,0.91331,0.91453,0.91103,0.91125,100731
2014-08-22,0.91134,0.91537,0.91029,0.91334,120199
2014-08-25,0.91741,0.91781,0.91416,0.91554,97642
2014-08-26,0.91528,0.91803,0.91372,0.91739,124606
2014-08-27,0.91741,0.91848,0.91375,0.91467,127333
2014-08-28,0.91479,0.91614,0.91255,0.91505,150102
2014-08-29,0.91505,0.9184,0.91383,0.91807,131968
2014-09-01,0.91885,0.91974,0.91764,0.91953,75621
2014-09-02,0.9195,0.92115,0.91875,0.91909,116604
2014-09-03,0.91891,0.92007,0.9175,0.91772,131289
2014-09-04,0.91757,0.93295,0.91748,0.9325,187512
2014-09-05,0.9318,0.93356,0.92833,0.93103,157322
2014-09-08,0.93066,0.93587,0.93048,0.9352,150820
2014-09-09,0.93539,0.93799,0.93142,0.93273,181764
2014-09-10,0.93281,0.93954,0.93186,0.9367,192612
2014-09-11,0.93654,0.93756,0.93361,0.93557,154568
2014-09-12,0.93563,0.93682,0.93195,0.93281,168061
2014-09-15,0.93187,0.93727,0.93187,0.93536,139888
2014-09-16,0.93511,0.9363,0.92999,0.93266,174641
2014-09-17,0.93251,0.94277,0.93216,0.94247,212164
2014-09-18,0.94101,0.9433,0.93313,0.93415,210781
2014-09-19,0.93365,0.941,0.93336,0.94063,198694
2014-09-22,0.94106,0.94213,0.93762,0.94004,213690
2014-09-23,0.93976,0.9403,0.93526,0.93974,168161
2014-09-24,0.93976,0.94584,0.93882,0.94576,160053
2014-09-25,0.94544,0.95153,0.94515,0.94676,210897
2014-09-26,0.94643,0.95204,0.94591,0.95124,171042
2014-09-29,0.95129,0.9532,0.9488,0.95124,165370
2014-09-30,0.95123,0.95965,0.94985,0.95507,212018
2014-10-01,0.95493,0.9596,0.95446,0.95647,210310
2014-10-02,0.95587,0.95804,0.95167,0.95374,250993
2014-10-03,0.9539,0.96837,0.95312,0.96724,184026
2014-10-06,0.96843,0.96861,0.95662,0.95841,172642
2014-10-07,0.95814,0.96247,0.95548,0.95686,253223
2014-10-08,0.9567,0.9601,0.95096,0.95216,248452
2014-10-09,0.95169,0.95593,0.94686,0.95434,270307
2014-10-10,0.95417,0.95928,0.95263,0.95699,214601
2014-10-13,0.95664,0.95759,0.94685,0.9487,208784
2014-10-14,0.94776,0.95551,0.94676,0.95383,223753
2014-10-15,0.95368,0.95623,0.93594,0.942,349588
2014-10-16,0.93986,0.94907,0.93985,0.94304,328014
2014-10-17,0.94231,0.94744,0.94048,0.94561,194725
2014-10-20,0.94675,0.94797,0.94143,0.9432,182009
2014-10-21,0.94254,0.94936,0.93972,0.9492,211907
2014-10-22,0.94902,0.95418,0.94717,0.95385,203574
2014-10-23,0.95351,0.95588,0.95169,0.95419,192737
2014-10-24,0.95403,0.95455,0.94967,0.95114,180363
2014-10-27,0.95098,0.95207,0.94761,0.94965,178117
2014-10-28,0.94942,0.95112,0.94447,0.94686,172347
2014-10-29,0.94707,0.95499,0.9441,0.95444,175114
2014-10-30,0.95476,0.96104,0.95415,0.95652,217540
2014-10-31,0.95584,0.96623,0.95557,0.9623,273215
2014-11-03,0.96427,0.96907,0.96342,0.96511,255692
2014-11-04,0.96573,0.96583,0.95793,0.95942,234078
2014-11-05,0.95971,0.96612,0.95826,0.96472,263710
2014-11-06,0.96389,0.97379,0.96024,0.9727,331689
2014-11-07,0.97312,0.97413,0.96503,0.96573,322052
2014-11-10,0.96424,0.96843,0.9616,0.96799,214139
2014-11-11,0.96798,0.97,0.9624,0.96466,218158
2014-11-12,0.96438,0.96797,0.96218,0.96714,275610
2014-11-13,0.96634,0.96733,0.96215,0.96356,230667
2014-11-14,0.96334,0.96895,0.95728,0.95891,280362
2014-11-17,0.95874,0.96545,0.95519,0.96482,232169
2014-11-18,0.96474,0.96535,0.95738,0.95847,200935
2014-11-19,0.95807,0.96001,0.95296,0.95753,207093
2014-11-20,0.95681,0.96057,0.95523,0.95831,243796
2014-11-21,0.95829,0.9709,0.95627,0.96992,240663
2014-11-24,0.97233,0.97255,0.96623,0.96623,159198
2014-11-25,0.96633,0.96975,0.96337,0.96393,187171
2014-11-26,0.96393,0.96652,0.95944,0.96111,198911
2014-11-27,0.96111,0.96432,0.95983,0.964,107894
2014-11-28,0.96405,0.96701,0.96205,0.96545,148859
2014-12-01,0.96564,0.96871,0.96146,0.96455,193326
2014-12-02,0.96451,0.97294,0.96408,0.97178,158538
2014-12-03,0.97197,0.97825,0.97141,0.97744,168381
2014-12-04,0.97743,0.97955,0.96484,0.97149,210031
2014-12-05,0.97121,0.97992,0.97018,0.97879,194999
2014-12-08,0.97796,0.98175,0.97373,0.97586,161956
2014-12-09,0.9758,0.97775,0.96529,0.97117,219678
2014-12-10,0.97117,0.97224,0.96619,0.96623,217968
2014-12-11,0.96621,0.97104,0.96269,0.96651,239397
2014-12-12,0.96772,0.96989,0.9618,0.96341,201583
2014-12-15,0.9634,0.96737,0.96205,0.9654,206088
2014-12-16,0.96541,0.96573,0.95525,0.95965,261434
2014-12-17,0.95974,0.97461,0.95932,0.97286,242275
2014-12-18,0.97288,0.98477,0.97147,0.97964,226093
2014-12-19,0.97968,0.98456,0.97838,0.9827,185822
2014-12-22,0.98385,0.98493,0.98045,0.98367,236641
2014-12-23,0.98365,0.9886,0.98251,0.98768,229477
2014-12-24,0.98767,0.9881,0.98393,0.9864,161199
2014-12-26,0.9836,0.98836,0.98337,0.98698,118923
2014-12-29,0.98681,0.99075,0.98423,0.98954,141133
2014-12-30,0.98976,0.99194,0.98673,0.98865,120646
2014-12-31,0.98858,0.99436,0.98787,0.99384,88440
2015-01-02,0.99364,1.00183,0.99265,1.00142,184605
2015-01-05,1.00497,1.02912,1.00319,1.00677,232857
2015-01-06,1.00677,1.01085,1.00403,1.01002,245011
2015-01-07,1.01004,1.01751,1.00935,1.01423,264398
2015-01-08,1.01427,1.02161,1.01358,1.01827,213126
2015-01-09,1.01829,1.02088,1.01366,1.01419,243562
2015-01-12,1.01309,1.0189,1.01167,1.01473,210324
2015-01-13,1.01474,1.02172,1.01251,1.01997,250739
2015-01-14,1.02001,1.02396,1.01365,1.01857,288721
2015-01-15,1.01858,1.02199,0.81889,0.89031,272859
2015-01-16,0.83454,0.88083,0.83454,0.85785,126313
2015-01-19,0.86072,0.87972,0.85401,0.87911,116170
2015-01-20,0.87866,0.88358,0.8684,0.87535,94115
2015-01-21,0.87515,0.87713,0.84985,0.85976,118693
2015-01-22,0.85922,0.87491,0.85239,0.87078,121687
2015-01-23,0.87037,0.88184,0.86777,0.87936,175372
2015-01-26,0.87904,0.9041,0.87619,0.90243,181063
2015-01-27,0.90268,0.91658,0.89319,0.90249,161283
2015-01-28,0.90219,0.90913,0.89824,0.90454,118545
2015-01-29,0.90452,0.9252,0.90404,0.92342,119602
2015-01-30,0.92327,0.92889,0.9169,0.92017,141671
2015-02-02,0.92608,0.93446,0.91972,0.92774,134312
2015-02-03,0.9277,0.92955,0.91832,0.92336,175351
2015-02-04,0.9232,0.9277,0.92037,0.92574,162375
2015-02-05,0.9257,0.93116,0.92026,0.92102,221373
2015-02-06,0.92107,0.92886,0.91582,0.9234,178927
2015-02-09,0.92565,0.9286,0.91928,0.92334,145160
2015-02-10,0.92324,0.92772,0.92115,0.92613,147622
2015-02-11,0.92613,0.92998,0.92267,0.92823,132875
2015-02-12,0.92793,0.93362,0.92541,0.93073,161967
2015-02-13,0.9307,0.93346,0.92666,0.93094,131091
2015-02-16,0.93109,0.93271,0.92806,0.93146,157475
2015-02-17,0.93179,0.93741,0.9289,0.93656,164125
2015-02-18,0.93673,0.94512,0.93121,0.94203,175140
2015-02-19,0.94217,0.94985,0.93829,0.94929,159238
2015-02-20,0.94927,0.95348,0.93707,0.93778,177995
2015-02-23,0.94033,0.95253,0.93841,0.94967,149506
2015-02-24,0.94967,0.95222,0.94667,0.95041,148297
2015-02-25,0.95033,0.95093,0.94629,0.94828,128600
2015-02-26,0.94822,0.95458,0.94478,0.95248,149419
2015-02-27,0.95233,0.95461,0.94485,0.95412,142715
2015-03-02,0.95257,0.95973,0.95257,0.95829,107516
2015-03-03,0.95801,0.96174,0.95555,0.96099,126755
2015-03-04,0.96087,0.9681,0.95903,0.963,142628
2015-03-05,0.96291,0.97488,0.96257,0.97338,130949
2015-03-06,0.97342,0.98652,0.97195,0.98553,137172
2015-03-09,0.98662,0.98736,0.98226,0.98537,117044
2015-03-10,0.98561,0.99989,0.98513,0.99922,147921
2015-03-11,0.99925,1.01072,0.99671,1.00878,141239
2015-03-12,1.00891,1.01276,0.99791,1.00273,140948
2015-03-13,1.00189,1.01112,1.00187,1.00468,133151
2015-03-16,1.00635,1.00825,1.00223,1.00797,126080
2015-03-17,1.0073,1.00914,1.00087,1.00575,85396
2015-03-18,1.00607,1.00689,0.96248,0.98218,125100
2015-03-19,0.97752,0.99824,0.97593,0.98987,179660
2015-03-20,0.98974,0.99044,0.97246,0.9737,150563
2015-03-23,0.97481,0.98113,0.96361,0.96573,186701
2015-03-24,0.96584,0.96933,0.95315,0.95812,150781
2015-03-25,0.95804,0.96193,0.95501,0.95953,125174
2015-03-26,0.95935,0.96556,0.9486,0.96318,154485
2015-03-27,0.96258,0.96917,0.95532,0.96126,144832
2015-03-30,0.96155,0.96881,0.96016,0.96655,117131
2015-03-31,0.96658,0.97555,0.9652,0.97213,129324
2015-04-01,0.97225,0.97415,0.96396,0.9666,166040
2015-04-02,0.96674,0.96742,0.95573,0.95938,128038
2015-04-03,0.95933,0.96083,0.94539,0.94946,67280
2015-04-06,0.95068,0.96055,0.94952,0.95832,62252
2015-04-07,0.95817,0.96715,0.95521,0.96576,111932
2015-04-08,0.96578,0.96742,0.95947,0.9663,113143
2015-04-09,0.96621,0.97884,0.96568,0.97749,107081
2015-04-10,0.97739,0.98357,0.97476,0.97856,98701
2015-04-13,0.97953,0.98622,0.97569,0.9778,103261
2015-04-14,0.9776,0.97941,0.96702,0.97191,136259
2015-04-15,0.97196,0.97703,0.96344,0.96445,146369
2015-04-16,0.96398,0.97109,0.95391,0.95595,207562
2015-04-17,0.95576,0.95839,0.94933,0.95134,180814
2015-04-20,0.95051,0.9599,0.94991,0.95601,146096
2015-04-21,0.95584,0.96244,0.9505,0.9549,152698
2015-04-22,0.95457,0.97148,0.94999,0.9712,193438
2015-04-23,0.97134,0.97186,0.95299,0.95456,182631
2015-04-24,0.95352,0.9574,0.95094,0.95332,182215
2015-04-27,0.95381,0.95837,0.9492,0.95488,159784
2015-04-28,0.95447,0.95981,0.95027,0.95584,177513
2015-04-29,0.95423,0.95723,0.93394,0.93929,217440
2015-04-30,0.93903,0.9447,0.93073,0.93252,232151
2015-05-01,0.93219,0.9352,0.92762,0.93247,148825
2015-05-04,0.9335,0.93838,0.93125,0.93337,126359
2015-05-05,0.93342,0.94129,0.92379,0.92642,132840
2015-05-06,0.92615,0.92805,0.91134,0.91561,185445
2015-05-07,0.91544,0.92262,0.90713,0.92168,127963
2015-05-08,0.92145,0.93234,0.91953,0.93193,149457
2015-05-11,0.93137,0.93537,0.92961,0.93413,131132
2015-05-12,0.93358,0.93579,0.92107,0.92926,193790
2015-05-13,0.92891,0.92945,0.91531,0.91668,183266
2015-05-14,0.91647,0.91768,0.90781,0.91205,193571
2015-05-15,0.91128,0.92548,0.91087,0.91549,169668
2015-05-18,0.91491,0.92644,0.9147,0.92617,123832
2015-05-19,0.92575,0.93841,0.92449,0.93675,195383
2015-05-20,0.93648,0.94052,0.93355,0.93692,224868
2015-05-21,0.93668,0.93817,0.93051,0.9367,206188
2015-05-22,0.93602,0.94563,0.92858,0.94337,185769
2015-05-25,0.94267,0.94564,0.94045,0.94496,93468
2015-05-26,0.94427,0.95362,0.94426,0.95319,220258
2015-05-27,0.95302,0.95429,0.94661,0.94936,204394
2015-05-28,0.94909,0.95123,0.94174,0.94367,229288
2015-05-29,0.94357,0.94786,0.93471,0.94012,221327
2015-06-01,0.93932,0.94835,0.93841,0.94592,210001
2015-06-02,0.94547,0.94688,0.93081,0.93308,277920
2015-06-03,0.93273,0.94226,0.93022,0.93375,225861
2015-06-04,0.93347,0.93709,0.92771,0.93358,183770
2015-06-05,0.93304,0.95014,0.92984,0.93904,281395
2015-06-08,0.94001,0.9429,0.92554,0.92736,193130
2015-06-09,0.927,0.93322,0.92457,0.93051,206885
2015-06-10,0.93025,0.93247,0.92326,0.93117,242596
2015-06-11,0.93093,0.94071,0.92962,0.93306,201868
2015-06-12,0.93239,0.93909,0.92407,0.92862,195795
2015-06-15,0.9291,0.9384,0.92739,0.92922,156019
2015-06-16,0.92912,0.9335,0.92712,0.93212,130721
2015-06-17,0.93162,0.9325,0.91961,0.92178,171675
2015-06-18,0.92143,0.92453,0.915,0.92125,181374
2015-06-19,0.92097,0.92492,0.91622,0.91806,134769
2015-06-22,0.91642,0.92254,0.91561,0.92141,181395
2015-06-23,0.92102,0.93879,0.92085,0.93373,183371
2015-06-24,0.93336,0.93691,0.92805,0.93358,182243
2015-06-25,0.93295,0.94155,0.93243,0.93636,152848
2015-06-26,0.93617,0.93733,0.92991,0.93355,150321
2015-06-29,0.93669,0.94274,0.92427,0.92488,258633
2015-06-30,0.92459,0.93808,0.92431,0.93512,210679
2015-07-01,0.93513,0.94894,0.93411,0.94792,174841
2015-07-02,0.9478,0.95039,0.94176,0.94338,295880
2015-07-03,0.94309,0.94413,0.939,0.93977,241624
2015-07-06,0.9411,0.94717,0.94064,0.94244,301886
2015-07-07,0.94201,0.95152,0.94186,0.94654,303951
2015-07-08,0.94509,0.95094,0.94078,0.94497,313874
2015-07-09,0.94474,0.95149,0.94237,0.94764,302579
2015-07-10,0.94731,0.94892,0.93289,0.93815,279429
2015-07-13,0.9409,0.95028,0.93666,0.95015,235839
2015-07-14,0.94975,0.95316,0.93974,0.94462,262725
2015-07-15,0.94479,0.95473,0.94333,0.9519,228126
2015-07-16,0.95165,0.95834,0.95139,0.95765,281631
2015-07-17,0.95674,0.96191,0.95563,0.96152,288697
2015-07-20,0.96066,0.96483,0.95994,0.96454,294444
2015-07-21,0.96416,0.96483,0.95593,0.95817,408010
2015-07-22,0.95801,0.96319,0.95602,0.95973,342517
2015-07-23,0.95969,0.96024,0.95246,0.95973,242580
2015-07-24,0.95868,0.96353,0.95729,0.96238,191435
2015-07-27,0.96118,0.96325,0.95294,0.96248,216338
2015-07-28,0.96221,0.96739,0.96036,0.96225,189739
2015-07-29,0.96205,0.9689,0.95978,0.9678,201273
2015-07-30,0.96707,0.97188,0.96641,0.96899,209161
2015-07-31,0.96883,0.96934,0.95474,0.96529,255926
2015-08-03,0.96478,0.97021,0.96422,0.9691,210369
2015-08-04,0.96882,0.97893,0.96674,0.97817,323292
2015-08-05,0.9781,0.98213,0.97593,0.97881,307859
2015-08-06,0.97873,0.98472,0.97669,0.98054,279980
2015-08-07,0.98048,0.98836,0.97861,0.98352,273783
2015-08-10,0.98121,0.98905,0.98027,0.98305,239693
2015-08-11,0.98338,0.99027,0.98012,0.9875,288695
2015-08-12,0.98774,0.98898,0.96767,0.97467,304761
2015-08-13,0.97518,0.97938,0.97292,0.97562,273717
2015-08-14,0.97628,0.97864,0.97271,0.97576,241751
2015-08-17,0.97573,0.97984,0.97413,0.97817,255292
2015-08-18,0.97858,0.97953,0.9751,0.97665,229750
2015-08-19,0.97696,0.97775,0.96432,0.96495,280274
2015-08-20,0.9655,0.96712,0.9577,0.95773,294837
2015-08-21,0.95836,0.95943,0.94562,0.94598,341312
2015-08-24,0.94537,0.94811,0.92573,0.9293,452136
2015-08-25,0.93008,0.95053,0.92889,0.9381,404742
2015-08-26,0.93873,0.95512,0.93797,0.95324,429384
2015-08-27,0.95452,0.96718,0.95116,0.96578,342977
2015-08-28,0.96599,0.96664,0.95779,0.96229,366003
2015-08-31,0.96174,0.96896,0.95864,0.96722,182918
2015-09-01,0.96715,0.96734,0.95688,0.95867,391780
2015-09-02,0.95855,0.96996,0.9571,0.9692,355828
2015-09-03,0.96888,0.97702,0.96816,0.97304,345515
2015-09-04,0.97322,0.97695,0.96821,0.97194,311918
2015-09-07,0.97139,0.97637,0.97065,0.97447,272457
2015-09-08,0.97458,0.98208,0.96992,0.9787,158409
2015-09-09,0.97907,0.98234,0.9715,0.97527,177972
2015-09-10,0.97511,0.97926,0.97006,0.97285,186480
2015-09-11,0.97298,0.97959,0.96815,0.96931,168227
2015-09-14,0.96884,0.9719,0.96669,0.96831,127787
2015-09-15,0.968,0.9763,0.96697,0.97384,126046
2015-09-16,0.97345,0.97622,0.96691,0.97113,140651
2015-09-17,0.97077,0.97242,0.95909,0.95909,169961
2015-09-18,0.95918,0.97046,0.9527,0.96809,183562
2015-09-21,0.96781,0.974,0.96423,0.97138,152365
2015-09-22,0.97137,0.97527,0.97068,0.97482,150635
2015-09-23,0.9748,0.98009,0.97351,0.97966,171686
2015-09-24,0.97902,0.98034,0.9667,0.97472,173483
2015-09-25,0.97487,0.9843,0.97426,0.97848,179978
2015-09-28,0.97683,0.98157,0.97215,0.97335,153505
2015-09-29,0.97335,0.97491,0.96863,0.97146,174056
2015-09-30,0.97072,0.97756,0.9706,0.97304,168020
2015-10-01,0.97275,0.97884,0.97212,0.97711,152274
2015-10-02,0.97679,0.97944,0.96443,0.9713,173198
2015-10-05,0.97076,0.97671,0.96854,0.97527,177906
2015-10-06,0.9753,0.97666,0.9664,0.96647,154853
2015-10-07,0.96638,0.97393,0.96475,0.9733,175731
2015-10-08,0.97334,0.9737,0.96221,0.96588,184075
2015-10-09,0.9654,0.96748,0.95858,0.96146,176948
2015-10-12,0.96065,0.96306,0.95944,0.96242,113405
2015-10-13,0.9627,0.96459,0.9554,0.9577,141627
2015-10-14,0.95764,0.95851,0.94831,0.94925,155032
2015-10-15,0.94893,0.95523,0.94756,0.95044,158042
2015-10-16,0.95028,0.95529,0.94962,0.95345,134389
2015-10-19,0.95241,0.95776,0.95069,0.95597,132312
2015-10-20,0.95618,0.95705,0.94931,0.95583,129505
2015-10-21,0.95599,0.96104,0.95273,0.95948,141943
2015-10-22,0.95937,0.97385,0.95793,0.97297,213072
2015-10-23,0.97303,0.98004,0.97111,0.97863,214633
2015-10-26,0.9786,0.98386,0.97558,0.98256,157237
2015-10-27,0.98342,0.98737,0.98051,0.98606,156301
2015-10-28,0.98608,0.99571,0.98193,0.99386,178998
2015-10-29,0.99381,0.99554,0.98848,0.98895,166147
2015-10-30,0.98928,0.99103,0.98449,0.98744,184308
2015-11-02,0.98496,0.98913,0.9835,0.98697,142593
2015-11-03,0.98542,0.99251,0.98406,0.99084,145078
2015-11-04,0.9906,0.99513,0.98846,0.99315,170744
2015-11-05,0.99272,0.99789,0.99208,0.99514,176045
2015-11-06,0.99479,1.0076,0.99434,1.00519,178390
2015-11-09,1.00483,1.00614,0.99971,1.00333,170893
2015-11-10,1.00276,1.00864,1.00191,1.00626,180406
2015-11-11,1.00598,1.00717,1.00286,1.00442,148591
2015-11-12,1.00407,1.00848,0.99886,0.99952,197982
2015-11-13,0.9996,1.00943,0.99946,1.00568,191145
2015-11-16,1.00619,1.01028,1.0043,1.00952,165238
2015-11-17,1.0094,1.01704,1.00901,1.01446,172952
2015-11-18,1.01426,1.02198,1.01272,1.01987,167531
2015-11-19,1.01955,1.02017,1.01215,1.01255,183279
2015-11-20,1.01234,1.01976,1.01216,1.01809,178876
2015-11-23,1.01879,1.02255,1.01747,1.01785,178867
2015-11-24,1.01762,1.0193699999999999,1.01437,1.01672,182931
2015-11-25,1.01662,1.02605,1.0143,1.0217,204005
2015-11-26,1.02143,1.02528,1.01848,1.02361,125130
2015-11-27,1.02349,1.0328,1.02251,1.02919,158583
2015-11-30,1.02978,1.03193,1.02576,1.02881,156769
2015-12-01,1.02871,1.03013,1.02537,1.02587,157356
2015-12-02,1.02578,1.03073,1.01789,1.01823,189420
2015-12-03,1.01807,1.02636,0.98747,0.99318,272839
2015-12-04,0.99319,1.0034,0.99107,0.99636,295198
2015-12-07,0.99692,1.00311,0.99608,0.99978,181268
2015-12-08,0.99955,1.00098,0.99167,0.99224,184443
2015-12-09,0.99203,0.99442,0.98195,0.98283,200484
2015-12-10,0.98276,0.99075,0.98248,0.98764,176080
2015-12-11,0.98718,0.98981,0.98027,0.98244,199690
2015-12-14,0.98339,0.98719,0.97855,0.98511,206823
2015-12-15,0.98419,0.99244,0.97977,0.99106,192710
2015-12-16,0.99128,0.99203,0.98094,0.98975,234872
2015-12-17,0.98901,0.99907,0.98672,0.99589,190120
2015-12-18,0.99552,0.9975,0.99143,0.99152,187276
2015-12-21,0.99228,0.99682,0.98966,0.99222,156473
2015-12-22,0.99173,0.99371,0.98565,0.98709,137940
2015-12-23,0.98615,0.9945,0.98553,0.99044,118738
2015-12-24,0.99066,0.99153,0.98519,0.98727,61847
2015-12-28,0.98595,0.99017,0.98523,0.98814,87808
2015-12-29,0.98773,0.99427,0.98609,0.99307,104400
2015-12-30,0.99257,0.99286,0.98565,0.98842,108243
2015-12-31,0.9883,1.00234,0.98716,0.9998,95674
2016-01-04,1.00044,1.00624,0.99233,1.00194,203924
2016-01-05,1.00186,1.01238,1.00065,1.0084,169823
2016-01-06,1.00826,1.01207,1.00566,1.00704,195451
2016-01-07,1.00704,1.00794,0.99216,0.99296,231367
2016-01-08,0.99289,1.00516,0.99261,0.99443,254204
2016-01-11,0.99423,1.00227,0.98797,1.00128,206583
2016-01-12,1.00132,1.00458,0.99657,1.00186,210733
2016-01-13,1.00174,1.01059,1.00137,1.00559,219918
2016-01-14,1.00524,1.00914,1.00088,1.00466,252898
2016-01-15,1.00456,1.00603,0.99574,1.00124,253377
2016-01-18,1.00082,1.00725,1.00014,1.00494,126632
2016-01-19,1.00498,1.00813,1.00013,1.00329,203424
2016-01-20,1.00275,1.00574,0.99899,1.00347,245351
2016-01-21,1.00369,1.01458,1.00119,1.00727,284617
2016-01-22,1.00712,1.01651,1.00657,1.01486,206962
2016-01-25,1.01488,1.01674,1.01241,1.01253,206055
2016-01-26,1.01254,1.01983,1.01168,1.01657,190782
2016-01-27,1.01642,1.01888,1.01296,1.01484,239319
2016-01-28,1.01478,1.0177,1.01098,1.01362,225087
2016-01-29,1.01313,1.02558,1.01311,1.02247,281333
2016-02-01,1.021,1.0249,1.01548,1.0194,200491
2016-02-02,1.01906,1.02238,1.01696,1.0182,193398
2016-02-03,1.01818,1.0193699999999999,0.99871,1.00409,277523
2016-02-04,1.00329,1.00736,0.99211,0.99284,321927
2016-02-05,0.99297,0.99845,0.98811,0.99048,271950
2016-02-08,0.99165,0.99727,0.98405,0.98671,307692
2016-02-09,0.98652,0.98737,0.96941,0.97268,363276
2016-02-10,0.97236,0.9819,0.97089,0.97318,402383
2016-02-11,0.97274,0.97619,0.96603,0.97218,424090
2016-02-12,0.97221,0.97902,0.97136,0.97611,268230
2016-02-15,0.97685,0.9889,0.97552,0.98654,196437
2016-02-16,0.98641,0.98955,0.98466,0.98829,253022
2016-02-17,0.9881,0.99412,0.98523,0.99223,268028
2016-02-18,0.99177,0.99682,0.99036,0.99265,241650
2016-02-19,0.99252,0.99671,0.98877,0.98904,230469
2016-02-22,0.98844,1.00029,0.98844,0.99946,231730
2016-02-23,0.99917,1.00009,0.98947,0.9912,208732
2016-02-24,0.99095,0.9952,0.9852,0.98858,243501
2016-02-25,0.98851,0.99519,0.98769,0.99007,212401
2016-02-26,0.99005,0.99883,0.98704,0.99654,211747
2016-02-29,0.99646,1.00374,0.9948,0.99798,219063
2016-03-01,0.99795,1.00089,0.99595,0.99701,218279
2016-03-02,0.99684,1.00085,0.99543,0.99632,224065
2016-03-03,0.99606,0.9982,0.98914,0.99176,214320
2016-03-04,0.99173,0.9988,0.9878,0.9923,244741
2016-03-07,0.99234,1.00116,0.99232,0.99508,196771
2016-03-08,0.99474,0.997,0.99007,0.99545,193839
2016-03-09,0.99412,1.00384,0.99385,0.99711,197378
2016-03-10,0.9965,1.0092,0.98091,0.98493,267014
2016-03-11,0.98463,0.98899,0.98024,0.98232,210067
2016-03-14,0.98207,0.98809,0.98154,0.9871,178977
2016-03-15,0.98658,0.98955,0.98487,0.98691,166306
2016-03-16,0.98687,0.9913,0.97497,0.978,194804
2016-03-17,0.97641,0.97861,0.96502,0.96709,193713
2016-03-18,0.96732,0.97166,0.96539,0.96871,175562
2016-03-21,0.96901,0.97297,0.96745,0.97048,137473
2016-03-22,0.96976,0.97359,0.96878,0.97284,152147
2016-03-23,0.97246,0.97657,0.9724,0.9751,128191
2016-03-24,0.97485,0.97728,0.97364,0.97554,138665
2016-03-25,0.97545,0.97867,0.97489,0.97678,60493
2016-03-28,0.97655,0.97857,0.97221,0.97381,67193
2016-03-29,0.97335,0.97623,0.96571,0.96612,181379
2016-03-30,0.96608,0.96698,0.95922,0.96486,180446
2016-03-31,0.96471,0.96624,0.9571,0.96165,192551
2016-04-01,0.96146,0.96251,0.95516,0.95759,173947
2016-04-04,0.95711,0.96144,0.95687,0.95839,143661
2016-04-05,0.95826,0.9604,0.95458,0.95589,174836
2016-04-06,0.95575,0.96216,0.95298,0.9555,188438
2016-04-07,0.9555,0.95806,0.95211,0.9554,186449
2016-04-08,0.95532,0.95818,0.95169,0.95212,159360
2016-04-11,0.95212,0.957,0.95018,0.95419,146938
2016-04-12,0.95355,0.95931,0.94983,0.95487,158223
2016-04-13,0.95418,0.96713,0.95418,0.96666,174289
2016-04-14,0.96654,0.96877,0.96369,0.96658,160435
2016-04-15,0.96649,0.96875,0.96474,0.96748,140064
2016-04-18,0.96517,0.96787,0.96273,0.96399,140246
2016-04-19,0.96354,0.96497,0.95843,0.96164,150112
2016-04-20,0.9617,0.97326,0.96021,0.97215,157852
2016-04-21,0.97175,0.97523,0.96469,0.97508,193499
2016-04-22,0.97505,0.97969,0.97318,0.97817,176719
2016-04-25,0.97874,0.97886,0.97357,0.97495,164009
2016-04-26,0.97477,0.97667,0.97009,0.97327,168765
2016-04-27,0.97321,0.97526,0.96791,0.97094,188304
2016-04-28,0.9704,0.97327,0.9656,0.96645,205869
2016-04-29,0.96643,0.96743,0.95672,0.95917,200608
2016-05-02,0.95669,0.96047,0.95342,0.95407,155540
2016-05-03,0.95374,0.95536,0.94435,0.95448,209792
2016-05-04,0.95349,0.95896,0.95251,0.95766,200662
2016-05-05,0.95715,0.9696,0.95677,0.96761,171870
2016-05-06,0.96751,0.97289,0.96407,0.97165,178693
2016-05-09,0.97176,0.97353,0.96834,0.97107,148714
2016-05-10,0.97088,0.97623,0.9698,0.97586,143364
2016-05-11,0.97532,0.97604,0.96981,0.97079,140393
2016-05-12,0.97071,0.97254,0.96629,0.97048,141951
2016-05-13,0.96979,0.97741,0.96975,0.97518,154645
2016-05-16,0.97415,0.97839,0.97368,0.9776,116357
2016-05-17,0.97739,0.9808,0.97507,0.98026,148763
2016-05-18,0.97994,0.98799,0.97979,0.98766,173831
2016-05-19,0.98755,0.9922,0.98621,0.99054,169053
2016-05-20,0.9901,0.99263,0.98848,0.98968,130682
2016-05-23,0.98992,0.9923,0.98827,0.98935,137979
2016-05-24,0.98917,0.99372,0.98888,0.99301,163691
2016-05-25,0.99271,0.99347,0.98959,0.99113,156998
2016-05-26,0.9906,0.99288,0.98716,0.98912,168862
2016-05-27,0.98887,0.99482,0.98845,0.99461,161671
2016-05-30,0.99423,0.99556,0.99192,0.9921,98037
2016-05-31,0.99195,0.99506,0.98858,0.99358,173637
2016-06-01,0.99291,0.99505,0.98614,0.98805,195970
2016-06-02,0.9877,0.991,0.98579,0.99039,192768
2016-06-03,0.98961,0.99196,0.97532,0.97556,209589
2016-06-06,0.97592,0.97754,0.96811,0.97028,182083
2016-06-07,0.97029,0.97133,0.96443,0.96496,143429
2016-06-08,0.96449,0.96586,0.95805,0.95906,146819
2016-06-09,0.95826,0.96556,0.95774,0.96426,156299
2016-06-10,0.96404,0.96572,0.9616,0.96398,170105
2016-06-13,0.96323,0.96779,0.96184,0.96425,183476
2016-06-14,0.96388,0.96682,0.96202,0.96317,179426
2016-06-15,0.96295,0.96633,0.95904,0.96125,180028
2016-06-16,0.96048,0.96862,0.95712,0.96486,263855
2016-06-17,0.96477,0.96589,0.95872,0.95955,181439
2016-06-20,0.9595,0.96414,0.9575,0.96154,168346
2016-06-21,0.9611,0.96238,0.95716,0.9621,152535
2016-06-22,0.96164,0.96275,0.955,0.95792,162749
2016-06-23,0.95789,0.96009,0.95209,0.95775,199659
2016-06-24,0.95505,0.98022,0.95505,0.96904,345503
2016-06-27,0.97408,0.98191,0.97045,0.97829,264975
2016-06-28,0.97762,0.98367,0.97623,0.98166,196481
2016-06-29,0.98116,0.98226,0.9779,0.97966,196459
2016-06-30,0.97938,0.98197,0.9727,0.97597,242457
2016-07-01,0.97549,0.97807,0.97095,0.97265,172557
2016-07-04,0.97272,0.97581,0.97013,0.9703,99685
2016-07-05,0.96982,0.97736,0.9684,0.97668,162157
2016-07-06,0.97598,0.98056,0.97392,0.97469,201208
2016-07-07,0.97415,0.97915,0.974,0.97788,166054
2016-07-08,0.97732,0.98651,0.97592,0.98265,169917
2016-07-11,0.98129,0.98573,0.98105,0.9828,157331
2016-07-12,0.98252,0.98938,0.97948,0.98893,192901
2016-07-13,0.98846,0.98937,0.9821,0.98534,173863
2016-07-14,0.98498,0.98522,0.97633,0.98069,190061
2016-07-15,0.97998,0.98465,0.97815,0.98172,196663
2016-07-18,0.98141,0.98463,0.98084,0.98229,161574
2016-07-19,0.98204,0.98773,0.98144,0.98536,157614
2016-07-20,0.98475,0.99039,0.98475,0.98706,153620
2016-07-21,0.98705,0.99061,0.98398,0.98557,204198
2016-07-22,0.98501,0.98949,0.98427,0.98664,153504
2016-07-25,0.98671,0.98943,0.98488,0.98582,121013
2016-07-26,0.98551,0.99273,0.98341,0.99245,140804
2016-07-27,0.99154,0.99498,0.98548,0.98587,176931
2016-07-28,0.98557,0.98667,0.97928,0.98088,174287
2016-07-29,0.98003,0.98094,0.9635,0.96937,201992
2016-08-01,0.96875,0.97023,0.9663,0.96819,132538
2016-08-02,0.96845,0.96943,0.96326,0.96387,147943
2016-08-03,0.96332,0.9738,0.9633,0.97283,139630
2016-08-04,0.97281,0.97493,0.97072,0.97385,140050
2016-08-05,0.97323,0.983,0.97259,0.98035,130698
2016-08-08,0.97736,0.98413,0.97734,0.98242,110371
2016-08-09,0.98197,0.9843,0.98046,0.98116,117438
2016-08-10,0.98076,0.9818,0.97455,0.97482,134423
2016-08-11,0.97415,0.97653,0.97107,0.97538,127351
2016-08-12,0.97528,0.97652,0.97073,0.97444,137215
2016-08-15,0.97307,0.97585,0.97124,0.97248,99380
2016-08-16,0.97273,0.9733,0.95882,0.96168,173002
2016-08-17,0.9605,0.96573,0.95928,0.96166,155126
2016-08-18,0.9617,0.96282,0.95365,0.95431,164898
2016-08-19,0.95383,0.96106,0.95348,0.96004,147560
2016-08-22,0.96101,0.96483,0.95935,0.96211,142543
2016-08-23,0.96249,0.9633,0.9593,0.96288,132503
2016-08-24,0.96282,0.96833,0.96237,0.96681,158253
2016-08-25,0.96677,0.96869,0.96404,0.96744,124009
2016-08-26,0.96739,0.97921,0.96307,0.97808,227260
2016-08-29,0.97795,0.98061,0.97641,0.97818,150364
2016-08-30,0.97788,0.98442,0.97698,0.9838,159147
2016-08-31,0.98311,0.98628,0.98168,0.98374,169292
2016-09-01,0.98349,0.98844,0.97844,0.97995,186892
2016-09-02,0.9793,0.98187,0.97382,0.97994,202970
2016-09-05,0.97987,0.98134,0.97716,0.97977,97927
2016-09-06,0.97911,0.98102,0.96876,0.96947,172469
2016-09-07,0.96875,0.9709,0.9669,0.96966,167420
2016-09-08,0.96905,0.97371,0.96487,0.97224,199465
2016-09-09,0.97221,0.97839,0.97095,0.97457,175471
2016-09-12,0.97415,0.97625,0.96895,0.97197,193387
2016-09-13,0.97153,0.9784,0.97063,0.97598,203249
2016-09-14,0.97572,0.97893,0.97054,0.97322,183631
2016-09-15,0.97271,0.97671,0.96932,0.97173,204641
2016-09-16,0.97099,0.98174,0.97098,0.97988,177755
2016-09-19,0.97963,0.98182,0.97825,0.97993,134486
2016-09-20,0.97969,0.98101,0.97613,0.97908,161700
2016-09-21,0.97883,0.98135,0.97193,0.97358,233942
2016-09-22,0.97313,0.97408,0.96591,0.96847,181728
2016-09-23,0.96838,0.9742,0.96834,0.97008,168207
2016-09-26,0.96921,0.97083,0.96605,0.96908,142552
2016-09-27,0.96892,0.97285,0.96607,0.97061,163044
2016-09-28,0.97049,0.97362,0.96907,0.97089,164779
2016-09-29,0.96995,0.97232,0.96392,0.96587,178522
2016-09-30,0.96572,0.97756,0.9647,0.97112,212202
2016-10-03,0.97127,0.9744,0.96877,0.9733,123594
2016-10-04,0.97193,0.98284,0.9719,0.97869,198814
2016-10-05,0.97859,0.97923,0.97326,0.97404,166153
2016-10-06,0.97428,0.98182,0.97284,0.98056,163611
2016-10-07,0.98063,0.98387,0.97666,0.97732,257843
2016-10-10,0.97801,0.98386,0.97669,0.98238,127066
2016-10-11,0.98218,0.9893,0.98198,0.98868,176657
2016-10-12,0.98834,0.99092,0.98735,0.99047,173430
2016-10-13,0.99042,0.9909,0.98574,0.98595,172865
2016-10-14,0.98576,0.99044,0.98549,0.98785,180172
2016-10-17,0.9899,0.99061,0.98709,0.98875,134617
2016-10-18,0.98907,0.99144,0.98661,0.98968,137455
2016-10-19,0.98976,0.99046,0.98742,0.98897,147099
2016-10-20,0.98855,0.99326,0.98417,0.99238,179929
2016-10-21,0.99223,0.99618,0.99217,0.99331,146816
2016-10-24,0.99452,0.99559,0.99149,0.99339,137516
2016-10-25,0.99291,0.99984,0.99291,0.99433,165651
2016-10-26,0.99371,0.99582,0.99029,0.9931,144362
2016-10-27,0.99312,0.99506,0.9911,0.99335,167672
2016-10-28,0.99315,0.995,0.98464,0.98825,193812
2016-10-31,0.98684,0.99069,0.98684,0.98882,146246
2016-11-01,0.9884,0.9898,0.97276,0.97481,172068
2016-11-02,0.97501,0.97535,0.96944,0.97311,213954
2016-11-03,0.97249,0.97597,0.96945,0.97382,216412
2016-11-04,0.97348,0.97576,0.96737,0.96737,145332
2016-11-07,0.97676,0.9789,0.97292,0.97407,169497
2016-11-08,0.97361,0.97894,0.97344,0.97781,150257
2016-11-09,0.97771,0.98472,0.95488,0.9843,462762
2016-11-10,0.98407,0.98962,0.98196,0.98655,222782
2016-11-11,0.986,0.98931,0.98313,0.9867,285961
2016-11-14,0.9889,1.00016,0.98808,0.99796,322308
2016-11-15,0.99776,1.00241,0.99285,1.00165,274574
2016-11-16,1.00129,1.00577,0.99829,1.00171,249588
2016-11-17,1.00141,1.0073,0.99935,1.00684,264293
2016-11-18,1.00666,1.01229,1.00595,1.00906,286103
2016-11-21,1.00993,1.01163,1.00739,1.0085,270234
2016-11-22,1.00804,1.01339,1.00669,1.0109,244882
2016-11-23,1.01048,1.01819,1.00911,1.01611,230706
2016-11-24,1.01536,1.01912,1.01444,1.01599,210222
2016-11-25,1.01653,1.01856,1.01043,1.01284,276725
2016-11-28,1.01011,1.01674,1.00784,1.01286,291129
2016-11-29,1.01121,1.01761,1.01039,1.01168,269160
2016-11-30,1.01112,1.02044,1.01062,1.01711,312008
2016-12-01,1.01621,1.01779,1.0098,1.01032,295532
2016-12-02,1.00985,1.0122,1.00668,1.00953,265425
2016-12-05,1.01089,1.01813,1.00494,1.00612,313334
2016-12-06,1.00562,1.0115,1.00487,1.01008,186833
2016-12-07,1.00954,1.01091,1.0065,1.00723,148486
2016-12-08,1.00762,1.01778,1.00187,1.01615,281899
2016-12-09,1.01563,1.02131,1.01525,1.01749,203132
2016-12-12,1.0178,1.01982,1.01235,1.01309,223963
2016-12-13,1.01259,1.01457,1.00997,1.01178,220048
2016-12-14,1.01153,1.02229,1.00827,1.02017,267832
2016-12-15,1.01979,1.03433,1.01944,1.02982,382359
2016-12-16,1.0295,1.03111,1.02406,1.0252,266519
2016-12-19,1.02577,1.02825,1.02203,1.02739,249286
2016-12-20,1.02713,1.03199,1.02592,1.02857,243476
2016-12-21,1.02818,1.02951,1.02262,1.02667,177332
2016-12-22,1.02628,1.0269,1.02175,1.02536,196451
2016-12-23,1.02498,1.02806,1.02423,1.02507,114618
2016-12-26,1.0223,1.02749,1.0223,1.02649,35271
2016-12-27,1.02618,1.02979,1.02618,1.02751,158158
2016-12-28,1.02722,1.03209,1.02637,1.02756,159646
2016-12-29,1.02744,1.02849,1.02064,1.02297,230685
2016-12-30,1.02196,1.02317,1.00462,1.0191,317735
2017-01-02,1.01804,1.02397,1.01332,1.02233,122538
2017-01-03,1.02243,1.03348,1.01923,1.027,252153
2017-01-04,1.02705,1.02905,1.01993,1.02009,268716
2017-01-05,1.02049,1.02206,1.00862,1.00958,342420
2017-01-06,1.00905,1.01836,1.00888,1.01692,279119
2017-01-09,1.01602,1.0197,1.01409,1.01468,219337
2017-01-10,1.01517,1.01777,1.01098,1.01653,262541
2017-01-11,1.01648,1.02479,1.01006,1.01393,346892
2017-01-12,1.01351,1.01489,1.00554,1.01053,347387
2017-01-13,1.01031,1.01212,1.00415,1.00752,275388
2017-01-16,1.00924,1.01359,1.00886,1.01144,197501
2017-01-17,1.01084,1.01196,0.99954,1.0012,340178
2017-01-18,1.00092,1.00748,1.00072,1.00689,257095
2017-01-19,1.0072,1.01216,1.00409,1.00599,321081
2017-01-20,1.00528,1.00933,1.00018,1.00018,327570
2017-01-23,1.00071,1.00232,0.9959,0.99597,278066
2017-01-24,0.99573,1.00187,0.99573,1.00077,247779
2017-01-25,1.00023,1.00257,0.99653,0.99908,236302
2017-01-26,0.99871,1.00258,0.99676,0.99952,249120
2017-01-27,0.99862,1.00273,0.99688,0.99898,229223
2017-01-30,0.99658,1.00442,0.99331,0.99485,236516
2017-01-31,0.99457,0.99657,0.98606,0.98875,298587
2017-02-01,0.98886,0.99567,0.98831,0.99262,242862
2017-02-02,0.99263,0.99379,0.98691,0.99258,246166
2017-02-03,0.99248,0.9985,0.99061,0.99176,230825
2017-02-06,0.99075,0.99611,0.99031,0.99045,246961
2017-02-07,0.99048,1.00063,0.99033,0.99725,249251
2017-02-08,0.99729,0.99992,0.99293,0.99442,256828
2017-02-09,0.99439,1.00185,0.99357,1.00133,239912
2017-02-10,1.00116,1.00619,1.00079,1.00145,241730
2017-02-13,1.00236,1.00688,1.00181,1.00543,201778
2017-02-14,1.00484,1.00842,1.00303,1.00586,239681
2017-02-15,1.00581,1.01182,1.00467,1.00496,231576
2017-02-16,1.00493,1.00577,0.99659,0.99674,235021
2017-02-17,0.99664,1.00332,0.99648,1.00214,196236
2017-02-20,1.00231,1.0044,1.00108,1.00235,148141
2017-02-21,1.00241,1.01052,1.00203,1.0093,198009
2017-02-22,1.00921,1.01405,1.0077,1.01033,229197
2017-02-23,1.00983,1.01158,1.00533,1.006,190383
2017-02-24,1.00587,1.00803,1.00247,1.00667,193418
2017-02-27,1.0069,1.00977,1.00452,1.0088,197911
2017-02-28,1.00867,1.01013,1.00084,1.00571,212265
2017-03-01,1.00563,1.01287,1.0052,1.00858,237644
2017-03-02,1.00828,1.01458,1.00828,1.01326,161490
2017-03-03,1.01296,1.01369,1.00665,1.00665,200757
2017-03-06,1.00796,1.0129,1.00723,1.01181,180310
2017-03-07,1.01162,1.017,1.01064,1.01315,160726
2017-03-08,1.01293,1.01541,1.01222,1.01439,175924
2017-03-09,1.01433,1.01603,1.00912,1.01202,232882
2017-03-10,1.01211,1.01384,1.00781,1.00958,226734
2017-03-13,1.00966,1.01163,1.00598,1.00725,193752
2017-03-14,1.00676,1.01077,1.00653,1.00979,172785
2017-03-15,1.0098799999999999,1.01044,0.9985,1.00041,201223
2017-03-16,0.99982,1.00151,0.99504,0.99593,225772
2017-03-17,0.99613,0.99863,0.99418,0.99826,158412
2017-03-20,0.99715,0.99902,0.99563,0.99865,155225
2017-03-21,0.99772,1.00021,0.99211,0.99398,187111
2017-03-22,0.99376,0.99457,0.98812,0.99163,179426
2017-03-23,0.99121,0.99415,0.99113,0.9931,183241
2017-03-24,0.99321,0.9959,0.98884,0.99109,166784
2017-03-27,0.98834,0.9896,0.98128,0.98537,169322
2017-03-28,0.98543,0.99345,0.98308,0.99231,159685
2017-03-29,0.99233,0.99756,0.99124,0.9963,170583
2017-03-30,0.9962,1.00134,0.9948,1.00098,180722
2017-03-31,1.00107,1.00295,0.99941,1.00005,167947
2017-04-03,1.00172,1.00372,1.0007,1.0015,143703
2017-04-04,1.00136,1.00369,1.00102,1.00174,131190
2017-04-05,1.00178,1.00791,1.00116,1.00465,148052
2017-04-06,1.00471,1.00671,1.00258,1.00476,160463
2017-04-07,1.00482,1.00958,1.00272,1.00821,203194
2017-04-10,1.00894,1.01074,1.00694,1.00821,120353
2017-04-11,1.0083,1.00935,1.00553,1.00719,138097
2017-04-12,1.00724,1.00891,1.00211,1.00261,158903
2017-04-13,1.00261,1.00667,1.00077,1.00558,153071
2017-04-14,1.00559,1.006,1.00272,1.00429,106441
2017-04-17,1.00187,1.00568,0.99914,1.004,94426
2017-04-18,1.00422,1.00473,0.99547,0.99597,168504
2017-04-19,0.99583,0.99919,0.99559,0.99803,142015
2017-04-20,0.9981,0.99873,0.994,0.99854,142410
2017-04-21,0.99853,0.9999,0.99552,0.99592,139702
2017-04-24,0.99024,0.99801,0.98989,0.99562,206388
2017-04-25,0.99564,0.99695,0.9918,0.99337,143807
2017-04-26,0.99364,0.99687,0.9912,0.99314,177420
2017-04-27,0.99325,0.99633,0.99195,0.99375,167849
2017-04-28,0.99365,0.99581,0.9893,0.99445,160937
2017-05-01,0.99346,0.99648,0.99274,0.99627,81760
2017-05-02,0.99608,0.99643,0.99115,0.99149,129361
2017-05-03,0.99146,0.99479,0.98902,0.99469,153929
2017-05-04,0.99434,0.99564,0.98617,0.98617,185591
2017-05-05,0.98621,0.99029,0.9858,0.98627,173179
2017-05-08,0.98745,0.99908,0.98711,0.99866,178413
2017-05-09,0.99844,1.00903,0.99772,1.00727,170786
2017-05-10,1.0073,1.00944,1.00477,1.00886,159442
2017-05-11,1.00869,1.00994,1.00558,1.0077,143158
2017-05-12,1.00757,1.00857,0.99869,0.99983,141559
2017-05-15,0.99969,1.00193,0.99572,0.99652,135886
2017-05-16,0.99609,0.99662,0.98466,0.98586,147733
2017-05-17,0.98562,0.98606,0.97736,0.97877,194705
2017-05-18,0.97806,0.98247,0.97584,0.97978,248512
2017-05-19,0.9798,0.98046,0.97232,0.97232,170052
2017-05-22,0.97305,0.97652,0.9691,0.97335,159280
2017-05-23,0.97322,0.97626,0.97009,0.9758,196916
2017-05-24,0.97544,0.97761,0.97268,0.97274,197878
2017-05-25,0.97262,0.97386,0.96996,0.97278,151691
2017-05-26,0.97189,0.97604,0.96957,0.97316,156278
2017-05-29,0.97425,0.97757,0.97307,0.97745,94839
2017-05-30,0.97721,0.98075,0.97365,0.97455,167806
2017-05-31,0.97449,0.97607,0.96691,0.96755,178370
2017-06-01,0.96753,0.9719,0.96681,0.97122,154152
2017-06-02,0.97138,0.97186,0.96135,0.96135,156291
2017-06-05,0.96283,0.96638,0.96008,0.96521,119354
2017-06-06,0.96455,0.96533,0.96131,0.96186,166314
2017-06-07,0.96182,0.9677,0.96153,0.96462,203612
2017-06-08,0.96423,0.96957,0.96229,0.9673,226678
2017-06-09,0.96678,0.97274,0.9648,0.96901,236523
2017-06-12,0.96769,0.96943,0.96692,0.96864,149047
2017-06-13,0.96843,0.97001,0.96615,0.96872,132065
2017-06-14,0.9687,0.97353,0.96401,0.97116,250582
2017-06-15,0.97069,0.97703,0.97031,0.97521,212560
2017-06-16,0.97501,0.97567,0.97246,0.97246,158408
2017-06-19,0.97271,0.97589,0.96948,0.9755,146335
2017-06-20,0.97519,0.97658,0.97029,0.97492,161263
2017-06-21,0.97489,0.97533,0.97219,0.97225,142118
2017-06-22,0.97224,0.97424,0.97116,0.97156,137076
2017-06-23,0.97169,0.97219,0.9675,0.96879,124991
2017-06-26,0.96886,0.97378,0.96808,0.97222,146934
2017-06-27,0.97224,0.97325,0.95914,0.96036,196052
2017-06-28,0.96022,0.96469,0.95785,0.95957,240859
2017-06-29,0.95944,0.95986,0.95554,0.95584,197146
2017-06-30,0.95571,0.95978,0.95513,0.95767,171185
2017-07-03,0.95733,0.96425,0.95563,0.96344,135328
2017-07-04,0.96343,0.96592,0.9621,0.96554,116317
2017-07-05,0.96493,0.96879,0.96159,0.96385,167738
2017-07-06,0.96388,0.96596,0.96003,0.96033,169189
2017-07-07,0.96026,0.96537,0.95915,0.96357,170550
2017-07-10,0.96333,0.96746,0.96248,0.96559,114276
2017-07-11,0.96551,0.96958,0.96236,0.96371,136315
2017-07-12,0.96341,0.96615,0.96017,0.96532,201430
2017-07-13,0.96517,0.96868,0.96149,0.9671,186153
2017-07-14,0.96704,0.97001,0.96207,0.96213,168779
2017-07-17,0.96285,0.96583,0.95941,0.96228,165798
2017-07-18,0.9622,0.9634,0.95231,0.95498,234333
2017-07-19,0.95443,0.95603,0.95285,0.95553,174090
2017-07-20,0.9555,0.96248,0.94927,0.95113,282198
2017-07-21,0.95116,0.95225,0.94378,0.94521,209740
2017-07-24,0.94453,0.94749,0.94448,0.94635,181105
2017-07-25,0.94519,0.95251,0.94465,0.95237,215724
2017-07-26,0.95199,0.95949,0.94979,0.95118,259794
2017-07-27,0.94935,0.96617,0.94894,0.96539,273885
2017-07-28,0.96439,0.97264,0.9633,0.96837,292222
2017-07-31,0.96822,0.97124,0.96361,0.96685,211543
2017-08-01,0.96622,0.96829,0.96304,0.96568,204024
2017-08-02,0.96543,0.97133,0.96463,0.97101,206274
2017-08-03,0.97032,0.97165,0.96712,0.96831,192492
2017-08-04,0.96801,0.97638,0.96703,0.97226,186777
2017-08-07,0.97229,0.9746,0.97068,0.97338,145411
2017-08-08,0.9714,0.97725,0.97089,0.97439,153353
2017-08-09,0.9741,0.97448,0.96112,0.96343,210239
2017-08-10,0.96334,0.96745,0.96179,0.96244,175178
2017-08-11,0.96236,0.96382,0.95826,0.96135,189959
2017-08-14,0.96174,0.97323,0.9611,0.97219,154948
2017-08-15,0.97062,0.97583,0.97013,0.97247,163649
2017-08-16,0.97181,0.97651,0.96474,0.96566,185172
2017-08-17,0.9654,0.9698,0.96045,0.96292,199869
2017-08-18,0.96249,0.96694,0.95856,0.96412,185590
2017-08-21,0.96433,0.96849,0.95998,0.96166,136295
2017-08-22,0.96121,0.96882,0.96103,0.96815,126244
2017-08-23,0.9674,0.97005,0.96409,0.96549,154190
2017-08-24,0.96386,0.9668,0.96192,0.96547,134169
2017-08-25,0.96503,0.9662,0.95499,0.95644,179834
2017-08-28,0.95442,0.95776,0.95261,0.95535,136880
2017-08-29,0.95498,0.956,0.94273,0.95523,223764
2017-08-30,0.95512,0.9645,0.95378,0.96392,196024
2017-08-31,0.96319,0.96793,0.95816,0.95852,203025
2017-09-01,0.95755,0.96519,0.95457,0.96459,214371
2017-09-04,0.95917,0.96171,0.95512,0.95795,145535
2017-09-05,0.95764,0.96139,0.95337,0.95506,226559
2017-09-06,0.95452,0.95816,0.95268,0.95675,197858
2017-09-07,0.95565,0.95936,0.94929,0.95062,264180
2017-09-08,0.95005,0.95072,0.94199,0.94387,248759
2017-09-11,0.94625,0.95688,0.94568,0.95637,193413
2017-09-12,0.95432,0.96183,0.95169,0.95922,208028
2017-09-13,0.95915,0.96604,0.95831,0.96376,224665
2017-09-14,0.96366,0.97053,0.9617,0.96227,248130
2017-09-15,0.96266,0.96473,0.95642,0.9594,196764
2017-09-18,0.96007,0.96407,0.95794,0.96079,167689
2017-09-19,0.96066,0.96488,0.95941,0.96266,188874
2017-09-20,0.96238,0.97179,0.95868,0.9696,234835
2017-09-21,0.9694,0.97475,0.96842,0.97063,214672
2017-09-22,0.97036,0.97091,0.96674,0.96916,180949
2017-09-25,0.97066,0.97462,0.96414,0.96602,174417
2017-09-26,0.96578,0.97262,0.96516,0.96857,194551
2017-09-27,0.96827,0.97695,0.96827,0.97192,210789
2017-09-28,0.9713,0.97593,0.96973,0.96992,180821
2017-09-29,0.96966,0.97206,0.96695,0.96777,171898
2017-10-02,0.96786,0.97547,0.96744,0.97462,161109
2017-10-03,0.97433,0.97861,0.97279,0.97344,146230
2017-10-04,0.97329,0.97619,0.97088,0.97475,138100
2017-10-05,0.97455,0.97954,0.97343,0.97797,130071
2017-10-06,0.97778,0.98365,0.97699,0.9781,158286
2017-10-09,0.97719,0.98075,0.97719,0.9797,76703
2017-10-10,0.97959,0.97995,0.97345,0.97502,136434
2017-10-11,0.97442,0.97669,0.97164,0.97318,148791
2017-10-12,0.97335,0.97635,0.97109,0.9753,163308
2017-10-13,0.97541,0.97713,0.97043,0.97307,149083
2017-10-16,0.97389,0.97688,0.97278,0.97504,134904
2017-10-17,0.97484,0.98092,0.97429,0.97829,137668
2017-10-18,0.97827,0.98366,0.9773,0.98153,146402
2017-10-19,0.98142,0.98176,0.97359,0.97602,202631
2017-10-20,0.97616,0.98525,0.97538,0.98427,199798
2017-10-23,0.98484,0.98813,0.98303,0.98494,137801
2017-10-24,0.98487,0.99115,0.98373,0.99102,160352
2017-10-25,0.99087,0.99398,0.9868,0.98961,223678
2017-10-26,0.9893,0.99797,0.98748,0.99747,218920
2017-10-27,0.9971,1.00379,0.99616,0.99616,218772
2017-10-30,0.99673,0.99962,0.9938,0.99432,164869
2017-10-31,0.99424,0.99945,0.99413,0.99754,161642
2017-11-01,0.99724,1.00373,0.99665,1.00323,174540
2017-11-02,1.00286,1.00335,0.99483,0.99925,202816
2017-11-03,0.99917,1.00244,0.99455,1.00035,158861
2017-11-06,0.99857,1.0029,0.99717,0.99739,138962
2017-11-07,0.99701,1.00195,0.99686,0.99948,154865
2017-11-08,0.99982,1.00065,0.99798,0.99988,126473
2017-11-09,0.99985,1.00177,0.99209,0.9937,197596
2017-11-10,0.99212,0.99686,0.99212,0.99567,132200
2017-11-13,0.99532,0.9987,0.99355,0.9963,134205
2017-11-14,0.99592,0.99707,0.98812,0.98928,169339
2017-11-15,0.98903,0.9911,0.98455,0.98799,219763
2017-11-16,0.9879,0.99454,0.9879,0.99405,201160
2017-11-17,0.99365,0.99432,0.98751,0.98826,214336
2017-11-20,0.98825,0.99371,0.98779,0.99342,233895
2017-11-21,0.99306,0.99466,0.98984,0.99142,176723
2017-11-22,0.99117,0.9916,0.98117,0.98177,189831
2017-11-23,0.98183,0.98281,0.97942,0.98149,261519
2017-11-24,0.98074,0.98271,0.97581,0.97744,246392
2017-11-27,0.97864,0.98196,0.97766,0.98101,175531
2017-11-28,0.98074,0.98527,0.97966,0.98345,232938
2017-11-29,0.98317,0.98697,0.9818,0.98447,225803
2017-11-30,0.98459,0.9882,0.98151,0.98326,246872
2017-12-01,0.9831,0.98706,0.97341,0.97625,327882
2017-12-04,0.98028,0.9867,0.97923,0.985,242946
2017-12-05,0.98448,0.98873,0.98365,0.98672,215847
2017-12-06,0.98653,0.99096,0.98213,0.98975,198371
2017-12-07,0.98963,0.99468,0.98598,0.99439,181860
2017-12-08,0.99404,0.99777,0.99217,0.99261,180040
2017-12-11,0.99349,0.99379,0.98964,0.99116,158851
2017-12-12,0.99106,0.99356,0.98893,0.99149,166534
2017-12-13,0.99126,0.99284,0.98415,0.98534,200010
2017-12-14,0.9848,0.99045,0.98394,0.98903,226942
2017-12-15,0.98897,0.99343,0.98728,0.99039,219416
2017-12-18,0.98955,0.99172,0.98388,0.9856,195842
2017-12-19,0.98517,0.98786,0.9834,0.98462,199295
2017-12-20,0.98442,0.98852,0.98276,0.98682,182433
2017-12-21,0.98665,0.99096,0.98225,0.98823,180518
2017-12-22,0.98805,0.99113,0.98805,0.9881,164648
2017-12-26,0.9876,0.99153,0.9876,0.98912,56550
2017-12-27,0.98918,0.99036,0.98593,0.98628,158006
2017-12-28,0.9856,0.98602,0.97708,0.97778,220445
2017-12-29,0.97721,0.98031,0.97335,0.97444,175765
2018-01-02,0.97322,0.97496,0.96988,0.97155,165399
2018-01-03,0.97156,0.97976,0.97091,0.97659,178721
2018-01-04,0.97685,0.97802,0.97319,0.97326,162423
2018-01-05,0.97427,0.97845,0.97388,0.97462,162677
2018-01-08,0.97488,0.97842,0.9739,0.9768,122339
2018-01-09,0.97586,0.98417,0.97502,0.98219,158937
2018-01-10,0.98212,0.98452,0.97536,0.97816,235035
2018-01-11,0.97759,0.98159,0.97316,0.97555,248972
2018-01-12,0.9752,0.97704,0.96649,0.96726,278364
2018-01-15,0.9678,0.96848,0.96024,0.96273,227588
2018-01-16,0.96262,0.96654,0.95808,0.95925,244406
2018-01-17,0.95941,0.96575,0.95721,0.96529,294801
2018-01-18,0.96528,0.9666,0.95743,0.95864,261982
2018-01-19,0.95743,0.96402,0.9535,0.96249,261287
2018-01-22,0.95971,0.96398,0.9592,0.96156,192874
2018-01-23,0.96161,0.96333,0.9566,0.95752,220461
2018-01-24,0.95736,0.95808,0.9426,0.9443,293949
2018-01-25,0.94376,0.94663,0.92888,0.94063,473496
2018-01-26,0.94104,0.94303,0.93196,0.93196,363475
2018-01-29,0.93264,0.93865,0.93243,0.93742,272733
2018-01-30,0.93744,0.93931,0.93094,0.93387,302408
2018-01-31,0.93349,0.93589,0.92886,0.93093,338954
2018-02-01,0.93062,0.93414,0.92554,0.92611,310989
2018-02-02,0.9264,0.93365,0.92458,0.93141,325632
2018-02-05,0.93243,0.93763,0.92868,0.93134,326444
2018-02-06,0.93124,0.93975,0.93058,0.93583,455592
2018-02-07,0.93573,0.94543,0.93392,0.94257,287100
2018-02-08,0.94355,0.947,0.93541,0.9358,364488
2018-02-09,0.93576,0.94087,0.93479,0.93918,358811
2018-02-12,0.93935,0.94032,0.93631,0.93897,214765
2018-02-13,0.93878,0.93981,0.93217,0.9347,212600
2018-02-14,0.93437,0.93742,0.92844,0.92928,302225
2018-02-15,0.9289,0.92931,0.92095,0.9219,291346
2018-02-16,0.92165,0.92875,0.9187,0.92746,259425
2018-02-19,0.92775,0.93195,0.92622,0.92908,168089
2018-02-20,0.9289,0.93691,0.92809,0.93589,215114
2018-02-21,0.93638,0.93964,0.9342,0.93877,273661
2018-02-22,0.93873,0.94091,0.93254,0.93255,218524
2018-02-23,0.93258,0.93739,0.93221,0.93634,179667
2018-02-26,0.93595,0.9391,0.93248,0.93787,182054
2018-02-27,0.93791,0.9417,0.93578,0.93887,228467
2018-02-28,0.93841,0.94585,0.9384,0.94437,216330
2018-03-01,0.94394,0.94903,0.94092,0.94139,263447
2018-03-02,0.94136,0.94239,0.93379,0.93772,246246
2018-03-05,0.93704,0.94078,0.93455,0.93971,264882
2018-03-06,0.93962,0.94188,0.93593,0.94056,208030
2018-03-07,0.94053,0.94425,0.93567,0.94339,218825
2018-03-08,0.94315,0.95201,0.94213,0.95097,222609
2018-03-09,0.9509,0.95343,0.94869,0.95165,185184
2018-03-12,0.95054,0.95139,0.94567,0.94751,146650
2018-03-13,0.94654,0.9494,0.94287,0.94334,216391
2018-03-14,0.94386,0.948,0.94238,0.9447,184625
2018-03-15,0.9447,0.95199,0.94332,0.95108,193910
2018-03-16,0.95117,0.95474,0.94845,0.95204,191470
2018-03-19,0.95176,0.95514,0.94941,0.95129,201313
2018-03-20,0.95111,0.95693,0.95016,0.95623,189711
2018-03-21,0.95638,0.95651,0.94826,0.94893,253222
2018-03-22,0.94942,0.95148,0.94588,0.94879,282067
2018-03-23,0.94909,0.94953,0.94442,0.94721,288958
2018-03-26,0.94712,0.94888,0.94326,0.94531,211548
2018-03-27,0.94507,0.95089,0.94337,0.94664,251968
2018-03-28,0.94639,0.95779,0.94579,0.95639,263490
2018-03-29,0.9561,0.95836,0.95472,0.95625,237075
2018-03-30,0.95606,0.9565,0.95221,0.95396,64739
2018-04-02,0.95271,0.95645,0.95196,0.95465,160025
2018-04-03,0.95315,0.95971,0.95315,0.95851,212331
2018-04-04,0.95829,0.96114,0.95505,0.96071,193253
2018-04-05,0.96067,0.96397,0.95975,0.96345,149987
2018-04-06,0.96351,0.96492,0.95775,0.95897,239985
2018-04-09,0.95792,0.96095,0.95599,0.95609,162105
2018-04-10,0.95603,0.95809,0.9534,0.95676,151445
2018-04-11,0.95644,0.95961,0.95552,0.95749,177943
2018-04-12,0.9577,0.96465,0.9567,0.962,183834
2018-04-13,0.96209,0.96389,0.95993,0.96218,134721
2018-04-16,0.96202,0.96369,0.95769,0.95989,114795
2018-04-17,0.95969,0.96782,0.95802,0.96615,134845
2018-04-18,0.96586,0.96983,0.96498,0.96859,152590
2018-04-19,0.96834,0.9724,0.96657,0.97123,172617
2018-04-20,0.97118,0.97592,0.97042,0.97471,154817
2018-04-23,0.97363,0.97882,0.97347,0.97809,168775
2018-04-24,0.97787,0.98106,0.97669,0.97876,165650
2018-04-25,0.97792,0.9848,0.97789,0.98317,170697
2018-04-26,0.98317,0.98959,0.98159,0.98902,194435
2018-04-27,0.98735,0.99212,0.98712,0.98761,179438
2018-04-30,0.9873,0.99209,0.98701,0.99077,171991
2018-05-01,0.98986,0.99701,0.98898,0.99639,152273
2018-05-02,0.99537,0.99996,0.99358,0.99853,211967
2018-05-03,0.99895,0.99995,0.99551,0.99729,201620
2018-05-04,0.99659,1.00224,0.99645,0.99989,127476
2018-05-07,0.99975,1.00561,0.99833,1.00261,128315
2018-05-08,1.00166,1.00449,1.00024,1.00155,196134
2018-05-09,1.00145,1.00559,1.00033,1.00482,227069
2018-05-10,1.00419,1.00562,0.99937,1.00249,220612
2018-05-11,1.0018,1.00396,0.9976,1.00023,158972
2018-05-14,0.99937,1.00073,0.99572,1.00039,133325
2018-05-15,1.0003,1.00414,0.9983,1.0012,173711
2018-05-16,1.00113,1.00189,0.99839,1.00114,197623
2018-05-17,1.00091,1.00331,0.99864,1.00116,179432
2018-05-18,1.00093,1.0018,0.99498,0.99754,150787
2018-05-21,0.9965,1.00014,0.99649,0.99709,138099
2018-05-22,0.99666,0.99902,0.99173,0.99258,162702
2018-05-23,0.99255,0.99778,0.98935,0.99553,223808
2018-05-24,0.99537,0.99568,0.98851,0.99113,201847
2018-05-25,0.99028,0.99369,0.98922,0.99039,195629
2018-05-28,0.99077,0.99577,0.99022,0.99323,143235
2018-05-29,0.99272,0.9983,0.98501,0.99126,234895
2018-05-30,0.9911,0.99352,0.98781,0.98897,205604
2018-05-31,0.98874,0.98919,0.98256,0.98558,191792
2018-06-01,0.98534,0.99127,0.98408,0.98784,183078
2018-06-04,0.98791,0.98939,0.98295,0.98745,152295
2018-06-05,0.98682,0.98925,0.98296,0.9844,151657
2018-06-06,0.98392,0.98859,0.9835,0.98595,154508
2018-06-07,0.98569,0.9867,0.97879,0.98028,173329
2018-06-08,0.98016,0.98878,0.9791,0.98519,155937
2018-06-11,0.98413,0.98735,0.98384,0.9852,124437
2018-06-12,0.98519,0.98833,0.98296,0.98686,147146
2018-06-13,0.98666,0.98948,0.98399,0.98529,140014
2018-06-14,0.98532,0.99726,0.98249,0.99675,189909
2018-06-15,0.99658,0.9988,0.99446,0.99757,173407
2018-06-18,0.99585,0.99901,0.99354,0.99509,113372
2018-06-19,0.99496,0.99772,0.99173,0.99357,186311
2018-06-20,0.99356,0.99827,0.99328,0.99614,146410
2018-06-21,0.99653,0.99853,0.98964,0.99157,195478
2018-06-22,0.99034,0.99252,0.98726,0.98769,144588
2018-06-25,0.98761,0.98901,0.98553,0.98666,126923
2018-06-26,0.98572,0.99229,0.98572,0.99047,150256
2018-06-27,0.99032,0.99762,0.98907,0.99687,163278
2018-06-28,0.99682,0.99922,0.99472,0.99738,190493
2018-06-29,0.9971,0.99804,0.98934,0.9904,179356
2018-07-02,0.98971,0.99654,0.98915,0.99341,121244
2018-07-03,0.99319,0.99491,0.99122,0.99235,121589
2018-07-04,0.99225,0.99393,0.99048,0.99196,171845
2018-07-05,0.99189,0.99444,0.99097,0.99207,154603
2018-07-06,0.99273,0.99434,0.98836,0.98987,166424
2018-07-09,0.98925,0.99301,0.98573,0.99132,151224
2018-07-10,0.99077,0.99614,0.99077,0.99167,177146
2018-07-11,0.99154,0.99655,0.99047,0.99585,207484
2018-07-12,0.99572,1.00271,0.9947,1.00218,189212
2018-07-13,1.00202,1.00679,1.00139,1.00158,161723
2018-07-16,1.00111,1.00241,0.99622,0.99649,140546
2018-07-17,0.99614,1.00018,0.99263,1.00004,170464
2018-07-18,1.00001,1.00345,0.99819,0.99897,168032
2018-07-19,0.9988,1.00431,0.99577,0.99891,217256
2018-07-20,1.00013,1.00099,0.9915,0.9924,190372
2018-07-23,0.99142,0.99413,0.99003,0.9922,127257
2018-07-24,0.99254,0.99537,0.99102,0.9935,148748
2018-07-25,0.99333,0.99487,0.9907,0.99171,144347
2018-07-26,0.99157,0.99489,0.99024,0.994,142535
2018-07-27,0.99404,0.99775,0.99302,0.99423,112008
2018-07-30,0.99404,0.99559,0.98773,0.988,73155
2018-07-31,0.98793,0.99057,0.98664,0.99009,108034
2018-08-01,0.98978,0.99336,0.98963,0.99197,101351
2018-08-02,0.99197,0.99556,0.99075,0.99491,96221
2018-08-03,0.99313,0.99647,0.99202,0.9944,94526
2018-08-06,0.99293,0.99842,0.99201,0.99662,67342
2018-08-07,0.99623,0.99677,0.993,0.99552,74427
2018-08-08,0.99537,0.99702,0.99273,0.99312,75643
2018-08-09,0.99306,0.99504,0.9894,0.99347,98946
2018-08-10,0.99337,0.99745,0.99092,0.99532,150771
2018-08-13,0.99324,0.99534,0.99202,0.99314,118328
2018-08-14,0.99284,0.995,0.99003,0.99408,93187
2018-08-15,0.99397,0.9982,0.99253,0.99346,97091
2018-08-16,0.99328,0.9974,0.99151,0.9968,101952
2018-08-17,0.99667,0.99773,0.99321,0.99576,105959
2018-08-20,0.99488,0.99678,0.991,0.99132,81101
2018-08-21,0.99144,0.99193,0.98421,0.98483,102036
2018-08-22,0.9844,0.98543,0.98073,0.98293,93846
2018-08-23,0.98241,0.98658,0.98213,0.98595,90052
2018-08-24,0.98468,0.98646,0.98103,0.98344,106539
2018-08-27,0.98382,0.98454,0.97869,0.97975,87385
2018-08-28,0.97961,0.98084,0.97445,0.97589,97121
2018-08-29,0.9754,0.97754,0.97014,0.97043,107268
2018-08-30,0.97037,0.97152,0.96854,0.96888,100971
2018-08-31,0.96842,0.97027,0.96514,0.96857,127944
2018-09-03,0.96909,0.9707,0.96825,0.96904,64529
2018-09-04,0.96896,0.97667,0.96872,0.97416,99518
2018-09-05,0.97407,0.97531,0.97077,0.97165,107620
2018-09-06,0.97149,0.97209,0.96498,0.96508,100401
2018-09-07,0.9651,0.96994,0.9641,0.96901,106875
2018-09-10,0.96832,0.97541,0.96823,0.9749,79395
2018-09-11,0.97463,0.97582,0.97191,0.9721,72153
2018-09-12,0.97192,0.97492,0.96949,0.9706,74009
2018-09-13,0.97078,0.97081,0.96512,0.96533,76105
2018-09-14,0.96514,0.96751,0.96338,0.96718,68655
2018-09-17,0.96661,0.9679,0.96109,0.9625,63279
2018-09-18,0.96216,0.96553,0.95994,0.96446,86548
2018-09-19,0.96425,0.96997,0.96291,0.967,83727
2018-09-20,0.96692,0.96781,0.95877,0.95878,86049
2018-09-21,0.95834,0.95976,0.95414,0.95776,81073
2018-09-24,0.95864,0.96499,0.95751,0.96391,62190
2018-09-25,0.96289,0.96703,0.96179,0.96489,69813
2018-09-26,0.9648,0.9701,0.96227,0.96578,80832
2018-09-27,0.96558,0.97824,0.96457,0.97714,93610
2018-09-28,0.97698,0.9819,0.97366,0.98163,77999
2018-10-01,0.98023,0.98555,0.97969,0.98357,70017
2018-10-02,0.98263,0.98622,0.98226,0.98373,72416
2018-10-03,0.98309,0.99247,0.98307,0.99229,82897
2018-10-04,0.99213,0.99334,0.9891,0.99159,83922
2018-10-05,0.99154,0.99546,0.99094,0.99186,99322
2018-10-08,0.99169,0.9944,0.99066,0.9922,61078
2018-10-09,0.99209,0.99551,0.99103,0.99156,79465
2018-10-10,0.99166,0.99334,0.98949,0.98996,77577
2018-10-11,0.98997,0.9922,0.9856,0.98926,132423
2018-10-12,0.98912,0.99296,0.98812,0.99174,90616
2018-10-15,0.98948,0.99198,0.98473,0.98678,90963
2018-10-16,0.98718,0.99085,0.98583,0.99058,86595
2018-10-17,0.9905,0.9954,0.98972,0.99519,99530
2018-10-18,0.9931,0.99744,0.99193,0.99557,112159
2018-10-19,0.99547,0.9977,0.9949,0.99602,96300
2018-10-22,0.99462,0.99795,0.99392,0.99589,83836
2018-10-23,0.99545,0.99697,0.9937,0.99473,93133
2018-10-24,0.9947,0.9989,0.9941,0.99776,97988
2018-10-25,0.99766,1.00175,0.99542,0.99893,96838
2018-10-26,0.99894,1.0026,0.99627,0.9969,126518
2018-10-29,0.99648,1.00237,0.99628,1.00181,97185
2018-10-30,1.00147,1.00535,1.00077,1.0051,101679
2018-10-31,1.00503,1.00941,1.00329,1.00782,93247
2018-11-01,1.00836,1.00892,0.99997,1.00221,104228
2018-11-02,1.00192,1.0048,0.99675,1.00336,97501
2018-11-05,1.00268,1.00686,1.00204,1.00434,78523
2018-11-06,1.00437,1.00549,1.00217,1.0024,69468
2018-11-07,1.00217,1.00504,0.99519,1.00191,130504
2018-11-08,1.00161,1.00702,1.00063,1.00581,96500
2018-11-09,1.00607,1.00851,1.00442,1.0054,89948
2018-11-12,1.00551,1.01108,1.0047,1.01082,88307
2018-11-13,1.01079,1.01281,1.00676,1.00676,101155
2018-11-14,1.00666,1.01035,1.00412,1.00598,114102
2018-11-15,1.0056,1.00787,1.00349,1.00587,123537
2018-11-16,1.00577,1.00867,0.99907,0.99955,93673
2018-11-19,0.99891,1.00065,0.99238,0.99345,88704
2018-11-20,0.99314,0.99575,0.99083,0.99497,91261
2018-11-21,0.99482,0.99582,0.99273,0.99438,81566
2018-11-22,0.99433,0.99554,0.99208,0.99399,66101
2018-11-23,0.99293,0.99795,0.99264,0.99654,67424
2018-11-26,0.99614,0.99927,0.99537,0.99833,80920
2018-11-27,0.99761,1.00027,0.99746,0.99885,95799
2018-11-28,0.99791,1.00054,0.99248,0.99359,100097
2018-11-29,0.99314,0.99762,0.9917,0.9958,94061
2018-11-30,0.99452,1.00038,0.99419,0.99856,81985
2018-12-03,0.99831,0.99955,0.99638,0.9977,81580
2018-12-04,0.99769,0.99902,0.99297,0.99732,115506
2018-12-05,0.99687,1.00076,0.99633,0.99764,72854
2018-12-06,0.99737,0.99893,0.98937,0.99256,129472
2018-12-07,0.99147,0.99427,0.98892,0.98967,107636
2018-12-10,0.99058,0.9908,0.98674,0.99028,112141
2018-12-11,0.99013,0.99378,0.98622,0.99314,113867
2018-12-12,0.99304,0.9965,0.99125,0.99343,114481
2018-12-13,0.99322,0.99538,0.99091,0.99393,108481
2018-12-14,0.99366,0.99889,0.99181,0.99806,79751
2018-12-17,0.99452,0.99856,0.99166,0.99285,112832
2018-12-18,0.99253,0.99366,0.98992,0.99261,83784
2018-12-19,0.99148,0.99554,0.99057,0.9945,107839
2018-12-20,0.99436,0.9952,0.98401,0.98776,132653
2018-12-21,0.98764,0.99566,0.98607,0.99502,114460
2018-12-24,0.99487,0.99509,0.98622,0.98679,78703
2018-12-26,0.98617,0.99629,0.98516,0.99562,47711
2018-12-27,0.99551,0.99566,0.98395,0.98776,110093
2018-12-28,0.98741,0.98904,0.97892,0.98413,93603
2018-12-31,0.98319,0.98742,0.98207,0.98283,74623
2019-01-02,0.98103,0.99197,0.97957,0.98997,89304
2019-01-03,0.98992,0.99102,0.98456,0.98666,142323
2019-01-04,0.9866,0.99074,0.9852,0.98623,111953
2019-01-07,0.9862,0.98718,0.9787,0.97957,80946
2019-01-08,0.9796,0.98337,0.97875,0.98116,80037
2019-01-09,0.98082,0.9818,0.97315,0.9743,133018
2019-01-10,0.97471,0.98487,0.97155,0.98428,125531
2019-01-11,0.98425,0.98554,0.98129,0.98386,92691
2019-01-14,0.98453,0.98471,0.97996,0.98083,72403
2019-01-15,0.98081,0.98933,0.98015,0.98768,96599
2019-01-16,0.9876,0.99093,0.98718,0.99018,72138
2019-01-17,0.9901,0.99537,0.98914,0.99413,75502
2019-01-18,0.99394,0.99584,0.99285,0.99552,66015
2019-01-21,0.99378,0.99872,0.99294,0.99722,49813
2019-01-22,0.99611,0.99854,0.99571,0.99717,78932
2019-01-23,0.99716,0.99894,0.99391,0.99471,88602
2019-01-24,0.9947,0.99762,0.99339,0.99617,122110
2019-01-25,0.99563,0.99737,0.99214,0.99311,130931
2019-01-28,0.99288,0.99348,0.99047,0.99184,83597
2019-01-29,0.99095,0.99566,0.99048,0.99454,109653
2019-01-30,0.99417,0.99944,0.99313,0.99409,119974
2019-01-31,0.99381,0.99521,0.99069,0.99421,116723
2019-02-01,0.99304,0.99625,0.99213,0.99531,109542
2019-02-04,0.99379,0.99937,0.99356,0.99771,80619
2019-02-05,0.99768,1.00202,0.99713,0.99973,76813
2019-02-06,0.99962,1.00261,0.99849,1.0022,78670
2019-02-07,1.00137,1.00282,0.99995,1.00221,80397
2019-02-08,1.00161,1.00272,0.99953,1.0,65666
2019-02-11,1.00008,1.00985,0.99734,1.00389,60096
2019-02-12,1.0033,1.00921,1.0033,1.00651,68732
2019-02-13,1.00637,1.00928,1.00427,1.00904,89241
2019-02-14,1.00902,1.00975,1.00442,1.00481,98103
2019-02-15,1.0041,1.0089,1.00409,1.00491,84636
2019-02-18,1.00417,1.00539,1.00233,1.00399,51816
2019-02-19,1.00357,1.00601,1.00011,1.00086,90333
2019-02-20,1.00067,1.00203,0.99807,1.00064,97407
2019-02-21,0.99968,1.00225,0.99924,1.00095,116632
2019-02-22,1.00051,1.00239,0.99869,1.00045,89731
2019-02-25,0.99879,1.00111,0.99824,1.0005,85672
2019-02-26,0.99977,1.0019,0.9987,0.99967,86540
2019-02-27,0.99987,1.00139,0.99613,1.00128,89473
2019-02-28,1.00147,1.00147,0.99256,0.9978,107413
2019-03-01,0.99627,1.00082,0.99607,0.99893,100256
2019-03-04,0.99742,1.00194,0.99717,0.99877,75145
2019-03-05,0.99879,1.00539,0.99783,1.00383,80199
2019-03-06,1.00353,1.00558,1.00307,1.00489,78013
2019-03-07,1.00336,1.01236,1.00315,1.01115,110277
2019-03-08,1.01119,1.01176,1.00691,1.00791,101779
2019-03-11,1.00684,1.0119,1.00684,1.01017,79211
2019-03-12,1.01037,1.01118,1.00624,1.00759,96238
2019-03-13,1.00752,1.00842,1.00258,1.00351,89093
2019-03-14,1.00348,1.0051,1.00287,1.00369,99045
2019-03-15,1.00368,1.00523,1.00101,1.00203,75881
2019-03-18,1.00175,1.00245,0.99965,1.0012,77995
2019-03-19,1.00101,1.00149,0.99841,0.99928,79744
2019-03-20,0.99901,1.00098,0.98938,0.99096,117658
2019-03-21,0.99249,0.99453,0.99029,0.99163,129148
2019-03-22,0.99133,0.99697,0.99126,0.99323,150024
2019-03-25,0.99356,0.99488,0.99093,0.99213,97694
2019-03-26,0.99225,0.99521,0.9915,0.99425,110423
2019-03-27,0.99308,0.99657,0.99047,0.99392,131995
2019-03-28,0.99456,0.99728,0.99354,0.99457,123232
2019-03-29,0.9941,0.99738,0.99408,0.99505,118942
2019-04-01,0.99508,0.99943,0.99297,0.99883,99896
2019-04-02,0.99774,0.99995,0.99713,0.99778,90634
2019-04-03,0.99762,0.9987,0.99529,0.99798,79687
2019-04-04,0.99814,1.00025,0.99641,0.99986,73751
2019-04-05,0.99952,1.00119,0.9984,1.00001,73407
2019-04-08,0.99954,1.00047,0.99773,0.99876,59543
2019-04-09,0.99832,1.00082,0.99794,0.99961,84710
2019-04-10,0.99964,1.0033,0.99893,1.00239,111335
2019-04-11,1.00258,1.00457,1.00089,1.00316,72682
2019-04-12,1.00226,1.00333,0.99964,1.00249,72523
2019-04-15,1.00143,1.00458,1.00083,1.00386,61030
2019-04-16,1.00396,1.00816,1.0031,1.00756,87204
2019-04-17,1.0077,1.01091,1.00666,1.01045,79275
2019-04-18,1.01012,1.01588,1.0092,1.01537,78620
2019-04-19,1.0142,1.01548,1.01295,1.01405,89918
2019-04-22,1.01342,1.01602,1.01319,1.01534,26270
2019-04-23,1.01473,1.023,1.01473,1.01987,76181
2019-04-24,1.01992,1.02192,1.01682,1.02039,98511
2019-04-25,1.01954,1.02273,1.01924,1.02022,82739
2019-04-26,1.01992,1.0237,1.01834,1.01954,77584
2019-04-29,1.0183,1.02151,1.01813,1.01955,54359
2019-04-30,1.01958,1.02036,1.01733,1.0191,83707
2019-05-01,1.01914,1.01974,1.01261,1.01782,81662
2019-05-02,1.01767,1.02033,1.01663,1.01928,76137
2019-05-03,1.01857,1.02139,1.01598,1.01632,80503
2019-05-06,1.01568,1.0196,1.01508,1.01767,71609
2019-05-07,1.01777,1.02256,1.01601,1.01927,89130
2019-05-08,1.01922,1.02075,1.01683,1.02025,97087
2019-05-09,1.02046,1.02094,1.0123,1.01493,98492
2019-05-10,1.01417,1.01578,1.01003,1.01153,96039
2019-05-13,1.01068,1.01216,1.00493,1.00624,88879
2019-05-14,1.00617,1.00954,1.00501,1.00857,65693
2019-05-15,1.00849,1.00965,1.00547,1.0086,69919
2019-05-16,1.00847,1.01067,1.00729,1.00976,59927
2019-05-17,1.00934,1.01209,1.00844,1.01088,69485
2019-05-20,1.00977,1.01204,1.00799,1.00842,57075
2019-05-21,1.00817,1.01191,1.00795,1.01094,70128
2019-05-22,1.01087,1.01187,1.00657,1.00951,62064
2019-05-23,1.00957,1.0098,1.00228,1.00318,100654
2019-05-24,1.00307,1.00417,1.00077,1.00161,70737
2019-05-27,1.00045,1.00623,1.00045,1.0037,36637
2019-05-28,1.00357,1.00975,1.00335,1.00754,76067
2019-05-29,1.00745,1.00858,1.00491,1.00797,80407
2019-05-30,1.0071,1.00974,1.00679,1.00772,59786
2019-05-31,1.00766,1.00792,1.00002,1.00066,103630
2019-06-03,1.00027,1.00168,0.99097,0.9924,114529
2019-06-04,0.99227,0.99556,0.9902,0.99193,105805
2019-06-05,0.99207,0.99502,0.98532,0.99466,114767
2019-06-06,0.99467,0.9961,0.98787,0.99119,116366
2019-06-07,0.99067,0.99495,0.98585,0.98745,108641
2019-06-10,0.98898,0.99194,0.9878,0.98971,76417
2019-06-11,0.98953,0.99358,0.98875,0.99223,97030
2019-06-12,0.99222,0.99586,0.99017,0.9954,102030
2019-06-13,0.99537,0.99598,0.99173,0.99382,86712
2019-06-14,0.99357,0.99946,0.99247,0.99821,92942
2019-06-17,0.99703,0.99991,0.99651,0.99904,83987
2019-06-18,0.99887,1.00122,0.99647,1.00022,147536
2019-06-19,1.00002,1.00141,0.99155,0.9941,122243
2019-06-20,0.99407,0.99426,0.97912,0.98149,168435
2019-06-21,0.98147,0.98379,0.97556,0.97617,145251
2019-06-24,0.97515,0.97826,0.97096,0.97183,104502
2019-06-25,0.97176,0.97764,0.96931,0.97531,150863
2019-06-26,0.97502,0.97842,0.97409,0.9778,137039
2019-06-27,0.97777,0.98136,0.97585,0.97648,99812
2019-06-28,0.97635,0.97737,0.97375,0.97616,101600
2019-07-01,0.97887,0.98836,0.97793,0.98755,89927
2019-07-02,0.98752,0.98883,0.98348,0.98619,85357
2019-07-03,0.98604,0.98725,0.98337,0.98652,77330
2019-07-04,0.98659,0.98699,0.9846,0.98484,38780
2019-07-05,0.98462,0.99313,0.98419,0.99152,83736
2019-07-08,0.99143,0.99467,0.98979,0.99374,46650
2019-07-09,0.99323,0.99514,0.99223,0.99347,81734
2019-07-10,0.99346,0.99413,0.98866,0.98941,79973
2019-07-11,0.98937,0.99047,0.98452,0.99004,87608
2019-07-12,0.98989,0.9908,0.98355,0.98399,82587
2019-07-15,0.98369,0.98544,0.98168,0.98439,53855
2019-07-16,0.98438,0.98933,0.9835,0.98776,36866
2019-07-17,0.98776,0.99071,0.9864,0.98741,26748
2019-07-18,0.98741,0.9891,0.98084,0.98134,42611
2019-07-19,0.98135,0.98465,0.98052,0.98146,37994
2019-07-22,0.98225,0.98401,0.98033,0.98191,29157
2019-07-23,0.98191,0.98587,0.98162,0.98516,34901
2019-07-24,0.98516,0.98738,0.98357,0.98466,33698
2019-07-25,0.98467,0.99169,0.98424,0.99075,43421
2019-07-26,0.99076,0.99455,0.98996,0.99323,30133
2019-07-29,0.99242,0.99377,0.99083,0.99154,22058
2019-07-30,0.99152,0.99218,0.98901,0.99019,42346
2019-07-31,0.99022,0.99488,0.98838,0.99387,58949
2019-08-01,0.99385,0.99742,0.98874,0.99026,67485
2019-08-02,0.99021,0.99071,0.98139,0.9823,76174
2019-08-05,0.98355,0.9836,0.97159,0.97337,73449
2019-08-06,0.97336,0.97917,0.97028,0.97665,69011
2019-08-07,0.97609,0.97964,0.96916,0.97546,91138
2019-08-08,0.97527,0.97862,0.9737,0.97457,51009
2019-08-09,0.97428,0.97533,0.97086,0.97253,50033
2019-08-12,0.97301,0.9753,0.96812,0.96915,51739
2019-08-13,0.96906,0.97673,0.9659,0.97649,72958
2019-08-14,0.9766,0.97699,0.97048,0.97334,81205
2019-08-15,0.97287,0.97758,0.97212,0.97638,98692
2019-08-16,0.9763,0.98085,0.97561,0.97826,62098
2019-08-19,0.97821,0.98205,0.97589,0.98152,40948
2019-08-20,0.98151,0.9816,0.97745,0.97784,37605
2019-08-21,0.97754,0.98305,0.97719,0.98235,36958
2019-08-22,0.98221,0.98439,0.97986,0.98361,49330
2019-08-23,0.98346,0.98763,0.97349,0.97473,67027
2019-08-26,0.97249,0.98158,0.97131,0.97868,98403
2019-08-27,0.97873,0.98365,0.97747,0.98111,66306
2019-08-28,0.98106,0.98279,0.98005,0.98152,66490
2019-08-29,0.98121,0.98746,0.97996,0.98641,62483
2019-08-30,0.98651,0.99171,0.98584,0.98962,66772
2019-09-02,0.98886,0.99189,0.98883,0.99064,36701
2019-09-03,0.99024,0.99283,0.98626,0.98689,66599
2019-09-04,0.98656,0.98838,0.97975,0.98064,61974
2019-09-05,0.97857,0.98726,0.97857,0.98583,72087
2019-09-06,0.98531,0.99168,0.98526,0.98759,69707
2019-09-09,0.98671,0.99223,0.98667,0.99199,54782
2019-09-10,0.99191,0.99312,0.98882,0.99191,52205
2019-09-11,0.99171,0.99428,0.9911,0.99273,53227
2019-09-12,0.99271,0.9946,0.98798,0.99029,89085
2019-09-13,0.99027,0.99103,0.98535,0.9901,56380
2019-09-16,0.98736,0.99392,0.98642,0.99265,52319
2019-09-17,0.99246,0.99678,0.99126,0.99295,56401
2019-09-18,0.99291,0.99829,0.99252,0.99725,55184
2019-09-19,0.99716,0.99827,0.98993,0.99261,59685
2019-09-20,0.9923,0.99355,0.98888,0.99089,51105
2019-09-23,0.99056,0.9922,0.98895,0.9897,50328
2019-09-24,0.98971,0.99136,0.9843,0.98538,55114
2019-09-25,0.98512,0.99241,0.98494,0.99163,62490
2019-09-26,0.99122,0.99477,0.99031,0.99349,51844
2019-09-27,0.99326,0.99483,0.98973,0.99085,52919
2019-09-30,0.99031,0.99871,0.99031,0.99754,44998
2019-10-01,0.99729,1.00159,0.99224,0.99321,63099
2019-10-02,0.99296,1.00257,0.99204,0.99677,58748
2019-10-03,0.99676,1.0027,0.99515,0.99869,69242
2019-10-04,0.99836,1.00071,0.99266,0.99523,63533
2019-10-07,0.99311,0.9965,0.99259,0.99465,51981
2019-10-08,0.99461,0.99577,0.9904,0.99292,68935
2019-10-09,0.9928,0.99629,0.9915,0.99583,52327
2019-10-10,0.99583,0.9972,0.99135,0.9968,74771
2019-10-11,0.99686,0.999,0.99569,0.99658,77185
2019-10-14,0.99541,0.99829,0.99436,0.99681,41209
2019-10-15,0.99676,0.99957,0.99628,0.99863,64539
2019-10-16,0.99861,0.99902,0.9945,0.99466,53643
2019-10-17,0.99465,0.99521,0.98662,0.98765,51049
2019-10-18,0.98768,0.98911,0.98406,0.9841,39632
2019-10-21,0.984,0.98756,0.98397,0.98553,38398
2019-10-22,0.98557,0.98963,0.98529,0.98934,41410
2019-10-23,0.98938,0.9914,0.98853,0.99023,38242
2019-10-24,0.98955,0.99288,0.98909,0.99207,40912
2019-10-25,0.99215,0.99544,0.99067,0.99441,39546
2019-10-28,0.99445,0.99698,0.99326,0.99475,29156
2019-10-29,0.99445,0.99645,0.99327,0.99381,33436
2019-10-30,0.99389,0.99444,0.98878,0.98928,49052
2019-10-31,0.98919,0.98938,0.98591,0.9865,51630
2019-11-01,0.98626,0.98943,0.98505,0.98558,43048
2019-11-04,0.9855,0.98886,0.98499,0.98766,34283
2019-11-05,0.98764,0.99352,0.98723,0.99259,46880
2019-11-06,0.99254,0.99396,0.99149,0.99267,34551
2019-11-07,0.99267,0.99746,0.99106,0.99478,51287
2019-11-08,0.99455,0.99783,0.99428,0.99711,36736
2019-11-11,0.99604,0.99766,0.99283,0.99327,28769
2019-11-12,0.99331,0.99639,0.99216,0.993,35584
2019-11-13,0.99292,0.99352,0.98832,0.98981,39908
2019-11-14,0.98975,0.99074,0.98697,0.98777,37537
2019-11-15,0.98775,0.99104,0.98775,0.98952,30047
2019-11-18,0.98895,0.99137,0.98678,0.98948,33097
2019-11-19,0.98945,0.99182,0.98808,0.99037,30188
2019-11-20,0.99035,0.99365,0.9898,0.99061,43201
2019-11-21,0.99066,0.99344,0.989,0.99301,41340
2019-11-22,0.99294,0.99797,0.99196,0.99706,36206
2019-11-25,0.99755,0.99852,0.99595,0.99613,33202
2019-11-26,0.99628,0.99862,0.99601,0.99688,35825
2019-11-27,0.99697,0.99999,0.99668,0.99895,35496
2019-11-28,0.9989,0.99953,0.99804,0.99818,21898
2019-11-29,0.99811,1.00229,0.99795,0.99974,35464
2019-12-02,0.99995,1.00081,0.99109,0.99113,33890
2019-12-03,0.99103,0.99257,0.98566,0.98696,38592
2019-12-04,0.98694,0.98992,0.98547,0.98823,40696
2019-12-05,0.98804,0.98948,0.98675,0.98676,31451
2019-12-06,0.98674,0.99174,0.98641,0.99003,30185
2019-12-09,0.99018,0.99099,0.98749,0.98774,29553
2019-12-10,0.98777,0.98819,0.98333,0.98426,32211
2019-12-11,0.98417,0.98633,0.98138,0.98295,43432
2019-12-12,0.9828,0.98759,0.98081,0.98456,55972
2019-12-13,0.98445,0.98653,0.98049,0.98406,67698
2019-12-16,0.9831,0.98465,0.98194,0.98221,32681
2019-12-17,0.98195,0.98434,0.97953,0.97982,35175
2019-12-18,0.9799,0.98204,0.9795,0.98033,32964
2019-12-19,0.9802,0.98116,0.97699,0.97837,35077
2019-12-20,0.97835,0.98325,0.97687,0.98257,31191
2019-12-23,0.98264,0.98274,0.98007,0.98157,26662
2019-12-24,0.98167,0.9831,0.97824,0.97966,19841
2019-12-26,0.97968,0.9818,0.97924,0.98103,9328
2019-12-27,0.98035,0.98176,0.97296,0.97419,36553
2019-12-30,0.97428,0.97539,0.96735,0.96918,35227
2019-12-31,0.96919,0.96971,0.96457,0.96757,34532
2020-01-02,0.96628,0.97325,0.96558,0.97114,34785
2020-01-03,0.97095,0.97433,0.96877,0.97233,44058
2020-01-06,0.97013,0.97161,0.96754,0.96786,35928
2020-01-07,0.96779,0.97293,0.96764,0.97012,38677
2020-01-08,0.97001,0.97393,0.96647,0.97373,74326
2020-01-09,0.97375,0.97477,0.97108,0.97297,39604
2020-01-10,0.97285,0.97617,0.9717,0.97278,32047
2020-01-13,0.9731,0.9736,0.96936,0.97054,27651
2020-01-14,0.97022,0.97128,0.9665,0.96698,36537
2020-01-15,0.96707,0.96797,0.96299,0.96407,35356
2020-01-16,0.96395,0.96518,0.96125,0.96475,34375
2020-01-17,0.96406,0.96951,0.9632,0.96765,32423
2020-01-20,0.96733,0.96988,0.9668,0.96777,18808
2020-01-21,0.96785,0.96898,0.96606,0.96862,28935
2020-01-22,0.96859,0.97286,0.96771,0.96776,29247
2020-01-23,0.9677,0.97031,0.96682,0.9688,35066
2020-01-24,0.96867,0.97177,0.9685,0.97107,27591
2020-01-27,0.97042,0.97187,0.96812,0.9693,35298
2020-01-28,0.9691,0.97409,0.96781,0.97304,25215
2020-01-29,0.97302,0.97661,0.97254,0.97297,27520
2020-01-30,0.97264,0.9737,0.96792,0.96932,36996
2020-01-31,0.96891,0.97127,0.96285,0.96337,38773
2020-02-03,0.96332,0.96718,0.96288,0.96568,43108
2020-02-04,0.96557,0.97037,0.96524,0.96896,36459
2020-02-05,0.96879,0.97472,0.96775,0.97326,40532
2020-02-06,0.97326,0.9756,0.97306,0.97468,33532
2020-02-07,0.97462,0.97807,0.97389,0.97751,41955
2020-02-10,0.97649,0.97833,0.97598,0.9771,45539
2020-02-11,0.97709,0.97886,0.97503,0.97575,39667
2020-02-12,0.97572,0.97847,0.97406,0.97807,40143
2020-02-13,0.97797,0.97952,0.97602,0.97933,40813
2020-02-14,0.97887,0.98218,0.97847,0.98208,27305
2020-02-17,0.98097,0.98263,0.98056,0.9806,19747
2020-02-18,0.98054,0.98387,0.9796,0.9831,32876
2020-02-19,0.98307,0.9844,0.98256,0.98361,29970
2020-02-20,0.9836,0.98481,0.98147,0.9839,46387
2020-02-21,0.98347,0.98436,0.97704,0.97808,45146
2020-02-24,0.98042,0.98153,0.97645,0.9789,62485
2020-02-25,0.97888,0.98043,0.97506,0.97593,61618
2020-02-26,0.97591,0.97783,0.97281,0.97664,62617
2020-02-27,0.97663,0.97705,0.96736,0.9675,70967
2020-02-28,0.96759,0.96952,0.96093,0.96502,100603
2020-03-02,0.96304,0.96544,0.95435,0.95888,90888
2020-03-03,0.95856,0.95965,0.95149,0.9558,103893
2020-03-04,0.9555,0.95966,0.95321,0.95627,57674
2020-03-05,0.95613,0.95717,0.9446,0.94546,52294
2020-03-06,0.94468,0.94661,0.93176,0.93691,117783
2020-03-09,0.93201,0.93355,0.91816,0.9252,114119
2020-03-10,0.92511,0.94107,0.92322,0.93848,127603
2020-03-11,0.93976,0.94016,0.93242,0.93911,94698
2020-03-12,0.93775,0.95513,0.93209,0.94459,131908
2020-03-13,0.94308,0.95688,0.94214,0.95067,166774
2020-03-16,0.9523,0.95241,0.93914,0.94463,250252
2020-03-17,0.9467,0.9648,0.94446,0.96097,205353
2020-03-18,0.96107,0.97505,0.95657,0.96694,221690
2020-03-19,0.96765,0.98775,0.96378,0.98768,233642
2020-03-20,0.98568,0.99003,0.97429,0.9851,260321
2020-03-23,0.98428,0.99006,0.97892,0.98349,264090
2020-03-24,0.98447,0.98465,0.97179,0.98212,177482
2020-03-25,0.98128,0.98331,0.97455,0.97455,155946
2020-03-26,0.97671,0.9775,0.96025,0.96366,157959
2020-03-27,0.96115,0.96548,0.95032,0.9508,141744
2020-03-30,0.95253,0.96104,0.95,0.95826,103179
2020-03-31,0.95808,0.96855,0.95712,0.96094,129942
2020-04-01,0.96075,0.96908,0.95961,0.96541,91665
2020-04-02,0.96477,0.97497,0.96424,0.97343,96686
2020-04-03,0.9734,0.97954,0.97211,0.97537,80560
2020-04-06,0.9756,0.97968,0.97477,0.97862,85385
2020-04-07,0.9786,0.97922,0.9685,0.96955,78714
2020-04-08,0.96915,0.97431,0.96875,0.97127,73318
2020-04-09,0.97112,0.97332,0.96476,0.96614,68717
2020-04-10,0.96595,0.96746,0.96385,0.96503,35016
2020-04-13,0.96555,0.96866,0.96291,0.96663,47609
2020-04-14,0.96579,0.96778,0.95955,0.96006,56285
2020-04-15,0.9594,0.97001,0.95925,0.96435,62547
2020-04-16,0.96435,0.97152,0.9643,0.97013,72917
2020-04-17,0.9701,0.97235,0.96556,0.96672,70352
2020-04-20,0.9675,0.96999,0.9655,0.96782,56167
2020-04-21,0.96774,0.97272,0.96698,0.96949,68323
2020-04-22,0.96872,0.97314,0.9668,0.97136,48492
2020-04-23,0.97041,0.97719,0.9703,0.97592,70648
2020-04-24,0.97577,0.98022,0.97241,0.97264,57419
2020-04-27,0.97232,0.97665,0.97118,0.97534,50685
2020-04-28,0.97422,0.97996,0.97199,0.97493,53860
2020-04-29,0.97489,0.97671,0.97119,0.97342,48773
2020-04-30,0.97319,0.97587,0.96381,0.96455,71432
2020-05-01,0.96423,0.96688,0.9588,0.96114,44320
2020-05-04,0.96019,0.96623,0.96002,0.96476,49735
2020-05-05,0.9643,0.97343,0.96429,0.972,48028
2020-05-06,0.97204,0.97582,0.97179,0.97481,46305
2020-05-07,0.97474,0.9784,0.97285,0.97286,55493
2020-05-08,0.97285,0.97363,0.96806,0.97058,39499
2020-05-11,0.96914,0.97361,0.96906,0.97277,42620
2020-05-12,0.97278,0.97495,0.96644,0.96929,49386
2020-05-13,0.96924,0.97256,0.96649,0.97189,60331
2020-05-14,0.97184,0.97547,0.9713,0.97293,56888
2020-05-15,0.97291,0.9744,0.96975,0.97155,49614
2020-05-18,0.97152,0.97605,0.96761,0.97084,51269
2020-05-19,0.9709,0.97283,0.9698,0.97097,47137
2020-05-20,0.97052,0.97159,0.96377,0.96443,39553
2020-05-21,0.9646,0.97124,0.96422,0.97037,46455
2020-05-22,0.97026,0.97329,0.96965,0.97096,35236
2020-05-25,0.97076,0.97358,0.97039,0.97146,22809
2020-05-26,0.97167,0.972,0.96461,0.96555,41148
2020-05-27,0.96538,0.97279,0.96488,0.96792,72050
2020-05-28,0.96863,0.97187,0.96299,0.96386,58382
2020-05-29,0.96398,0.96499,0.96012,0.96107,69303
2020-06-01,0.95997,0.96246,0.95781,0.96078,57107
2020-06-02,0.9607,0.9637,0.95727,0.96212,63337
2020-06-03,0.96211,0.96473,0.9606,0.96108,72520
2020-06-04,0.96119,0.96233,0.95431,0.95536,71676
2020-06-05,0.95536,0.965,0.95412,0.96225,71965
2020-06-08,0.9604,0.96389,0.95553,0.95746,48909
2020-06-09,0.95756,0.9585,0.9482,0.95064,57364
2020-06-10,0.95068,0.95141,0.94244,0.94365,65783
2020-06-11,0.94377,0.94599,0.93756,0.94399,78230
2020-06-12,0.94407,0.95529,0.94186,0.95212,72238
2020-06-15,0.95118,0.95464,0.94795,0.94898,63858
2020-06-16,0.94893,0.95226,0.9463,0.95121,63269
2020-06-17,0.95121,0.95285,0.94807,0.94848,57571
2020-06-18,0.94856,0.95246,0.94819,0.95126,51706
2020-06-19,0.95128,0.95301,0.94874,0.95213,44357
2020-06-22,0.95146,0.95264,0.94646,0.94751,43100
2020-06-23,0.9475,0.94929,0.94198,0.94472,51880
2020-06-24,0.94465,0.94856,0.94326,0.94784,50331
2020-06-25,0.9471,0.95076,0.94707,0.9484,50534
2020-06-26,0.94843,0.94992,0.9467,0.94797,40576
2020-06-29,0.94611,0.95245,0.94411,0.95107,38319
2020-06-30,0.95115,0.95322,0.94608,0.94713,44842
2020-07-01,0.94713,0.94935,0.94445,0.94572,57196
2020-07-02,0.94579,0.94648,0.94259,0.94523,54173
2020-07-03,0.94528,0.94699,0.94334,0.94334,37793
2020-07-06,0.94443,0.9452,0.93839,0.94204,42704
2020-07-07,0.9421,0.94525,0.9408,0.94239,51674
2020-07-08,0.94232,0.94319,0.93693,0.93822,49764
2020-07-09,0.93821,0.94102,0.93616,0.94005,61705
2020-07-10,0.93991,0.94309,0.93843,0.94106,49241
2020-07-13,0.93951,0.94372,0.93918,0.94151,45742
2020-07-14,0.94135,0.94239,0.93795,0.93987,61009
2020-07-15,0.93995,0.94569,0.93696,0.9443,58635
2020-07-16,0.94413,0.94674,0.94288,0.94545,58207
2020-07-17,0.94551,0.94582,0.93797,0.93858,44441
2020-07-20,0.93928,0.94097,0.93735,0.93886,49828
2020-07-21,0.93892,0.93978,0.93208,0.93309,57611
2020-07-22,0.93302,0.93513,0.92862,0.92955,56114
2020-07-23,0.92936,0.92987,0.92451,0.92535,57942
2020-07-24,0.92514,0.92601,0.92045,0.92045,60135
2020-07-27,0.92062,0.92297,0.91657,0.91985,74494
2020-07-28,0.91982,0.92275,0.91547,0.91782,67611
2020-07-29,0.9176,0.91873,0.91163,0.9125,71075
2020-07-30,0.91216,0.91507,0.9087,0.90885,71804
2020-07-31,0.90879,0.91485,0.90557,0.9133,95709
2020-08-03,0.91271,0.92413,0.91242,0.91768,80631
2020-08-04,0.91669,0.91877,0.91297,0.91324,56893
2020-08-05,0.91309,0.91384,0.90498,0.90833,56996
2020-08-06,0.906,0.91285,0.906,0.9097,77162
2020-08-07,0.90861,0.91576,0.90835,0.91232,81183
2020-08-10,0.91212,0.9184,0.91186,0.91553,48896
2020-08-11,0.91543,0.91775,0.91047,0.91677,81379
2020-08-12,0.91668,0.91973,0.90962,0.91196,71335
2020-08-13,0.91194,0.91218,0.90816,0.90966,65329
2020-08-14,0.90943,0.91224,0.90864,0.9089,51335
2020-08-17,0.90895,0.90962,0.90508,0.90654,50809
2020-08-18,0.90557,0.90673,0.90092,0.90368,69092
2020-08-19,0.9037,0.91538,0.90185,0.91495,66711
2020-08-20,0.91487,0.9161,0.90717,0.9076,75011
2020-08-21,0.90735,0.91393,0.90607,0.91144,62451
2020-08-24,0.91145,0.91274,0.9074,0.91179,48508
2020-08-25,0.91183,0.91258,0.90736,0.90766,60330
2020-08-26,0.90888,0.91202,0.90695,0.90814,53311
2020-08-27,0.90815,0.91231,0.90354,0.90894,102230
2020-08-28,0.90664,0.90996,0.90236,0.90394,92933
2020-08-31,0.90429,0.90528,0.89982,0.90363,64591
2020-09-01,0.90361,0.91002,0.89985,0.90927,83589
2020-09-02,0.90926,0.91363,0.90851,0.91058,72306
2020-09-03,0.91056,0.91417,0.90817,0.90934,82330
2020-09-04,0.90924,0.91628,0.90852,0.91329,73210
2020-09-07,0.91298,0.91689,0.912,0.91594,32128
2020-09-08,0.91595,0.92003,0.91555,0.91766,74275
2020-09-09,0.91755,0.91901,0.91196,0.91234,56810
2020-09-10,0.91195,0.91284,0.90486,0.91051,77784
2020-09-11,0.91047,0.91077,0.90791,0.90883,60868
2020-09-14,0.90835,0.90981,0.90575,0.9082,44161
2020-09-15,0.90826,0.90883,0.90508,0.90803,48542
2020-09-16,0.90795,0.91102,0.90544,0.90933,62143
2020-09-17,0.90844,0.9139,0.908,0.90813,40370
2020-09-18,0.90808,0.9113,0.90746,0.91117,54571
2020-09-21,0.90964,0.91707,0.90863,0.91443,59207
2020-09-22,0.91374,0.92071,0.9131,0.91972,46282
2020-09-23,0.91961,0.9243,0.91863,0.92376,61323
2020-09-24,0.92379,0.92797,0.92153,0.92659,56933
2020-09-25,0.92653,0.92958,0.92501,0.92876,53871
2020-09-28,0.92743,0.9295,0.92397,0.92397,51456
2020-09-29,0.92379,0.92482,0.91892,0.91938,48536
2020-09-30,0.91965,0.92441,0.91619,0.92076,73139
2020-10-01,0.92072,0.92142,0.91639,0.91848,64827
2020-10-02,0.91887,0.92182,0.9174,0.92032,72382
2020-10-05,0.9192,0.91995,0.91446,0.91499,48486
2020-10-06,0.9149,0.91792,0.91328,0.91773,53034
2020-10-07,0.91769,0.91841,0.91591,0.91723,52213
2020-10-08,0.9171,0.91971,0.91567,0.91693,39417
2020-10-09,0.91675,0.91736,0.90916,0.90936,41070
2020-10-12,0.91058,0.91232,0.90868,0.90871,41170
2020-10-13,0.90862,0.91545,0.90862,0.91489,46843
2020-10-14,0.91494,0.91623,0.91126,0.91386,44798
2020-10-15,0.91381,0.91552,0.91261,0.91479,47492
2020-10-16,0.91452,0.91619,0.91227,0.91493,46663
2020-10-19,0.91387,0.9165,0.90897,0.90964,43870
2020-10-20,0.90935,0.91096,0.90548,0.90698,49749
2020-10-21,0.90697,0.90701,0.90303,0.90532,52923
2020-10-22,0.90527,0.908,0.90333,0.90701,51112
2020-10-23,0.90661,0.90917,0.90338,0.90404,50329
2020-10-26,0.90385,0.90801,0.9037,0.90769,50725
2020-10-27,0.90748,0.90972,0.9061,0.90894,43353
2020-10-28,0.90842,0.91271,0.90837,0.91034,57540
2020-10-29,0.9103,0.91722,0.90887,0.91539,62902
2020-10-30,0.91447,0.91723,0.91377,0.91671,58636
2020-11-02,0.91559,0.92072,0.91465,0.91848,46565
2020-11-03,0.91835,0.91913,0.91167,0.91275,44895
2020-11-04,0.91271,0.91958,0.9089,0.91161,93049
2020-11-05,0.91054,0.91321,0.90361,0.90388,73804
2020-11-06,0.90405,0.9056,0.89817,0.9001,72253
2020-11-09,0.89871,0.91427,0.89829,0.91225,93125
2020-11-10,0.912,0.91752,0.91128,0.91529,86416
2020-11-11,0.91525,0.91915,0.91306,0.91704,55138
2020-11-12,0.91676,0.91714,0.91311,0.91488,53907
2020-11-13,0.91413,0.91588,0.91247,0.91255,40303
2020-11-16,0.91249,0.9151,0.90971,0.91239,52413
2020-11-17,0.91235,0.91278,0.90875,0.91154,43047
2020-11-18,0.91155,0.91223,0.90915,0.91143,47460
2020-11-19,0.91159,0.9139,0.90992,0.91045,55936
2020-11-20,0.91045,0.91229,0.90913,0.91091,42358
2020-11-23,0.91023,0.91475,0.90758,0.91277,47300
2020-11-24,0.91319,0.9136,0.90974,0.91112,49755
2020-11-25,0.91109,0.91385,0.90775,0.90818,54417
2020-11-26,0.90719,0.9093,0.90591,0.90626,37149
2020-11-27,0.90595,0.90822,0.90399,0.90435,45121
2020-11-30,0.90365,0.90928,0.90189,0.90862,49745
2020-12-01,0.90861,0.90875,0.89936,0.89971,47790
2020-12-02,0.89931,0.90129,0.89432,0.89453,52597
2020-12-03,0.89405,0.89532,0.88909,0.89054,45688
2020-12-04,0.89085,0.89227,0.88851,0.89172,45205
2020-12-07,0.88995,0.89461,0.88749,0.89049,50011
2020-12-08,0.88966,0.89135,0.88811,0.88881,44526
2020-12-09,0.88815,0.8914,0.88706,0.88931,42793
2020-12-10,0.8891,0.8901,0.88517,0.88596,51398
2020-12-11,0.88548,0.89087,0.88508,0.88948,44763
2020-12-14,0.88847,0.88952,0.88497,0.88663,40480
2020-12-15,0.88592,0.88801,0.88499,0.88548,42815
2020-12-16,0.88538,0.88918,0.88255,0.8852,51582
2020-12-17,0.88475,0.88575,0.88218,0.88432,45061
2020-12-18,0.88443,0.88676,0.8825,0.88285,40822
2020-12-21,0.88344,0.89188,0.88344,0.88547,67133
2020-12-22,0.8854,0.89042,0.88446,0.88941,48073
2020-12-23,0.88937,0.89107,0.88671,0.88794,52878
2020-12-24,0.88795,0.89179,0.88681,0.89126,44899
2020-12-28,0.88823,0.89183,0.88757,0.88887,45199
2020-12-29,0.88886,0.88924,0.88302,0.88392,42364
2020-12-30,0.88369,0.88541,0.88102,0.88117,51839
2020-12-31,0.8811,0.88581,0.87933,0.88522,44136
2021-01-04,0.88294,0.88451,0.87842,0.88121,52897
2021-01-05,0.88057,0.88161,0.87753,0.87826,49250
2021-01-06,0.87831,0.8821,0.87571,0.87827,74287
2021-01-07,0.8787,0.88603,0.8774,0.88492,68037
2021-01-08,0.88453,0.88841,0.88219,0.88511,73018
2021-01-11,0.88545,0.89198,0.8842,0.89017,56758
2021-01-12,0.89015,0.89156,0.88602,0.88615,51165
2021-01-13,0.88605,0.88888,0.88489,0.88756,46460
2021-01-14,0.88749,0.89167,0.88553,0.88811,63085
2021-01-15,0.88845,0.89144,0.88687,0.89124,49638
2021-01-18,0.8898,0.89255,0.88921,0.89045,41163
2021-01-19,0.89087,0.89162,0.88638,0.88819,46953
2021-01-20,0.88834,0.892,0.88625,0.88921,48228
2021-01-21,0.889,0.89002,0.88473,0.88489,49435
2021-01-22,0.88401,0.88658,0.88342,0.88497,45620
2021-01-25,0.88459,0.88923,0.88453,0.88806,53696
2021-01-26,0.888,0.88954,0.88601,0.8866,43767
2021-01-27,0.88606,0.89171,0.88601,0.88873,61303
2021-01-28,0.8887,0.89181,0.88692,0.88859,62629
2021-01-29,0.88861,0.89114,0.88723,0.89061,65724
2021-02-01,0.88903,0.89724,0.88903,0.89675,64248
2021-02-02,0.89645,0.89948,0.89466,0.89711,58222
2021-02-03,0.897,0.90021,0.89693,0.89879,44654
2021-02-04,0.89889,0.90444,0.89836,0.90399,45867
2021-02-05,0.90381,0.90453,0.89856,0.89885,52081
2021-02-08,0.89896,0.90192,0.89818,0.89851,42614
2021-02-09,0.89807,0.89902,0.8919,0.89227,46555
2021-02-10,0.89224,0.89309,0.88899,0.8899,45049
2021-02-11,0.88975,0.89099,0.88916,0.89003,31028
2021-02-12,0.89,0.89395,0.8892,0.89178,38111
2021-02-15,0.89088,0.89245,0.88969,0.88998,29526
2021-02-16,0.88998,0.89298,0.88709,0.89221,49797
2021-02-17,0.89218,0.89916,0.89158,0.89878,53920
2021-02-18,0.89853,0.8995,0.89567,0.89569,44099
2021-02-19,0.89554,0.8972,0.89334,0.89631,45679
2021-02-22,0.89615,0.90232,0.89482,0.89573,50931
2021-02-23,0.8956,0.90568,0.89482,0.90482,52761
2021-02-24,0.9046,0.90941,0.90241,0.90637,63690
2021-02-25,0.90646,0.90809,0.90278,0.90465,79214
2021-02-26,0.90456,0.91013,0.90262,0.90853,90340
2021-03-01,0.9077,0.91589,0.90705,0.91481,51951
2021-03-02,0.91506,0.91933,0.91356,0.91434,53854
2021-03-03,0.91494,0.91995,0.91398,0.91973,56461
2021-03-04,0.91971,0.92975,0.91848,0.92861,75447
2021-03-05,0.92847,0.93186,0.9257,0.93081,75582
2021-03-08,0.92804,0.93689,0.92745,0.93616,56371
2021-03-09,0.93402,0.9375,0.92757,0.92757,66981
2021-03-10,0.9275,0.93226,0.92734,0.92953,62747
2021-03-11,0.9306,0.93086,0.92339,0.92408,58998
2021-03-12,0.92352,0.93245,0.92352,0.92917,48133
2021-03-15,0.92858,0.93119,0.92664,0.92716,51474
2021-03-16,0.92778,0.92868,0.9242,0.92472,53696
2021-03-17,0.92448,0.92955,0.9213,0.92226,45777
2021-03-18,0.92248,0.93049,0.92184,0.92729,61497
2021-03-19,0.92488,0.93195,0.92488,0.92901,48939
2021-03-22,0.92838,0.93092,0.92222,0.92278,43950
2021-03-23,0.92318,0.93464,0.92257,0.93378,50131
2021-03-24,0.93379,0.93692,0.93362,0.93528,48737
2021-03-25,0.93553,0.94016,0.9349,0.9396,47754
2021-03-26,0.93824,0.94174,0.9382,0.93895,37932
2021-03-29,0.93848,0.94041,0.93696,0.93888,41531
2021-03-30,0.93752,0.94383,0.93745,0.942,48110
2021-03-31,0.94161,0.9458,0.94034,0.94352,50411
2021-04-01,0.94339,0.94723,0.94042,0.94156,52859
2021-04-02,0.94192,0.94338,0.94045,0.9416,21742
2021-04-05,0.94105,0.94383,0.93534,0.93615,33676
2021-04-06,0.9361,0.93956,0.93023,0.93078,42602
2021-04-07,0.93072,0.93159,0.92676,0.92949,42341
2021-04-08,0.93015,0.93019,0.92316,0.92375,34499
2021-04-09,0.92366,0.92811,0.92356,0.9244,40130
2021-04-12,0.92545,0.92679,0.92123,0.92208,44900
2021-04-13,0.92302,0.92592,0.91973,0.92051,50504
2021-04-14,0.92045,0.92338,0.91863,0.9224,46275
2021-04-15,0.92218,0.92454,0.92059,0.92219,47066
2021-04-16,0.92257,0.92347,0.91789,0.91985,40260
2021-04-19,0.91779,0.92147,0.91284,0.91479,38413
2021-04-20,0.91349,0.91692,0.91295,0.91561,40517
2021-04-21,0.91597,0.91953,0.9148,0.91656,39203
2021-04-22,0.9161,0.91909,0.91431,0.91668,44741
2021-04-23,0.91652,0.91728,0.91273,0.91353,41678
2021-04-26,0.91295,0.91655,0.91212,0.91393,41771
2021-04-27,0.91319,0.91713,0.91229,0.91337,37558
2021-04-28,0.91337,0.91811,0.90879,0.90941,50434
2021-04-29,0.9097,0.91189,0.90795,0.90845,43446
2021-04-30,0.90825,0.91399,0.90798,0.91302,44518
2021-05-03,0.91223,0.91472,0.90925,0.91112,38319
2021-05-04,0.91039,0.91603,0.90987,0.91315,53716
2021-05-05,0.91315,0.9164,0.91208,0.91265,42137
2021-05-06,0.91205,0.91444,0.90698,0.9071,46379
2021-05-07,0.90675,0.90932,0.90023,0.90036,52688
2021-05-10,0.90118,0.90186,0.89852,0.90108,52712
2021-05-11,0.90107,0.9039,0.90008,0.90354,49070
2021-05-12,0.90344,0.90934,0.9022,0.90892,54498
2021-05-13,0.90895,0.90927,0.90505,0.90571,73182
2021-05-14,0.9057,0.90633,0.90103,0.90127,43930
2021-05-17,0.901,0.90325,0.90016,0.90316,41079
2021-05-18,0.90316,0.90345,0.89601,0.89762,44794
2021-05-19,0.89762,0.90473,0.89675,0.90371,59195
2021-05-20,0.9036,0.90467,0.89716,0.89722,38033
2021-05-21,0.89725,0.9,0.89533,0.89765,45942
2021-05-24,0.89751,0.9002,0.89564,0.89677,38598
2021-05-25,0.89682,0.89743,0.893,0.89478,44131
2021-05-26,0.8949,0.8987,0.89413,0.89779,42440
2021-05-27,0.89778,0.90081,0.89603,0.89654,44221
2021-05-28,0.89654,0.90293,0.89632,0.8998,43084
2021-05-31,0.8992,0.90122,0.89836,0.89867,27808
2021-06-01,0.89849,0.89983,0.89464,0.89704,31525
2021-06-02,0.89704,0.9024,0.89503,0.89762,34074
2021-06-03,0.89766,0.90514,0.89753,0.90332,35726
2021-06-04,0.90349,0.90532,0.89817,0.899,33958
2021-06-07,0.89831,0.90096,0.89669,0.89757,21275
2021-06-08,0.89759,0.89889,0.89514,0.89669,32720
2021-06-09,0.89669,0.89711,0.89258,0.89538,25332
2021-06-10,0.89543,0.89908,0.894,0.89442,44466
2021-06-11,0.89435,0.89997,0.89324,0.89789,30621
2021-06-14,0.89779,0.90009,0.89771,0.8995,26663
2021-06-15,0.89926,0.90072,0.8965,0.89823,29529
2021-06-16,0.89762,0.90876,0.89728,0.90853,46904
2021-06-17,0.90855,0.91875,0.90753,0.91763,58474
2021-06-18,0.91756,0.92383,0.91461,0.92271,59258
2021-06-21,0.92108,0.92363,0.91749,0.91786,50110
2021-06-22,0.91765,0.92124,0.91725,0.91796,53137
2021-06-23,0.91749,0.91993,0.91534,0.91825,41572
2021-06-24,0.9183,0.91996,0.9173,0.91769,38539
2021-06-25,0.9177,0.91823,0.91419,0.91653,35771
2021-06-28,0.91738,0.9214,0.91621,0.91942,34697
2021-06-29,0.91901,0.92326,0.9187,0.92104,35827
2021-06-30,0.92047,0.92617,0.92018,0.92494,41861
2021-07-01,0.92489,0.92711,0.92353,0.92538,52416
2021-07-02,0.9252,0.9274,0.91997,0.92041,59067
2021-07-05,0.92073,0.9232,0.92016,0.9224,25487
2021-07-06,0.92105,0.92509,0.9193,0.92419,48443
2021-07-07,0.92357,0.92671,0.92223,0.92552,49943
2021-07-08,0.92394,0.92607,0.91329,0.91509,53207
2021-07-09,0.91495,0.91748,0.91354,0.91374,39012
2021-07-12,0.91358,0.91705,0.91315,0.91495,36834
2021-07-13,0.91494,0.92,0.91426,0.9185,47204
2021-07-14,0.91842,0.91982,0.91416,0.91437,45484
2021-07-15,0.91452,0.91926,0.91172,0.91769,45418
2021-07-16,0.91765,0.9203,0.91598,0.91942,39517
2021-07-19,0.91838,0.92212,0.91625,0.9178,48504
2021-07-20,0.91677,0.92322,0.91634,0.92136,50333
2021-07-21,0.9212,0.92306,0.91691,0.91754,44116
2021-07-22,0.91755,0.92013,0.91543,0.91884,47016
2021-07-23,0.91877,0.92215,0.91854,0.91946,35382
2021-07-26,0.91873,0.92019,0.91481,0.91564,36690
2021-07-27,0.91592,0.91859,0.91287,0.91425,44183
2021-07-28,0.91427,0.91668,0.90993,0.90993,46369
2021-07-29,0.90992,0.91003,0.90539,0.90607,37070
2021-07-30,0.90609,0.90749,0.90389,0.90512,36387
2021-08-02,0.90523,0.90686,0.9037,0.9053,32117
2021-08-03,0.90528,0.9057,0.90224,0.90372,36734
2021-08-04,0.90352,0.90756,0.90179,0.90649,34846
2021-08-05,0.90642,0.90774,0.90464,0.90676,34945
2021-08-06,0.90666,0.9156,0.90599,0.91499,42046
2021-08-09,0.91359,0.92067,0.91297,0.91977,34593
2021-08-10,0.91975,0.92337,0.9186,0.92224,27469
2021-08-11,0.92227,0.92416,0.92018,0.92189,34050
2021-08-12,0.9218,0.92392,0.92044,0.9232,25171
2021-08-13,0.92313,0.92384,0.91505,0.91521,21723
2021-08-16,0.91538,0.91634,0.91086,0.91219,26124
2021-08-17,0.91215,0.9151,0.90994,0.91449,32427
2021-08-18,0.91445,0.9196,0.91188,0.91682,34344
2021-08-19,0.91678,0.92065,0.91449,0.91861,42587
2021-08-20,0.91852,0.91894,0.91582,0.91681,27618
2021-08-23,0.91595,0.91776,0.9122,0.9123,29411
2021-08-24,0.9122,0.91388,0.91099,0.91256,24463
2021-08-25,0.91243,0.91572,0.91145,0.91368,29278
2021-08-26,0.91367,0.91917,0.91184,0.91765,36413
2021-08-27,0.91743,0.91992,0.91056,0.91097,34746
2021-08-30,0.91085,0.91848,0.91008,0.91683,23604
2021-08-31,0.91678,0.91727,0.91138,0.91501,34064
2021-09-01,0.91482,0.91888,0.91386,0.91517,30373
2021-09-02,0.91516,0.91672,0.91395,0.91419,28007
2021-09-03,0.91415,0.9159,0.91149,0.91381,37904
2021-09-06,0.91258,0.9168,0.91173,0.91504,20761
2021-09-07,0.9147,0.91986,0.91323,0.91949,41545
2021-09-08,0.91942,0.92343,0.91831,0.9217,43534
2021-09-09,0.92161,0.92227,0.91605,0.91677,44141
2021-09-10,0.91663,0.91843,0.91495,0.9181,38755
2021-09-13,0.91668,0.92405,0.91668,0.92216,32383
2021-09-14,0.92193,0.92275,0.91807,0.92042,37773
2021-09-15,0.92005,0.92049,0.91634,0.91963,33689
2021-09-16,0.91956,0.92777,0.91874,0.92753,40659
2021-09-17,0.92736,0.93243,0.92592,0.93214,38155
2021-09-20,0.93145,0.93323,0.92703,0.92775,34743
2021-09-21,0.92731,0.9283,0.92249,0.92346,39575
2021-09-22,0.92345,0.92724,0.9215,0.9261,58142
2021-09-23,0.92498,0.92732,0.92169,0.92424,46000
2021-09-24,0.92409,0.92603,0.92216,0.92433,35883
2021-09-27,0.92365,0.92904,0.92345,0.92568,45984
2021-09-28,0.92567,0.93014,0.92505,0.92922,54738
2021-09-29,0.92914,0.93547,0.9277,0.93439,55162
2021-09-30,0.93411,0.93678,0.93142,0.93149,58713
2021-10-01,0.9316,0.93373,0.92809,0.93049,55747
2021-10-04,0.9297,0.93106,0.923,0.92473,46110
2021-10-05,0.92443,0.92877,0.92379,0.9279,43756
2021-10-06,0.92775,0.93073,0.92709,0.92722,51784
2021-10-07,0.9272,0.92919,0.92524,0.92856,42158
2021-10-08,0.92845,0.93052,0.92586,0.927,42104
2021-10-11,0.92701,0.92875,0.92495,0.92756,35559
2021-10-12,0.92747,0.93127,0.92564,0.93058,40429
2021-10-13,0.93027,0.93083,0.92348,0.924,48078
2021-10-14,0.92395,0.9247,0.91939,0.9234,41560
2021-10-15,0.92319,0.92637,0.92206,0.92308,44540
2021-10-18,0.92372,0.92727,0.92227,0.92375,46645
2021-10-19,0.92369,0.92387,0.91845,0.92291,44408
2021-10-20,0.92284,0.92519,0.91858,0.9188,46804
2021-10-21,0.91867,0.92058,0.91698,0.9182,40515
2021-10-22,0.91812,0.91851,0.91506,0.91601,44801
2021-10-25,0.91466,0.9202,0.91466,0.9198,44647
2021-10-26,0.91974,0.92257,0.91765,0.9199,39055
2021-10-27,0.91964,0.92033,0.9164,0.91805,53760
2021-10-28,0.91799,0.91943,0.91148,0.91183,62089
2021-10-29,0.91182,0.91754,0.91019,0.91529,58220
2021-11-01,0.91482,0.91711,0.90873,0.90921,39774
2021-11-02,0.90888,0.91498,0.90844,0.9144,42747
2021-11-03,0.9141,0.91506,0.91042,0.91177,52650
2021-11-04,0.91151,0.91446,0.91108,0.91264,48903
2021-11-05,0.91242,0.91745,0.91121,0.91207,50736
2021-11-08,0.91174,0.91574,0.91097,0.91325,38346
2021-11-09,0.91308,0.91535,0.91013,0.91115,46532
2021-11-10,0.91091,0.91859,0.91016,0.91806,66254
2021-11-11,0.91779,0.92241,0.91626,0.92079,40969
2021-11-12,0.92053,0.92373,0.92017,0.92111,42308
2021-11-15,0.92015,0.92565,0.91866,0.92507,45225
2021-11-16,0.925,0.93113,0.92277,0.92992,52953
2021-11-17,0.92972,0.93294,0.92755,0.92824,52372
2021-11-18,0.92794,0.92915,0.92504,0.92558,50997
2021-11-19,0.92539,0.929,0.92496,0.92879,65685
2021-11-22,0.92765,0.93344,0.92617,0.93299,59483
2021-11-23,0.93298,0.93438,0.93005,0.9331,62095
2021-11-24,0.93302,0.93731,0.93113,0.93399,61495
2021-11-25,0.93374,0.9361,0.93238,0.93575,34835
2021-11-26,0.93577,0.93592,0.92131,0.92292,86878
2021-11-29,0.9224,0.92724,0.92157,0.92283,65947
2021-11-30,0.92237,0.92663,0.91569,0.91846,81423
2021-12-01,0.91829,0.92174,0.91687,0.92024,69293
2021-12-02,0.92019,0.92213,0.91777,0.9202,60598
2021-12-03,0.92013,0.92172,0.91651,0.91766,64578
2021-12-06,0.91733,0.92685,0.9166,0.9254,46823
2021-12-07,0.92495,0.92747,0.92304,0.92499,45525
2021-12-08,0.92467,0.9262,0.91948,0.92046,51210
2021-12-09,0.91963,0.92645,0.91872,0.9235,46582
2021-12-10,0.92327,0.92523,0.91986,0.92054,44126
2021-12-13,0.92029,0.9256,0.9195,0.92249,38649
2021-12-14,0.92279,0.92446,0.91879,0.92393,41829
2021-12-15,0.92291,0.92939,0.92208,0.92431,61229
2021-12-16,0.92414,0.9259,0.91891,0.91915,54394
2021-12-17,0.91888,0.92455,0.91741,0.92415,48782
2021-12-20,0.9215,0.92502,0.9192,0.92138,49383
2021-12-21,0.91964,0.92538,0.91947,0.92315,41230
2021-12-22,0.92335,0.92519,0.91897,0.91949,34859
2021-12-23,0.91983,0.92187,0.91749,0.91819,32718
2021-12-24,0.91803,0.92009,0.91651,0.91763,38916
2021-12-27,0.91768,0.91996,0.91718,0.91749,23429
2021-12-28,0.91743,0.919,0.9159,0.91735,24177
2021-12-29,0.91712,0.9201,0.91263,0.91457,30495
2021-12-30,0.9143,0.91811,0.91316,0.91353,31536
2021-12-31,0.91321,0.91472,0.91014,0.91218,34288
2022-01-03,0.91036,0.91998,0.91013,0.91877,40872
2022-01-04,0.91875,0.91926,0.91362,0.91594,39806
2022-01-05,0.91447,0.91831,0.91381,0.917,41552
2022-01-06,0.91567,0.92237,0.91567,0.92105,48744
2022-01-07,0.92098,0.92322,0.91817,0.91839,41676
2022-01-10,0.91836,0.92749,0.91826,0.92713,48969
2022-01-11,0.92709,0.92776,0.92324,0.92326,43089
2022-01-12,0.92298,0.92439,0.91295,0.91425,47021
2022-01-13,0.91413,0.9148,0.9091,0.91099,46429
2022-01-14,0.91094,0.91414,0.90941,0.91388,49881
2022-01-17,0.9122,0.91582,0.91148,0.914,40572
2022-01-18,0.91283,0.91788,0.91265,0.91731,54943
2022-01-19,0.91714,0.91769,0.91442,0.91592,44411
2022-01-20,0.91578,0.91808,0.91387,0.91705,47053
2022-01-21,0.91683,0.91733,0.91073,0.9119,45039
2022-01-24,0.91123,0.91583,0.91085,0.91389,52520
2022-01-25,0.91383,0.92031,0.91247,0.91809,41666
2022-01-26,0.91798,0.92458,0.91606,0.92381,51240
2022-01-27,0.92364,0.93374,0.92128,0.93058,56361
2022-01-28,0.93058,0.9329,0.92896,0.93094,47041
2022-01-31,0.92899,0.93425,0.92511,0.92708,46410
2022-02-01,0.92681,0.92768,0.92036,0.92118,44466
2022-02-02,0.92138,0.92219,0.91771,0.91865,39406
2022-02-03,0.91848,0.92353,0.91764,0.91975,64471
2022-02-04,0.91969,0.92585,0.91925,0.92549,60580
2022-02-07,0.92375,0.92614,0.92209,0.92375,46152
2022-02-08,0.92364,0.92625,0.92252,0.92506,38308
2022-02-09,0.92463,0.92541,0.92216,0.92435,36375
2022-02-10,0.92382,0.92967,0.92263,0.92519,69714
2022-02-11,0.92514,0.92866,0.92367,0.9246,79777
2022-02-14,0.92413,0.92721,0.92364,0.92434,71929
2022-02-15,0.92406,0.92736,0.92261,0.92534,56430
2022-02-16,0.92527,0.92604,0.92057,0.92262,45358
2022-02-17,0.92231,0.92287,0.91878,0.92047,67532
2022-02-18,0.92016,0.92178,0.91898,0.92109,49621
2022-02-21,0.92036,0.92158,0.91497,0.91576,38193
2022-02-22,0.91569,0.92274,0.91509,0.92134,68215
2022-02-23,0.92123,0.92183,0.91675,0.91817,40425
2022-02-24,0.91776,0.92886,0.91695,0.92539,128609
2022-02-25,0.9246,0.92837,0.92282,0.92539,66982
2022-02-28,0.92591,0.92774,0.91652,0.91674,83964
2022-03-01,0.91664,0.92052,0.91495,0.91829,72026
2022-03-02,0.91816,0.92395,0.91659,0.92012,74241
2022-03-03,0.92005,0.92162,0.91709,0.9171,58385
2022-03-04,0.91706,0.92098,0.91622,0.91693,77120
2022-03-07,0.91645,0.92717,0.91603,0.92538,101834
2022-03-08,0.92514,0.93062,0.92482,0.92896,100824
2022-03-09,0.92885,0.93025,0.925,0.92631,66981
2022-03-10,0.92612,0.93087,0.92546,0.92988,82103
2022-03-11,0.92969,0.93494,0.92889,0.93478,64733
2022-03-14,0.93341,0.93867,0.93195,0.93809,56296
2022-03-15,0.93776,0.94312,0.93714,0.94139,65475
2022-03-16,0.94094,0.94598,0.93896,0.94028,74470
2022-03-17,0.93995,0.94296,0.93355,0.93722,52174
2022-03-18,0.93687,0.9382,0.93135,0.93174,49401
2022-03-21,0.93144,0.93519,0.92935,0.9334,46821
2022-03-22,0.93342,0.93751,0.93134,0.93271,53238
2022-03-23,0.93254,0.93572,0.93004,0.93045,51125
2022-03-24,0.9298,0.93441,0.92946,0.93012,54203
2022-03-25,0.9301,0.93131,0.92598,0.93022,54101
2022-03-28,0.92987,0.93811,0.9297,0.93411,68924
2022-03-29,0.93394,0.93736,0.92972,0.9309,81659
2022-03-30,0.93066,0.93129,0.92197,0.92311,67409
2022-03-31,0.92281,0.92585,0.91945,0.92252,70638
2022-04-01,0.92217,0.92795,0.92028,0.92549,51446
2022-04-04,0.92544,0.92805,0.92427,0.92624,42581
2022-04-05,0.92617,0.92976,0.9237,0.92939,48724
2022-04-06,0.92926,0.93495,0.92892,0.93299,63101
2022-04-07,0.93291,0.93474,0.93154,0.93398,55461
2022-04-08,0.93365,0.93733,0.93255,0.93408,44235
2022-04-11,0.93149,0.93714,0.93031,0.93083,45459
2022-04-12,0.93069,0.93444,0.9286,0.93284,56394
2022-04-13,0.93264,0.93559,0.93135,0.9338,55568
2022-04-14,0.93288,0.9433,0.93235,0.94225,68347
2022-04-15,0.94224,0.94421,0.94094,0.94264,64381
2022-04-18,0.94177,0.9453,0.94142,0.94472,35650
2022-04-19,0.94438,0.9523,0.94295,0.95204,59788
2022-04-20,0.95178,0.95356,0.94538,0.94839,67208
2022-04-21,0.94829,0.95527,0.94568,0.95319,68705
2022-04-22,0.95317,0.95923,0.95275,0.95677,61847
2022-04-25,0.95616,0.95969,0.95463,0.95931,73492
2022-04-26,0.9593,0.96265,0.95641,0.96236,62824
2022-04-27,0.96217,0.97008,0.96136,0.96897,67291
2022-04-28,0.96894,0.97584,0.96549,0.97183,92189
2022-04-29,0.97218,0.9736,0.96705,0.97323,71932
2022-05-02,0.96925,0.97889,0.96921,0.97782,42716
2022-05-03,0.97765,0.97991,0.97199,0.97886,44794
2022-05-04,0.97882,0.9852,0.97203,0.97206,60885
2022-05-05,0.97199,0.98895,0.97089,0.98483,74788
2022-05-06,0.98481,0.9892,0.98269,0.98847,75236
2022-05-09,0.98663,0.99652,0.98591,0.99365,72536
2022-05-10,0.99372,0.99746,0.99052,0.99559,65943
2022-05-11,0.99515,0.99635,0.98715,0.99395,87427
2022-05-12,0.9941,1.00487,0.99231,1.00249,77994
2022-05-13,1.00249,1.00465,0.99917,1.00211,61487
2022-05-16,1.00051,1.00638,1.00051,1.00145,48424
2022-05-17,1.00166,1.00243,0.99177,0.99353,73367
2022-05-18,0.99327,0.99841,0.986,0.98802,61583
2022-05-19,0.98809,0.98913,0.96965,0.97289,79297
2022-05-20,0.97037,0.97635,0.96936,0.97464,67640
2022-05-23,0.97387,0.97507,0.96267,0.96546,57875
2022-05-24,0.96544,0.96696,0.9573,0.95981,64689
2022-05-25,0.95949,0.96416,0.95883,0.96169,62349
2022-05-26,0.96099,0.96321,0.95821,0.95878,61039
2022-05-27,0.95951,0.96022,0.95442,0.95727,51844
2022-05-30,0.95584,0.96058,0.95523,0.95693,37617
2022-05-31,0.95717,0.96198,0.95554,0.95951,65036
2022-06-01,0.95813,0.96584,0.95769,0.96288,59220
2022-06-02,0.96239,0.9636,0.95735,0.95765,53050
2022-06-03,0.95751,0.96423,0.95562,0.96254,48689
2022-06-06,0.9613,0.97138,0.96048,0.97064,49009
2022-06-07,0.97034,0.97787,0.96989,0.97266,68579
2022-06-08,0.97268,0.97885,0.97108,0.97839,63551
2022-06-09,0.97794,0.98168,0.97233,0.98067,77331
2022-06-10,0.98009,0.98977,0.97653,0.98763,87863
2022-06-13,0.98707,0.99938,0.9864,0.99746,100893
2022-06-14,0.99714,1.00365,0.9873,1.00146,104348
2022-06-15,1.0013,1.00494,0.99306,0.99425,145674
2022-06-16,0.99371,0.9989,0.96307,0.96632,142772
2022-06-17,0.96656,0.97322,0.96189,0.96976,128592
2022-06-20,0.96859,0.97106,0.96213,0.9675,83717
2022-06-21,0.96752,0.96834,0.96316,0.96595,90962
2022-06-22,0.96601,0.9689,0.95797,0.96109,102769
2022-06-23,0.96102,0.96781,0.95656,0.9611,119490
2022-06-24,0.95923,0.96319,0.95212,0.95835,103083
2022-06-27,0.95634,0.96197,0.95423,0.9563,92147
2022-06-28,0.95575,0.95867,0.9533,0.95684,96804
2022-06-29,0.95674,0.95776,0.94947,0.95481,102467
2022-06-30,0.95448,0.96049,0.9529,0.95483,103568
2022-07-01,0.95455,0.96411,0.95378,0.95953,110861
2022-07-04,0.96011,0.96169,0.95601,0.96115,63699
2022-07-05,0.96104,0.97042,0.95921,0.96845,100899
2022-07-06,0.96801,0.97432,0.96688,0.97087,119878
2022-07-07,0.96934,0.9748,0.96811,0.97384,96027
2022-07-08,0.97394,0.97972,0.97181,0.97654,102454
2022-07-11,0.97548,0.98425,0.97536,0.98286,90222
2022-07-12,0.9821,0.9858,0.98032,0.98242,107018
2022-07-13,0.98277,0.98293,0.97536,0.9787,126535
2022-07-14,0.97807,0.98853,0.97671,0.98383,123907
2022-07-15,0.98332,0.98409,0.9757,0.97606,106011
2022-07-18,0.97564,0.97893,0.97302,0.97742,87643
2022-07-19,0.97714,0.97861,0.96529,0.96859,94338
2022-07-20,0.96816,0.97356,0.96665,0.97145,93635
2022-07-21,0.97022,0.97388,0.96637,0.96657,121811
2022-07-22,0.96654,0.97035,0.9599,0.96109,109057
2022-07-25,0.96216,0.96601,0.96045,0.96431,89327
2022-07-26,0.96424,0.9667,0.9615,0.96277,75625
2022-07-27,0.96268,0.96587,0.95832,0.95948,90526
2022-07-28,0.95917,0.96316,0.9544,0.95477,105135
2022-07-29,0.95449,0.95939,0.9501,0.95121,108371
2022-08-01,0.95144,0.95339,0.94817,0.94937,90971
2022-08-02,0.94888,0.95743,0.94693,0.95728,119393
2022-08-03,0.95677,0.96508,0.95414,0.96063,102609
2022-08-04,0.96126,0.96224,0.95431,0.95503,81389
2022-08-05,0.95477,0.96494,0.9537,0.96177,92003
2022-08-08,0.96125,0.96346,0.95216,0.95516,69466
2022-08-09,0.95516,0.95555,0.95107,0.95347,59734
2022-08-10,0.95323,0.95447,0.93931,0.94273,90612
2022-08-11,0.94236,0.94457,0.93701,0.94124,85210
2022-08-12,0.94126,0.94496,0.93978,0.94116,75494
2022-08-15,0.93983,0.94709,0.93941,0.94609,65224
2022-08-16,0.94593,0.95134,0.94371,0.94942,83609
2022-08-17,0.94902,0.9543,0.94822,0.95176,90393
2022-08-18,0.95166,0.95708,0.94972,0.95643,88170
2022-08-19,0.95641,0.95976,0.95469,0.95895,78420
2022-08-22,0.95747,0.9658,0.95697,0.96416,84150
2022-08-23,0.96235,0.9692,0.96026,0.96404,106913
2022-08-24,0.96393,0.96872,0.9607,0.96665,91762
2022-08-25,0.96638,0.96705,0.96124,0.96324,87035
2022-08-26,0.96324,0.96689,0.95771,0.9659,83438
2022-08-29,0.96505,0.97073,0.96441,0.96823,79009
2022-08-30,0.96822,0.97614,0.9665,0.97425,101685
2022-08-31,0.97346,0.98069,0.97256,0.97764,96845
2022-09-01,0.97519,0.98602,0.97435,0.98152,110565
2022-09-02,0.9816,0.98587,0.9783,0.98037,94609
2022-09-05,0.97969,0.98369,0.97918,0.97973,79724
2022-09-06,0.97952,0.98609,0.97648,0.98435,121437
2022-09-07,0.98178,0.98692,0.97605,0.97626,95632
2022-09-08,0.97626,0.97817,0.97012,0.97014,124968
2022-09-09,0.97026,0.97058,0.95467,0.96042,98913
2022-09-12,0.95838,0.96089,0.95085,0.95375,109271
2022-09-13,0.95375,0.96326,0.9479,0.96168,108544
2022-09-14,0.96168,0.96359,0.95885,0.9621,111478
2022-09-15,0.96147,0.96415,0.95558,0.96149,75026
2022-09-16,0.96149,0.96605,0.95998,0.9641,83985
2022-09-19,0.96267,0.96948,0.96214,0.96429,67455
2022-09-20,0.96421,0.96819,0.96223,0.96407,99043
2022-09-21,0.96367,0.96995,0.9619,0.96664,126492
2022-09-22,0.96586,0.98497,0.96198,0.97707,179765
2022-09-23,0.97727,0.98394,0.97551,0.98133,141510
2022-09-26,0.98245,0.9965,0.9788,0.99304,207076
2022-09-27,0.99399,0.99427,0.98484,0.99184,157208
2022-09-28,0.99031,0.99654,0.97452,0.97579,193227
2022-09-29,0.97551,0.98555,0.97451,0.97521,163704
2022-09-30,0.97496,0.98764,0.97326,0.98722,174719
2022-10-03,0.98414,0.99495,0.98311,0.9925,158494
2022-10-04,0.99133,0.99409,0.97839,0.9794,147009
2022-10-05,0.97906,0.98885,0.97844,0.9834,130886
2022-10-06,0.98257,0.9913,0.97797,0.99048,130555
2022-10-07,0.99032,0.99529,0.98701,0.99467,106916
2022-10-10,0.99295,1.00101,0.99267,0.99979,86078
2022-10-11,0.99928,1.00203,0.99154,0.99674,111867
2022-10-12,0.99624,1.00036,0.99302,0.99755,138760
2022-10-13,0.99777,1.00732,0.99581,1.001,126308
2022-10-14,0.99881,1.00658,0.99642,1.00554,123180
2022-10-17,1.00421,1.00517,0.99429,0.99594,91176
2022-10-18,0.99502,0.99781,0.99185,0.99413,94277
2022-10-19,0.99455,1.00624,0.99276,1.00424,95081
2022-10-20,1.00315,1.0068,0.99939,1.0031,99174
2022-10-21,1.00283,1.01474,0.9961,0.99773,152968
2022-10-24,0.9958,1.0031,0.99424,1.00058,149701
2022-10-25,1.0004,1.0031,0.99393,0.9944,114079
2022-10-26,0.99546,0.99621,0.98518,0.98608,115389
2022-10-27,0.98711,0.99276,0.98408,0.99113,130520
2022-10-28,0.99111,0.99793,0.98821,0.99583,113875
2022-10-31,0.99533,1.00321,0.99421,1.00144,89226
2022-11-01,1.00132,1.00204,0.99144,0.99983,101683
2022-11-02,0.99949,1.00403,0.991,1.00267,114811
2022-11-03,1.00253,1.01469,1.00035,1.01321,102030
2022-11-04,1.0132,1.01441,0.99304,0.99405,114603
2022-11-07,0.99781,0.99832,0.98746,0.98823,93431
2022-11-08,0.9883,0.99264,0.98365,0.98563,80212
2022-11-09,0.98528,0.98737,0.97995,0.98409,100616
2022-11-10,0.98393,0.98987,0.96282,0.96333,131486
2022-11-11,0.96359,0.96816,0.93969,0.94118,131672
2022-11-14,0.94194,0.94886,0.94045,0.94296,102232
2022-11-15,0.94284,0.94751,0.93559,0.94443,123400
2022-11-16,0.94414,0.94691,0.93853,0.94455,92645
2022-11-17,0.94399,0.95569,0.94328,0.95195,68331
2022-11-18,0.95225,0.95485,0.94976,0.95457,63670
2022-11-21,0.95341,0.95979,0.95301,0.95884,60087
2022-11-22,0.95747,0.95875,0.95089,0.95179,44171
2022-11-23,0.95139,0.95324,0.94113,0.9424,54128
2022-11-24,0.94224,0.94453,0.93865,0.94308,47713
2022-11-25,0.94269,0.94994,0.94098,0.94498,53972
2022-11-28,0.94488,0.94973,0.94045,0.94905,69040
2022-11-29,0.94854,0.95451,0.94594,0.95383,64716
2022-11-30,0.95256,0.95471,0.94312,0.94546,82853
2022-12-01,0.94517,0.94599,0.93636,0.93681,82799
2022-12-02,0.93655,0.9439,0.93257,0.93659,86023
2022-12-05,0.93803,0.94347,0.93299,0.94255,58881
2022-12-06,0.94243,0.94553,0.93803,0.94214,55734
2022-12-07,0.94104,0.94371,0.93629,0.94068,61570
2022-12-08,0.94024,0.94263,0.93431,0.93627,50943
2022-12-09,0.93646,0.93807,0.93116,0.93445,58294
2022-12-12,0.933,0.93792,0.93127,0.936,44892
2022-12-13,0.93535,0.93745,0.9231,0.92844,81657
2022-12-14,0.92605,0.9297,0.92142,0.92415,74656
2022-12-15,0.92287,0.93166,0.9219,0.92867,71006
2022-12-16,0.92839,0.93417,0.92532,0.93411,54030
2022-12-19,0.93226,0.93468,0.92832,0.92864,43727
2022-12-20,0.92771,0.9307,0.92412,0.92612,78183
2022-12-21,0.92656,0.92885,0.9238,0.92656,51621
2022-12-22,0.92634,0.93206,0.92258,0.93094,46266
2022-12-23,0.93068,0.93436,0.92813,0.93295,62767
2022-12-26,0.93292,0.93309,0.93041,0.93187,3178
2022-12-27,0.93153,0.93287,0.9269,0.92905,47365
2022-12-28,0.92849,0.93067,0.92447,0.92874,46101
2022-12-29,0.92778,0.9287,0.921,0.92317,55027
2022-12-30,0.92296,0.92674,0.92001,0.92461,60267
2023-01-02,0.92303,0.927,0.92105,0.92578,34379
2023-01-03,0.92526,0.9398,0.92285,0.93579,70707
2023-01-04,0.93575,0.93658,0.92524,0.92976,74852
2023-01-05,0.92916,0.93776,0.92601,0.93622,67818
2023-01-06,0.93584,0.94068,0.92671,0.92766,75843
2023-01-09,0.92545,0.92871,0.91663,0.92134,62853
2023-01-10,0.92064,0.92516,0.91824,0.92275,64636
2023-01-11,0.92219,0.93313,0.92041,0.93143,53417
2023-01-12,0.93063,0.9363,0.92655,0.92738,98266
2023-01-13,0.92731,0.93162,0.92555,0.92623,67408
2023-01-16,0.92583,0.92878,0.92181,0.92611,49889
2023-01-17,0.92584,0.92757,0.91869,0.9219,68179
2023-01-18,0.92054,0.92448,0.90846,0.91638,84872
2023-01-19,0.91547,0.91885,0.91416,0.91599,59088
2023-01-20,0.91539,0.92341,0.91408,0.92005,49376
2023-01-23,0.91861,0.92405,0.91594,0.92165,49635
2023-01-24,0.92199,0.92789,0.91915,0.92218,45265
2023-01-25,0.9222,0.92443,0.91717,0.91792,47473
2023-01-26,0.91749,0.92247,0.91576,0.92034,55871
2023-01-27,0.91809,0.92394,0.91726,0.92087,54946
2023-01-30,0.92035,0.92557,0.91814,0.92503,49677
2023-01-31,0.92466,0.92875,0.91499,0.91584,56860
2023-02-01,0.91609,0.91831,0.90694,0.90837,68427
2023-02-02,0.90858,0.91387,0.90582,0.91317,78885
2023-02-03,0.91178,0.92686,0.9117,0.92588,74623
2023-02-06,0.927,0.92904,0.92268,0.92826,55700
2023-02-07,0.92782,0.92889,0.91911,0.9218,82518
2023-02-08,0.92191,0.92228,0.91775,0.92093,54390
2023-02-09,0.92062,0.92279,0.91599,0.92216,49128
2023-02-10,0.92163,0.92523,0.91976,0.92354,51561
2023-02-13,0.92295,0.92592,0.91906,0.91922,38443
2023-02-14,0.91982,0.92335,0.91364,0.92167,83020
2023-02-15,0.92056,0.9262,0.91996,0.92372,60101
2023-02-16,0.92406,0.92714,0.92134,0.92579,58565
2023-02-17,0.92514,0.93312,0.92395,0.92401,56444
2023-02-20,0.92516,0.92594,0.92201,0.92329,29555
2023-02-21,0.92294,0.9282,0.92219,0.92773,51164
2023-02-22,0.92627,0.93179,0.92524,0.93124,48005
2023-02-23,0.93091,0.93479,0.92894,0.93397,42464
2023-02-24,0.93351,0.94114,0.93229,0.94095,54755
2023-02-27,0.93944,0.94283,0.93436,0.93572,40455
2023-02-28,0.9353,0.94223,0.93409,0.94202,47071
2023-03-01,0.94173,0.94279,0.93495,0.93962,55405
2023-03-02,0.93828,0.94395,0.9375,0.9423,54708
2023-03-03,0.94121,0.94204,0.93584,0.936,51806
2023-03-06,0.93574,0.9372,0.93049,0.93062,47483
2023-03-07,0.93035,0.94238,0.92851,0.94201,62423
2023-03-08,0.94078,0.94381,0.93882,0.94131,47138
2023-03-09,0.94128,0.94157,0.93231,0.93243,44051
2023-03-10,0.932,0.93313,0.91738,0.92109,86795
2023-03-13,0.91765,0.92018,0.90706,0.91125,121693
2023-03-14,0.91104,0.91639,0.90947,0.9135,90667
2023-03-15,0.91329,0.93373,0.91185,0.93271,130950
2023-03-16,0.93272,0.93403,0.92293,0.92922,112266
2023-03-17,0.92937,0.92982,0.92391,0.92569,91453
2023-03-20,0.92515,0.93117,0.92396,0.9291,65297
2023-03-21,0.92866,0.93165,0.92092,0.92228,67413
2023-03-22,0.92227,0.92449,0.91467,0.91714,71382
2023-03-23,0.91712,0.91803,0.91188,0.91609,71486
2023-03-24,0.91609,0.92164,0.91515,0.91978,90906
2023-03-27,0.9181,0.91989,0.91532,0.91545,65339
2023-03-28,0.91513,0.92219,0.91363,0.9195,52030
2023-03-29,0.91961,0.92225,0.91643,0.91822,49117
2023-03-30,0.91834,0.91998,0.91253,0.91327,47065
2023-03-31,0.91244,0.91769,0.91153,0.91479,55382
2023-04-03,0.9152,0.91957,0.91146,0.91257,58882
2023-04-04,0.91284,0.91421,0.90545,0.9061,54151
2023-04-05,0.90554,0.90755,0.90044,0.90662,48468
2023-04-06,0.90494,0.90744,0.90353,0.90458,39396
2023-04-07,0.9044,0.90807,0.90253,0.90539,29236
2023-04-10,0.90381,0.91198,0.90255,0.90934,35720
2023-04-11,0.90692,0.9094,0.90272,0.90318,37849
2023-04-12,0.90326,0.90344,0.8943,0.89627,44922
2023-04-13,0.89545,0.89743,0.88592,0.88938,42455
2023-04-14,0.8892,0.89582,0.88663,0.89382,40974
2023-04-17,0.89394,0.89957,0.89214,0.89864,38661
2023-04-18,0.89728,0.89868,0.89539,0.89611,37909
2023-04-19,0.89554,0.90024,0.89455,0.89742,47784
2023-04-20,0.89724,0.89825,0.89196,0.89228,50051
2023-04-21,0.89218,0.89533,0.89071,0.89223,48945
2023-04-24,0.89213,0.89274,0.88753,0.88755,35713
2023-04-25,0.88864,0.89269,0.88602,0.89189,38653
2023-04-26,0.89009,0.89252,0.88511,0.89127,52430
2023-04-27,0.89078,0.89757,0.89009,0.8942,50297
2023-04-28,0.89419,0.89746,0.88956,0.89419,59345
2023-05-01,0.89217,0.89662,0.89146,0.89554,41012
2023-05-02,0.89403,0.89943,0.89233,0.89322,47805
2023-05-03,0.89244,0.8929,0.8832,0.88409,58463
2023-05-04,0.885,0.88906,0.88195,0.88589,71134
2023-05-05,0.88335,0.89718,0.88335,0.89064,56089
2023-05-08,0.88944,0.89118,0.88672,0.88934,41195
2023-05-09,0.8878,0.89418,0.8878,0.89039,41150
2023-05-10,0.89079,0.89271,0.88676,0.88967,49268
2023-05-11,0.88779,0.89574,0.88679,0.89421,50165
2023-05-12,0.8932,0.8987,0.88966,0.89831,41907
2023-05-15,0.89601,0.89872,0.8942,0.89553,42853
2023-05-16,0.89494,0.897,0.89194,0.8962,45697
2023-05-17,0.89585,0.9025,0.89486,0.89837,44998
2023-05-18,0.89789,0.90619,0.89773,0.90502,40555
2023-05-19,0.90509,0.90581,0.89741,0.89924,48189
2023-05-22,0.89841,0.89965,0.89404,0.89774,45765
2023-05-23,0.89785,0.90289,0.89723,0.90131,46230
2023-05-24,0.90122,0.90663,0.90044,0.90506,48613
2023-05-25,0.90401,0.90728,0.9037,0.90561,46629
2023-05-26,0.90531,0.90739,0.90179,0.90486,48391
2023-05-29,0.9049,0.90613,0.90269,0.90433,30188
2023-05-30,0.90304,0.90838,0.90138,0.90579,53000
2023-05-31,0.90548,0.9147,0.90547,0.91059,48870
2023-06-01,0.90991,0.91134,0.90533,0.90547,50921
2023-06-02,0.90527,0.90912,0.90342,0.90872,51959
2023-06-05,0.90684,0.91191,0.90516,0.9062,51185
2023-06-06,0.90466,0.90975,0.90319,0.90752,44757
2023-06-07,0.90752,0.91066,0.90426,0.91007,42277
2023-06-08,0.90937,0.9107,0.89892,0.89895,49336
2023-06-09,0.89837,0.90387,0.89837,0.90308,41287
2023-06-12,0.90124,0.91086,0.9012,0.90882,36139
2023-06-13,0.90794,0.90887,0.90312,0.90502,58222
2023-06-14,0.9049,0.90596,0.89649,0.90104,46252
2023-06-15,0.89952,0.90556,0.89067,0.89169,41516
2023-06-16,0.89173,0.89487,0.8901,0.89365,53816
2023-06-19,0.89357,0.89742,0.89216,0.89565,43924
2023-06-20,0.89548,0.90006,0.89439,0.89775,55918
2023-06-21,0.89749,0.89972,0.89192,0.89301,56605
2023-06-22,0.89283,0.89721,0.89058,0.89455,63934
2023-06-23,0.89418,0.90127,0.89404,0.89683,66052
2023-06-26,0.89567,0.89677,0.89115,0.89534,49127
2023-06-27,0.89531,0.89699,0.89234,0.89351,53822
2023-06-28,0.89333,0.89864,0.89205,0.8968,51177
2023-06-29,0.89657,0.90011,0.89425,0.89931,49906
2023-06-30,0.89895,0.90159,0.89347,0.89505,55440
2023-07-03,0.8936,0.90037,0.89344,0.89618,38850
2023-07-04,0.89599,0.89742,0.89453,0.8968,32639
2023-07-05,0.89586,0.89942,0.89572,0.89852,43749
2023-07-06,0.89821,0.89971,0.89502,0.89512,62785
2023-07-07,0.8951,0.89697,0.88755,0.88906,51076
2023-07-10,0.88717,0.89173,0.88514,0.8852,41644
2023-07-11,0.88514,0.88555,0.87926,0.8793,40127
2023-07-12,0.87927,0.87954,0.86586,0.86717,61657
2023-07-13,0.86709,0.86724,0.85818,0.8587,55022
2023-07-14,0.85863,0.86308,0.85655,0.86202,44767
2023-07-17,0.85994,0.86301,0.85777,0.86038,36246
2023-07-18,0.86046,0.86064,0.85538,0.85737,54236
2023-07-19,0.85661,0.86132,0.85654,0.85837,47519
2023-07-20,0.85837,0.86834,0.85602,0.86632,48234
2023-07-21,0.86632,0.86718,0.86403,0.86565,42035
2023-07-24,0.86411,0.86992,0.86336,0.86959,52643
2023-07-25,0.86923,0.87,0.86356,0.86356,41735
2023-07-26,0.86296,0.86559,0.85967,0.86069,53285
2023-07-27,0.86001,0.8698,0.85518,0.86876,67166
2023-07-28,0.8685,0.8736,0.86603,0.87026,75653
2023-07-31,0.86671,0.87292,0.8665,0.8715,46023
2023-08-01,0.87091,0.87771,0.86988,0.87502,40349
2023-08-02,0.87517,0.88055,0.87144,0.87739,59603
2023-08-03,0.87741,0.87981,0.87325,0.87407,72367
2023-08-04,0.87409,0.87819,0.86985,0.87266,60917
2023-08-07,0.87025,0.8773,0.87025,0.87278,49954
2023-08-08,0.87265,0.87823,0.87193,0.87551,55728
2023-08-09,0.87548,0.8782,0.87311,0.87725,53345
2023-08-10,0.87557,0.8776,0.86892,0.87677,64754
2023-08-11,0.87512,0.87798,0.8733,0.87613,53876
2023-08-14,0.87444,0.88273,0.87431,0.87825,52255
2023-08-15,0.87781,0.87957,0.87435,0.87842,65296
2023-08-16,0.87765,0.88138,0.87738,0.87994,59664
2023-08-17,0.87964,0.88089,0.87594,0.87832,62119
2023-08-18,0.87792,0.88268,0.8754,0.88215,54128
2023-08-21,0.88093,0.88274,0.87795,0.8784,46525
2023-08-22,0.87841,0.88088,0.87645,0.88038,53492
2023-08-23,0.87941,0.88168,0.87735,0.87785,62455
2023-08-24,0.87768,0.88509,0.87592,0.88436,55538
2023-08-25,0.88416,0.88757,0.88204,0.88435,62651
2023-08-28,0.88371,0.88532,0.88176,0.88375,39826
2023-08-29,0.88277,0.88583,0.87743,0.87834,47970
2023-08-30,0.87793,0.88029,0.87444,0.87839,55181
2023-08-31,0.87729,0.88453,0.87707,0.88326,48155
2023-09-01,0.88224,0.88633,0.87946,0.88563,55953
2023-09-04,0.88479,0.88574,0.88318,0.88424,25659
2023-09-05,0.88335,0.89025,0.88252,0.88946,44645
2023-09-06,0.88835,0.8944,0.88805,0.89104,39927
2023-09-07,0.89116,0.89397,0.89052,0.89262,37262
2023-09-08,0.89257,0.89361,0.88944,0.89285,38891
2023-09-11,0.89091,0.89253,0.88963,0.89083,45171
2023-09-12,0.88994,0.89334,0.88994,0.8913,37499
2023-09-13,0.88931,0.8951,0.88931,0.89358,51425
2023-09-14,0.89285,0.89703,0.89141,0.89558,58790
2023-09-15,0.89494,0.89768,0.89451,0.8973,45580
2023-09-18,0.8947,0.8982,0.89464,0.89682,32098
2023-09-19,0.89635,0.89835,0.89475,0.89751,36141
2023-09-20,0.89749,0.89954,0.89317,0.89857,49690
2023-09-21,0.89808,0.90779,0.89706,0.90434,65039
2023-09-22,0.90289,0.9075,0.90241,0.9068,47107
2023-09-25,0.90467,0.9135,0.90463,0.91181,43480
2023-09-26,0.91176,0.91584,0.91122,0.91572,47494
2023-09-27,0.91321,0.92247,0.91233,0.92119,54852
2023-09-28,0.91932,0.92162,0.91467,0.91476,60517
2023-09-29,0.91493,0.9163,0.90906,0.91492,64176
2023-10-02,0.91347,0.91941,0.91098,0.91808,52275
2023-10-03,0.91788,0.92442,0.91604,0.92079,72819
2023-10-04,0.92029,0.92318,0.91435,0.91701,71125
2023-10-05,0.9167,0.91815,0.91207,0.91217,64449
2023-10-06,0.91184,0.91755,0.90726,0.90957,77545
2023-10-09,0.90776,0.91231,0.9049,0.90637,55824
2023-10-10,0.90629,0.90823,0.90335,0.9044,63807
2023-10-11,0.90363,0.90539,0.90013,0.90199,67358
2023-10-12,0.90115,0.90874,0.89864,0.90816,59079
2023-10-13,0.90843,0.90846,0.90017,0.90225,57545
2023-10-16,0.90001,0.90417,0.89952,0.90007,43513
2023-10-17,0.89953,0.90316,0.89894,0.90011,49358
2023-10-18,0.89974,0.90082,0.8954,0.89896,57597
2023-10-19,0.89833,0.90014,0.89084,0.89123,64152
2023-10-20,0.89105,0.89347,0.89019,0.89221,54708
2023-10-23,0.89037,0.89565,0.89037,0.891,49656
2023-10-24,0.89085,0.89513,0.88876,0.893,51342
2023-10-25,0.89219,0.89686,0.89176,0.89677,44186
2023-10-26,0.89626,0.90042,0.89625,0.89875,58833
2023-10-27,0.89792,0.90343,0.89735,0.90238,54264
2023-10-30,0.90112,0.90481,0.89967,0.9013,40627
2023-10-31,0.9019,0.91058,0.90041,0.90953,50387
2023-11-01,0.90966,0.91117,0.90641,0.90699,57604
2023-11-02,0.90773,0.90775,0.90171,0.90562,48381
2023-11-03,0.90563,0.90735,0.89647,0.89926,46609
2023-11-06,0.8984,0.89957,0.89529,0.89934,36885
2023-11-07,0.89776,0.90181,0.89726,0.90003,43377
2023-11-08,0.89972,0.90234,0.89761,0.8992,41545
2023-11-09,0.89786,0.90407,0.89781,0.90272,42645
2023-11-10,0.9022,0.90454,0.90015,0.90015,39614
2023-11-13,0.90081,0.90516,0.90066,0.90147,34278
2023-11-14,0.90073,0.90266,0.88792,0.88886,45968
2023-11-15,0.88804,0.89025,0.88542,0.88803,40627
2023-11-16,0.8879,0.88995,0.88538,0.88855,43272
2023-11-17,0.88766,0.88935,0.88518,0.88557,45779
2023-11-20,0.88471,0.88652,0.88255,0.88488,43435
2023-11-21,0.88422,0.8848,0.8819,0.88356,47857
2023-11-22,0.88329,0.88742,0.88198,0.88366,49038
2023-11-23,0.88356,0.8849,0.88166,0.88376,36180
2023-11-24,0.88368,0.88482,0.88084,0.88128,34626
2023-11-27,0.88123,0.88275,0.87934,0.88014,46084
2023-11-28,0.87974,0.88185,0.87608,0.87785,57752
2023-11-29,0.87775,0.87834,0.87199,0.87369,65504
2023-11-30,0.87358,0.87703,0.86839,0.875,64706
2023-12-01,0.87365,0.87679,0.86786,0.86894,58531
2023-12-04,0.86992,0.87547,0.86662,0.87256,61980
2023-12-05,0.87248,0.87657,0.87139,0.87477,67219
2023-12-06,0.87465,0.87595,0.87266,0.8746,63391
2023-12-07,0.87446,0.87819,0.87278,0.87466,78886
2023-12-08,0.87505,0.88202,0.87408,0.87985,84233
2023-12-11,0.87868,0.88158,0.87785,0.87806,56002
2023-12-12,0.87809,0.87853,0.87218,0.87516,64241
2023-12-13,0.8751,0.87796,0.869,0.87139,77096
2023-12-14,0.87135,0.87316,0.86297,0.86736,92344
2023-12-15,0.8673,0.87109,0.86496,0.87005,75354
2023-12-18,0.86856,0.8711,0.86659,0.86687,51137
2023-12-19,0.86678,0.8677,0.85923,0.86072,57098
2023-12-20,0.86021,0.86505,0.85821,0.86256,48111
2023-12-21,0.86269,0.86319,0.85597,0.85618,66998
2023-12-22,0.856,0.8573,0.85134,0.85583,73208
2023-12-25,0.85554,0.85624,0.85433,0.85566,55
2023-12-26,0.85475,0.85792,0.85307,0.85341,40813
2023-12-27,0.85341,0.85484,0.8408,0.84299,40830
2023-12-28,0.842,0.84507,0.83321,0.84478,62745
2023-12-29,0.84366,0.84477,0.83559,0.84133,72033
2024-01-02,0.83888,0.85062,0.83795,0.85011,72683
2024-01-03,0.84885,0.85538,0.84726,0.84899,77678
2024-01-04,0.8481,0.85281,0.84767,0.85012,69675
2024-01-05,0.84959,0.85765,0.84548,0.8501,78148
2024-01-08,0.84787,0.85208,0.84597,0.84787,57710
2024-01-09,0.84617,0.8531,0.84617,0.8521,57439
2024-01-10,0.85196,0.85351,0.85067,0.85067,51767
2024-01-11,0.85074,0.85658,0.84777,0.85178,74281
2024-01-12,0.85155,0.85504,0.84881,0.8524,66550
2024-01-15,0.85108,0.85615,0.85035,0.85541,34915
2024-01-16,0.85541,0.8619,0.85524,0.86143,80443
2024-01-17,0.86141,0.86848,0.86053,0.86437,76462
2024-01-18,0.86412,0.86934,0.86328,0.8679,73068
2024-01-19,0.86805,0.8704,0.86737,0.86794,55721
2024-01-22,0.86635,0.87001,0.86635,0.86898,52894
2024-01-23,0.86898,0.87277,0.86495,0.87021,58292
2024-01-24,0.87024,0.8703,0.86059,0.8628,71445
2024-01-25,0.8628,0.86843,0.86225,0.86701,76433
2024-01-26,0.86679,0.86848,0.86156,0.86379,63024
2024-01-29,0.86535,0.86535,0.86065,0.86122,53135
2024-01-30,0.8612,0.86427,0.8606,0.86168,60262
2024-01-31,0.86167,0.86434,0.85504,0.86123,95006
2024-02-01,0.86129,0.8649,0.85704,0.85767,76698
2024-02-02,0.85768,0.86802,0.85527,0.86683,71594
2024-02-05,0.86527,0.8718,0.86313,0.87051,63789
2024-02-06,0.8702,0.87407,0.86895,0.86958,63758
2024-02-07,0.8703,0.87528,0.86877,0.8739,64838
2024-02-08,0.8736,0.87606,0.87236,0.8733,61161
2024-02-09,0.8731,0.87617,0.8728,0.87471,60737
2024-02-12,0.87417,0.87723,0.87259,0.87556,52663
2024-02-13,0.87558,0.88804,0.873,0.887,78469
2024-02-14,0.88699,0.88852,0.8847,0.88582,59354
2024-02-15,0.88596,0.88604,0.87823,0.87982,66112
2024-02-16,0.87983,0.88386,0.87879,0.8807,55461
2024-02-19,0.87931,0.88276,0.87831,0.88201,36611
2024-02-20,0.8819,0.88373,0.87852,0.88181,54953
2024-02-21,0.88168,0.882,0.87879,0.87952,54529
2024-02-22,0.87952,0.88208,0.87418,0.8801,64978
2024-02-23,0.88009,0.88191,0.87807,0.88096,44011
2024-02-26,0.87929,0.88215,0.87875,0.87972,44558
2024-02-27,0.87986,0.881,0.8784,0.87853,54059
2024-02-28,0.8785,0.88152,0.87832,0.8784,54305
2024-02-29,0.8792,0.88464,0.87788,0.884,73326
2024-03-01,0.88427,0.88923,0.88292,0.88317,67518
2024-03-04,0.88189,0.88637,0.88051,0.88474,51032
2024-03-05,0.88482,0.88658,0.88251,0.88327,64578
2024-03-06,0.88315,0.88553,0.88039,0.88204,70785
2024-03-07,0.88196,0.88229,0.87722,0.8774,74211
2024-03-08,0.8776,0.87827,0.87289,0.87754,74621
2024-03-11,0.87631,0.87944,0.87445,0.87729,62517
2024-03-12,0.87729,0.87944,0.87466,0.87718,64709
2024-03-13,0.87718,0.87892,0.87655,0.87852,40758
2024-03-14,0.87852,0.88407,0.87815,0.88339,63769
2024-03-15,0.88337,0.88522,0.88189,0.88345,56501
2024-03-18,0.88214,0.88841,0.88172,0.88744,51775
2024-03-19,0.88748,0.88982,0.88552,0.88734,64604
2024-03-20,0.88734,0.89183,0.88586,0.88655,69821
2024-03-21,0.88655,0.89935,0.88389,0.89711,85106
2024-03-22,0.89711,0.90199,0.8965,0.89718,59642
2024-03-25,0.8972,0.89951,0.89638,0.89864,46851
2024-03-26,0.89864,0.90429,0.89838,0.90338,49178
2024-03-27,0.90335,0.90709,0.9024,0.90369,38214
2024-03-28,0.90364,0.90642,0.89992,0.90177,56862
2024-03-29,0.90178,0.9027,0.89971,0.90067,81360
2024-04-01,0.9005,0.90564,0.89884,0.90419,41821
2024-04-02,0.90385,0.90903,0.90357,0.9076,52773
2024-04-03,0.90773,0.9095,0.90268,0.90279,53306
2024-04-04,0.9027,0.90745,0.90082,0.90128,50978
2024-04-05,0.90075,0.90705,0.89973,0.90191,59900
2024-04-08,0.90005,0.9065,0.89906,0.90528,57049
2024-04-09,0.90507,0.90558,0.90122,0.90344,42640
2024-04-10,0.90276,0.9147,0.90227,0.91268,67524
2024-04-11,0.91243,0.91462,0.9074,0.9099,70588
2024-04-12,0.90913,0.91449,0.90861,0.91421,66133
2024-04-15,0.91132,0.91515,0.91097,0.9115,65683
2024-04-16,0.91143,0.91417,0.91049,0.91289,68928
2024-04-17,0.91262,0.91321,0.90931,0.91063,64561
2024-04-18,0.91027,0.9125,0.90807,0.91228,44773
2024-04-19,0.91195,0.91306,0.90103,0.91022,79301
2024-04-22,0.90824,0.91234,0.90824,0.91196,37426
2024-04-23,0.91148,0.91297,0.90863,0.9119,44616
2024-04-24,0.91165,0.91527,0.91082,0.91497,41136
2024-04-25,0.9138,0.91563,0.91168,0.91213,50088
2024-04-26,0.91167,0.91499,0.90956,0.91444,52390
2024-04-29,0.91274,0.91529,0.90877,0.91034,66255
2024-04-30,0.90954,0.91947,0.90925,0.91934,56544
2024-05-01,0.91918,0.92238,0.91452,0.91571,58741
2024-05-02,0.9148,0.9173,0.90974,0.91056,57904
2024-05-03,0.90967,0.91045,0.90055,0.90485,62368
2024-05-06,0.90478,0.90658,0.90336,0.90597,30015
2024-05-07,0.90515,0.90932,0.90488,0.90828,33670
2024-05-08,0.90827,0.90955,0.90727,0.90793,26304
2024-05-09,0.90787,0.90983,0.90554,0.90585,31110
2024-05-10,0.90542,0.90852,0.90509,0.90628,26616
2024-05-13,0.90486,0.9087,0.9045,0.90814,25013
2024-05-14,0.90812,0.91017,0.90545,0.90638,32125
2024-05-15,0.9064,0.90704,0.90142,0.90209,43117
2024-05-16,0.90189,0.90623,0.89875,0.90609,39419
2024-05-17,0.90581,0.90978,0.90497,0.90892,27701
2024-05-20,0.90811,0.91082,0.9076,0.91049,26133
2024-05-21,0.91002,0.9116,0.90866,0.91082,35332
2024-05-22,0.91091,0.91577,0.91024,0.91563,33977
2024-05-23,0.91508,0.91555,0.91258,0.91426,46004
2024-05-24,0.91412,0.91576,0.91333,0.91458,43180
2024-05-27,0.91278,0.91532,0.91258,0.91326,18284
2024-05-28,0.91322,0.91378,0.9085,0.91232,42686
2024-05-29,0.91216,0.9143,0.91066,0.91307,43293
2024-05-30,0.91284,0.91405,0.90308,0.90325,45785
2024-05-31,0.90294,0.90687,0.90019,0.90219,48255
2024-06-03,0.90249,0.90352,0.89499,0.89557,40780
2024-06-04,0.89522,0.89721,0.88839,0.89008,50440
2024-06-05,0.88989,0.89484,0.88949,0.8931,41273
2024-06-06,0.89302,0.89352,0.88913,0.88913,34327
2024-06-07,0.88884,0.89724,0.88805,0.89644,43865
2024-06-10,0.89543,0.89823,0.89528,0.89648,34701
2024-06-11,0.89562,0.89927,0.89451,0.8972,31092
2024-06-12,0.89684,0.89829,0.88926,0.8943,53820
2024-06-13,0.8937,0.89668,0.89312,0.89376,40699
2024-06-14,0.89276,0.89473,0.88941,0.88995,52325
2024-06-17,0.88975,0.89318,0.88902,0.8891,36132
2024-06-18,0.88912,0.88995,0.88264,0.8838,40923
2024-06-19,0.88388,0.88539,0.88334,0.8838,27265
2024-06-20,0.88408,0.89255,0.88317,0.891,43427
2024-06-21,0.89091,0.89456,0.8904,0.89407,36588
2024-06-24,0.8932,0.89446,0.89209,0.89251,30902
2024-06-25,0.8924,0.89522,0.89126,0.89453,27709
2024-06-26,0.89434,0.89827,0.89423,0.89733,32362
2024-06-27,0.89716,0.89883,0.89568,0.89871,32501
2024-06-28,0.89863,0.90093,0.89783,0.89838,40624
2024-07-01,0.8981,0.90441,0.89555,0.90256,38930
2024-07-02,0.90228,0.90493,0.9017,0.90388,33145
2024-07-03,0.9034,0.90499,0.89849,0.90143,30750
2024-07-04,0.90028,0.90388,0.89909,0.9,24479
2024-07-05,0.89991,0.90056,0.89534,0.89555,38831
2024-07-08,0.8956,0.89763,0.89425,0.8972,31059
2024-07-09,0.89745,0.89899,0.89619,0.89769,30772
2024-07-10,0.8971,0.90004,0.89635,0.89945,27365
2024-07-11,0.8993,0.89974,0.89147,0.8961,51195
2024-07-12,0.8959,0.89698,0.89319,0.89432,48063
2024-07-15,0.8928,0.89718,0.89275,0.8953,35791
2024-07-16,0.89552,0.89787,0.8932,0.8932,31994
2024-07-17,0.8931,0.89445,0.88267,0.88328,46756
2024-07-18,0.8833,0.88782,0.88194,0.88765,45227
2024-07-19,0.88549,0.88993,0.88513,0.88881,34840
2024-07-22,0.88705,0.89018,0.88619,0.88955,34402
2024-07-23,0.8894,0.89235,0.888,0.8909,34612
2024-07-24,0.89105,0.89209,0.88283,0.8847,45674
2024-07-25,0.8846,0.88534,0.87765,0.88152,63649
2024-07-26,0.8812,0.88443,0.88017,0.88354,42740
2024-07-29,0.88344,0.88709,0.88196,0.88604,35836
2024-07-30,0.88577,0.8875,0.88251,0.88257,38880
2024-07-31,0.8824,0.88307,0.87699,0.87791,69111
2024-08-01,0.87769,0.8784,0.87254,0.87287,62873
2024-08-02,0.87233,0.87335,0.85733,0.85776,83044
2024-08-05,0.85688,0.8594,0.84316,0.85161,150134
2024-08-06,0.85021,0.85715,0.84957,0.8513,100090
2024-08-07,0.85044,0.86618,0.84956,0.86158,88532
2024-08-08,0.8609,0.86738,0.85594,0.86654,88338
2024-08-09,0.86574,0.86713,0.86316,0.86505,54861
2024-08-12,0.8642,0.87114,0.86267,0.86507,55521
2024-08-13,0.8645,0.86795,0.86365,0.86475,60684
2024-08-14,0.86455,0.86604,0.86161,0.86508,64168
2024-08-15,0.86438,0.8748,0.86424,0.87255,59729
2024-08-16,0.8723,0.87273,0.8659,0.866,48911
2024-08-19,0.86579,0.86769,0.8615,0.86265,56986
2024-08-20,0.86229,0.86302,0.85376,0.85376,57664
2024-08-21,0.85394,0.85612,0.84934,0.8516,45978
2024-08-22,0.85131,0.85322,0.84875,0.85198,37809
2024-08-23,0.85208,0.85399,0.84688,0.8476,39576
2024-08-26,0.84733,0.84838,0.84542,0.84748,37029
2024-08-27,0.84761,0.84823,0.84075,0.84167,34895
2024-08-28,0.84167,0.84516,0.84076,0.84212,50702
2024-08-29,0.84119,0.84929,0.83996,0.84722,64897
2024-08-30,0.84622,0.85101,0.84542,0.84988,49720
2024-09-02,0.8493,0.85368,0.84754,0.85145,27736
2024-09-03,0.8504,0.85372,0.84776,0.85022,55333
2024-09-04,0.85014,0.85182,0.84626,0.8464,58240
2024-09-05,0.84629,0.84906,0.84331,0.8439,57114
2024-09-06,0.84354,0.84752,0.83737,0.84299,80151
2024-09-09,0.84352,0.84938,0.84198,0.84926,49677
2024-09-10,0.84868,0.84981,0.8456,0.84684,49644
2024-09-11,0.8466,0.8529,0.84214,0.85217,78093
2024-09-12,0.8514,0.85492,0.8503,0.85098,63179
2024-09-13,0.84982,0.85128,0.84433,0.84901,58407
2024-09-16,0.84617,0.84856,0.84338,0.84467,54867
2024-09-17,0.84458,0.84765,0.84293,0.847,53924
2024-09-18,0.84621,0.84793,0.839,0.84605,70509
2024-09-19,0.84552,0.85145,0.84486,0.84756,84907
2024-09-20,0.84712,0.85164,0.8451,0.85007,69349
2024-09-23,0.84861,0.85175,0.84558,0.8473,54802
2024-09-24,0.84668,0.84895,0.843,0.8431,57607
2024-09-25,0.84307,0.85066,0.84145,0.85028,56548
2024-09-26,0.85031,0.85157,0.84523,0.84595,75260
2024-09-27,0.84546,0.84927,0.83997,0.8403,83006
2024-09-30,0.83966,0.84734,0.83966,0.84543,87536
2024-10-01,0.84442,0.84818,0.84307,0.8464,105241
2024-10-02,0.84461,0.85074,0.84369,0.84955,66365
2024-10-03,0.84906,0.85423,0.84876,0.85244,88061
2024-10-04,0.85247,0.86074,0.84995,0.8578,77066
2024-10-07,0.85744,0.85982,0.85337,0.85409,67173
2024-10-08,0.85374,0.85836,0.85297,0.85748,63488
2024-10-09,0.85621,0.86097,0.85551,0.86064,49511
2024-10-10,0.86007,0.86138,0.85574,0.85673,73429
2024-10-11,0.85566,0.8584,0.85536,0.85705,47955
2024-10-14,0.85633,0.86412,0.85546,0.86247,39459
2024-10-15,0.86226,0.86364,0.86062,0.86179,49444
2024-10-16,0.86174,0.86573,0.86107,0.86531,45516
2024-10-17,0.86437,0.86693,0.86289,0.86585,54350
2024-10-18,0.8657,0.8669,0.86453,0.86459,42943
2024-10-21,0.86399,0.86633,0.86325,0.86593,43846
2024-10-22,0.86562,0.86624,0.86446,0.86529,50466
2024-10-23,0.86485,0.86854,0.86458,0.86619,46264
2024-10-24,0.86512,0.86712,0.86501,0.86551,57774
2024-10-25,0.86557,0.8674,0.86496,0.86671,41963
2024-10-28,0.86749,0.86995,0.86463,0.86505,57723
2024-10-29,0.86498,0.86982,0.86429,0.86715,58441
2024-10-30,0.86709,0.86933,0.86533,0.8662,58130
2024-10-31,0.86606,0.86658,0.86325,0.86371,65450
2024-11-01,0.86376,0.87108,0.86247,0.86978,68574
2024-11-04,0.86733,0.86803,0.86145,0.8637,52417
2024-11-05,0.86324,0.86461,0.86154,0.8629,42027
2024-11-06,0.86276,0.87731,0.86191,0.8761,166992
2024-11-07,0.87524,0.87741,0.87089,0.8722,80934
2024-11-08,0.87098,0.87686,0.87006,0.8754,64761
2024-11-11,0.87434,0.88094,0.87434,0.8801,48184
2024-11-12,0.8792,0.88358,0.87834,0.8812,60038
2024-11-13,0.8813,0.88631,0.87964,0.8854,73459
2024-11-14,0.88444,0.89173,0.88441,0.8899,81497
2024-11-15,0.88886,0.8907,0.88587,0.88805,81600
2024-11-18,0.88705,0.88867,0.8825,0.8826,59988
2024-11-19,0.8825,0.88445,0.88006,0.8819,80555
2024-11-20,0.8808,0.88617,0.88079,0.8839,52410
2024-11-21,0.8842,0.88696,0.88204,0.8864,68170
2024-11-22,0.88637,0.89572,0.8851,0.89399,78917
2024-11-25,0.88882,0.89166,0.88481,0.8859,76908
2024-11-26,0.886,0.8894,0.88418,0.8862,86298
2024-11-27,0.88587,0.88668,0.87971,0.8811,84760
2024-11-28,0.88074,0.88476,0.88031,0.883,45401
2024-11-29,0.8823,0.8828,0.87951,0.88051,77290
2024-12-02,0.87989,0.88893,0.87853,0.8862,79161
2024-12-03,0.88567,0.88883,0.88292,0.886,60890
2024-12-04,0.88544,0.88792,0.8826,0.8839,66069
2024-12-05,0.88367,0.88528,0.87786,0.8783,55362
2024-12-06,0.8802,0.8802,0.87343,0.87817,64139
2024-12-09,0.87724,0.88036,0.87579,0.8785,47868
2024-12-10,0.8784,0.88323,0.87607,0.8819,49182
2024-12-11,0.88137,0.88537,0.88104,0.8838,62594
2024-12-12,0.8841,0.89274,0.8816,0.8916,71161
2024-12-13,0.89126,0.89455,0.88881,0.89245,51523
2024-12-16,0.89202,0.89482,0.88981,0.8939,58525
2024-12-17,0.89354,0.89743,0.89142,0.8925,51818
2024-12-18,0.89195,0.902,0.89169,0.9007,67922
2024-12-19,0.9013,0.90212,0.89514,0.8986,82676
2024-12-20,0.8989,0.89913,0.8913,0.89285,70985
2024-12-23,0.89102,0.90014,0.89094,0.8981,50156
2024-12-24,0.89803,0.90115,0.89778,0.89898,33320
2024-12-25,0.89979,0.89985,0.89975,0.8998,12
2024-12-26,0.89829,0.90097,0.89829,0.8987,38000
2024-12-27,0.8985,0.9027,0.89681,0.90136,43058
2024-12-30,0.89989,0.90734,0.89938,0.9033,45836
2024-12-31,0.90343,0.90798,0.90226,0.90707,44707
2025-01-02,0.90584,0.91368,0.90384,0.91214,60219
2025-01-03,0.91097,0.91242,0.90796,0.90818,41647
2025-01-06,0.90907,0.91044,0.90079,0.90446,69316
2025-01-07,0.90401,0.90973,0.90222,0.9094,62214
2025-01-08,0.9093,0.91278,0.9083,0.9106,59329
2025-01-09,0.91016,0.91305,0.90966,0.91221,42390
2025-01-10,0.91123,0.91883,0.91103,0.91601,63664
2025-01-13,0.91512,0.92004,0.91488,0.91697,53994
2025-01-14,0.91533,0.91732,0.9119,0.9119,66265
2025-01-15,0.91224,0.9146,0.90772,0.9123,62107
2025-01-16,0.91208,0.91359,0.90996,0.9103,62609
2025-01-17,0.90953,0.91532,0.90907,0.91451,54308
2025-01-20,0.91145,0.91517,0.90551,0.9062,58750
2025-01-21,0.90537,0.91142,0.90491,0.9055,68060
2025-01-22,0.90473,0.90748,0.90322,0.9063,51386
2025-01-23,0.90559,0.91081,0.90465,0.9068,63270
2025-01-24,0.90637,0.90763,0.9027,0.90545,62748
2025-01-27,0.90541,0.90726,0.89646,0.9015,66518
2025-01-28,0.901,0.90703,0.90053,0.9036,54507
2025-01-29,0.90308,0.90946,0.90287,0.9066,60175
2025-01-30,0.90589,0.91031,0.90561,0.9091,58503
2025-01-31,0.90865,0.91153,0.9071,0.9107,70821
2025-02-03,0.91431,0.91962,0.90916,0.9098,105918
2025-02-04,0.90932,0.91309,0.90448,0.9047,57631
2025-02-05,0.90412,0.90589,0.90012,0.9016,53674
2025-02-06,0.90121,0.90614,0.90075,0.90475,46065
2025-02-07,0.90401,0.91059,0.90351,0.90978,61724
2025-02-10,0.91041,0.91218,0.90918,0.91128,38544
2025-02-11,0.91009,0.91402,0.90977,0.91318,37181
2025-02-12,0.91164,0.91554,0.91021,0.91345,57815
2025-02-13,0.91174,0.91398,0.90274,0.90297,63278
2025-02-14,0.90267,0.90549,0.89715,0.89932,50584
2025-02-17,0.89714,0.90176,0.89714,0.90063,34783
2025-02-18,0.89949,0.90406,0.89949,0.90326,36294
2025-02-19,0.90209,0.9054,0.90091,0.9045,41775
2025-02-20,0.90309,0.90459,0.89753,0.89772,44278
2025-02-21,0.89743,0.90042,0.89674,0.89722,47570
2025-02-24,0.89601,0.89979,0.89531,0.897,54773
2025-02-25,0.8956,0.89776,0.89117,0.89281,50451
2025-02-26,0.89195,0.89641,0.89142,0.89453,52131
2025-02-27,0.89317,0.90051,0.89307,0.89956,56090
2025-02-28,0.89849,0.90356,0.8982,0.90313,58476
2025-03-03,0.90153,0.90307,0.89601,0.89666,63228
2025-03-04,0.89586,0.89712,0.88713,0.88938,89634
2025-03-05,0.88854,0.89141,0.88553,0.89077,90097
2025-03-06,0.89048,0.89253,0.88249,0.88367,86101
2025-03-07,0.88367,0.88367,0.87664,0.87968,83100
2025-03-10,0.87877,0.88213,0.87576,0.88074,72044
2025-03-11,0.87969,0.88349,0.87725,0.88259,82923
2025-03-12,0.88222,0.88516,0.87987,0.88169,54050
2025-03-13,0.88127,0.88543,0.8803,0.882,52997
2025-03-14,0.88072,0.88636,0.88072,0.88499,50083
2025-03-17,0.8836,0.88526,0.87972,0.88078,42438
2025-03-18,0.88029,0.8818,0.87587,0.8766,40129
2025-03-19,0.87583,0.8809,0.87583,0.87743,47979
2025-03-20,0.87718,0.88421,0.87553,0.88171,53538
2025-03-21,0.88063,0.88396,0.87963,0.88304,41926
2025-03-24,0.8831,0.88452,0.8799,0.88282,40920
2025-03-25,0.88225,0.88482,0.87999,0.88243,35254
2025-03-26,0.88203,0.885,0.88203,0.88352,40760
2025-03-27,0.88273,0.88484,0.88035,0.88153,44689
2025-03-28,0.88002,0.88338,0.8799,0.88045,41072
2025-03-31,0.87861,0.88548,0.87807,0.88421,52380
2025-04-01,0.88341,0.88451,0.88163,0.88352,44528
2025-04-02,0.882,0.88482,0.88118,0.88145,53685
2025-04-03,0.88143,0.88296,0.85465,0.85906,147887
2025-04-04,0.85931,0.86252,0.84762,0.85954,196962
2025-04-07,0.85327,0.86733,0.84502,0.86018,236312
2025-04-08,0.85826,0.86041,0.84547,0.84726,152433
2025-04-09,0.84669,0.8583,0.83588,0.85762,221831
2025-04-10,0.85499,0.85744,0.82308,0.82336,190680
2025-04-11,0.82352,0.82574,0.80987,0.81386,222315
2025-04-14,0.81751,0.82683,0.81185,0.81472,160115
2025-04-15,0.81348,0.8239,0.81263,0.82324,102484
2025-04-16,0.81989,0.82284,0.81205,0.81321,121847
2025-04-17,0.81266,0.82309,0.81115,0.8193,105245
2025-04-18,0.81801,0.8195,0.81541,0.81554,413344
2025-04-21,0.81566,0.81634,0.8039,0.80866,100304
2025-04-22,0.80846,0.81911,0.8063,0.81857,107416
2025-04-23,0.81651,0.83109,0.81651,0.83037,136487
2025-04-24,0.82907,0.83018,0.82392,0.82665,84153
2025-04-25,0.82556,0.83343,0.82542,0.82712,81455
2025-04-28,0.82824,0.83185,0.81967,0.81976,75408
2025-04-29,0.81891,0.82639,0.81891,0.82368,82574
2025-04-30,0.82266,0.82721,0.82134,0.82619,89297
2025-05-01,0.82321,0.83328,0.82321,0.82904,75982
2025-05-02,0.82902,0.83179,0.82052,0.82625,93952
2025-05-05,0.82497,0.82752,0.8214,0.82205,72170
2025-05-06,0.82034,0.82652,0.82034,0.82131,73781
2025-05-07,0.82141,0.82719,0.81853,0.82347,90468
2025-05-08,0.82246,0.83317,0.82196,0.8314,91324
2025-05-09,0.82915,0.83408,0.82689,0.83092,70608
2025-05-12,0.83336,0.84758,0.83304,0.84517,116620
2025-05-13,0.84386,0.84568,0.83866,0.8393,77154
2025-05-14,0.83877,0.84355,0.83242,0.8419,95561
2025-05-15,0.84111,0.84178,0.83459,0.83533,79702
2025-05-16,0.83462,0.84006,0.83266,0.83621,62253
2025-05-19,0.8349,0.83699,0.83183,0.83438,89067
2025-05-20,0.83023,0.83623,0.82806,0.8281,75312
2025-05-21,0.82797,0.82853,0.82092,0.82507,92507
2025-05-22,0.82502,0.83064,0.82334,0.8287,88812
2025-05-23,0.82878,0.82898,0.82042,0.8205,86055
2025-05-26,0.81999,0.82327,0.8192,0.82071,50828
2025-05-27,0.81991,0.82795,0.81872,0.82714,66978
2025-05-28,0.8262,0.82909,0.82446,0.82685,66516
2025-05-29,0.82735,0.83474,0.82175,0.8228,93485
2025-05-30,0.81907,0.82488,0.81907,0.82212,81190
2025-06-02,0.82259,0.82322,0.81565,0.81691,71560
2025-06-03,0.81709,0.8247,0.81579,0.82384,62356
2025-06-04,0.82359,0.82498,0.81698,0.81816,71221
2025-06-05,0.8163,0.82146,0.81557,0.81947,90235
2025-06-06,0.81812,0.8248,0.81812,0.82155,73183
2025-06-09,0.82066,0.82252,0.81919,0.82127,48569
2025-06-10,0.82107,0.82415,0.82035,0.82251,64606
2025-06-11,0.82231,0.82341,0.81845,0.81957,64066
2025-06-12,0.81866,0.82019,0.81011,0.81026,81502
2025-06-13,0.80942,0.81479,0.80561,0.81019,94824
2025-06-16,0.81011,0.81466,0.80885,0.81366,74996
2025-06-17,0.81262,0.81712,0.81197,0.81607,70219
2025-06-18,0.812,0.81988,0.81171,0.81834,73298
2025-06-19,0.81765,0.8215,0.81557,0.8163,57862
2025-06-20,0.81496,0.81831,0.81465,0.81729,51411
2025-06-23,0.81615,0.81945,0.81149,0.81255,88284
2025-06-24,0.81135,0.81305,0.80343,0.80485,69923
2025-06-25,0.80439,0.80797,0.80392,0.80453,50348
2025-06-26,0.80364,0.80494,0.79779,0.79964,63737
2025-06-27,0.79918,0.80174,0.79573,0.79811,60582
2025-06-30,0.79793,0.79941,0.79288,0.79302,65250
2025-07-01,0.79275,0.79435,0.78719,0.7905,63094
2025-07-02,0.7905,0.79411,0.78984,0.79188,54157
2025-07-03,0.79144,0.79863,0.79003,0.79519,55013
2025-07-04,0.79425,0.79555,0.79214,0.79312,82803
2025-07-07,0.79306,0.79907,0.79279,0.798,50670
2025-07-08,0.79754,0.79943,0.79528,0.79559,44818
2025-07-09,0.79552,0.79785,0.79391,0.79411,44848
2025-07-10,0.79309,0.79872,0.7919,0.7967,40455
2025-07-11,0.7965,0.79813,0.79535,0.79576,44224
2025-07-14,0.79591,0.79844,0.79489,0.79762,43435
2025-07-15,0.79728,0.80242,0.79477,0.80136,46761
2025-07-16,0.80057,0.80611,0.79467,0.8004,70897
2025-07-17,0.79982,0.80637,0.79981,0.80423,48680
2025-07-18,0.80387,0.80417,0.79844,0.80148,39987
2025-07-21,0.79935,0.80218,0.79651,0.79744,46232
2025-07-22,0.79709,0.79913,0.79168,0.79179,44968
2025-07-23,0.79162,0.79491,0.79104,0.79216,54169
2025-07-24,0.79164,0.79604,0.79126,0.79512,54165
2025-07-25,0.79427,0.79791,0.79421,0.79427,46939
2025-07-28,0.79609,0.80366,0.79439,0.80324,57676
2025-07-29,0.80238,0.80789,0.80209,0.80568,57176
2025-07-30,0.80517,0.81499,0.80376,0.81481,63138
2025-07-31,0.81394,0.81481,0.81114,0.81214,55832
2025-08-01,0.81182,0.8171,0.80255,0.8033,94756
2025-08-04,0.80213,0.80961,0.80213,0.80761,82849
2025-08-05,0.80717,0.81176,0.8064,0.80723,68389
2025-08-06,0.80652,0.80936,0.80482,0.80574,69183
2025-08-07,0.80557,0.80891,0.80424,0.80615,75248
2025-08-08,0.80606,0.80886,0.80492,0.80762,64092
2025-08-11,0.8069,0.81316,0.80607,0.81226,59065
2025-08-12,0.81132,0.81263,0.80608,0.80609,77845
2025-08-13,0.80578,0.80713,0.80214,0.80499,63713
2025-08-14,0.80407,0.80921,0.80371,0.80726,79012
2025-08-15,0.80699,0.80793,0.80452,0.8059,60776
2025-08-18,0.80588,0.80808,0.80458,0.80691,60902
2025-08-19,0.80677,0.80849,0.80469,0.80716,54014
2025-08-20,0.80696,0.80923,0.80305,0.80384,56863
2025-08-21,0.8033,0.80903,0.80248,0.80831,58570
2025-08-22,0.80803,0.81035,0.79999,0.80085,64240
2025-08-25,0.80021,0.80707,0.79974,0.80561,50240
2025-08-26,0.80495,0.80721,0.80253,0.8031,66563
2025-08-27,0.80305,0.80759,0.80149,0.80207,50496
2025-08-28,0.8016,0.80302,0.79935,0.80105,50451
2025-08-29,0.80059,0.80349,0.79853,0.80018,54460
2025-09-01,0.79831,0.80168,0.79817,0.8002,50279
2025-09-02,0.79988,0.80605,0.79947,0.80431,69545
2025-09-03,0.80408,0.80678,0.80268,0.80407,58590
2025-09-04,0.80359,0.80716,0.80261,0.80552,56856
2025-09-05,0.80509,0.80577,0.79557,0.7976,63076
2025-09-08,0.79676,0.79954,0.79268,0.79312,60980
2025-09-09,0.79266,0.79791,0.79151,0.79708,63341
2025-09-10,0.79666,0.79943,0.7953,0.79908,57111
2025-09-11,0.79859,0.80074,0.7948,0.79567,61107
2025-09-12,0.79517,0.79862,0.79437,0.79637,41172
2025-09-15,0.79586,0.79723,0.79359,0.79444,41323
2025-09-16,0.794,0.79478,0.78525,0.78552,50916
2025-09-17,0.78535,0.78934,0.78288,0.78879,49942
2025-09-18,0.78783,0.79375,0.78711,0.79231,58879
2025-09-19,0.79173,0.79658,0.7909,0.79525,72982
2025-09-22,0.79331,0.79724,0.79216,0.79231,57830
2025-09-23,0.79195,0.79331,0.79089,0.79116,75879
2025-09-24,0.79066,0.79569,0.79017,0.79496,60319
2025-09-25,0.79447,0.80137,0.79407,0.79931,62343
2025-09-26,0.7992,0.80067,0.79727,0.79787,54784
2025-09-29,0.79677,0.79874,0.79516,0.79761,53327
2025-09-30,0.79719,0.79853,0.79387,0.79624,52633
2025-10-01,0.79619,0.79899,0.79281,0.797,74777
2025-10-02,0.79635,0.8,0.79509,0.79784,51293
2025-10-03,0.79715,0.79799,0.79466,0.79483,49531
2025-10-06,0.79564,0.79936,0.79465,0.79477,68851
2025-10-07,0.79452,0.79913,0.79445,0.79823,57150
2025-10-08,0.7976,0.80287,0.7975,0.80192,57663
2025-10-09,0.8012,0.80758,0.80023,0.80625,60178
2025-10-10,0.80584,0.80678,0.79817,0.79851,69643
2025-10-13,0.80035,0.80576,0.79921,0.80407,66641
2025-10-14,0.80376,0.80497,0.80025,0.80082,71613
2025-10-15,0.80036,0.80156,0.79564,0.79672,58439
2025-10-16,0.79607,0.79847,0.79233,0.79259,67991
2025-10-17,0.79239,0.79362,0.78726,0.79342,74773
2025-10-20,0.79066,0.79432,0.79058,0.79248,47165
2025-10-21,0.79187,0.79641,0.7914,0.79637,59082
2025-10-22,0.79549,0.79735,0.79481,0.79603,52286
2025-10-23,0.79525,0.79867,0.79497,0.7951,34793
2025-10-24,0.79473,0.7968,0.79317,0.79514,44683
2025-10-27,0.79631,0.79728,0.79448,0.79533,41953
2025-10-28,0.79487,0.79667,0.79248,0.79327,45177
2025-10-29,0.79292,0.80199,0.79253,0.80001,58204
2025-10-30,0.79944,0.80367,0.79752,0.80186,54619
2025-10-31,0.80146,0.80515,0.80087,0.80428,45583
2025-11-03,0.80231,0.80913,0.80231,0.80796,45667
2025-11-04,0.80761,0.8108,0.80669,0.81043,43003
2025-11-05,0.80998,0.81242,0.8079,0.81021,44574
2025-11-06,0.80971,0.81041,0.80598,0.80611,43025
2025-11-07,0.80597,0.8084,0.80317,0.80467,43461
2025-11-10,0.80407,0.80726,0.80401,0.80472,50509
2025-11-11,0.80431,0.80613,0.79858,0.80045,37396
2025-11-12,0.7997,0.80112,0.79672,0.7975,34985
2025-11-13,0.79716,0.79938,0.79081,0.79266,43557
2025-11-14,0.79179,0.79477,0.78777,0.79376,54991
2025-11-17,0.79245,0.79655,0.79245,0.79603,37800
2025-11-18,0.79545,0.80005,0.79375,0.79963,46481
2025-11-19,0.79868,0.80669,0.79854,0.80528,51224
2025-11-20,0.80486,0.80766,0.80472,0.80564,57347
2025-11-21,0.80526,0.80985,0.80354,0.80824,58245
2025-11-24,0.80671,0.81015,0.80603,0.8082,40527
2025-11-25,0.80797,0.81016,0.80575,0.80758,47063
2025-11-26,0.80716,0.80833,0.80384,0.80406,54789
2025-11-27,0.80377,0.80622,0.80261,0.80476,32632
2025-11-28,0.80382,0.80711,0.80261,0.80329,107471
2025-12-01,0.80307,0.80486,0.79959,0.80467,51383
2025-12-02,0.80375,0.80529,0.80267,0.8027,34050
2025-12-03,0.80245,0.80307,0.79914,0.79947,39719
2025-12-04,0.799,0.80393,0.79894,0.80354,37847
2025-12-05,0.80315,0.8055,0.8018,0.8044,40152
2025-12-08,0.80311,0.80853,0.80276,0.80669,47688
2025-12-09,0.80624,0.80822,0.80497,0.8061,45021
2025-12-10,0.80611,0.80645,0.79919,0.79981,49475
2025-12-11,0.79943,0.80009,0.7924,0.79513,50157
2025-12-12,0.79508,0.79645,0.79342,0.79549,43375
2025-12-15,0.79371,0.79734,0.79351,0.79592,45580
2025-12-16,0.79557,0.79706,0.79257,0.79504,55831
2025-12-17,0.79465,0.79873,0.7935,0.79549,49478
2025-12-18,0.79484,0.79657,0.79245,0.79395,51700
2025-12-19,0.79378,0.7962,0.79356,0.79517,46211
2025-12-22,0.79356,0.79589,0.79156,0.79168,49331
2025-12-23,0.79153,0.79179,0.78662,0.78736,55513
2025-12-24,0.78925,0.78966,0.78612,0.78809,45471
2025-12-26,0.78591,0.7903,0.78591,0.78876,52259
2025-12-29,0.78761,0.79157,0.78732,0.78897,58176
2025-12-30,0.78819,0.79237,0.78758,0.79171,38540
2025-12-31,0.79122,0.79421,0.79107,0.79285,39432
2026-01-02,0.79226,0.79408,0.7901,0.7921,39006
2026-01-05,0.79068,0.79673,0.79068,0.79138,55848
2026-01-06,0.79106,0.79592,0.79059,0.79549,45806
2026-01-07,0.79497,0.79789,0.79439,0.79776,52665
2026-01-08,0.79692,0.79996,0.79601,0.79862,41377
2026-01-09,0.79858,0.80173,0.79736,0.80095,53032
2026-01-12,0.79949,0.80174,0.79554,0.79725,53989
2026-01-13,0.7966,0.80156,0.79627,0.80088,51200
2026-01-14,0.80043,0.80273,0.79832,0.79974,47532
2026-01-15,0.79937,0.80405,0.79833,0.80322,41030
2026-01-16,0.8026,0.80391,0.80058,0.80277,37229
2026-01-19,0.80041,0.80219,0.79622,0.79719,46934
2026-01-20,0.79668,0.79841,0.78778,0.78967,62899
2026-01-21,0.78912,0.79684,0.78806,0.79535,57378
2026-01-22,0.79501,0.79652,0.78884,0.78894,48546
2026-01-23,0.78858,0.79141,0.77882,0.77996,52726
2026-01-26,0.77452,0.77934,0.77305,0.77694,77661
2026-01-27,0.77572,0.77837,0.7604,0.76106,76045
2026-01-28,0.76074,0.7727,0.76048,0.76831,88732
2026-01-29,0.76754,0.77058,0.76393,0.76422,86226
2026-01-30,0.76402,0.77319,0.76361,0.77263,92494
2026-02-02,0.7719,0.78172,0.77141,0.7796,92764
2026-02-03,0.77862,0.78012,0.77383,0.77505,60352
2026-02-04,0.77487,0.77756,0.77409,0.7773,71637
2026-02-05,0.77645,0.77869,0.7742,0.77802,79847
2026-02-06,0.77758,0.77858,0.77505,0.77557,54165
2026-02-09,0.77549,0.77712,0.76573,0.76614,61013
2026-02-10,0.76564,0.76876,0.76289,0.768,56457
2026-02-11,0.76665,0.77299,0.7648,0.77166,76851
2026-02-12,0.77028,0.77249,0.76665,0.76927,68565
2026-02-13,0.76798,0.77179,0.767,0.76743,56064
2026-02-16,0.76785,0.77044,0.76692,0.76949,29694
2026-02-17,0.76885,0.77397,0.76868,0.76997,55698
2026-02-18,0.76964,0.7732,0.76914,0.77303,46886
2026-02-19,0.77247,0.77625,0.772,0.77509,54199
2026-02-20,0.77455,0.77717,0.77303,0.7758,66663
2026-02-23,0.7733,0.77679,0.771,0.77472,56427
2026-02-24,0.77472,0.77657,0.77301,0.77398,55428
2026-02-25,0.77336,0.77573,0.77184,0.77259,51541
2026-02-26,0.77217,0.77537,0.77101,0.77397,53088
2026-02-27,0.77354,0.77411,0.76712,0.7692,53410
2026-03-02,0.76696,0.78132,0.76691,0.77938,85175
2026-03-03,0.77905,0.78785,0.77802,0.78189,104092
2026-03-04,0.78201,0.78349,0.77869,0.77908,84463
2026-03-05,0.77904,0.78374,0.77822,0.78085,94113
2026-03-06,0.78087,0.78272,0.77569,0.77574,88899
2026-03-09,0.77873,0.78252,0.7769,0.77718,113193
2026-03-10,0.77717,0.77922,0.77477,0.77852,87679
2026-03-11,0.77718,0.78082,0.77648,0.78058,73759
2026-03-12,0.77932,0.78632,0.77913,0.78606,71050
2026-03-13,0.78574,0.79167,0.78468,0.79129,69637
2026-03-16,0.78816,0.79226,0.78648,0.78761,61834
2026-03-17,0.78744,0.79,0.78434,0.78472,54361
2026-03-18,0.78438,0.79357,0.78407,0.79324,62417
2026-03-19,0.79299,0.79576,0.78572,0.78809,108198
2026-03-20,0.78784,0.79053,0.7855,0.78789,74097
2026-03-23,0.78778,0.79394,0.78342,0.7864,133523
2026-03-24,0.7861,0.79244,0.78509,0.78811,104455
2026-03-25,0.78796,0.79242,0.78698,0.79157,78724
2026-03-26,0.79148,0.79589,0.79121,0.79499,60627
2026-03-27,0.79442,0.79932,0.79357,0.79869,62976
2026-03-30,0.79812,0.80125,0.79535,0.79941,60466
2026-03-31,0.79794,0.8042,0.7979,0.79934,78391
2026-04-01,0.79851,0.79936,0.79046,0.7942,77528
2026-04-02,0.7942,0.80084,0.79279,0.79868,80348
2026-04-03,0.79742,0.80118,0.79656,0.79893,32053
2026-04-06,0.79817,0.80181,0.7961,0.79798,60287
2026-04-07,0.79798,0.80107,0.79696,0.79753,71059
2026-04-08,0.79753,0.79818,0.78691,0.79123,98528
2026-04-09,0.79077,0.79217,0.78788,0.79039,61373
2026-04-10,0.78929,0.79137,0.78544,0.7891,50411
2026-04-13,0.78985,0.7934,0.78298,0.78378,62598
2026-04-14,0.78257,0.78378,0.77901,0.78091,53061
2026-04-15,0.78046,0.78315,0.77983,0.7818,58879
2026-04-16,0.7817,0.78452,0.77986,0.78347,55971
2026-04-17,0.78281,0.784,0.7775,0.78168,62686
2026-04-20,0.78107,0.78392,0.77757,0.77829,60050
2026-04-21,0.77829,0.78258,0.77781,0.78059,64016
2026-04-22,0.78082,0.78498,0.77918,0.78469,51672
2026-04-23,0.78352,0.78734,0.78317,0.78634,65575
2026-04-24,0.78479,0.78763,0.78448,0.78458,52948
2026-04-27,0.7864,0.78653,0.78305,0.78554,43970
2026-04-28,0.78376,0.7911,0.78376,0.78925,59174
2026-04-29,0.78875,0.79247,0.78828,0.79139,62982
2026-04-30,0.79029,0.79229,0.78054,0.78127,91484
2026-05-01,0.78059,0.783,0.77787,0.78186,62298
2026-05-04,0.77907,0.78474,0.77879,0.78383,69668
2026-05-05,0.78284,0.78478,0.78128,0.78304,50601
2026-05-06,0.78219,0.78329,0.77711,0.77873,77246
2026-05-07,0.77807,0.78076,0.77656,0.78061,68139
2026-05-08,0.77933,0.7809,0.77613,0.77629,57313
2026-05-11,0.7773,0.77949,0.77636,0.77803,44334
2026-05-12,0.77678,0.7823,0.77644,0.78043,57940
2026-05-13,0.78029,0.78305,0.77999,0.78162,42056
2026-05-14,0.78114,0.78401,0.78075,0.78364,45178
2026-05-15,0.78289,0.7873,0.78289,0.7868,60017
2026-05-18,0.78563,0.78773,0.78397,0.78441,65961
2026-05-19,0.78398,0.7906,0.78379,0.78883,59913
2026-05-20,0.7883,0.79066,0.78571,0.78714,65864
2026-05-21,0.78615,0.79038,0.78575,0.78662,76415
2026-05-22,0.78585,0.78757,0.78378,0.78499,54574
2026-05-25,0.78386,0.78413,0.78077,0.7826,30863
2026-05-26,0.78185,0.78642,0.78097,0.78564,47054
2026-05-27,0.78569,0.78754,0.78429,0.78706,53175
2026-05-28,0.78637,0.7899,0.7833,0.78392,63424
2026-05-29,0.78322,0.78469,0.7795,0.78089,63940
2026-06-01,0.78042,0.78842,0.7799,0.78654,63969
2026-06-02,0.78551,0.78839,0.78441,0.78723,55371
2026-06-03,0.78646,0.7927,0.7864,0.79207,60241
2026-06-04,0.79115,0.79224,0.78678,0.78948,56429
2026-06-05,0.78834,0.79676,0.78717,0.79631,67130
2026-06-08,0.79524,0.79864,0.79353,0.79784,75193
2026-06-09,0.79683,0.79915,0.79483,0.79823,69727
2026-06-10,0.79719,0.80021,0.79648,0.79999,80280
2026-06-11,0.79874,0.80125,0.79416,0.79477,93270
2026-06-12,0.79408,0.79756,0.79402,0.79691,79970
2026-06-15,0.79532,0.79581,0.79208,0.79464,56909
2026-06-16,0.79329,0.79595,0.79213,0.79308,55361
2026-06-17,0.79255,0.80152,0.79096,0.7997,73723
2026-06-18,0.79923,0.80618,0.79816,0.80457,78483
2026-06-19,0.8039,0.80914,0.80326,0.80631,57358
2026-06-22,0.80697,0.80971,0.80688,0.80856,64143
2026-06-23,0.80751,0.81062,0.80743,0.80956,63807
2026-06-24,0.8093,0.81392,0.80904,0.81226,68065
2026-06-25,0.81079,0.81345,0.80894,0.81007,66983
2026-06-26,0.80829,0.81116,0.80657,0.80982,65521
2026-06-29,0.80959,0.81031,0.80712,0.8075,49761
2026-06-30,0.80717,0.81012,0.80628,0.8083,59924
2026-07-01,0.80706,0.81199,0.80666,0.80947,63239
2026-07-02,0.80911,0.80967,0.80096,0.80342,80044
2026-07-03,0.80227,0.80466,0.80102,0.80352,61871
2026-07-06,0.80292,0.80728,0.80265,0.80515,48019
2026-07-07,0.80486,0.80875,0.80359,0.80845,53509
2026-07-08,0.80669,0.81077,0.80635,0.80837,76610
2026-07-09,0.80837,0.80845,0.80528,0.80688,53351
2026-07-10,0.80571,0.80891,0.80302,0.80831,59171
2026-07-13,0.80696,0.8149,0.80678,0.81471,77426
2026-07-14,0.81446,0.81513,0.80598,0.80911,85080
2026-07-15,0.80889,0.81143,0.80335,0.80525,70176
2026-07-16,0.80501,0.80968,0.80379,0.80863,60840
2026-07-17,0.80837,0.80927,0.80599,0.80735,58471
2026-07-20,0.80773,0.81074,0.8061,0.81028,53265
2026-07-21,0.80879,0.81321,0.80876,0.8128,51648
2026-07-22,0.81168,0.81478,0.81118,0.81436,52586
2026-07-23,0.81417,0.81801,0.81299,0.81682,63585
2026-07-24,0.81554,0.81853,0.81526,0.81817,57151
2026-07-27,0.81567,0.81936,0.81386,0.81926,60586
2026-07-28,0.81723,0.82049,0.81674,0.8193,48017
2026-07-29,0.81734,0.82066,0.81323,0.81353,75799
2026-07-30,0.81282,0.81744,0.80389,0.80502,93483
2026-07-31,0.80478,0.81288,0.80386,0.80714,92868
2026-08-03,0.80518,0.8115,0.80471,0.81037,70726
2026-08-04,0.80899,0.8106,0.80798,0.80893,63835
2026-08-05,0.80875,0.8101,0.80637,0.80708,64618
2026-08-06,0.80611,0.81357,0.80599,0.81225,55483
2026-08-07,0.81117,0.81291,0.80563,0.80788,58987
2026-08-10,0.80676,0.81041,0.80622,0.81026,50113
2026-08-11,0.80917,0.81204,0.80912,0.81089,46932
2026-08-12,0.80972,0.81392,0.80921,0.81358,56263
2026-08-13,0.81171,0.81467,0.81122,0.81409,50879
2026-08-14,0.81305,0.8144,0.81031,0.8133,53575
2026-08-17,0.81009,0.81349,0.80716,0.81083,53575
2026-08-18,0.80925,0.81308,0.8092,0.81238,54000
2026-08-19,0.81192,0.81279,0.79696,0.79719,79244
2026-08-20,0.79709,0.80095,0.79493,0.80039,81178
2026-08-21,0.79906,0.80203,0.79828,0.80124,64393
2026-08-24,0.80131,0.80296,0.79961,0.80243,63269
2026-08-25,0.80088,0.80419,0.80078,0.80138,54022
2026-08-26,0.80086,0.80624,0.80069,0.80524,52523
2026-08-27,0.8048,0.8061,0.80292,0.80416,52206
2026-08-28,0.80284,0.80981,0.80253,0.80966,59486
